timestamp,ghi,ws50m,temperature,poa
2026-07-15 00:00:00,0.0,5.15,30.056449999999998,0.0
2026-07-15 00:01:00,0.0,4.4375,29.99005,0.0
2026-07-15 00:02:00,0.0,3.9125,29.9709,0.0
2026-07-15 00:03:00,0.0,4.6625,29.932299999999998,0.0
2026-07-15 00:04:00,0.0,4.4375,29.90445,0.0
2026-07-15 00:05:00,0.0,5.975,29.902900000000002,0.0
2026-07-15 00:06:00,0.0,4.55,29.864199999999997,0.0
2026-07-15 00:07:00,0.0,4.8875,29.86,0.0
2026-07-15 00:08:00,0.0,4.1375,29.8386,0.0
2026-07-15 00:09:00,0.0,4.55,29.8145,0.0
2026-07-15 00:10:00,0.0,4.4375,29.81525,0.0
2026-07-15 00:11:00,0.0,4.2125,29.8041,0.0
2026-07-15 00:12:00,0.0,4.5875,29.78235,0.0
2026-07-15 00:13:00,0.0,4.1375,29.7755,0.0
2026-07-15 00:14:00,0.0,3.6875,29.71285,0.0
2026-07-15 00:15:00,0.0,3.2,29.7164,0.0
2026-07-15 00:16:00,0.0,3.95,29.69565,0.0
2026-07-15 00:17:00,0.0,3.6875,29.69325,0.0
2026-07-15 00:18:00,0.0,4.6625,29.643700000000003,0.0
2026-07-15 00:19:00,0.0,4.4375,29.61055,0.0
2026-07-15 00:20:00,0.0,3.95,29.5701,0.0
2026-07-15 00:21:00,0.0,3.8,29.574399999999997,0.0
2026-07-15 00:22:00,0.0,4.5875,29.5306,0.0
2026-07-15 00:23:00,0.0,4.4,29.54815,0.0
2026-07-15 00:24:00,0.0,4.6625,29.5117,0.0
2026-07-15 00:25:00,0.0,4.175,29.49635,0.0
2026-07-15 00:26:00,0.0,4.737500000000001,29.4703,0.0
2026-07-15 00:27:00,0.0,4.85,29.43895,0.0
2026-07-15 00:28:00,0.0,5.1875,29.44785,0.0
2026-07-15 00:29:00,0.0,4.6625,29.41235,0.0
2026-07-15 00:30:00,0.0,5.0375,29.3938,0.0
2026-07-15 00:31:00,0.0,4.5875,29.38545,0.0
2026-07-15 00:32:00,0.0,4.625,29.367,0.0
2026-07-15 00:33:00,0.0,4.550000000000001,29.346249999999998,0.0
2026-07-15 00:34:00,0.0,4.85,29.32475,0.0
2026-07-15 00:35:00,0.0,5.225,29.325650000000003,0.0
2026-07-15 00:36:00,0.0,6.0125,29.315800000000003,0.0
2026-07-15 00:37:00,0.0,4.8875,29.30545,0.0
2026-07-15 00:38:00,0.0,5.5625,29.305500000000002,0.0
2026-07-15 00:39:00,0.0,5.225,29.301000000000002,0.0
2026-07-15 00:40:00,0.0,5.3,29.2757,0.0
2026-07-15 00:41:00,0.0,5.1125,29.274,0.0
2026-07-15 00:42:00,0.0,4.925,29.276200000000003,0.0
2026-07-15 00:43:00,0.0,4.5125,29.2706,0.0
2026-07-15 00:44:00,0.0,5.375,29.2592,0.0
2026-07-15 00:45:00,0.0,4.1375,29.25045,0.0
2026-07-15 00:46:00,0.0,5.6,29.2434,0.0
2026-07-15 00:47:00,0.0,4.775,29.21975,0.0
2026-07-15 00:48:00,0.0,4.55,29.12325,0.0
2026-07-15 00:49:00,0.0,4.1375,29.1301,0.0
2026-07-15 00:50:00,0.0,3.8375,29.12225,0.0
2026-07-15 00:51:00,0.0,3.6875,29.1081,0.0
2026-07-15 00:52:00,0.0,4.625,29.090899999999998,0.0
2026-07-15 00:53:00,0.0,5.375,29.06415,0.0
2026-07-15 00:54:00,0.0,5.0375,29.0567,0.0
2026-07-15 00:55:00,0.0,4.699999999999999,29.05195,0.0
2026-07-15 00:56:00,0.0,5.9,29.0166,0.0
2026-07-15 00:57:00,0.0,4.625,29.0288,0.0
2026-07-15 00:58:00,0.0,4.475,28.975900000000003,0.0
2026-07-15 00:59:00,0.0,5.2625,28.96425,0.0
2026-07-15 01:00:00,0.0,4.475,28.948,0.0
2026-07-15 01:01:00,0.0,4.325,28.93685,0.0
2026-07-15 01:02:00,0.0,4.475,28.9394,0.0
2026-07-15 01:03:00,0.0,4.2875,28.9151,0.0
2026-07-15 01:04:00,0.0,3.6875,28.9318,0.0
2026-07-15 01:05:00,0.0,3.2,28.90025,0.0
2026-07-15 01:06:00,0.0,3.725,28.88615,0.0
2026-07-15 01:07:00,0.0,3.9875,28.853650000000002,0.0
2026-07-15 01:08:00,0.0,4.4,28.85715,0.0
2026-07-15 01:09:00,0.0,4.025,28.847099999999998,0.0
2026-07-15 01:10:00,0.0,4.8875,28.80735,0.0
2026-07-15 01:11:00,0.0,3.575,28.810450000000003,0.0
2026-07-15 01:12:00,0.0,5.075,28.77785,0.0
2026-07-15 01:13:00,0.0,4.5875,28.7867,0.0
2026-07-15 01:14:00,0.0,4.55,28.7758,0.0
2026-07-15 01:15:00,0.0,4.2125,28.7656,0.0
2026-07-15 01:16:00,0.0,4.1,28.7252,0.0
2026-07-15 01:17:00,0.0,4.025,28.749200000000002,0.0
2026-07-15 01:18:00,0.0,4.6625,28.7519,0.0
2026-07-15 01:19:00,0.0,4.2875,28.73,0.0
2026-07-15 01:20:00,0.0,4.1375,28.74255,0.0
2026-07-15 01:21:00,0.0,4.5125,28.73305,0.0
2026-07-15 01:22:00,0.0,3.6875,28.685299999999998,0.0
2026-07-15 01:23:00,0.0,3.125,28.68445,0.0
2026-07-15 01:24:00,0.0,3.5,28.697049999999997,0.0
2026-07-15 01:25:00,0.0,2.9375,28.672449999999998,0.0
2026-07-15 01:26:00,0.0,2.9000000000000004,28.653100000000002,0.0
2026-07-15 01:27:00,0.0,3.7625,28.631050000000002,0.0
2026-07-15 01:28:00,0.0,4.2875,28.6054,0.0
2026-07-15 01:29:00,0.0,3.4625000000000004,28.6067,0.0
2026-07-15 01:30:00,0.0,2.8625,28.589599999999997,0.0
2026-07-15 01:31:00,0.0,4.0625,28.58415,0.0
2026-07-15 01:32:00,0.0,3.05,28.5563,0.0
2026-07-15 01:33:00,0.0,3.0125,28.55675,0.0
2026-07-15 01:34:00,0.0,3.8,28.50475,0.0
2026-07-15 01:35:00,0.0,4.025,28.48625,0.0
2026-07-15 01:36:00,0.0,3.4625,28.4908,0.0
2026-07-15 01:37:00,0.0,3.425,28.48125,0.0
2026-07-15 01:38:00,0.0,3.575,28.4838,0.0
2026-07-15 01:39:00,0.0,3.8,28.43515,0.0
2026-07-15 01:40:00,0.0,4.0625,28.459899999999998,0.0
2026-07-15 01:41:00,0.0,4.25,28.4527,0.0
2026-07-15 01:42:00,0.0,3.9124999999999996,28.450699999999998,0.0
2026-07-15 01:43:00,0.0,3.125,28.43085,0.0
2026-07-15 01:44:00,0.0,3.3499999999999996,28.41875,0.0
2026-07-15 01:45:00,0.0,3.3125,28.3953,0.0
2026-07-15 01:46:00,0.0,2.9,28.41055,0.0
2026-07-15 01:47:00,0.0,3.1624999999999996,28.41075,0.0
2026-07-15 01:48:00,0.0,2.825,28.3918,0.0
2026-07-15 01:49:00,0.0,3.1624999999999996,28.40215,0.0
2026-07-15 01:50:00,0.0,3.6125,28.400199999999998,0.0
2026-07-15 01:51:00,0.0,3.7625,28.3784,0.0
2026-07-15 01:52:00,0.0,3.2375,28.3701,0.0
2026-07-15 01:53:00,0.0,2.7125,28.3163,0.0
2026-07-15 01:54:00,0.0,3.6125,28.319200000000002,0.0
2026-07-15 01:55:00,0.0,3.05,28.3186,0.0
2026-07-15 01:56:00,0.0,2.7875,28.30245,0.0
2026-07-15 01:57:00,0.0,3.0124999999999997,28.28305,0.0
2026-07-15 01:58:00,0.0,3.275,28.294649999999997,0.0
2026-07-15 01:59:00,0.0,2.4125,28.2733,0.0
2026-07-15 02:00:00,0.0,3.35,28.2531,0.0
2026-07-15 02:01:00,0.0,3.3125,28.25685,0.0
2026-07-15 02:02:00,0.0,3.425,28.25175,0.0
2026-07-15 02:03:00,0.0,3.9499999999999997,28.2496,0.0
2026-07-15 02:04:00,0.0,3.4625,28.2346,0.0
2026-07-15 02:05:00,0.0,2.8625,28.2377,0.0
2026-07-15 02:06:00,0.0,3.05,28.2426,0.0
2026-07-15 02:07:00,0.0,3.7249999999999996,28.21235,0.0
2026-07-15 02:08:00,0.0,2.3375,28.20855,0.0
2026-07-15 02:09:00,0.0,2.7875,28.1799,0.0
2026-07-15 02:10:00,0.0,2.4875,28.1932,0.0
2026-07-15 02:11:00,0.0,3.0125,28.149250000000002,0.0
2026-07-15 02:12:00,0.0,3.275,28.1437,0.0
2026-07-15 02:13:00,0.0,3.875,28.15,0.0
2026-07-15 02:14:00,0.0,3.6125,28.12905,0.0
2026-07-15 02:15:00,0.0,3.6125,28.1215,0.0
2026-07-15 02:16:00,0.0,3.95,28.1089,0.0
2026-07-15 02:17:00,0.0,3.6125,28.086550000000003,0.0
2026-07-15 02:18:00,0.0,3.65,28.0654,0.0
2026-07-15 02:19:00,0.0,3.65,28.05625,0.0
2026-07-15 02:20:00,0.0,3.725,28.04355,0.0
2026-07-15 02:21:00,0.0,3.35,27.9991,0.0
2026-07-15 02:22:00,0.0,2.9375,27.9867,0.0
2026-07-15 02:23:00,0.0,3.2,27.95715,0.0
2026-07-15 02:24:00,0.0,3.5375,27.96855,0.0
2026-07-15 02:25:00,0.0,3.725,27.933999999999997,0.0
2026-07-15 02:26:00,0.0,3.425,27.933300000000003,0.0
2026-07-15 02:27:00,0.0,2.75,27.9265,0.0
2026-07-15 02:28:00,0.0,3.275,27.92775,0.0
2026-07-15 02:29:00,0.0,3.9875,27.85525,0.0
2026-07-15 02:30:00,0.0,4.9625,27.851950000000002,0.0
2026-07-15 02:31:00,0.0,4.025,27.844099999999997,0.0
2026-07-15 02:32:00,0.0,3.3875,27.84695,0.0
2026-07-15 02:33:00,0.0,3.2750000000000004,27.802500000000002,0.0
2026-07-15 02:34:00,0.0,5.075,27.7872,0.0
2026-07-15 02:35:00,0.0,4.325,27.77445,0.0
2026-07-15 02:36:00,0.0,4.55,27.7531,0.0
2026-07-15 02:37:00,0.0,4.85,27.74105,0.0
2026-07-15 02:38:00,0.0,4.1,27.745199999999997,0.0
2026-07-15 02:39:00,0.0,3.65,27.7275,0.0
2026-07-15 02:40:00,0.0,4.1,27.726750000000003,0.0
2026-07-15 02:41:00,0.0,3.125,27.741149999999998,0.0
2026-07-15 02:42:00,0.0,3.575,27.75125,0.0
2026-07-15 02:43:00,0.0,3.8375,27.717149999999997,0.0
2026-07-15 02:44:00,0.0,3.9875000000000003,27.72195,0.0
2026-07-15 02:45:00,0.0,3.725,27.7252,0.0
2026-07-15 02:46:00,0.0,4.325,27.711399999999998,0.0
2026-07-15 02:47:00,0.0,4.5875,27.71455,0.0
2026-07-15 02:48:00,0.0,4.9625,27.7106,0.0
2026-07-15 02:49:00,0.0,3.3875,27.69475,0.0
2026-07-15 02:50:00,0.0,4.0625,27.6845,0.0
2026-07-15 02:51:00,0.0,3.35,27.6877,0.0
2026-07-15 02:52:00,0.0,2.825,27.6462,0.0
2026-07-15 02:53:00,0.0,3.0875000000000004,27.646,0.0
2026-07-15 02:54:00,0.0,3.875,27.6521,0.0
2026-07-15 02:55:00,0.0,3.6500000000000004,27.617350000000002,0.0
2026-07-15 02:56:00,0.0,4.25,27.62715,0.0
2026-07-15 02:57:00,0.0,4.1375,27.6259,0.0
2026-07-15 02:58:00,0.0,4.1,27.6007,0.0
2026-07-15 02:59:00,0.0,4.175,27.624200000000002,0.0
2026-07-15 03:00:00,0.0,3.6125,27.6104,0.0
2026-07-15 03:01:00,0.0,3.4625000000000004,27.609949999999998,0.0
2026-07-15 03:02:00,0.0,4.025,27.604300000000002,0.0
2026-07-15 03:03:00,0.0,3.7249999999999996,27.5963,0.0
2026-07-15 03:04:00,0.0,3.2750000000000004,27.536450000000002,0.0
2026-07-15 03:05:00,0.0,3.2375,27.52375,0.0
2026-07-15 03:06:00,0.0,3.425,27.489600000000003,0.0
2026-07-15 03:07:00,0.0,3.575,27.4936,0.0
2026-07-15 03:08:00,0.0,4.25,27.49585,0.0
2026-07-15 03:09:00,0.0,3.6500000000000004,27.469749999999998,0.0
2026-07-15 03:10:00,0.0,3.3499999999999996,27.4636,0.0
2026-07-15 03:11:00,0.0,3.2,27.42595,0.0
2026-07-15 03:12:00,0.0,3.3875,27.41555,0.0
2026-07-15 03:13:00,0.0,2.75,27.4417,0.0
2026-07-15 03:14:00,0.0,3.6875,27.4424,0.0
2026-07-15 03:15:00,0.0,3.35,27.45095,0.0
2026-07-15 03:16:00,0.0,3.2,27.43745,0.0
2026-07-15 03:17:00,0.0,3.2375,27.4212,0.0
2026-07-15 03:18:00,0.0,2.975,27.40015,0.0
2026-07-15 03:19:00,0.0,2.825,27.388849999999998,0.0
2026-07-15 03:20:00,0.0,2.5625,27.36975,0.0
2026-07-15 03:21:00,0.0,3.3125,27.373150000000003,0.0
2026-07-15 03:22:00,0.0,3.5,27.3809,0.0
2026-07-15 03:23:00,0.0,3.5,27.3809,0.0
2026-07-15 03:24:00,0.0,2.3,27.33765,0.0
2026-07-15 03:25:00,0.0,2.675,27.3554,0.0
2026-07-15 03:26:00,0.0,2.075,27.3398,0.0
2026-07-15 03:27:00,0.0,2.675,27.3457,0.0
2026-07-15 03:28:00,0.0,3.0875,27.3442,0.0
2026-07-15 03:29:00,0.0,3.1625,27.335250000000002,0.0
2026-07-15 03:30:00,0.0,2.6,27.28065,0.0
2026-07-15 03:31:00,0.0,3.2,27.27035,0.0
2026-07-15 03:32:00,0.0,3.0875,27.28265,0.0
2026-07-15 03:33:00,0.0,3.5,27.2855,0.0
2026-07-15 03:34:00,0.0,3.5,27.2698,0.0
2026-07-15 03:35:00,0.0,3.1625,27.25695,0.0
2026-07-15 03:36:00,0.0,2.45,27.24755,0.0
2026-07-15 03:37:00,0.0,2.375,27.251199999999997,0.0
2026-07-15 03:38:00,0.0,2.075,27.24645,0.0
2026-07-15 03:39:00,0.0,2.9,27.2436,0.0
2026-07-15 03:40:00,0.0,3.125,27.24735,0.0
2026-07-15 03:41:00,0.0,3.5,27.228499999999997,0.0
2026-07-15 03:42:00,0.0,3.125,27.214550000000003,0.0
2026-07-15 03:43:00,0.0,3.125,27.189999999999998,0.0
2026-07-15 03:44:00,0.0,2.825,27.20205,0.0
2026-07-15 03:45:00,0.0,2.375,27.195549999999997,0.0
2026-07-15 03:46:00,0.0,2.9749999999999996,27.1924,0.0
2026-07-15 03:47:00,0.0,3.5375,27.192749999999997,0.0
2026-07-15 03:48:00,0.0,3.1999999999999997,27.1597,0.0
2026-07-15 03:49:00,0.0,2.3,27.1419,0.0
2026-07-15 03:50:00,0.0,2.9749999999999996,27.141399999999997,0.0
2026-07-15 03:51:00,0.0,3.1999999999999997,27.14395,0.0
2026-07-15 03:52:00,0.0,2.45,27.11255,0.0
2026-07-15 03:53:00,0.0,3.3499999999999996,27.14395,0.0
2026-07-15 03:54:00,0.0,2.6,27.1308,0.0
2026-07-15 03:55:00,0.0,2.5250000000000004,27.1357,0.0
2026-07-15 03:56:00,0.0,2.675,27.0995,0.0
2026-07-15 03:57:00,0.0,2.45,27.096049999999998,0.0
2026-07-15 03:58:00,0.0,2.9749999999999996,27.06335,0.0
2026-07-15 03:59:00,0.0,3.1624999999999996,27.076349999999998,0.0
2026-07-15 04:00:00,0.0,2.8625,27.06185,0.0
2026-07-15 04:01:00,0.0,2.675,27.062350000000002,0.0
2026-07-15 04:02:00,0.0,3.425,27.06175,0.0
2026-07-15 04:03:00,0.0,2.825,27.04805,0.0
2026-07-15 04:04:00,0.0,2.825,27.02145,0.0
2026-07-15 04:05:00,0.0,2.4875,27.01285,0.0
2026-07-15 04:06:00,0.0,2.4125,27.00645,0.0
2026-07-15 04:07:00,0.0,2.45,27.00135,0.0
2026-07-15 04:08:00,0.0,2.375,27.02085,0.0
2026-07-15 04:09:00,0.0,2.6375,27.0178,0.0
2026-07-15 04:10:00,0.0,2.375,26.98445,0.0
2026-07-15 04:11:00,0.0,1.4375,26.9773,0.0
2026-07-15 04:12:00,0.0,2.75,26.968249999999998,0.0
2026-07-15 04:13:00,0.0,2.4125,26.940350000000002,0.0
2026-07-15 04:14:00,0.0,2.075,26.95395,0.0
2026-07-15 04:15:00,0.0,2.45,26.9508,0.0
2026-07-15 04:16:00,0.0,2.6,26.947400000000002,0.0
2026-07-15 04:17:00,0.0,2.3,26.94475,0.0
2026-07-15 04:18:00,0.0,2.45,26.906399999999998,0.0
2026-07-15 04:19:00,0.0,2.1500000000000004,26.9157,0.0
2026-07-15 04:20:00,0.0,2.3,26.9012,0.0
2026-07-15 04:21:00,0.0,2.4125,26.89425,0.0
2026-07-15 04:22:00,0.0,2.75,26.908,0.0
2026-07-15 04:23:00,0.0,2.3375000000000004,26.9009,0.0
2026-07-15 04:24:00,0.0,2.675,26.89535,0.0
2026-07-15 04:25:00,0.0,2.075,26.86955,0.0
2026-07-15 04:26:00,0.0,2.1875,26.90755,0.0
2026-07-15 04:27:00,0.0,2.1125,26.893099999999997,0.0
2026-07-15 04:28:00,0.0,2.075,26.8844,0.0
2026-07-15 04:29:00,0.0,2.9,26.8613,0.0
2026-07-15 04:30:00,0.0,2.375,26.88065,0.0
2026-07-15 04:31:00,0.0,2.45,26.88755,0.0
2026-07-15 04:32:00,0.0,3.05,26.8703,0.0
2026-07-15 04:33:00,0.0,2.2625,26.87695,0.0
2026-07-15 04:34:00,0.0,2.675,26.84855,0.0
2026-07-15 04:35:00,0.0,2.45,26.834049999999998,0.0
2026-07-15 04:36:00,0.0,3.5375,26.8228,0.0
2026-07-15 04:37:00,0.0,2.7125,26.83195,0.0
2026-07-15 04:38:00,0.0,2.825,26.8003,0.0
2026-07-15 04:39:00,0.0,2.4124999999999996,26.78595,0.0
2026-07-15 04:40:00,0.0,3.2750000000000004,26.8111,0.0
2026-07-15 04:41:00,0.0,3.725,26.8128,0.0
2026-07-15 04:42:00,0.0,4.0625,26.80725,0.0
2026-07-15 04:43:00,0.0,3.65,26.83175,0.0
2026-07-15 04:44:00,0.0,2.7875,26.82715,0.0
2026-07-15 04:45:00,0.0,2.5625,26.808,0.0
2026-07-15 04:46:00,0.0,3.9875,26.8034,0.0
2026-07-15 04:47:00,0.0,2.825,26.795749999999998,0.0
2026-07-15 04:48:00,0.0,2.7874999999999996,26.7936,0.0
2026-07-15 04:49:00,0.0,2.9,26.78745,0.0
2026-07-15 04:50:00,0.0,2.7874999999999996,26.77635,0.0
2026-07-15 04:51:00,0.0,2.7125,26.78955,0.0
2026-07-15 04:52:00,0.0,3.0125,26.7838,0.0
2026-07-15 04:53:00,0.0,3.0875,26.751350000000002,0.0
2026-07-15 04:54:00,0.0,3.5749999999999997,26.764499999999998,0.0
2026-07-15 04:55:00,0.0,3.425,26.75995,0.0
2026-07-15 04:56:00,0.0,2.975,26.744149999999998,0.0
2026-07-15 04:57:00,0.0,3.3875,26.74405,0.0
2026-07-15 04:58:00,0.0,4.2125,26.72215,0.0
2026-07-15 04:59:00,0.0,2.825,26.71595,0.0
2026-07-15 05:00:00,0.0,3.3125,26.7344,0.0
2026-07-15 05:01:00,0.0,3.0875,26.6961,0.0
2026-07-15 05:02:00,0.0,2.5625,26.70215,0.0
2026-07-15 05:03:00,0.0,3.2375,26.7047,0.0
2026-07-15 05:04:00,0.0,2.9,26.7087,0.0
2026-07-15 05:05:00,0.0,3.575,26.70865,0.0
2026-07-15 05:06:00,0.0,3.875,26.71445,0.0
2026-07-15 05:07:00,0.0,3.1624999999999996,26.7033,0.0
2026-07-15 05:08:00,0.0,3.6500000000000004,26.7035,0.0
2026-07-15 05:09:00,0.0,4.25,26.7215,0.0
2026-07-15 05:10:00,0.0,3.65,26.72285,0.0
2026-07-15 05:11:00,0.0,3.6125,26.72585,0.0
2026-07-15 05:12:00,0.0,3.425,26.724600000000002,0.0
2026-07-15 05:13:00,0.0,3.9499999999999997,26.717,0.0
2026-07-15 05:14:00,0.0,3.6500000000000004,26.696350000000002,0.0
2026-07-15 05:15:00,0.0,3.35,26.6946,0.0
2026-07-15 05:16:00,0.0,3.7624999999999997,26.691850000000002,0.0
2026-07-15 05:17:00,0.0,3.1625,26.6997,0.0
2026-07-15 05:18:00,0.0,3.3125,26.7052,0.0
2026-07-15 05:19:00,0.0,2.75,26.686,0.0
2026-07-15 05:20:00,0.0,2.675,26.6967,0.0
2026-07-15 05:21:00,0.0,3.1625,26.69635,0.0
2026-07-15 05:22:00,0.0,2.975,26.703899999999997,0.0
2026-07-15 05:23:00,0.0,4.1375,26.7167,0.0
2026-07-15 05:24:00,0.0,3.6875,26.72815,0.0
2026-07-15 05:25:00,0.0,2.9749999999999996,26.7116,0.0
2026-07-15 05:26:00,0.0,3.6875,26.678449999999998,0.0
2026-07-15 05:27:00,0.0,2.8625,26.716,0.0
2026-07-15 05:28:00,0.0,3.95,26.73155,0.0
2026-07-15 05:29:00,0.0,4.25,26.7192,0.0
2026-07-15 05:30:00,0.0,2.375,26.734949999999998,0.0
2026-07-15 05:31:00,0.0,3.0125,26.70095,0.0
2026-07-15 05:32:00,0.0,2.7125,26.71575,0.0
2026-07-15 05:33:00,0.0,2.975,26.6863,0.0
2026-07-15 05:34:00,0.0,3.05,26.66695,0.0
2026-07-15 05:35:00,0.0,2.9000000000000004,26.69615,0.0
2026-07-15 05:36:00,0.0,2.7125000000000004,26.6702,0.0
2026-07-15 05:37:00,0.0,3.2375000000000003,26.681649999999998,0.0
2026-07-15 05:38:00,0.0,2.9000000000000004,26.68545,0.0
2026-07-15 05:39:00,0.0,2.7125,26.67505,0.0
2026-07-15 05:40:00,0.0,3.5375,26.70675,0.0
2026-07-15 05:41:00,0.0,3.3875,26.6748,0.0
2026-07-15 05:42:00,0.0,3.6125000000000003,26.7029,0.0
2026-07-15 05:43:00,0.0,2.7874999999999996,26.6984,0.0
2026-07-15 05:44:00,0.0,2.1125,26.651699999999998,0.0
2026-07-15 05:45:00,0.0,2.4875,26.665,0.0
2026-07-15 05:46:00,0.0,2.7874999999999996,26.655099999999997,0.0
2026-07-15 05:47:00,0.0,2.9,26.655099999999997,0.0
2026-07-15 05:48:00,0.0,2.6,26.654,0.0
2026-07-15 05:49:00,0.0,2.7125,26.6455,0.0
2026-07-15 05:50:00,0.0,2.975,26.64215,0.0
2026-07-15 05:51:00,0.0,2.1875,26.63715,0.0
2026-07-15 05:52:00,0.0,2.1875,26.65905,0.0
2026-07-15 05:53:00,0.0,2.675,26.654049999999998,0.0
2026-07-15 05:54:00,0.0,3.1625,26.67135,0.0
2026-07-15 05:55:00,0.0,2.1125,26.68305,0.0
2026-07-15 05:56:00,0.0,2.45,26.67425,0.0
2026-07-15 05:57:00,0.0,2.4124999999999996,26.6762,0.0
2026-07-15 05:58:00,0.0,1.85,26.67575,0.0
2026-07-15 05:59:00,0.0,3.4625,26.701749999999997,0.0
2026-07-15 06:00:00,0.0,3.425,26.731749999999998,0.0
2026-07-15 06:01:00,0.0,3.0875,26.75985,0.5
2026-07-15 06:02:00,0.0,3.05,26.7571,1.0
2026-07-15 06:03:00,0.5,3.275,26.7683,1.0
2026-07-15 06:04:00,0.5,2.375,26.7603,1.0
2026-07-15 06:05:00,1.0,2.525,26.761499999999998,1.5
2026-07-15 06:06:00,1.0,3.2375,26.76425,1.5
2026-07-15 06:07:00,2.5,2.5625,26.68005,3.0
2026-07-15 06:08:00,3.0,2.3,26.69885,3.0
2026-07-15 06:09:00,3.5,1.625,26.662,4.0
2026-07-15 06:10:00,3.5,1.925,26.6659,4.0
2026-07-15 06:11:00,4.0,2.0,26.6722,4.5
2026-07-15 06:12:00,4.5,2.3,26.67375,5.0
2026-07-15 06:13:00,6.5,1.9625000000000001,26.6376,6.5
2026-07-15 06:14:00,7.0,1.8875000000000002,26.6422,7.0
2026-07-15 06:15:00,8.0,1.7375,26.63395,8.0
2026-07-15 06:16:00,8.5,2.2625,26.63525,8.5
2026-07-15 06:17:00,9.0,2.0375,26.62055,9.0
2026-07-15 06:18:00,9.5,2.3375,26.62905,9.5
2026-07-15 06:19:00,10.5,1.8125,26.632350000000002,10.0
2026-07-15 06:20:00,10.5,2.3,26.6089,10.5
2026-07-15 06:21:00,14.5,1.9625,26.61685,14.0
2026-07-15 06:22:00,15.0,2.2625,26.596899999999998,14.5
2026-07-15 06:23:00,16.0,2.15,26.5959,16.0
2026-07-15 06:24:00,17.0,1.7374999999999998,26.59615,16.5
2026-07-15 06:25:00,17.5,1.7374999999999998,26.5974,17.0
2026-07-15 06:26:00,18.0,2.0,26.583199999999998,18.0
2026-07-15 06:27:00,21.5,2.8625,26.60805,21.0
2026-07-15 06:28:00,22.0,2.375,26.60585,21.5
2026-07-15 06:29:00,24.5,2.4875,26.6147,23.5
2026-07-15 06:30:00,25.0,2.9000000000000004,26.59115,24.0
2026-07-15 06:31:00,24.0,1.85,26.5913,23.0
2026-07-15 06:32:00,24.0,2.3,26.616149999999998,23.0
2026-07-15 06:33:00,24.5,2.375,26.6017,24.0
2026-07-15 06:34:00,24.5,2.375,26.621499999999997,24.5
2026-07-15 06:35:00,26.5,3.2,26.63145,25.5
2026-07-15 06:36:00,28.0,2.6,26.6204,27.0
2026-07-15 06:37:00,29.5,2.8625,26.6177,28.5
2026-07-15 06:38:00,31.0,2.3,26.6386,30.5
2026-07-15 06:39:00,32.0,1.55,26.67585,31.5
2026-07-15 06:40:00,31.5,2.225,26.6627,31.0
2026-07-15 06:41:00,33.5,3.275,26.680149999999998,33.0
2026-07-15 06:42:00,37.5,3.5,26.693550000000002,36.0
2026-07-15 06:43:00,42.0,2.525,26.731749999999998,40.5
2026-07-15 06:44:00,44.5,2.6375,26.71515,42.5
2026-07-15 06:45:00,48.5,3.3125,26.74435,47.0
2026-07-15 06:46:00,52.0,2.3375000000000004,26.7542,50.0
2026-07-15 06:47:00,53.0,3.275,26.740250000000003,51.0
2026-07-15 06:48:00,53.0,2.8625,26.764499999999998,51.5
2026-07-15 06:49:00,55.5,3.05,26.777099999999997,55.0
2026-07-15 06:50:00,52.5,3.0875,26.76395,52.0
2026-07-15 06:51:00,52.0,2.4124999999999996,26.8059,51.0
2026-07-15 06:52:00,53.5,3.1625,26.81995,53.0
2026-07-15 06:53:00,53.5,2.5999999999999996,26.8116,52.5
2026-07-15 06:54:00,52.5,2.4875,26.8678,51.0
2026-07-15 06:55:00,50.5,2.675,26.872149999999998,48.5
2026-07-15 06:56:00,43.5,2.075,26.8861,41.5
2026-07-15 06:57:00,39.0,2.6,26.9314,37.5
2026-07-15 06:58:00,31.5,3.05,26.894550000000002,30.0
2026-07-15 06:59:00,28.5,2.3,26.884900000000002,27.5
2026-07-15 07:00:00,27.5,2.675,26.892200000000003,28.5
2026-07-15 07:01:00,34.5,2.2625,26.88495,36.0
2026-07-15 07:02:00,45.5,2.825,26.906,46.5
2026-07-15 07:03:00,48.0,2.1875,26.9024,49.0
2026-07-15 07:04:00,52.0,2.5625,26.9237,53.0
2026-07-15 07:05:00,55.0,2.5250000000000004,26.938699999999997,56.0
2026-07-15 07:06:00,56.0,1.85,26.94195,57.0
2026-07-15 07:07:00,55.5,2.4875,26.96635,56.5
2026-07-15 07:08:00,67.5,2.2625,27.0165,68.5
2026-07-15 07:09:00,69.0,2.4875,27.0473,69.5
2026-07-15 07:10:00,74.5,2.1125,27.10495,74.0
2026-07-15 07:11:00,78.5,2.7875,27.1157,78.0
2026-07-15 07:12:00,86.0,2.75,27.109099999999998,85.5
2026-07-15 07:13:00,90.0,2.7875,27.05945,89.5
2026-07-15 07:14:00,95.0,2.675,27.0961,94.5
2026-07-15 07:15:00,96.5,2.675,27.10915,94.5
2026-07-15 07:16:00,97.0,3.3125,27.124299999999998,94.0
2026-07-15 07:17:00,97.5,3.275,27.1039,94.5
2026-07-15 07:18:00,100.0,2.375,27.2074,95.0
2026-07-15 07:19:00,97.0,2.675,27.2263,93.5
2026-07-15 07:20:00,87.5,2.7125,27.23635,84.5
2026-07-15 07:21:00,86.0,1.8875000000000002,27.21035,82.5
2026-07-15 07:22:00,84.0,2.4875,27.24315,80.0
2026-07-15 07:23:00,90.0,2.4875,27.2853,85.5
2026-07-15 07:24:00,95.0,2.375,27.2979,91.5
2026-07-15 07:25:00,98.0,2.3375,27.3039,95.0
2026-07-15 07:26:00,97.5,2.15,27.303,95.5
2026-07-15 07:27:00,96.5,2.1125,27.35435,94.0
2026-07-15 07:28:00,98.0,2.4875,27.371650000000002,95.5
2026-07-15 07:29:00,101.0,3.125,27.387900000000002,98.0
2026-07-15 07:30:00,104.5,2.4124999999999996,27.37405,100.5
2026-07-15 07:31:00,106.5,2.45,27.36985,102.5
2026-07-15 07:32:00,107.5,2.0374999999999996,27.39745,103.5
2026-07-15 07:33:00,106.0,3.0125,27.411250000000003,102.0
2026-07-15 07:34:00,102.5,2.375,27.527250000000002,98.5
2026-07-15 07:35:00,104.5,3.275,27.51895,100.0
2026-07-15 07:36:00,97.5,3.5375,27.518050000000002,94.5
2026-07-15 07:37:00,102.0,3.2,27.52325,98.0
2026-07-15 07:38:00,100.5,3.5,27.51125,96.5
2026-07-15 07:39:00,100.0,3.1624999999999996,27.55435,96.0
2026-07-15 07:40:00,101.0,3.8375,27.5655,97.5
2026-07-15 07:41:00,102.5,3.65,27.554949999999998,99.5
2026-07-15 07:42:00,110.0,3.3125,27.56545,108.0
2026-07-15 07:43:00,114.0,3.125,27.5516,112.5
2026-07-15 07:44:00,115.0,3.2,27.595399999999998,114.0
2026-07-15 07:45:00,122.0,3.8375000000000004,27.5398,120.0
2026-07-15 07:46:00,137.0,2.1875,27.5165,134.5
2026-07-15 07:47:00,140.5,3.575,27.598599999999998,138.5
2026-07-15 07:48:00,147.5,2.9749999999999996,27.60015,145.0
2026-07-15 07:49:00,153.0,2.3375,27.637,150.5
2026-07-15 07:50:00,180.0,2.5625,27.724,176.0
2026-07-15 07:51:00,182.0,3.6500000000000004,27.75745,177.5
2026-07-15 07:52:00,197.5,2.75,27.79595,191.0
2026-07-15 07:53:00,217.5,3.6875,27.793599999999998,207.5
2026-07-15 07:54:00,221.0,3.0500000000000003,27.876350000000002,209.5
2026-07-15 07:55:00,198.5,3.1625,27.8502,190.0
2026-07-15 07:56:00,157.5,2.0375,27.93815,152.0
2026-07-15 07:57:00,157.0,2.825,27.896349999999998,150.5
2026-07-15 07:58:00,155.5,2.7874999999999996,27.8803,149.5
2026-07-15 07:59:00,153.0,3.3125,27.898899999999998,147.0
2026-07-15 08:00:00,141.0,3.0875,27.8598,135.0
2026-07-15 08:01:00,131.5,2.8625,27.91815,126.0
2026-07-15 08:02:00,109.5,3.0875000000000004,27.8953,103.0
2026-07-15 08:03:00,102.0,3.725,27.869500000000002,96.5
2026-07-15 08:04:00,97.5,3.8,27.8985,92.5
2026-07-15 08:05:00,93.5,3.7624999999999997,27.866999999999997,89.0
2026-07-15 08:06:00,88.0,3.575,27.820349999999998,84.5
2026-07-15 08:07:00,84.5,3.125,27.79905,82.0
2026-07-15 08:08:00,57.5,3.5375,27.8,58.5
2026-07-15 08:09:00,55.0,2.6375,27.7402,57.0
2026-07-15 08:10:00,56.0,3.3125,27.71465,59.0
2026-07-15 08:11:00,62.5,3.2375,27.7299,65.0
2026-07-15 08:12:00,77.5,3.3125,27.6661,79.5
2026-07-15 08:13:00,83.5,3.05,27.6465,85.5
2026-07-15 08:14:00,105.0,3.1624999999999996,27.662300000000002,107.0
2026-07-15 08:15:00,112.5,2.1125,27.66525,115.0
2026-07-15 08:16:00,141.0,3.1625,27.76075,142.0
2026-07-15 08:17:00,147.0,3.2375,27.75545,147.0
2026-07-15 08:18:00,153.0,3.4625000000000004,27.779049999999998,152.5
2026-07-15 08:19:00,161.5,3.6875,27.82625,161.0
2026-07-15 08:20:00,172.0,3.425,27.85185,170.5
2026-07-15 08:21:00,222.0,2.975,27.982599999999998,219.5
2026-07-15 08:22:00,235.0,3.7625,28.02655,231.5
2026-07-15 08:23:00,283.5,2.7125000000000004,28.0789,276.5
2026-07-15 08:24:00,241.5,2.5250000000000004,28.08565,233.5
2026-07-15 08:25:00,225.5,3.2,28.238500000000002,215.5
2026-07-15 08:26:00,200.5,3.8,28.2088,191.5
2026-07-15 08:27:00,191.5,3.275,28.17855,183.0
2026-07-15 08:28:00,186.0,2.975,28.252499999999998,178.0
2026-07-15 08:29:00,181.5,3.3125,28.2319,174.0
2026-07-15 08:30:00,129.0,3.6875,28.2806,123.5
2026-07-15 08:31:00,129.0,3.4625000000000004,28.265050000000002,124.5
2026-07-15 08:32:00,134.0,3.6125,28.29235,133.0
2026-07-15 08:33:00,139.5,2.975,28.27685,139.5
2026-07-15 08:34:00,147.0,3.6125,28.30455,147.5
2026-07-15 08:35:00,199.5,4.737500000000001,28.2656,202.0
2026-07-15 08:36:00,363.0,3.3874999999999997,28.3296,358.5
2026-07-15 08:37:00,395.0,4.1,28.431449999999998,388.0
2026-07-15 08:38:00,404.5,2.3375,28.4946,396.5
2026-07-15 08:39:00,406.5,3.3875,28.6274,398.5
2026-07-15 08:40:00,415.0,3.9125,28.611150000000002,407.0
2026-07-15 08:41:00,447.5,3.8,28.7974,439.0
2026-07-15 08:42:00,475.5,2.6750000000000003,28.886499999999998,464.5
2026-07-15 08:43:00,411.0,2.975,28.9238,398.5
2026-07-15 08:44:00,358.0,2.6375,28.97255,348.0
2026-07-15 08:45:00,232.0,2.75,28.956049999999998,225.0
2026-07-15 08:46:00,241.5,3.725,28.92605,238.5
2026-07-15 08:47:00,307.0,3.125,28.92185,301.5
2026-07-15 08:48:00,250.5,3.5375,28.938850000000002,245.5
2026-07-15 08:49:00,266.5,3.4625,28.942050000000002,266.5
2026-07-15 08:50:00,370.5,3.95,29.03895,366.0
2026-07-15 08:51:00,436.0,2.825,29.17565,428.0
2026-07-15 08:52:00,440.5,4.025,29.231450000000002,432.5
2026-07-15 08:53:00,434.0,3.1625,29.186950000000003,424.0
2026-07-15 08:54:00,459.0,3.5,29.23065,449.5
2026-07-15 08:55:00,288.0,4.925,29.29335,285.5
2026-07-15 08:56:00,433.5,3.3125,29.2326,426.0
2026-07-15 08:57:00,408.0,3.2,29.3109,396.5
2026-07-15 08:58:00,378.5,3.875,29.2289,372.5
2026-07-15 08:59:00,430.0,3.7625,29.3666,421.5
2026-07-15 09:00:00,485.0,4.2875,29.34045,474.5
2026-07-15 09:01:00,480.5,3.9499999999999997,29.429000000000002,468.0
2026-07-15 09:02:00,386.5,4.175000000000001,29.45055,377.5
2026-07-15 09:03:00,463.5,4.7,29.41185,454.0
2026-07-15 09:04:00,430.5,4.175,29.405250000000002,424.5
2026-07-15 09:05:00,437.5,3.8375,29.4122,431.0
2026-07-15 09:06:00,439.5,4.2875,29.4112,432.5
2026-07-15 09:07:00,508.0,4.887499999999999,29.53,495.0
2026-07-15 09:08:00,406.0,3.6125,29.53415,396.5
2026-07-15 09:09:00,497.5,4.5875,29.5989,485.0
2026-07-15 09:10:00,513.0,4.324999999999999,29.550849999999997,503.0
2026-07-15 09:11:00,434.5,3.8375000000000004,29.61425,428.5
2026-07-15 09:12:00,319.0,3.65,29.5956,318.0
2026-07-15 09:13:00,312.5,3.2750000000000004,29.55685,312.5
2026-07-15 09:14:00,324.0,4.1375,29.5693,323.0
2026-07-15 09:15:00,530.0,4.4,29.639,516.0
2026-07-15 09:16:00,316.5,2.825,29.6187,312.0
2026-07-15 09:17:00,299.5,3.725,29.672150000000002,296.5
2026-07-15 09:18:00,290.5,4.025,29.5854,288.0
2026-07-15 09:19:00,262.0,3.8375000000000004,29.548250000000003,264.0
2026-07-15 09:20:00,291.5,3.4625,29.473950000000002,292.5
2026-07-15 09:21:00,437.5,2.9,29.65475,429.5
2026-07-15 09:22:00,446.5,3.875,29.7773,436.5
2026-07-15 09:23:00,552.5,4.55,29.9549,537.5
2026-07-15 09:24:00,550.5,4.25,29.8949,536.0
2026-07-15 09:25:00,564.0,3.6875,30.00005,551.0
2026-07-15 09:26:00,576.5,4.175,30.132649999999998,564.0
2026-07-15 09:27:00,612.0,4.3625,30.145400000000002,598.5
2026-07-15 09:28:00,444.5,4.7375,30.11535,437.0
2026-07-15 09:29:00,423.0,5.075,30.0807,416.5
2026-07-15 09:30:00,421.5,5.15,30.02495,416.0
2026-07-15 09:31:00,293.5,4.325,30.058500000000002,294.0
2026-07-15 09:32:00,324.0,2.4875,30.073349999999998,323.0
2026-07-15 09:33:00,371.0,3.3875,30.1616,367.0
2026-07-15 09:34:00,379.0,4.775,30.1699,370.5
2026-07-15 09:35:00,559.0,4.0625,30.09135,543.5
2026-07-15 09:36:00,600.5,5.3375,30.03485,580.0
2026-07-15 09:37:00,368.5,5.375,30.086399999999998,360.5
2026-07-15 09:38:00,355.5,4.887499999999999,30.0045,348.5
2026-07-15 09:39:00,359.5,4.8125,30.046750000000003,353.5
2026-07-15 09:40:00,351.0,4.9625,30.1965,346.0
2026-07-15 09:41:00,530.5,4.925,30.19645,514.5
2026-07-15 09:42:00,495.0,4.9625,30.08395,480.0
2026-07-15 09:43:00,322.0,3.6125,29.953850000000003,318.5
2026-07-15 09:44:00,471.0,3.0125,30.0273,459.5
2026-07-15 09:45:00,616.5,3.0875000000000004,30.24995,598.0
2026-07-15 09:46:00,619.0,2.975,30.35485,600.5
2026-07-15 09:47:00,614.0,3.9124999999999996,30.45195,595.5
2026-07-15 09:48:00,629.0,3.9875,30.30605,610.0
2026-07-15 09:49:00,655.5,4.4,30.304250000000003,637.0
2026-07-15 09:50:00,658.5,4.25,30.381700000000002,639.5
2026-07-15 09:51:00,523.5,3.2750000000000004,30.524749999999997,508.5
2026-07-15 09:52:00,423.5,4.1,30.517899999999997,415.0
2026-07-15 09:53:00,692.5,3.5,30.62095,671.0
2026-07-15 09:54:00,625.5,2.8249999999999997,30.65415,610.0
2026-07-15 09:55:00,694.5,5.1875,30.706200000000003,672.5
2026-07-15 09:56:00,693.0,4.0625,30.7979,672.5
2026-07-15 09:57:00,704.5,5.825,30.82535,683.0
2026-07-15 09:58:00,713.0,5.1875,30.77645,690.0
2026-07-15 09:59:00,706.0,4.3625,30.8534,684.0
2026-07-15 10:00:00,697.5,4.137499999999999,30.9257,677.0
2026-07-15 10:01:00,672.5,3.0125,31.08535,650.0
2026-07-15 10:02:00,569.0,2.825,31.376,559.0
2026-07-15 10:03:00,737.5,5.9375,31.5977,718.0
2026-07-15 10:04:00,629.5,6.05,31.50025,617.0
2026-07-15 10:05:00,487.5,4.4375,31.00805,476.5
2026-07-15 10:06:00,457.0,4.1,31.0084,445.5
2026-07-15 10:07:00,398.0,3.35,31.2032,391.5
2026-07-15 10:08:00,417.0,3.4625,31.2854,411.0
2026-07-15 10:09:00,599.0,3.575,31.5238,581.5
2026-07-15 10:10:00,609.0,4.775,31.59095,593.0
2026-07-15 10:11:00,666.0,5.5625,31.776449999999997,656.5
2026-07-15 10:12:00,655.5,5.1125,31.557499999999997,644.5
2026-07-15 10:13:00,618.0,4.324999999999999,31.63025,611.0
2026-07-15 10:14:00,584.5,4.5875,31.4448,573.5
2026-07-15 10:15:00,835.0,3.8000000000000003,31.605849999999997,818.0
2026-07-15 10:16:00,614.5,3.8,31.5278,605.5
2026-07-15 10:17:00,369.5,5.225,31.511499999999998,366.0
2026-07-15 10:18:00,368.0,4.4375,31.435200000000002,366.5
2026-07-15 10:19:00,387.5,5.075,31.4319,386.0
2026-07-15 10:20:00,471.0,4.2875,31.2479,464.0
2026-07-15 10:21:00,398.5,3.575,31.2021,399.0
2026-07-15 10:22:00,399.0,4.025,31.43665,400.5
2026-07-15 10:23:00,395.0,3.875,31.30905,395.5
2026-07-15 10:24:00,408.0,4.925,31.2373,408.0
2026-07-15 10:25:00,450.0,4.3625,31.13305,444.0
2026-07-15 10:26:00,428.0,3.3875,31.161450000000002,425.0
2026-07-15 10:27:00,410.0,4.625,31.10575,407.5
2026-07-15 10:28:00,400.5,4.3625,31.2163,400.0
2026-07-15 10:29:00,404.0,3.1625,31.37265,403.5
2026-07-15 10:30:00,419.5,4.925,31.46405,418.5
2026-07-15 10:31:00,420.0,3.4250000000000003,31.3515,419.5
2026-07-15 10:32:00,445.5,4.0625,31.25195,446.0
2026-07-15 10:33:00,696.5,3.9125,31.1713,690.5
2026-07-15 10:34:00,579.0,4.1,31.29305,571.0
2026-07-15 10:35:00,509.5,4.9625,31.45895,509.0
2026-07-15 10:36:00,472.0,4.9625,31.4155,471.0
2026-07-15 10:37:00,483.5,4.1,31.22945,481.0
2026-07-15 10:38:00,413.5,3.6125,31.619999999999997,407.0
2026-07-15 10:39:00,421.5,4.5875,31.7008,416.5
2026-07-15 10:40:00,710.5,4.475,31.56965,702.5
2026-07-15 10:41:00,800.5,4.1375,31.661450000000002,797.5
2026-07-15 10:42:00,626.5,4.025,31.81025,630.5
2026-07-15 10:43:00,626.5,4.4375,31.701349999999998,629.0
2026-07-15 10:44:00,630.0,4.7,31.60605,631.5
2026-07-15 10:45:00,648.0,4.5125,31.6565,648.5
2026-07-15 10:46:00,441.0,4.0625,31.59615,439.5
2026-07-15 10:47:00,546.0,5.15,31.648600000000002,543.0
2026-07-15 10:48:00,440.0,5.375,31.637349999999998,439.0
2026-07-15 10:49:00,453.5,5.525,31.6023,452.5
2026-07-15 10:50:00,527.0,4.025,31.35885,525.0
2026-07-15 10:51:00,695.0,3.95,31.44905,690.0
2026-07-15 10:52:00,751.0,4.5875,31.4536,744.0
2026-07-15 10:53:00,618.0,3.6875,31.6081,615.0
2026-07-15 10:54:00,757.5,4.2125,31.96535,753.0
2026-07-15 10:55:00,764.0,4.7375,31.93205,759.5
2026-07-15 10:56:00,846.0,4.025,32.0629,845.0
2026-07-15 10:57:00,665.0,3.95,32.091899999999995,663.0
2026-07-15 10:58:00,542.0,4.4,32.067949999999996,538.5
2026-07-15 10:59:00,634.0,3.65,32.0409,629.5
2026-07-15 11:00:00,574.0,4.137499999999999,32.298100000000005,571.0
2026-07-15 11:01:00,571.5,3.5,32.16405,573.0
2026-07-15 11:02:00,699.5,4.0625,32.149550000000005,692.5
2026-07-15 11:03:00,764.0,2.7874999999999996,32.1733,753.5
2026-07-15 11:04:00,598.0,3.3125,32.2498,597.5
2026-07-15 11:05:00,609.5,3.5749999999999997,32.1999,610.0
2026-07-15 11:06:00,587.5,6.275,32.380399999999995,582.0
2026-07-15 11:07:00,492.0,4.25,32.46115,489.5
2026-07-15 11:08:00,453.5,3.2750000000000004,32.283500000000004,451.0
2026-07-15 11:09:00,697.0,4.475,32.385149999999996,684.0
2026-07-15 11:10:00,850.5,4.325,32.44685,834.5
2026-07-15 11:11:00,852.5,4.3625,32.4669,836.0
2026-07-15 11:12:00,952.0,3.4625000000000004,32.6913,939.0
2026-07-15 11:13:00,952.0,4.55,32.98435,940.0
2026-07-15 11:14:00,956.5,4.9625,33.0411,945.5
2026-07-15 11:15:00,955.5,4.8125,33.024950000000004,944.0
2026-07-15 11:16:00,904.0,5.075,33.201800000000006,894.0
2026-07-15 11:17:00,888.0,3.8000000000000003,32.99915,877.0
2026-07-15 11:18:00,813.5,3.8,33.2836,808.0
2026-07-15 11:19:00,550.5,4.625,33.24325,550.0
2026-07-15 11:20:00,509.0,5.375,33.333,509.5
2026-07-15 11:21:00,512.5,4.775,33.21885,513.0
2026-07-15 11:22:00,615.0,3.3875,32.90285,615.0
2026-07-15 11:23:00,563.0,4.8875,33.152699999999996,561.0
2026-07-15 11:24:00,686.0,5.225,33.0905,678.5
2026-07-15 11:25:00,712.5,3.8375000000000004,33.11765,706.0
2026-07-15 11:26:00,555.0,2.6,32.933800000000005,547.0
2026-07-15 11:27:00,922.0,2.6375,33.10955,905.0
2026-07-15 11:28:00,906.0,4.25,32.95035,888.0
2026-07-15 11:29:00,888.0,3.65,32.9743,872.0
2026-07-15 11:30:00,905.5,4.8875,33.3475,893.5
2026-07-15 11:31:00,897.5,4.25,33.14515,886.0
2026-07-15 11:32:00,861.0,5.525,32.981700000000004,852.0
2026-07-15 11:33:00,734.5,5.3,33.16885,734.0
2026-07-15 11:34:00,660.0,4.5875,33.208600000000004,646.0
2026-07-15 11:35:00,525.5,5.0,33.19515,519.0
2026-07-15 11:36:00,691.5,4.3625,33.1377,672.0
2026-07-15 11:37:00,661.0,3.3499999999999996,33.08485,647.0
2026-07-15 11:38:00,693.0,4.85,33.274100000000004,677.0
2026-07-15 11:39:00,706.0,4.925,33.2319,688.5
2026-07-15 11:40:00,467.5,6.65,33.2201,466.0
2026-07-15 11:41:00,478.0,4.4,33.082300000000004,475.5
2026-07-15 11:42:00,698.5,4.025,33.0842,680.5
2026-07-15 11:43:00,485.5,4.475,33.1939,483.5
2026-07-15 11:44:00,681.0,3.9125,33.29600000000001,669.0
2026-07-15 11:45:00,698.0,4.324999999999999,33.5094,681.0
2026-07-15 11:46:00,618.0,4.775,33.5454,607.0
2026-07-15 11:47:00,682.5,3.575,33.38595,665.0
2026-07-15 11:48:00,609.5,3.9125,33.786199999999994,599.5
2026-07-15 11:49:00,690.0,4.475,33.7823,677.0
2026-07-15 11:50:00,524.0,4.6625,33.72239999999999,517.0
2026-07-15 11:51:00,737.5,4.475,33.87425,721.5
2026-07-15 11:52:00,614.5,3.875,33.51045,603.5
2026-07-15 11:53:00,480.0,4.4375,33.4915,480.5
2026-07-15 11:54:00,503.0,3.8375,33.4043,502.0
2026-07-15 11:55:00,487.5,4.25,33.30225,489.0
2026-07-15 11:56:00,668.0,4.362500000000001,33.5196,652.5
2026-07-15 11:57:00,748.5,4.550000000000001,33.8126,749.5
2026-07-15 11:58:00,814.0,4.1375,33.824,797.5
2026-07-15 11:59:00,835.5,3.4625000000000004,33.753150000000005,820.5
2026-07-15 12:00:00,946.5,5.074999999999999,33.92375,932.5
2026-07-15 12:01:00,956.0,4.9625,33.98355,942.0
2026-07-15 12:02:00,910.5,4.8875,34.036,893.0
2026-07-15 12:03:00,727.0,3.3125,34.02395,708.5
2026-07-15 12:04:00,937.5,3.8375000000000004,33.9983,926.0
2026-07-15 12:05:00,930.0,3.5374999999999996,34.27275,921.0
2026-07-15 12:06:00,585.0,4.775,34.2228,587.0
2026-07-15 12:07:00,690.5,4.5875,34.2564,678.0
2026-07-15 12:08:00,941.5,3.4625,34.173,929.5
2026-07-15 12:09:00,948.0,5.112500000000001,34.24835,936.5
2026-07-15 12:10:00,465.5,2.45,33.9308,467.0
2026-07-15 12:11:00,557.5,4.25,34.026650000000004,554.5
2026-07-15 12:12:00,846.5,3.5,33.964,830.5
2026-07-15 12:13:00,939.5,3.2375,34.197649999999996,926.5
2026-07-15 12:14:00,937.5,4.0625,34.4213,926.0
2026-07-15 12:15:00,755.0,4.325,34.478300000000004,742.5
2026-07-15 12:16:00,602.5,4.475,34.4498,594.5
2026-07-15 12:17:00,768.0,3.3875,34.228899999999996,752.0
2026-07-15 12:18:00,765.5,4.5125,34.2626,749.5
2026-07-15 12:19:00,949.5,3.8375,34.26005,935.0
2026-07-15 12:20:00,943.0,3.8,34.230000000000004,930.0
2026-07-15 12:21:00,930.0,4.6625,34.44245,919.0
2026-07-15 12:22:00,927.5,5.15,34.691050000000004,918.5
2026-07-15 12:23:00,874.0,4.8125,34.54625,879.0
2026-07-15 12:24:00,721.5,3.3125,34.230549999999994,724.0
2026-07-15 12:25:00,969.0,2.2625,34.2994,959.0
2026-07-15 12:26:00,945.0,3.7625,34.57965,937.0
2026-07-15 12:27:00,987.5,4.325,34.656,977.5
2026-07-15 12:28:00,961.5,6.012499999999999,34.468199999999996,956.5
2026-07-15 12:29:00,855.5,4.25,34.363150000000005,836.5
2026-07-15 12:30:00,721.0,3.725,34.467650000000006,705.5
2026-07-15 12:31:00,450.5,3.0875,34.389849999999996,447.5
2026-07-15 12:32:00,689.0,5.975,34.43555,670.5
2026-07-15 12:33:00,976.5,4.9625,34.643600000000006,959.0
2026-07-15 12:34:00,970.5,3.9125,34.678700000000006,954.0
2026-07-15 12:35:00,943.5,4.7375,34.83325,927.5
2026-07-15 12:36:00,939.0,5.375,34.7799,924.0
2026-07-15 12:37:00,945.0,3.575,34.69105,929.5
2026-07-15 12:38:00,942.5,5.3,34.663,928.5
2026-07-15 12:39:00,959.5,3.8375000000000004,34.56185,945.5
2026-07-15 12:40:00,775.5,4.6625,34.54115,769.0
2026-07-15 12:41:00,719.5,4.2125,34.73965,719.5
2026-07-15 12:42:00,972.0,3.875,34.904349999999994,955.0
2026-07-15 12:43:00,925.5,4.7375,34.7902,907.5
2026-07-15 12:44:00,950.5,4.8875,34.8853,936.5
2026-07-15 12:45:00,949.0,4.8125,34.85165,933.5
2026-07-15 12:46:00,946.5,4.6625,34.6918,930.5
2026-07-15 12:47:00,942.0,5.6375,34.7255,926.0
2026-07-15 12:48:00,945.5,5.0,34.81395,929.0
2026-07-15 12:49:00,945.5,4.8125,34.794,929.5
2026-07-15 12:50:00,946.0,5.4875,34.729699999999994,930.0
2026-07-15 12:51:00,948.0,3.5375,34.69365,933.0
2026-07-15 12:52:00,951.5,2.6375,34.81375,937.0
2026-07-15 12:53:00,960.0,4.3625,34.820750000000004,945.0
2026-07-15 12:54:00,886.5,4.0625,34.77015,873.5
2026-07-15 12:55:00,944.0,4.6625,34.9055,930.0
2026-07-15 12:56:00,955.0,3.4625000000000004,35.0586,938.0
2026-07-15 12:57:00,935.5,3.3125,35.276799999999994,920.5
2026-07-15 12:58:00,942.5,4.25,35.41385,926.0
2026-07-15 12:59:00,945.5,3.425,35.566199999999995,929.5
2026-07-15 13:00:00,948.5,4.7,35.58305,932.5
2026-07-15 13:01:00,953.0,5.075,35.38405,936.5
2026-07-15 13:02:00,958.0,3.9124999999999996,35.23935,941.0
2026-07-15 13:03:00,897.0,3.1625,35.0647,881.5
2026-07-15 13:04:00,960.0,3.35,34.99825,943.0
2026-07-15 13:05:00,912.5,4.7375,34.95655,896.5
2026-07-15 13:06:00,959.5,5.75,34.960300000000004,940.0
2026-07-15 13:07:00,953.0,5.3,35.16485,934.0
2026-07-15 13:08:00,944.0,3.9875,35.1799,925.0
2026-07-15 13:09:00,942.0,4.8875,35.35615,923.0
2026-07-15 13:10:00,942.0,4.5125,35.2919,922.5
2026-07-15 13:11:00,941.0,4.5125,35.0901,921.5
2026-07-15 13:12:00,943.0,3.575,35.050349999999995,923.5
2026-07-15 13:13:00,942.0,4.475,35.1268,922.0
2026-07-15 13:14:00,941.0,4.475,35.1953,921.0
2026-07-15 13:15:00,943.0,5.1125,35.37965,922.5
2026-07-15 13:16:00,943.5,3.8,35.36915,922.5
2026-07-15 13:17:00,944.0,3.35,35.190749999999994,922.5
2026-07-15 13:18:00,941.0,3.7249999999999996,35.08425,920.0
2026-07-15 13:19:00,943.0,4.175,35.23125,922.5
2026-07-15 13:20:00,939.5,4.5875,35.376099999999994,919.0
2026-07-15 13:21:00,941.0,4.4,35.3497,920.0
2026-07-15 13:22:00,941.0,3.575,35.0968,920.5
2026-07-15 13:23:00,924.0,3.95,35.0177,904.5
2026-07-15 13:24:00,910.0,4.6625,35.236599999999996,895.5
2026-07-15 13:25:00,953.0,4.55,35.260099999999994,931.5
2026-07-15 13:26:00,948.0,4.625,35.672399999999996,922.5
2026-07-15 13:27:00,920.0,5.300000000000001,35.75825,895.5
2026-07-15 13:28:00,930.0,4.5125,35.781400000000005,904.5
2026-07-15 13:29:00,923.0,4.0625,35.6833,897.5
2026-07-15 13:30:00,931.0,5.9,35.7334,905.5
2026-07-15 13:31:00,788.0,4.175,35.9178,772.0
2026-07-15 13:32:00,643.0,5.2625,36.2264,627.5
2026-07-15 13:33:00,920.5,4.85,35.943200000000004,893.0
2026-07-15 13:34:00,918.5,3.95,36.01035,891.5
2026-07-15 13:35:00,918.0,3.9124999999999996,36.0874,891.0
2026-07-15 13:36:00,914.5,4.25,36.2418,887.5
2026-07-15 13:37:00,919.5,3.6875,36.4693,892.0
2026-07-15 13:38:00,921.0,4.2875,36.25385,893.0
2026-07-15 13:39:00,921.0,5.1875,36.260999999999996,893.5
2026-07-15 13:40:00,914.0,4.775,36.0428,887.0
2026-07-15 13:41:00,917.0,4.2125,36.002300000000005,890.0
2026-07-15 13:42:00,919.5,4.9625,36.2125,892.5
2026-07-15 13:43:00,920.0,5.262499999999999,36.138999999999996,893.0
2026-07-15 13:44:00,921.5,4.55,36.0129,895.0
2026-07-15 13:45:00,923.0,4.137499999999999,36.051,896.0
2026-07-15 13:46:00,920.0,4.887499999999999,36.37365,892.0
2026-07-15 13:47:00,916.5,4.3625,36.374700000000004,886.5
2026-07-15 13:48:00,914.5,5.637499999999999,36.568349999999995,884.0
2026-07-15 13:49:00,914.0,4.3625,36.422399999999996,883.5
2026-07-15 13:50:00,911.5,4.7375,36.2782,881.5
2026-07-15 13:51:00,913.5,5.675,36.26115,883.0
2026-07-15 13:52:00,909.5,4.4,36.164,877.5
2026-07-15 13:53:00,910.5,3.725,36.1682,879.0
2026-07-15 13:54:00,908.0,2.5999999999999996,36.197500000000005,877.5
2026-07-15 13:55:00,909.0,4.025,36.21615,878.0
2026-07-15 13:56:00,906.5,2.3,36.083,875.5
2026-07-15 13:57:00,905.5,3.875,36.490700000000004,874.5
2026-07-15 13:58:00,885.5,4.6625,36.328,856.0
2026-07-15 13:59:00,905.0,4.8875,36.3015,873.5
2026-07-15 14:00:00,907.5,3.4625000000000004,36.1156,876.5
2026-07-15 14:01:00,908.0,3.1625,36.3571,877.5
2026-07-15 14:02:00,745.0,4.0625,36.607699999999994,723.0
2026-07-15 14:03:00,482.5,3.9124999999999996,36.5327,477.5
2026-07-15 14:04:00,762.5,3.575,36.564499999999995,736.5
2026-07-15 14:05:00,774.0,6.9125,36.515100000000004,746.0
2026-07-15 14:06:00,670.5,5.300000000000001,36.4086,646.5
2026-07-15 14:07:00,911.0,3.65,36.44045,878.0
2026-07-15 14:08:00,910.5,3.0125,36.641,878.5
2026-07-15 14:09:00,712.0,3.0125,36.89725,688.5
2026-07-15 14:10:00,768.0,3.6875,36.95205,742.0
2026-07-15 14:11:00,763.5,3.4625000000000004,36.8022,738.5
2026-07-15 14:12:00,760.5,3.95,36.60455,735.5
2026-07-15 14:13:00,892.0,2.75,36.59375,861.5
2026-07-15 14:14:00,883.0,4.025,36.64665,853.5
2026-07-15 14:15:00,705.0,3.6500000000000004,36.88935,684.5
2026-07-15 14:16:00,883.0,4.1375,36.84805,853.0
2026-07-15 14:17:00,880.5,4.85,36.834,851.0
2026-07-15 14:18:00,883.0,3.725,36.614450000000005,852.5
2026-07-15 14:19:00,884.0,4.1,36.8697,853.0
2026-07-15 14:20:00,895.0,3.5374999999999996,37.051,863.5
2026-07-15 14:21:00,883.0,4.625,37.07515,852.0
2026-07-15 14:22:00,882.5,4.85,36.8486,851.5
2026-07-15 14:23:00,878.5,3.7625,36.960750000000004,848.0
2026-07-15 14:24:00,881.5,3.9875,36.9193,851.0
2026-07-15 14:25:00,879.5,3.575,36.556,849.5
2026-07-15 14:26:00,878.0,4.3625,36.53415,848.5
2026-07-15 14:27:00,700.5,4.7,36.852000000000004,682.5
2026-07-15 14:28:00,867.0,4.25,36.83595,838.0
2026-07-15 14:29:00,869.5,4.0625,36.924800000000005,840.5
2026-07-15 14:30:00,869.0,3.0875,37.1651,840.0
2026-07-15 14:31:00,865.0,5.45,37.33735,836.5
2026-07-15 14:32:00,865.0,3.95,36.76115,836.5
2026-07-15 14:33:00,864.0,3.275,36.7618,836.0
2026-07-15 14:34:00,863.5,3.65,36.953649999999996,836.0
2026-07-15 14:35:00,862.0,3.575,37.074799999999996,834.5
2026-07-15 14:36:00,857.0,3.9125,37.1158,830.0
2026-07-15 14:37:00,844.5,4.550000000000001,37.27785,817.5
2026-07-15 14:38:00,845.0,3.8375000000000004,37.44945,819.0
2026-07-15 14:39:00,845.5,4.775,37.416399999999996,819.0
2026-07-15 14:40:00,854.0,4.7,37.39165,827.5
2026-07-15 14:41:00,850.5,3.8000000000000003,37.39225,823.5
2026-07-15 14:42:00,848.5,3.5,37.34885,821.5
2026-07-15 14:43:00,841.0,2.6375,37.1983,814.5
2026-07-15 14:44:00,840.5,3.425,37.421850000000006,814.0
2026-07-15 14:45:00,839.0,3.9875000000000003,37.443799999999996,812.5
2026-07-15 14:46:00,837.5,2.3375,37.28315,812.0
2026-07-15 14:47:00,838.0,2.825,37.3039,812.5
2026-07-15 14:48:00,829.5,3.05,37.31675,804.5
2026-07-15 14:49:00,833.5,2.4875,37.31645,808.5
2026-07-15 14:50:00,835.5,4.175,37.4387,810.0
2026-07-15 14:51:00,836.5,3.875,37.5901,811.0
2026-07-15 14:52:00,830.0,4.2875,37.53615,804.5
2026-07-15 14:53:00,820.5,3.4625,37.3848,794.5
2026-07-15 14:54:00,819.5,3.05,37.72185,793.5
2026-07-15 14:55:00,819.0,3.5,37.7362,792.5
2026-07-15 14:56:00,796.0,3.3875,37.652100000000004,770.5
2026-07-15 14:57:00,697.0,4.325,37.51475,679.0
2026-07-15 14:58:00,821.5,4.2875,37.4681,795.0
2026-07-15 14:59:00,818.0,5.824999999999999,37.456450000000004,792.5
2026-07-15 15:00:00,819.0,4.2125,37.444050000000004,792.5
2026-07-15 15:01:00,811.5,3.2375,37.3428,784.5
2026-07-15 15:02:00,804.5,4.925000000000001,37.609449999999995,778.0
2026-07-15 15:03:00,804.0,4.5125,37.569050000000004,778.0
2026-07-15 15:04:00,802.5,3.3875,37.147000000000006,776.5
2026-07-15 15:05:00,795.0,3.2375,37.091049999999996,769.5
2026-07-15 15:06:00,798.0,3.875,37.18545,772.5
2026-07-15 15:07:00,789.0,4.325,37.23755,764.0
2026-07-15 15:08:00,791.0,3.725,37.80715,767.0
2026-07-15 15:09:00,793.0,5.0375,37.733850000000004,768.5
2026-07-15 15:10:00,789.5,3.8000000000000003,37.26675,765.5
2026-07-15 15:11:00,788.0,4.9625,37.1931,763.0
2026-07-15 15:12:00,785.5,4.775,37.22495,759.5
2026-07-15 15:13:00,785.0,2.225,37.033,759.0
2026-07-15 15:14:00,782.5,3.05,36.922700000000006,757.0
2026-07-15 15:15:00,779.0,3.5375,37.13235,753.5
2026-07-15 15:16:00,780.0,2.9375,37.21885,754.5
2026-07-15 15:17:00,768.0,3.575,37.13355,742.5
2026-07-15 15:18:00,762.0,4.0625,37.23025,736.5
2026-07-15 15:19:00,759.5,4.25,37.365449999999996,734.0
2026-07-15 15:20:00,762.5,3.95,37.3562,737.0
2026-07-15 15:21:00,757.5,3.275,37.28025,732.0
2026-07-15 15:22:00,756.5,3.875,37.2458,730.0
2026-07-15 15:23:00,745.0,3.35,37.27265,719.0
2026-07-15 15:24:00,747.5,4.325,37.34695,722.0
2026-07-15 15:25:00,752.0,4.25,37.53315,724.5
2026-07-15 15:26:00,744.0,3.6125,37.5922,717.5
2026-07-15 15:27:00,739.0,4.5125,37.55045,713.0
2026-07-15 15:28:00,738.5,5.0375,37.3781,712.5
2026-07-15 15:29:00,729.5,3.9125,37.19005,703.0
2026-07-15 15:30:00,729.5,3.8,37.1706,703.0
2026-07-15 15:31:00,728.5,4.4,37.30885,702.5
2026-07-15 15:32:00,726.5,2.825,37.41715,700.5
2026-07-15 15:33:00,717.5,4.5875,37.5578,690.0
2026-07-15 15:34:00,714.5,3.1624999999999996,37.40205,687.0
2026-07-15 15:35:00,714.0,3.575,37.45165,685.5
2026-07-15 15:36:00,711.5,3.2,37.391549999999995,683.0
2026-07-15 15:37:00,708.5,4.2125,37.5113,680.5
2026-07-15 15:38:00,708.5,3.275,37.55485,680.5
2026-07-15 15:39:00,705.5,3.2375000000000003,37.56465,676.5
2026-07-15 15:40:00,699.0,4.2125,37.58015,670.5
2026-07-15 15:41:00,689.5,4.55,37.74325,661.0
2026-07-15 15:42:00,684.5,4.5875,37.85685,656.0
2026-07-15 15:43:00,687.5,4.4,37.925799999999995,658.0
2026-07-15 15:44:00,688.5,3.9125,37.8296,658.5
2026-07-15 15:45:00,688.5,3.0125,37.6652,657.5
2026-07-15 15:46:00,683.5,3.425,37.92255,653.0
2026-07-15 15:47:00,674.5,3.4625000000000004,37.89165,642.0
2026-07-15 15:48:00,674.5,3.425,37.66225,640.5
2026-07-15 15:49:00,673.0,3.05,37.527699999999996,634.5
2026-07-15 15:50:00,671.5,4.625,37.8163,630.0
2026-07-15 15:51:00,669.5,3.2,37.7147,619.5
2026-07-15 15:52:00,668.0,4.5125,37.8707,615.0
2026-07-15 15:53:00,658.5,3.6500000000000004,37.8936,595.5
2026-07-15 15:54:00,656.5,4.699999999999999,37.84,588.0
2026-07-15 15:55:00,651.0,3.8000000000000003,37.58825,567.0
2026-07-15 15:56:00,649.5,3.5,37.4054,557.0
2026-07-15 15:57:00,650.0,3.5,37.4552,559.0
2026-07-15 15:58:00,645.5,3.5,37.519,555.0
2026-07-15 15:59:00,641.5,3.3875,37.59365,550.5
2026-07-15 16:00:00,628.0,3.2750000000000004,37.7594,537.5
2026-07-15 16:01:00,638.0,4.1,37.7889,547.0
2026-07-15 16:02:00,620.0,5.75,37.85724999999999,530.0
2026-07-15 16:03:00,499.0,3.7625,38.1048,455.5
2026-07-15 16:04:00,507.0,4.6625,37.9371,462.5
2026-07-15 16:05:00,618.5,4.6625,37.78375,482.5
2026-07-15 16:06:00,615.0,3.9124999999999996,37.7119,479.0
2026-07-15 16:07:00,616.0,4.2875,37.790800000000004,480.5
2026-07-15 16:08:00,610.0,3.6875,37.658699999999996,491.0
2026-07-15 16:09:00,610.0,4.55,37.91545,491.0
2026-07-15 16:10:00,609.5,4.2875,37.90975,506.5
2026-07-15 16:11:00,602.5,3.275,38.00255,517.0
2026-07-15 16:12:00,594.5,3.5375,38.06075,520.0
2026-07-15 16:13:00,587.0,3.6125,37.981750000000005,523.0
2026-07-15 16:14:00,572.0,3.875,38.00155,521.5
2026-07-15 16:15:00,552.5,3.8375,37.98625,515.5
2026-07-15 16:16:00,519.5,3.8000000000000003,37.74725,527.0
2026-07-15 16:17:00,502.5,2.975,37.825599999999994,532.5
2026-07-15 16:18:00,492.5,3.9125,37.90715,531.0
2026-07-15 16:19:00,485.5,3.0875000000000004,37.746449999999996,528.0
2026-07-15 16:20:00,481.0,3.5,37.729150000000004,532.0
2026-07-15 16:21:00,484.0,4.175,37.813900000000004,532.5
2026-07-15 16:22:00,489.5,3.875,38.09925,530.5
2026-07-15 16:23:00,498.0,3.1625,38.1691,527.5
2026-07-15 16:24:00,505.0,3.1625,37.91945,524.5
2026-07-15 16:25:00,514.5,3.95,37.96105,525.0
2026-07-15 16:26:00,521.5,3.875,38.0457,518.5
2026-07-15 16:27:00,528.5,3.65,37.87055,515.5
2026-07-15 16:28:00,516.0,3.4625,37.8592,494.0
2026-07-15 16:29:00,519.0,3.5,37.7708,495.0
2026-07-15 16:30:00,538.0,3.7625,37.81085,509.5
2026-07-15 16:31:00,544.0,3.6875,37.69625,511.0
2026-07-15 16:32:00,547.0,2.75,37.66135,512.0
2026-07-15 16:33:00,542.5,2.375,37.8345,507.5
2026-07-15 16:34:00,529.0,3.3874999999999997,37.97125,492.5
2026-07-15 16:35:00,521.0,2.1125,38.01135,485.0
2026-07-15 16:36:00,511.5,3.6875,38.069,476.0
2026-07-15 16:37:00,502.0,2.5625,38.073049999999995,467.0
2026-07-15 16:38:00,507.0,4.8875,38.386399999999995,471.0
2026-07-15 16:39:00,506.0,4.6625,38.163399999999996,469.5
2026-07-15 16:40:00,503.0,4.85,38.06205,466.5
2026-07-15 16:41:00,503.0,4.8875,38.018249999999995,466.0
2026-07-15 16:42:00,498.5,4.1375,38.1066,461.5
2026-07-15 16:43:00,495.0,3.4625,38.11635,458.0
2026-07-15 16:44:00,485.5,4.5875,38.1721,449.5
2026-07-15 16:45:00,486.5,2.825,38.042500000000004,449.0
2026-07-15 16:46:00,485.5,1.925,38.01955,449.0
2026-07-15 16:47:00,482.5,3.6500000000000004,37.9401,445.5
2026-07-15 16:48:00,476.5,4.4375,37.741249999999994,439.5
2026-07-15 16:49:00,472.5,4.25,37.538,435.0
2026-07-15 16:50:00,468.0,3.65,37.5243,430.5
2026-07-15 16:51:00,465.5,3.9125,37.519549999999995,428.0
2026-07-15 16:52:00,465.5,4.550000000000001,37.74115,426.5
2026-07-15 16:53:00,464.5,4.4,37.724199999999996,425.5
2026-07-15 16:54:00,460.5,2.9,37.6997,421.0
2026-07-15 16:55:00,455.5,3.2750000000000004,37.83535,415.0
2026-07-15 16:56:00,422.0,3.2,38.013149999999996,385.0
2026-07-15 16:57:00,418.0,3.0875000000000004,38.1235,382.0
2026-07-15 16:58:00,411.0,3.875,38.179500000000004,375.5
2026-07-15 16:59:00,432.0,3.4625,38.109849999999994,393.5
2026-07-15 17:00:00,437.0,3.2,37.8341,397.0
2026-07-15 17:01:00,436.0,4.3625,37.692949999999996,395.5
2026-07-15 17:02:00,433.0,3.5,37.62225,393.0
2026-07-15 17:03:00,430.5,3.8,37.64705,390.5
2026-07-15 17:04:00,428.0,3.2375,37.63725,388.0
2026-07-15 17:05:00,427.5,3.2,37.70740000000001,387.0
2026-07-15 17:06:00,426.5,3.65,37.784949999999995,383.5
2026-07-15 17:07:00,420.5,4.7,37.822,377.0
2026-07-15 17:08:00,414.0,4.925,37.689750000000004,369.0
2026-07-15 17:09:00,409.0,3.1625,37.630300000000005,362.5
2026-07-15 17:10:00,395.5,3.9124999999999996,37.86255,347.5
2026-07-15 17:11:00,396.5,4.0625,38.1031,344.5
2026-07-15 17:12:00,394.0,5.1125,37.9824,339.5
2026-07-15 17:13:00,393.5,4.8125,37.73505,333.0
2026-07-15 17:14:00,389.5,4.8875,37.6906,327.0
2026-07-15 17:15:00,387.0,4.7,37.6717,322.0
2026-07-15 17:16:00,368.0,4.3625,37.485150000000004,302.0
2026-07-15 17:17:00,367.5,3.125,37.33075,298.5
2026-07-15 17:18:00,377.5,2.3375,37.4597,302.0
2026-07-15 17:19:00,373.5,3.6125,37.60915,296.5
2026-07-15 17:20:00,363.0,5.525,37.60275,284.5
2026-07-15 17:21:00,360.5,4.737500000000001,37.484849999999994,281.0
2026-07-15 17:22:00,357.5,3.9875,37.3531,276.0
2026-07-15 17:23:00,353.0,4.025,37.441199999999995,272.0
2026-07-15 17:24:00,262.5,4.175000000000001,37.4431,235.5
2026-07-15 17:25:00,202.5,2.675,37.405550000000005,184.5
2026-07-15 17:26:00,259.0,3.3125,37.41905,199.0
2026-07-15 17:27:00,300.0,2.7125,37.5101,230.0
2026-07-15 17:28:00,342.5,3.0875,37.51885,260.0
2026-07-15 17:29:00,342.0,2.75,37.606449999999995,257.0
2026-07-15 17:30:00,335.5,3.4625,37.6429,253.5
2026-07-15 17:31:00,329.0,2.7875,37.4675,250.0
2026-07-15 17:32:00,302.5,2.9375,37.4889,244.5
2026-07-15 17:33:00,277.0,3.8375,37.5139,243.0
2026-07-15 17:34:00,203.0,3.725,37.4685,182.5
2026-07-15 17:35:00,245.5,4.2875,37.5596,185.0
2026-07-15 17:36:00,302.0,4.8125,37.5098,226.5
2026-07-15 17:37:00,297.5,4.1375,37.39255,225.0
2026-07-15 17:38:00,288.0,4.4,37.3939,222.0
2026-07-15 17:39:00,251.0,3.9875,37.45685,219.0
2026-07-15 17:40:00,283.0,3.275,37.51475,219.5
2026-07-15 17:41:00,294.5,3.8,37.611149999999995,221.0
2026-07-15 17:42:00,286.0,2.9749999999999996,37.477850000000004,219.0
2026-07-15 17:43:00,277.0,4.925,37.4336,216.5
2026-07-15 17:44:00,264.0,3.35,37.235150000000004,197.0
2026-07-15 17:45:00,275.5,3.2750000000000004,37.19955,205.5
2026-07-15 17:46:00,275.5,4.5125,37.279399999999995,205.0
2026-07-15 17:47:00,274.5,4.25,37.283100000000005,204.5
2026-07-15 17:48:00,272.5,3.5375,37.212450000000004,204.0
2026-07-15 17:49:00,268.0,3.575,37.260999999999996,203.0
2026-07-15 17:50:00,257.0,3.725,37.283500000000004,202.0
2026-07-15 17:51:00,236.0,3.7625,37.25095,179.0
2026-07-15 17:52:00,256.0,3.5749999999999997,37.185050000000004,196.0
2026-07-15 17:53:00,254.5,3.3125,37.219049999999996,198.0
2026-07-15 17:54:00,254.0,2.7875,37.235299999999995,202.5
2026-07-15 17:55:00,253.0,2.9375,37.2954,205.5
2026-07-15 17:56:00,244.5,4.0625,37.223150000000004,200.0
2026-07-15 17:57:00,236.5,3.0875,37.15455,195.0
2026-07-15 17:58:00,205.0,2.2625,37.39595,171.0
2026-07-15 17:59:00,229.0,2.7875,37.447599999999994,186.5
2026-07-15 18:00:00,229.0,3.6875,37.5901,185.0
2026-07-15 18:01:00,227.0,4.2875,37.6109,182.5
2026-07-15 18:02:00,223.0,3.65,37.4243,178.5
2026-07-15 18:03:00,220.5,3.4625,37.358900000000006,176.5
2026-07-15 18:04:00,218.0,3.8375,37.366550000000004,175.0
2026-07-15 18:05:00,210.0,3.65,37.224549999999994,167.5
2026-07-15 18:06:00,208.5,4.362500000000001,37.25945,166.5
2026-07-15 18:07:00,207.5,3.4625,37.280100000000004,166.0
2026-07-15 18:08:00,206.5,3.5375,37.286,165.5
2026-07-15 18:09:00,205.0,3.1625,37.237700000000004,165.0
2026-07-15 18:10:00,202.0,3.35,37.253150000000005,164.5
2026-07-15 18:11:00,195.0,4.325,37.2047,159.0
2026-07-15 18:12:00,194.0,3.425,37.1198,159.0
2026-07-15 18:13:00,193.0,4.025,37.150549999999996,159.0
2026-07-15 18:14:00,192.5,4.925,37.10235,159.0
2026-07-15 18:15:00,187.5,3.1625,37.0554,155.5
2026-07-15 18:16:00,184.0,2.7125,37.03135,152.0
2026-07-15 18:17:00,179.0,4.175,37.01545,148.5
2026-07-15 18:18:00,177.0,3.2375,37.1395,147.0
2026-07-15 18:19:00,175.5,3.8375,37.2167,145.5
2026-07-15 18:20:00,173.0,4.025,37.171049999999994,143.5
2026-07-15 18:21:00,171.0,3.65,37.09165,142.0
2026-07-15 18:22:00,168.5,3.875,37.0822,140.0
2026-07-15 18:23:00,166.5,3.65,37.06295,138.5
2026-07-15 18:24:00,164.5,2.7874999999999996,37.0758,137.0
2026-07-15 18:25:00,145.5,3.0875000000000004,36.99695,118.5
2026-07-15 18:26:00,145.0,2.675,36.924949999999995,117.5
2026-07-15 18:27:00,143.5,2.1875,36.888149999999996,116.5
2026-07-15 18:28:00,142.5,2.45,36.91245,115.5
2026-07-15 18:29:00,130.5,3.0875,36.90235,111.5
2026-07-15 18:30:00,125.0,2.9,36.92215,108.5
2026-07-15 18:31:00,116.0,2.9375,36.96855,102.0
2026-07-15 18:32:00,113.5,3.7625,36.8853,101.0
2026-07-15 18:33:00,120.5,4.0625,36.8113,104.5
2026-07-15 18:34:00,120.0,3.5,36.78875,104.0
2026-07-15 18:35:00,118.5,3.575,36.8196,103.0
2026-07-15 18:36:00,117.0,3.2,36.8378,101.5
2026-07-15 18:37:00,115.0,3.3499999999999996,36.7599,100.0
2026-07-15 18:38:00,113.5,3.9875,36.763999999999996,99.0
2026-07-15 18:39:00,110.5,3.2,36.64175,93.0
2026-07-15 18:40:00,109.0,3.575,36.61035,91.5
2026-07-15 18:41:00,101.5,3.4250000000000003,36.703,87.0
2026-07-15 18:42:00,100.0,3.4625,36.7489,86.0
2026-07-15 18:43:00,98.0,3.6875,36.72685,83.0
2026-07-15 18:44:00,96.5,3.1624999999999996,36.713350000000005,81.5
2026-07-15 18:45:00,96.0,4.55,36.689800000000005,81.0
2026-07-15 18:46:00,94.5,2.7875,36.61335,80.0
2026-07-15 18:47:00,90.5,3.3499999999999996,36.60025,77.0
2026-07-15 18:48:00,89.0,3.6875,36.6744,75.5
2026-07-15 18:49:00,88.0,4.1,36.63735,74.5
2026-07-15 18:50:00,86.0,4.1,36.5725,73.0
2026-07-15 18:51:00,79.5,3.65,36.4764,68.5
2026-07-15 18:52:00,77.5,3.35,36.44195,67.0
2026-07-15 18:53:00,75.0,3.3875,36.4561,64.5
2026-07-15 18:54:00,74.0,3.6875,36.4571,64.0
2026-07-15 18:55:00,70.0,2.5999999999999996,36.416,60.5
2026-07-15 18:56:00,68.5,2.9375,36.4294,59.5
2026-07-15 18:57:00,65.0,2.9000000000000004,36.4266,56.5
2026-07-15 18:58:00,63.5,2.75,36.427350000000004,55.5
2026-07-15 18:59:00,59.0,3.8,36.43955,52.0
2026-07-15 19:00:00,57.5,2.7125000000000004,36.441,51.0
2026-07-15 19:01:00,55.0,3.5374999999999996,36.38395,48.5
2026-07-15 19:02:00,53.5,3.1624999999999996,36.3762,47.0
2026-07-15 19:03:00,51.5,4.0625,36.3281,45.5
2026-07-15 19:04:00,50.5,3.5,36.2866,45.0
2026-07-15 19:05:00,48.5,3.2750000000000004,36.14515,43.0
2026-07-15 19:06:00,47.5,3.05,36.10165,42.0
2026-07-15 19:07:00,45.0,3.0125,36.12845,40.5
2026-07-15 19:08:00,44.5,3.0125,36.12705,40.0
2026-07-15 19:09:00,41.5,3.3499999999999996,36.113,37.5
2026-07-15 19:10:00,40.5,3.575,36.129949999999994,36.0
2026-07-15 19:11:00,39.5,3.5,36.12545,35.5
2026-07-15 19:12:00,38.5,3.05,36.108999999999995,34.5
2026-07-15 19:13:00,38.0,3.425,36.098699999999994,34.0
2026-07-15 19:14:00,36.5,2.5625,36.09565,33.0
2026-07-15 19:15:00,36.0,2.3375,36.11865,32.5
2026-07-15 19:16:00,35.0,2.75,36.14565,31.5
2026-07-15 19:17:00,34.0,2.825,36.109399999999994,31.0
2026-07-15 19:18:00,33.5,3.2,36.08405,30.5
2026-07-15 19:19:00,26.0,2.4875,35.99005,23.5
2026-07-15 19:20:00,25.0,3.8375,36.016850000000005,23.0
2026-07-15 19:21:00,24.5,2.6,35.9881,22.5
2026-07-15 19:22:00,24.0,2.9,35.95695,22.0
2026-07-15 19:23:00,20.5,2.2625,35.9299,19.0
2026-07-15 19:24:00,19.0,2.825,35.8949,18.0
2026-07-15 19:25:00,18.5,2.8625,35.890299999999996,17.0
2026-07-15 19:26:00,18.0,3.65,35.8893,16.5
2026-07-15 19:27:00,15.5,2.9375,35.87435,14.0
2026-07-15 19:28:00,14.5,3.3499999999999996,35.8463,13.5
2026-07-15 19:29:00,14.0,3.3499999999999996,35.83255,13.0
2026-07-15 19:30:00,13.5,3.0125,35.8163,12.5
2026-07-15 19:31:00,13.0,2.9375,35.8489,12.0
2026-07-15 19:32:00,10.0,3.3499999999999996,35.85805,9.5
2026-07-15 19:33:00,8.5,2.8625,35.80475,8.0
2026-07-15 19:34:00,8.0,2.9375,35.7842,7.5
2026-07-15 19:35:00,7.0,2.75,35.783950000000004,7.0
2026-07-15 19:36:00,6.0,2.9749999999999996,35.787000000000006,6.0
2026-07-15 19:37:00,5.0,2.8625,35.75495,5.0
2026-07-15 19:38:00,4.0,2.2625,35.7298,4.5
2026-07-15 19:39:00,4.0,2.6,35.706649999999996,4.0
2026-07-15 19:40:00,3.0,2.5999999999999996,35.72965000000001,3.0
2026-07-15 19:41:00,2.0,2.5625,35.7424,2.0
2026-07-15 19:42:00,1.5,2.5999999999999996,35.69855,2.0
2026-07-15 19:43:00,1.0,2.075,35.69945,1.5
2026-07-15 19:44:00,0.5,3.3499999999999996,35.64465,1.0
2026-07-15 19:45:00,0.5,3.0875,35.6616,0.5
2026-07-15 19:46:00,0.0,2.525,35.627449999999996,0.0
2026-07-15 19:47:00,0.0,2.375,35.614149999999995,0.0
2026-07-15 19:48:00,0.0,1.9625,35.59455,0.0
2026-07-15 19:49:00,0.0,2.675,35.579499999999996,0.0
2026-07-15 19:50:00,0.0,2.7874999999999996,35.60225,0.0
2026-07-15 19:51:00,0.0,2.75,35.6027,0.0
2026-07-15 19:52:00,0.0,2.7125,35.561949999999996,0.0
2026-07-15 19:53:00,0.0,2.1875,35.53575,0.0
2026-07-15 19:54:00,0.0,3.1625,35.5295,0.0
2026-07-15 19:55:00,0.0,2.9375,35.5402,0.0
2026-07-15 19:56:00,0.0,3.1625,35.5426,0.0
2026-07-15 19:57:00,0.0,2.6375,35.524100000000004,0.0
2026-07-15 19:58:00,0.0,3.05,35.508750000000006,0.0
2026-07-15 19:59:00,0.0,3.1625,35.5264,0.0
2026-07-15 20:00:00,0.0,2.7125000000000004,35.49735,0.0
2026-07-15 20:01:00,0.0,2.825,35.481700000000004,0.0
2026-07-15 20:02:00,0.0,2.9375,35.45545,0.0
2026-07-15 20:03:00,0.0,3.05,35.45325,0.0
2026-07-15 20:04:00,0.0,3.3875,35.433899999999994,0.0
2026-07-15 20:05:00,0.0,2.675,35.4328,0.0
2026-07-15 20:06:00,0.0,2.9375,35.41915,0.0
2026-07-15 20:07:00,0.0,2.1875,35.41565,0.0
2026-07-15 20:08:00,0.0,2.45,35.396699999999996,0.0
2026-07-15 20:09:00,0.0,2.4125,35.37585,0.0
2026-07-15 20:10:00,0.0,2.6,35.37735,0.0
2026-07-15 20:11:00,0.0,2.7125,35.374449999999996,0.0
2026-07-15 20:12:00,0.0,2.075,35.34945,0.0
2026-07-15 20:13:00,0.0,2.4125,35.3176,0.0
2026-07-15 20:14:00,0.0,2.5999999999999996,35.29015,0.0
2026-07-15 20:15:00,0.0,2.45,35.322649999999996,0.0
2026-07-15 20:16:00,0.0,1.9625,35.31185,0.0
2026-07-15 20:17:00,0.0,1.7375,35.2799,0.0
2026-07-15 20:18:00,0.0,1.9625,35.27875,0.0
2026-07-15 20:19:00,0.0,1.7000000000000002,35.28295,0.0
2026-07-15 20:20:00,0.0,1.85,35.27485,0.0
2026-07-15 20:21:00,0.0,1.8875000000000002,35.2802,0.0
2026-07-15 20:22:00,0.0,1.9625,35.2152,0.0
2026-07-15 20:23:00,0.0,1.6625,35.195350000000005,0.0
2026-07-15 20:24:00,0.0,1.475,35.19785,0.0
2026-07-15 20:25:00,0.0,2.525,35.22565,0.0
2026-07-15 20:26:00,0.0,1.85,35.223749999999995,0.0
2026-07-15 20:27:00,0.0,2.0375,35.2048,0.0
2026-07-15 20:28:00,0.0,1.5875,35.1788,0.0
2026-07-15 20:29:00,0.0,1.625,35.16165,0.0
2026-07-15 20:30:00,0.0,2.1500000000000004,35.15035,0.0
2026-07-15 20:31:00,0.0,2.5250000000000004,35.147949999999994,0.0
2026-07-15 20:32:00,0.0,2.9000000000000004,35.13605,0.0
2026-07-15 20:33:00,0.0,2.375,35.13885,0.0
2026-07-15 20:34:00,0.0,2.9749999999999996,35.1148,0.0
2026-07-15 20:35:00,0.0,2.5999999999999996,35.08125,0.0
2026-07-15 20:36:00,0.0,2.6375,35.08685,0.0
2026-07-15 20:37:00,0.0,2.5625,35.07145,0.0
2026-07-15 20:38:00,0.0,2.7875,35.05555,0.0
2026-07-15 20:39:00,0.0,2.9000000000000004,35.057050000000004,0.0
2026-07-15 20:40:00,0.0,2.7875,35.0227,0.0
2026-07-15 20:41:00,0.0,2.45,35.03415,0.0
2026-07-15 20:42:00,0.0,2.6375,35.010000000000005,0.0
2026-07-15 20:43:00,0.0,2.0,34.9769,0.0
2026-07-15 20:44:00,0.0,1.9249999999999998,34.952799999999996,0.0
2026-07-15 20:45:00,0.0,1.6625,34.9431,0.0
2026-07-15 20:46:00,0.0,2.1875,34.925650000000005,0.0
2026-07-15 20:47:00,0.0,1.7000000000000002,34.93755,0.0
2026-07-15 20:48:00,0.0,2.2625,34.92895,0.0
2026-07-15 20:49:00,0.0,2.2625,34.904250000000005,0.0
2026-07-15 20:50:00,0.0,2.2249999999999996,34.9092,0.0
2026-07-15 20:51:00,0.0,2.75,34.8905,0.0
2026-07-15 20:52:00,0.0,2.3,34.8973,0.0
2026-07-15 20:53:00,0.0,3.125,34.8737,0.0
2026-07-15 20:54:00,0.0,2.675,34.88595,0.0
2026-07-15 20:55:00,0.0,2.525,34.861000000000004,0.0
2026-07-15 20:56:00,0.0,2.3,34.8356,0.0
2026-07-15 20:57:00,0.0,2.2249999999999996,34.82,0.0
2026-07-15 20:58:00,0.0,2.45,34.8317,0.0
2026-07-15 20:59:00,0.0,3.1624999999999996,34.81635,0.0
2026-07-15 21:00:00,0.0,3.1624999999999996,34.80295,0.0
2026-07-15 21:01:00,0.0,2.3,34.810100000000006,0.0
2026-07-15 21:02:00,0.0,2.3375,34.7958,0.0
2026-07-15 21:03:00,0.0,2.2625,34.7608,0.0
2026-07-15 21:04:00,0.0,2.6375,34.751000000000005,0.0
2026-07-15 21:05:00,0.0,2.675,34.754450000000006,0.0
2026-07-15 21:06:00,0.0,2.5625,34.746300000000005,0.0
2026-07-15 21:07:00,0.0,2.675,34.557649999999995,0.0
2026-07-15 21:08:00,0.0,2.375,34.5672,0.0
2026-07-15 21:09:00,0.0,2.7875,34.5496,0.0
2026-07-15 21:10:00,0.0,2.825,34.53245,0.0
2026-07-15 21:11:00,0.0,2.45,34.5267,0.0
2026-07-15 21:12:00,0.0,2.3,34.49379999999999,0.0
2026-07-15 21:13:00,0.0,3.0124999999999997,34.4771,0.0
2026-07-15 21:14:00,0.0,2.7125000000000004,34.453,0.0
2026-07-15 21:15:00,0.0,2.4124999999999996,34.4499,0.0
2026-07-15 21:16:00,0.0,2.15,34.43875,0.0
2026-07-15 21:17:00,0.0,2.3,34.41335,0.0
2026-07-15 21:18:00,0.0,2.6375,34.4157,0.0
2026-07-15 21:19:00,0.0,2.8625,34.39185,0.0
2026-07-15 21:20:00,0.0,2.7125,34.3952,0.0
2026-07-15 21:21:00,0.0,2.7125,34.38745,0.0
2026-07-15 21:22:00,0.0,2.825,34.3856,0.0
2026-07-15 21:23:00,0.0,3.05,34.33485,0.0
2026-07-15 21:24:00,0.0,2.6,34.3125,0.0
2026-07-15 21:25:00,0.0,2.1125,34.316500000000005,0.0
2026-07-15 21:26:00,0.0,2.4125,34.2769,0.0
2026-07-15 21:27:00,0.0,3.275,34.24415,0.0
2026-07-15 21:28:00,0.0,2.6,34.266949999999994,0.0
2026-07-15 21:29:00,0.0,3.2375,34.2466,0.0
2026-07-15 21:30:00,0.0,2.7875,34.24845,0.0
2026-07-15 21:31:00,0.0,3.0125,34.209,0.0
2026-07-15 21:32:00,0.0,2.9375,34.185249999999996,0.0
2026-07-15 21:33:00,0.0,2.8625,34.18470000000001,0.0
2026-07-15 21:34:00,0.0,2.7875,34.156000000000006,0.0
2026-07-15 21:35:00,0.0,2.6375,34.162850000000006,0.0
2026-07-15 21:36:00,0.0,2.6375,34.15615,0.0
2026-07-15 21:37:00,0.0,2.5625,34.148300000000006,0.0
2026-07-15 21:38:00,0.0,2.225,34.143600000000006,0.0
2026-07-15 21:39:00,0.0,2.45,34.136750000000006,0.0
2026-07-15 21:40:00,0.0,3.5,34.108850000000004,0.0
2026-07-15 21:41:00,0.0,3.0875,34.115300000000005,0.0
2026-07-15 21:42:00,0.0,2.5625,34.12025,0.0
2026-07-15 21:43:00,0.0,3.1625,34.04795,0.0
2026-07-15 21:44:00,0.0,2.7125,34.02275,0.0
2026-07-15 21:45:00,0.0,3.0875,34.03345,0.0
2026-07-15 21:46:00,0.0,2.5625,34.0309,0.0
2026-07-15 21:47:00,0.0,2.525,33.965500000000006,0.0
2026-07-15 21:48:00,0.0,3.2,33.95845,0.0
2026-07-15 21:49:00,0.0,2.6,33.9657,0.0
2026-07-15 21:50:00,0.0,2.5625,33.95195,0.0
2026-07-15 21:51:00,0.0,2.45,33.94525,0.0
2026-07-15 21:52:00,0.0,2.4875,33.927099999999996,0.0
2026-07-15 21:53:00,0.0,2.0375,33.87675,0.0
2026-07-15 21:54:00,0.0,2.525,33.83365,0.0
2026-07-15 21:55:00,0.0,2.6,33.8324,0.0
2026-07-15 21:56:00,0.0,2.5625,33.8291,0.0
2026-07-15 21:57:00,0.0,2.4875,33.83195,0.0
2026-07-15 21:58:00,0.0,2.375,33.78765,0.0
2026-07-15 21:59:00,0.0,2.3375,33.76765,0.0
2026-07-15 22:00:00,0.0,2.675,33.7692,0.0
2026-07-15 22:01:00,0.0,2.3,33.754850000000005,0.0
2026-07-15 22:02:00,0.0,2.5625,33.759150000000005,0.0
2026-07-15 22:03:00,0.0,2.2625,33.7418,0.0
2026-07-15 22:04:00,0.0,2.675,33.744,0.0
2026-07-15 22:05:00,0.0,2.675,33.713449999999995,0.0
2026-07-15 22:06:00,0.0,3.0875,33.684250000000006,0.0
2026-07-15 22:07:00,0.0,2.675,33.667249999999996,0.0
2026-07-15 22:08:00,0.0,3.0875000000000004,33.66395,0.0
2026-07-15 22:09:00,0.0,3.5,33.63445,0.0
2026-07-15 22:10:00,0.0,3.3125,33.64645,0.0
2026-07-15 22:11:00,0.0,3.3499999999999996,33.542,0.0
2026-07-15 22:12:00,0.0,4.0625,33.50235,0.0
2026-07-15 22:13:00,0.0,3.6875,33.44995,0.0
2026-07-15 22:14:00,0.0,3.2,33.442899999999995,0.0
2026-07-15 22:15:00,0.0,4.0625,33.41365,0.0
2026-07-15 22:16:00,0.0,2.7875,33.39765,0.0
2026-07-15 22:17:00,0.0,3.0125,33.40845,0.0
2026-07-15 22:18:00,0.0,2.5250000000000004,33.38525,0.0
2026-07-15 22:19:00,0.0,3.4625000000000004,33.3743,0.0
2026-07-15 22:20:00,0.0,4.0625,33.3544,0.0
2026-07-15 22:21:00,0.0,2.675,33.3609,0.0
2026-07-15 22:22:00,0.0,3.05,33.3307,0.0
2026-07-15 22:23:00,0.0,3.1624999999999996,33.34265,0.0
2026-07-15 22:24:00,0.0,3.2750000000000004,33.3103,0.0
2026-07-15 22:25:00,0.0,2.975,33.09375,0.0
2026-07-15 22:26:00,0.0,3.2375,33.079750000000004,0.0
2026-07-15 22:27:00,0.0,3.7249999999999996,33.0656,0.0
2026-07-15 22:28:00,0.0,3.5,33.0465,0.0
2026-07-15 22:29:00,0.0,3.5374999999999996,33.026650000000004,0.0
2026-07-15 22:30:00,0.0,3.125,33.0322,0.0
2026-07-15 22:31:00,0.0,2.9749999999999996,32.99,0.0
2026-07-15 22:32:00,0.0,3.05,32.99075,0.0
2026-07-15 22:33:00,0.0,2.675,32.99335,0.0
2026-07-15 22:34:00,0.0,3.7249999999999996,32.97735,0.0
2026-07-15 22:35:00,0.0,3.2,32.96115,0.0
2026-07-15 22:36:00,0.0,3.125,32.91375,0.0
2026-07-15 22:37:00,0.0,2.9749999999999996,32.9249,0.0
2026-07-15 22:38:00,0.0,2.9,32.89775,0.0
2026-07-15 22:39:00,0.0,3.3499999999999996,32.869550000000004,0.0
2026-07-15 22:40:00,0.0,3.3875,32.8731,0.0
2026-07-15 22:41:00,0.0,3.3499999999999996,32.8017,0.0
2026-07-15 22:42:00,0.0,3.3125,32.828,0.0
2026-07-15 22:43:00,0.0,3.05,32.79235,0.0
2026-07-15 22:44:00,0.0,2.525,32.7639,0.0
2026-07-15 22:45:00,0.0,2.5625,32.7676,0.0
2026-07-15 22:46:00,0.0,2.9000000000000004,32.73925,0.0
2026-07-15 22:47:00,0.0,2.7874999999999996,32.75985,0.0
2026-07-15 22:48:00,0.0,3.3125,32.73335,0.0
2026-07-15 22:49:00,0.0,3.5749999999999997,32.6953,0.0
2026-07-15 22:50:00,0.0,3.9875,32.71935,0.0
2026-07-15 22:51:00,0.0,3.5,32.705349999999996,0.0
2026-07-15 22:52:00,0.0,3.3874999999999997,32.6947,0.0
2026-07-15 22:53:00,0.0,3.0125,32.6838,0.0
2026-07-15 22:54:00,0.0,3.05,32.6632,0.0
2026-07-15 22:55:00,0.0,3.1624999999999996,32.64725,0.0
2026-07-15 22:56:00,0.0,2.9,32.55085,0.0
2026-07-15 22:57:00,0.0,3.0124999999999997,32.5647,0.0
2026-07-15 22:58:00,0.0,2.5625,32.56155,0.0
2026-07-15 22:59:00,0.0,2.3375,32.55475,0.0
2026-07-15 23:00:00,0.0,2.75,32.5313,0.0
2026-07-15 23:01:00,0.0,2.75,32.480000000000004,0.0
2026-07-15 23:02:00,0.0,2.2625,32.4674,0.0
2026-07-15 23:03:00,0.0,2.4124999999999996,32.4364,0.0
2026-07-15 23:04:00,0.0,3.2,32.442949999999996,0.0
2026-07-15 23:05:00,0.0,3.2750000000000004,32.417699999999996,0.0
2026-07-15 23:06:00,0.0,2.3,32.390100000000004,0.0
2026-07-15 23:07:00,0.0,3.0875,32.38425,0.0
2026-07-15 23:08:00,0.0,3.1624999999999996,32.37575,0.0
2026-07-15 23:09:00,0.0,3.3874999999999997,32.34780000000001,0.0
2026-07-15 23:10:00,0.0,3.65,32.353750000000005,0.0
2026-07-15 23:11:00,0.0,3.6875,32.3446,0.0
2026-07-15 23:12:00,0.0,3.4625,32.3539,0.0
2026-07-15 23:13:00,0.0,3.3125,32.346050000000005,0.0
2026-07-15 23:14:00,0.0,2.825,32.289699999999996,0.0
2026-07-15 23:15:00,0.0,2.7125000000000004,32.26705,0.0
2026-07-15 23:16:00,0.0,2.375,32.27535,0.0
2026-07-15 23:17:00,0.0,2.6375,32.25645,0.0
2026-07-15 23:18:00,0.0,3.05,32.2127,0.0
2026-07-15 23:19:00,0.0,3.0125,32.17765,0.0
2026-07-15 23:20:00,0.0,2.9375,32.2145,0.0
2026-07-15 23:21:00,0.0,3.4625000000000004,32.20815,0.0
2026-07-15 23:22:00,0.0,3.7624999999999997,32.1904,0.0
2026-07-15 23:23:00,0.0,3.2,32.18195,0.0
2026-07-15 23:24:00,0.0,3.275,32.1542,0.0
2026-07-15 23:25:00,0.0,3.1624999999999996,32.143299999999996,0.0
2026-07-15 23:26:00,0.0,3.575,32.124849999999995,0.0
2026-07-15 23:27:00,0.0,3.3125,32.11225,0.0
2026-07-15 23:28:00,0.0,3.425,32.11095,0.0
2026-07-15 23:29:00,0.0,3.05,32.08785,0.0
2026-07-15 23:30:00,0.0,2.7875,32.087900000000005,0.0
2026-07-15 23:31:00,0.0,2.9000000000000004,32.04025,0.0
2026-07-15 23:32:00,0.0,2.8625,32.00105,0.0
2026-07-15 23:33:00,0.0,3.5749999999999997,31.98645,0.0
2026-07-15 23:34:00,0.0,3.7249999999999996,31.9536,0.0
2026-07-15 23:35:00,0.0,2.825,31.926650000000002,0.0
2026-07-15 23:36:00,0.0,3.95,31.8352,0.0
2026-07-15 23:37:00,0.0,3.4250000000000003,31.823900000000002,0.0
2026-07-15 23:38:00,0.0,3.5,31.784799999999997,0.0
2026-07-15 23:39:00,0.0,4.1000000000000005,31.773,0.0
2026-07-15 23:40:00,0.0,3.6875,31.7451,0.0
2026-07-15 23:41:00,0.0,4.25,31.7168,0.0
2026-07-15 23:42:00,0.0,4.1375,31.7138,0.0
2026-07-15 23:43:00,0.0,4.1375,31.6772,0.0
2026-07-15 23:44:00,0.0,3.95,31.572200000000002,0.0
2026-07-15 23:45:00,0.0,4.2875,31.53575,0.0
2026-07-15 23:46:00,0.0,4.3625,31.478749999999998,0.0
2026-07-15 23:47:00,0.0,4.175,31.4595,0.0
2026-07-15 23:48:00,0.0,4.475,31.43305,0.0
2026-07-15 23:49:00,0.0,4.4375,31.3896,0.0
2026-07-15 23:50:00,0.0,4.925,31.3746,0.0
2026-07-15 23:51:00,0.0,5.1875,31.353949999999998,0.0
2026-07-15 23:52:00,0.0,4.362500000000001,31.2903,0.0
2026-07-15 23:53:00,0.0,4.4375,31.33495,0.0
2026-07-15 23:54:00,0.0,4.625,31.307450000000003,0.0
2026-07-15 23:55:00,0.0,3.5375,31.3059,0.0
2026-07-15 23:56:00,0.0,3.8,31.241799999999998,0.0
2026-07-15 23:57:00,0.0,3.6125,31.27065,0.0
2026-07-15 23:58:00,0.0,3.7624999999999997,31.24965,0.0
2026-07-15 23:59:00,0.0,3.8375,31.218400000000003,0.0
2026-07-16 00:00:00,0.0,4.5875,31.1906,0.0
2026-07-16 00:01:00,0.0,4.475,31.16365,0.0
2026-07-16 00:02:00,0.0,4.4375,31.1181,0.0
2026-07-16 00:03:00,0.0,4.4,31.080350000000003,0.0
2026-07-16 00:04:00,0.0,3.7249999999999996,31.05975,0.0
2026-07-16 00:05:00,0.0,4.7,31.0634,0.0
2026-07-16 00:06:00,0.0,4.3625,31.061300000000003,0.0
2026-07-16 00:07:00,0.0,3.8375000000000004,31.035600000000002,0.0
2026-07-16 00:08:00,0.0,4.3625,31.04495,0.0
2026-07-16 00:09:00,0.0,5.15,31.0372,0.0
2026-07-16 00:10:00,0.0,4.325,30.914749999999998,0.0
2026-07-16 00:11:00,0.0,3.725,30.88275,0.0
2026-07-16 00:12:00,0.0,4.3625,30.88665,0.0
2026-07-16 00:13:00,0.0,4.2125,30.8709,0.0
2026-07-16 00:14:00,0.0,3.9875000000000003,30.8214,0.0
2026-07-16 00:15:00,0.0,3.65,30.830849999999998,0.0
2026-07-16 00:16:00,0.0,3.275,30.79085,0.0
2026-07-16 00:17:00,0.0,4.4375,30.7673,0.0
2026-07-16 00:18:00,0.0,3.275,30.7586,0.0
2026-07-16 00:19:00,0.0,3.4625,30.7568,0.0
2026-07-16 00:20:00,0.0,3.05,30.70345,0.0
2026-07-16 00:21:00,0.0,3.4250000000000003,30.7103,0.0
2026-07-16 00:22:00,0.0,3.3499999999999996,30.6655,0.0
2026-07-16 00:23:00,0.0,3.5375,30.6498,0.0
2026-07-16 00:24:00,0.0,3.6875,30.6259,0.0
2026-07-16 00:25:00,0.0,3.9124999999999996,30.615299999999998,0.0
2026-07-16 00:26:00,0.0,3.875,30.6047,0.0
2026-07-16 00:27:00,0.0,4.2875,30.603650000000002,0.0
2026-07-16 00:28:00,0.0,4.4,30.590249999999997,0.0
2026-07-16 00:29:00,0.0,4.2875,30.5782,0.0
2026-07-16 00:30:00,0.0,4.4,30.510550000000002,0.0
2026-07-16 00:31:00,0.0,4.1375,30.5119,0.0
2026-07-16 00:32:00,0.0,3.575,30.47385,0.0
2026-07-16 00:33:00,0.0,3.2375,30.48145,0.0
2026-07-16 00:34:00,0.0,3.6500000000000004,30.471449999999997,0.0
2026-07-16 00:35:00,0.0,3.3125,30.465249999999997,0.0
2026-07-16 00:36:00,0.0,2.8625,30.4504,0.0
2026-07-16 00:37:00,0.0,2.9,30.40145,0.0
2026-07-16 00:38:00,0.0,3.6875,30.4003,0.0
2026-07-16 00:39:00,0.0,3.6125,30.38475,0.0
2026-07-16 00:40:00,0.0,3.35,30.37855,0.0
2026-07-16 00:41:00,0.0,3.5375,30.341250000000002,0.0
2026-07-16 00:42:00,0.0,3.5,30.33365,0.0
2026-07-16 00:43:00,0.0,3.65,30.3294,0.0
2026-07-16 00:44:00,0.0,4.1375,30.32635,0.0
2026-07-16 00:45:00,0.0,3.575,30.29475,0.0
2026-07-16 00:46:00,0.0,3.2375,30.31545,0.0
2026-07-16 00:47:00,0.0,3.275,30.3061,0.0
2026-07-16 00:48:00,0.0,3.2,30.2747,0.0
2026-07-16 00:49:00,0.0,2.9375,30.267249999999997,0.0
2026-07-16 00:50:00,0.0,3.0124999999999997,30.262549999999997,0.0
2026-07-16 00:51:00,0.0,2.5625,30.221,0.0
2026-07-16 00:52:00,0.0,2.6,30.2072,0.0
2026-07-16 00:53:00,0.0,2.7125,30.2061,0.0
2026-07-16 00:54:00,0.0,2.9375,30.205350000000003,0.0
2026-07-16 00:55:00,0.0,3.3875,30.20125,0.0
2026-07-16 00:56:00,0.0,3.3125,30.1844,0.0
2026-07-16 00:57:00,0.0,4.025,30.16005,0.0
2026-07-16 00:58:00,0.0,3.7249999999999996,30.154400000000003,0.0
2026-07-16 00:59:00,0.0,4.737500000000001,30.0721,0.0
2026-07-16 01:00:00,0.0,4.325,30.081200000000003,0.0
2026-07-16 01:01:00,0.0,3.95,30.06055,0.0
2026-07-16 01:02:00,0.0,3.8000000000000003,30.04475,0.0
2026-07-16 01:03:00,0.0,3.65,30.0318,0.0
2026-07-16 01:04:00,0.0,3.8000000000000003,30.0434,0.0
2026-07-16 01:05:00,0.0,4.925,29.988349999999997,0.0
2026-07-16 01:06:00,0.0,3.6875,29.948,0.0
2026-07-16 01:07:00,0.0,3.8375,29.959200000000003,0.0
2026-07-16 01:08:00,0.0,4.775,29.9405,0.0
2026-07-16 01:09:00,0.0,4.2125,29.91525,0.0
2026-07-16 01:10:00,0.0,2.9,29.90725,0.0
2026-07-16 01:11:00,0.0,3.65,29.88345,0.0
2026-07-16 01:12:00,0.0,3.05,29.88705,0.0
2026-07-16 01:13:00,0.0,3.3125,29.864800000000002,0.0
2026-07-16 01:14:00,0.0,3.6125,29.849,0.0
2026-07-16 01:15:00,0.0,3.6875,29.836199999999998,0.0
2026-07-16 01:16:00,0.0,3.425,29.84805,0.0
2026-07-16 01:17:00,0.0,3.6125,29.825499999999998,0.0
2026-07-16 01:18:00,0.0,3.8375,29.814349999999997,0.0
2026-07-16 01:19:00,0.0,3.125,29.791449999999998,0.0
2026-07-16 01:20:00,0.0,3.35,29.8052,0.0
2026-07-16 01:21:00,0.0,4.25,29.77205,0.0
2026-07-16 01:22:00,0.0,3.6125,29.72175,0.0
2026-07-16 01:23:00,0.0,2.75,29.733649999999997,0.0
2026-07-16 01:24:00,0.0,3.7625,29.73825,0.0
2026-07-16 01:25:00,0.0,3.5374999999999996,29.7335,0.0
2026-07-16 01:26:00,0.0,2.5625,29.708550000000002,0.0
2026-07-16 01:27:00,0.0,3.575,29.6686,0.0
2026-07-16 01:28:00,0.0,3.5375,29.68995,0.0
2026-07-16 01:29:00,0.0,2.6375,29.6592,0.0
2026-07-16 01:30:00,0.0,2.9749999999999996,29.68775,0.0
2026-07-16 01:31:00,0.0,2.45,29.65095,0.0
2026-07-16 01:32:00,0.0,2.675,29.6495,0.0
2026-07-16 01:33:00,0.0,2.975,29.656599999999997,0.0
2026-07-16 01:34:00,0.0,2.4125,29.642,0.0
2026-07-16 01:35:00,0.0,2.2625,29.611449999999998,0.0
2026-07-16 01:36:00,0.0,2.6,29.6049,0.0
2026-07-16 01:37:00,0.0,2.8625,29.6115,0.0
2026-07-16 01:38:00,0.0,2.6375,29.5764,0.0
2026-07-16 01:39:00,0.0,2.375,29.5978,0.0
2026-07-16 01:40:00,0.0,2.5625,29.5821,0.0
2026-07-16 01:41:00,0.0,2.375,29.560850000000002,0.0
2026-07-16 01:42:00,0.0,2.45,29.557850000000002,0.0
2026-07-16 01:43:00,0.0,2.9,29.5532,0.0
2026-07-16 01:44:00,0.0,2.5625,29.5054,0.0
2026-07-16 01:45:00,0.0,3.1625,29.52065,0.0
2026-07-16 01:46:00,0.0,2.7125,29.51995,0.0
2026-07-16 01:47:00,0.0,3.4625000000000004,29.4342,0.0
2026-07-16 01:48:00,0.0,3.3499999999999996,29.436799999999998,0.0
2026-07-16 01:49:00,0.0,3.125,29.39245,0.0
2026-07-16 01:50:00,0.0,3.5375,29.33765,0.0
2026-07-16 01:51:00,0.0,3.0125,29.32555,0.0
2026-07-16 01:52:00,0.0,4.4,29.30725,0.0
2026-07-16 01:53:00,0.0,3.4250000000000003,29.29305,0.0
2026-07-16 01:54:00,0.0,3.35,29.27065,0.0
2026-07-16 01:55:00,0.0,3.6875,29.256700000000002,0.0
2026-07-16 01:56:00,0.0,3.9875000000000003,29.220399999999998,0.0
2026-07-16 01:57:00,0.0,3.95,29.22375,0.0
2026-07-16 01:58:00,0.0,3.2750000000000004,29.2072,0.0
2026-07-16 01:59:00,0.0,3.5,29.2001,0.0
2026-07-16 02:00:00,0.0,3.0875,29.157049999999998,0.0
2026-07-16 02:01:00,0.0,3.2750000000000004,29.170299999999997,0.0
2026-07-16 02:02:00,0.0,3.0875000000000004,29.1493,0.0
2026-07-16 02:03:00,0.0,3.575,29.151699999999998,0.0
2026-07-16 02:04:00,0.0,3.0125,29.139699999999998,0.0
2026-07-16 02:05:00,0.0,2.975,29.106650000000002,0.0
2026-07-16 02:06:00,0.0,3.1999999999999997,29.09555,0.0
2026-07-16 02:07:00,0.0,4.4,29.112250000000003,0.0
2026-07-16 02:08:00,0.0,4.0625,29.09825,0.0
2026-07-16 02:09:00,0.0,3.3125,29.09615,0.0
2026-07-16 02:10:00,0.0,3.1624999999999996,29.0751,0.0
2026-07-16 02:11:00,0.0,3.5374999999999996,29.0865,0.0
2026-07-16 02:12:00,0.0,3.275,29.06825,0.0
2026-07-16 02:13:00,0.0,4.175000000000001,29.0572,0.0
2026-07-16 02:14:00,0.0,3.4250000000000003,29.01965,0.0
2026-07-16 02:15:00,0.0,3.65,29.029899999999998,0.0
2026-07-16 02:16:00,0.0,3.1999999999999997,28.9598,0.0
2026-07-16 02:17:00,0.0,3.8375,28.9448,0.0
2026-07-16 02:18:00,0.0,3.65,28.9577,0.0
2026-07-16 02:19:00,0.0,3.8,28.9341,0.0
2026-07-16 02:20:00,0.0,2.8625,28.92915,0.0
2026-07-16 02:21:00,0.0,3.425,28.880499999999998,0.0
2026-07-16 02:22:00,0.0,3.5,28.86945,0.0
2026-07-16 02:23:00,0.0,4.475,28.874450000000003,0.0
2026-07-16 02:24:00,0.0,3.6500000000000004,28.844700000000003,0.0
2026-07-16 02:25:00,0.0,3.3499999999999996,28.830849999999998,0.0
2026-07-16 02:26:00,0.0,3.9125,28.8142,0.0
2026-07-16 02:27:00,0.0,4.2875,28.79655,0.0
2026-07-16 02:28:00,0.0,5.0375,28.819499999999998,0.0
2026-07-16 02:29:00,0.0,3.9125,28.79155,0.0
2026-07-16 02:30:00,0.0,3.9124999999999996,28.778750000000002,0.0
2026-07-16 02:31:00,0.0,4.9625,28.7806,0.0
2026-07-16 02:32:00,0.0,4.7375,28.77355,0.0
2026-07-16 02:33:00,0.0,4.3625,28.7579,0.0
2026-07-16 02:34:00,0.0,4.775,28.7494,0.0
2026-07-16 02:35:00,0.0,4.7,28.73715,0.0
2026-07-16 02:36:00,0.0,4.5125,28.703850000000003,0.0
2026-07-16 02:37:00,0.0,2.825,28.69715,0.0
2026-07-16 02:38:00,0.0,3.575,28.69465,0.0
2026-07-16 02:39:00,0.0,4.0625,28.691650000000003,0.0
2026-07-16 02:40:00,0.0,4.1375,28.63185,0.0
2026-07-16 02:41:00,0.0,3.9499999999999997,28.652299999999997,0.0
2026-07-16 02:42:00,0.0,3.4625,28.641750000000002,0.0
2026-07-16 02:43:00,0.0,3.9125,28.6314,0.0
2026-07-16 02:44:00,0.0,4.625,28.613799999999998,0.0
2026-07-16 02:45:00,0.0,4.625,28.613799999999998,0.0
2026-07-16 02:46:00,0.0,3.1625,28.55695,0.0
2026-07-16 02:47:00,0.0,4.25,28.55675,0.0
2026-07-16 02:48:00,0.0,3.275,28.52635,0.0
2026-07-16 02:49:00,0.0,3.9499999999999997,28.558500000000002,0.0
2026-07-16 02:50:00,0.0,3.8,28.543349999999997,0.0
2026-07-16 02:51:00,0.0,3.4625000000000004,28.500549999999997,0.0
2026-07-16 02:52:00,0.0,3.4625000000000004,28.506549999999997,0.0
2026-07-16 02:53:00,0.0,3.05,28.52185,0.0
2026-07-16 02:54:00,0.0,3.05,28.4623,0.0
2026-07-16 02:55:00,0.0,4.0625,28.46725,0.0
2026-07-16 02:56:00,0.0,3.3125,28.454,0.0
2026-07-16 02:57:00,0.0,3.425,28.453,0.0
2026-07-16 02:58:00,0.0,4.0625,28.4178,0.0
2026-07-16 02:59:00,0.0,3.5,28.40025,0.0
2026-07-16 03:00:00,0.0,2.5625,28.3908,0.0
2026-07-16 03:01:00,0.0,2.975,28.3836,0.0
2026-07-16 03:02:00,0.0,4.25,28.396250000000002,0.0
2026-07-16 03:03:00,0.0,3.8,28.3779,0.0
2026-07-16 03:04:00,0.0,2.8625,28.3615,0.0
2026-07-16 03:05:00,0.0,3.1625,28.344549999999998,0.0
2026-07-16 03:06:00,0.0,4.137499999999999,28.3324,0.0
2026-07-16 03:07:00,0.0,3.0125,28.31245,0.0
2026-07-16 03:08:00,0.0,3.8,28.30265,0.0
2026-07-16 03:09:00,0.0,3.9124999999999996,28.29795,0.0
2026-07-16 03:10:00,0.0,3.9124999999999996,28.274050000000003,0.0
2026-07-16 03:11:00,0.0,2.6,28.264400000000002,0.0
2026-07-16 03:12:00,0.0,3.575,28.2476,0.0
2026-07-16 03:13:00,0.0,3.8375000000000004,28.2419,0.0
2026-07-16 03:14:00,0.0,3.2375000000000003,28.2173,0.0
2026-07-16 03:15:00,0.0,3.5375,28.22605,0.0
2026-07-16 03:16:00,0.0,3.2375,28.2262,0.0
2026-07-16 03:17:00,0.0,2.9,28.2069,0.0
2026-07-16 03:18:00,0.0,2.9,28.1799,0.0
2026-07-16 03:19:00,0.0,3.8,28.163400000000003,0.0
2026-07-16 03:20:00,0.0,3.35,28.1345,0.0
2026-07-16 03:21:00,0.0,3.5375,28.13355,0.0
2026-07-16 03:22:00,0.0,3.275,28.110349999999997,0.0
2026-07-16 03:23:00,0.0,2.375,28.1124,0.0
2026-07-16 03:24:00,0.0,3.275,28.092100000000002,0.0
2026-07-16 03:25:00,0.0,3.2375,28.0937,0.0
2026-07-16 03:26:00,0.0,3.3125,28.089100000000002,0.0
2026-07-16 03:27:00,0.0,3.3874999999999997,28.05005,0.0
2026-07-16 03:28:00,0.0,3.5749999999999997,28.0738,0.0
2026-07-16 03:29:00,0.0,2.9375,28.0425,0.0
2026-07-16 03:30:00,0.0,3.575,28.01845,0.0
2026-07-16 03:31:00,0.0,3.5,27.9949,0.0
2026-07-16 03:32:00,0.0,3.7625,27.9659,0.0
2026-07-16 03:33:00,0.0,3.3499999999999996,27.95225,0.0
2026-07-16 03:34:00,0.0,3.3874999999999997,27.9651,0.0
2026-07-16 03:35:00,0.0,3.125,27.9563,0.0
2026-07-16 03:36:00,0.0,2.975,27.9512,0.0
2026-07-16 03:37:00,0.0,2.975,27.924999999999997,0.0
2026-07-16 03:38:00,0.0,3.725,27.9226,0.0
2026-07-16 03:39:00,0.0,3.1624999999999996,27.899,0.0
2026-07-16 03:40:00,0.0,2.825,27.9045,0.0
2026-07-16 03:41:00,0.0,3.3875,27.8666,0.0
2026-07-16 03:42:00,0.0,3.125,27.87455,0.0
2026-07-16 03:43:00,0.0,3.2,27.867150000000002,0.0
2026-07-16 03:44:00,0.0,2.9749999999999996,27.8745,0.0
2026-07-16 03:45:00,0.0,3.575,27.870150000000002,0.0
2026-07-16 03:46:00,0.0,3.5375,27.8502,0.0
2026-07-16 03:47:00,0.0,3.2375,27.8244,0.0
2026-07-16 03:48:00,0.0,2.9749999999999996,27.829700000000003,0.0
2026-07-16 03:49:00,0.0,3.4625,27.81905,0.0
2026-07-16 03:50:00,0.0,3.6500000000000004,27.782400000000003,0.0
2026-07-16 03:51:00,0.0,2.9,27.78815,0.0
2026-07-16 03:52:00,0.0,3.05,27.7659,0.0
2026-07-16 03:53:00,0.0,2.75,27.78465,0.0
2026-07-16 03:54:00,0.0,3.1625,27.7808,0.0
2026-07-16 03:55:00,0.0,2.3,27.72805,0.0
2026-07-16 03:56:00,0.0,3.6125,27.704749999999997,0.0
2026-07-16 03:57:00,0.0,3.0125,27.704900000000002,0.0
2026-07-16 03:58:00,0.0,2.75,27.69745,0.0
2026-07-16 03:59:00,0.0,3.3499999999999996,27.681649999999998,0.0
2026-07-16 04:00:00,0.0,2.7125,27.6709,0.0
2026-07-16 04:01:00,0.0,2.45,27.688299999999998,0.0
2026-07-16 04:02:00,0.0,3.05,27.68725,0.0
2026-07-16 04:03:00,0.0,2.675,27.6693,0.0
2026-07-16 04:04:00,0.0,3.125,27.641,0.0
2026-07-16 04:05:00,0.0,3.0125,27.6265,0.0
2026-07-16 04:06:00,0.0,2.825,27.6229,0.0
2026-07-16 04:07:00,0.0,2.45,27.63335,0.0
2026-07-16 04:08:00,0.0,2.5250000000000004,27.624650000000003,0.0
2026-07-16 04:09:00,0.0,2.15,27.6093,0.0
2026-07-16 04:10:00,0.0,2.5625,27.6117,0.0
2026-07-16 04:11:00,0.0,2.375,27.5912,0.0
2026-07-16 04:12:00,0.0,2.6,27.60265,0.0
2026-07-16 04:13:00,0.0,2.3375,27.6053,0.0
2026-07-16 04:14:00,0.0,1.8875000000000002,27.5854,0.0
2026-07-16 04:15:00,0.0,2.3,27.570500000000003,0.0
2026-07-16 04:16:00,0.0,2.2625,27.56005,0.0
2026-07-16 04:17:00,0.0,2.75,27.542099999999998,0.0
2026-07-16 04:18:00,0.0,2.7875,27.5394,0.0
2026-07-16 04:19:00,0.0,2.5625,27.5268,0.0
2026-07-16 04:20:00,0.0,2.5250000000000004,27.514400000000002,0.0
2026-07-16 04:21:00,0.0,2.4125,27.53015,0.0
2026-07-16 04:22:00,0.0,2.3375000000000004,27.53095,0.0
2026-07-16 04:23:00,0.0,2.45,27.51295,0.0
2026-07-16 04:24:00,0.0,2.3,27.5062,0.0
2026-07-16 04:25:00,0.0,3.3125,27.4972,0.0
2026-07-16 04:26:00,0.0,2.9375,27.5063,0.0
2026-07-16 04:27:00,0.0,2.9000000000000004,27.49105,0.0
2026-07-16 04:28:00,0.0,3.2,27.47435,0.0
2026-07-16 04:29:00,0.0,3.2750000000000004,27.421599999999998,0.0
2026-07-16 04:30:00,0.0,2.825,27.40825,0.0
2026-07-16 04:31:00,0.0,2.3,27.37375,0.0
2026-07-16 04:32:00,0.0,2.225,27.39765,0.0
2026-07-16 04:33:00,0.0,2.7125,27.408549999999998,0.0
2026-07-16 04:34:00,0.0,2.6,27.393349999999998,0.0
2026-07-16 04:35:00,0.0,3.0125,27.3838,0.0
2026-07-16 04:36:00,0.0,2.15,27.37345,0.0
2026-07-16 04:37:00,0.0,2.1875,27.368000000000002,0.0
2026-07-16 04:38:00,0.0,2.4124999999999996,27.3285,0.0
2026-07-16 04:39:00,0.0,2.5999999999999996,27.33315,0.0
2026-07-16 04:40:00,0.0,2.1875,27.323700000000002,0.0
2026-07-16 04:41:00,0.0,2.45,27.30015,0.0
2026-07-16 04:42:00,0.0,2.7875,27.2905,0.0
2026-07-16 04:43:00,0.0,3.125,27.27565,0.0
2026-07-16 04:44:00,0.0,2.6375,27.26135,0.0
2026-07-16 04:45:00,0.0,2.4875,27.2563,0.0
2026-07-16 04:46:00,0.0,2.45,27.2397,0.0
2026-07-16 04:47:00,0.0,3.05,27.23055,0.0
2026-07-16 04:48:00,0.0,2.6375,27.20825,0.0
2026-07-16 04:49:00,0.0,3.05,27.2192,0.0
2026-07-16 04:50:00,0.0,3.2375,27.20485,0.0
2026-07-16 04:51:00,0.0,2.075,27.19145,0.0
2026-07-16 04:52:00,0.0,2.9749999999999996,27.1699,0.0
2026-07-16 04:53:00,0.0,2.6,27.171750000000003,0.0
2026-07-16 04:54:00,0.0,2.9000000000000004,27.17005,0.0
2026-07-16 04:55:00,0.0,3.1624999999999996,27.17825,0.0
2026-07-16 04:56:00,0.0,2.1125,27.1777,0.0
2026-07-16 04:57:00,0.0,2.375,27.17615,0.0
2026-07-16 04:58:00,0.0,2.7875,27.162999999999997,0.0
2026-07-16 04:59:00,0.0,3.05,27.075049999999997,0.0
2026-07-16 05:00:00,0.0,2.525,27.0917,0.0
2026-07-16 05:01:00,0.0,3.05,27.08475,0.0
2026-07-16 05:02:00,0.0,2.7125,27.102800000000002,0.0
2026-07-16 05:03:00,0.0,2.7125000000000004,27.07725,0.0
2026-07-16 05:04:00,0.0,2.2625,27.054299999999998,0.0
2026-07-16 05:05:00,0.0,2.2625,27.072200000000002,0.0
2026-07-16 05:06:00,0.0,2.4875,27.0604,0.0
2026-07-16 05:07:00,0.0,2.4125,27.0107,0.0
2026-07-16 05:08:00,0.0,2.525,27.0154,0.0
2026-07-16 05:09:00,0.0,2.3375,27.0,0.0
2026-07-16 05:10:00,0.0,2.75,26.99765,0.0
2026-07-16 05:11:00,0.0,2.6375,26.983249999999998,0.0
2026-07-16 05:12:00,0.0,2.825,26.98705,0.0
2026-07-16 05:13:00,0.0,2.6375,27.0181,0.0
2026-07-16 05:14:00,0.0,3.6125,26.9914,0.0
2026-07-16 05:15:00,0.0,3.2375,26.97955,0.0
2026-07-16 05:16:00,0.0,3.2750000000000004,26.964,0.0
2026-07-16 05:17:00,0.0,2.4875,26.954500000000003,0.0
2026-07-16 05:18:00,0.0,3.2,26.96385,0.0
2026-07-16 05:19:00,0.0,3.6125,26.959,0.0
2026-07-16 05:20:00,0.0,2.7875,26.9466,0.0
2026-07-16 05:21:00,0.0,2.5250000000000004,26.8859,0.0
2026-07-16 05:22:00,0.0,2.9000000000000004,26.898000000000003,0.0
2026-07-16 05:23:00,0.0,2.4875,26.889,0.0
2026-07-16 05:24:00,0.0,2.45,26.8723,0.0
2026-07-16 05:25:00,0.0,3.0875,26.858449999999998,0.0
2026-07-16 05:26:00,0.0,2.6,26.875,0.0
2026-07-16 05:27:00,0.0,2.675,26.8393,0.0
2026-07-16 05:28:00,0.0,2.375,26.83665,0.0
2026-07-16 05:29:00,0.0,3.0125,26.8504,0.0
2026-07-16 05:30:00,0.0,2.3,26.82075,0.0
2026-07-16 05:31:00,0.0,2.825,26.816,0.0
2026-07-16 05:32:00,0.0,2.6375,26.84035,0.0
2026-07-16 05:33:00,0.0,2.9375,26.817,0.0
2026-07-16 05:34:00,0.0,2.4875,26.81555,0.0
2026-07-16 05:35:00,0.0,2.0,26.788249999999998,0.0
2026-07-16 05:36:00,0.0,2.3,26.80655,0.0
2026-07-16 05:37:00,0.0,2.0375,26.7673,0.0
2026-07-16 05:38:00,0.0,1.7000000000000002,26.795,0.0
2026-07-16 05:39:00,0.0,2.225,26.787799999999997,0.0
2026-07-16 05:40:00,0.0,2.15,26.791,0.0
2026-07-16 05:41:00,0.0,1.775,26.75925,0.0
2026-07-16 05:42:00,0.0,1.775,26.773400000000002,0.0
2026-07-16 05:43:00,0.0,2.6,26.7613,0.0
2026-07-16 05:44:00,0.0,1.8125,26.774900000000002,0.0
2026-07-16 05:45:00,0.0,1.8125,26.7529,0.0
2026-07-16 05:46:00,0.0,2.15,26.761850000000003,0.0
2026-07-16 05:47:00,0.0,1.925,26.73845,0.0
2026-07-16 05:48:00,0.0,2.375,26.7406,0.0
2026-07-16 05:49:00,0.0,2.4875,26.76005,0.0
2026-07-16 05:50:00,0.0,2.8625,26.768549999999998,0.0
2026-07-16 05:51:00,0.0,2.4125,26.75275,0.0
2026-07-16 05:52:00,0.0,2.825,26.762,0.0
2026-07-16 05:53:00,0.0,2.225,26.73495,0.0
2026-07-16 05:54:00,0.0,2.375,26.716900000000003,0.0
2026-07-16 05:55:00,0.0,2.3375,26.73735,0.0
2026-07-16 05:56:00,0.0,2.375,26.74575,0.0
2026-07-16 05:57:00,0.0,2.075,26.72435,0.0
2026-07-16 05:58:00,0.0,2.1875,26.71635,0.0
2026-07-16 05:59:00,0.0,2.0375,26.7299,0.0
2026-07-16 06:00:00,0.0,2.1875,26.685,0.0
2026-07-16 06:01:00,0.0,2.1125,26.68815,0.5
2026-07-16 06:02:00,0.5,2.1125,26.670949999999998,1.0
2026-07-16 06:03:00,0.5,2.1125,26.66755,1.0
2026-07-16 06:04:00,1.0,2.075,26.68245,1.0
2026-07-16 06:05:00,1.5,1.8875,26.65965,2.0
2026-07-16 06:06:00,2.0,2.6375,26.66785,2.0
2026-07-16 06:07:00,2.0,2.1875,26.6663,2.0
2026-07-16 06:08:00,3.0,2.075,26.6485,3.0
2026-07-16 06:09:00,3.5,1.6625,26.666800000000002,3.5
2026-07-16 06:10:00,4.0,1.8125,26.6703,4.0
2026-07-16 06:11:00,4.5,1.9249999999999998,26.652500000000003,4.5
2026-07-16 06:12:00,6.0,2.6,26.641849999999998,5.5
2026-07-16 06:13:00,6.5,2.2625,26.6603,6.0
2026-07-16 06:14:00,7.5,2.1125,26.643250000000002,7.0
2026-07-16 06:15:00,7.5,2.0375,26.6191,7.5
2026-07-16 06:16:00,8.5,2.15,26.63495,8.0
2026-07-16 06:17:00,9.0,2.0375,26.63495,8.5
2026-07-16 06:18:00,9.0,1.85,26.627899999999997,9.0
2026-07-16 06:19:00,10.0,2.1125,26.619349999999997,9.5
2026-07-16 06:20:00,13.0,2.675,26.6518,13.0
2026-07-16 06:21:00,14.5,2.6375,26.64195,14.0
2026-07-16 06:22:00,15.5,2.4875,26.62805,15.0
2026-07-16 06:23:00,16.5,1.8125,26.62445,16.0
2026-07-16 06:24:00,18.5,2.0375,26.63905,18.0
2026-07-16 06:25:00,19.5,2.15,26.6424,18.5
2026-07-16 06:26:00,21.5,2.5625,26.6724,20.0
2026-07-16 06:27:00,22.5,1.9625,26.68495,21.0
2026-07-16 06:28:00,23.5,2.4875,26.69435,22.0
2026-07-16 06:29:00,24.0,1.9249999999999998,26.69185,22.5
2026-07-16 06:30:00,27.0,2.375,26.698050000000002,26.0
2026-07-16 06:31:00,28.0,2.3,26.67505,26.5
2026-07-16 06:32:00,30.0,2.6375,26.71715,28.5
2026-07-16 06:33:00,31.0,2.1875,26.7015,29.5
2026-07-16 06:34:00,33.0,2.375,26.7066,31.5
2026-07-16 06:35:00,34.0,2.1125,26.706,32.5
2026-07-16 06:36:00,36.0,1.8125,26.74015,34.5
2026-07-16 06:37:00,37.0,1.85,26.7506,35.5
2026-07-16 06:38:00,38.0,2.0375,26.7576,36.0
2026-07-16 06:39:00,39.0,2.1125,26.76885,37.0
2026-07-16 06:40:00,43.5,1.475,26.8029,41.0
2026-07-16 06:41:00,44.5,2.0,26.8129,42.0
2026-07-16 06:42:00,45.0,2.2625,26.812800000000003,42.5
2026-07-16 06:43:00,46.0,2.3375,26.7894,43.5
2026-07-16 06:44:00,47.0,2.3,26.79515,44.0
2026-07-16 06:45:00,48.0,2.3,26.81005,45.5
2026-07-16 06:46:00,54.5,2.4125,26.8367,51.0
2026-07-16 06:47:00,56.0,2.4125,26.8104,52.5
2026-07-16 06:48:00,59.0,1.85,26.8248,55.0
2026-07-16 06:49:00,60.0,1.8125,26.844549999999998,56.0
2026-07-16 06:50:00,61.0,2.1125,26.85895,57.0
2026-07-16 06:51:00,62.0,2.225,26.82675,58.0
2026-07-16 06:52:00,63.0,2.7125,26.8423,59.0
2026-07-16 06:53:00,64.0,3.05,26.84655,60.0
2026-07-16 06:54:00,71.5,2.975,26.8315,66.5
2026-07-16 06:55:00,73.5,2.7875,26.81205,68.5
2026-07-16 06:56:00,75.5,2.15,26.8415,70.0
2026-07-16 06:57:00,76.5,2.825,26.8368,71.5
2026-07-16 06:58:00,78.0,2.3,26.85105,72.5
2026-07-16 06:59:00,79.5,2.4875,26.862450000000003,74.0
2026-07-16 07:00:00,80.5,2.7874999999999996,26.87845,75.0
2026-07-16 07:01:00,82.0,3.0875000000000004,26.873,76.5
2026-07-16 07:02:00,84.0,2.4875,26.86775,78.0
2026-07-16 07:03:00,85.0,2.825,26.86955,79.0
2026-07-16 07:04:00,86.5,2.5999999999999996,26.8709,80.5
2026-07-16 07:05:00,88.0,2.4875,26.867600000000003,81.5
2026-07-16 07:06:00,102.5,2.0,27.022,94.5
2026-07-16 07:07:00,103.5,2.7125,27.052999999999997,95.5
2026-07-16 07:08:00,104.5,2.225,27.06455,96.5
2026-07-16 07:09:00,106.5,1.8125,27.0693,98.0
2026-07-16 07:10:00,113.5,2.8625,27.06375,104.5
2026-07-16 07:11:00,116.0,2.8625,27.084200000000003,107.0
2026-07-16 07:12:00,119.0,2.3375000000000004,27.0958,110.0
2026-07-16 07:13:00,122.5,2.9749999999999996,27.1297,113.0
2026-07-16 07:14:00,124.5,2.7874999999999996,27.13445,115.5
2026-07-16 07:15:00,127.0,2.2625,27.1934,117.5
2026-07-16 07:16:00,131.0,1.7,27.232950000000002,121.0
2026-07-16 07:17:00,133.0,1.7374999999999998,27.299,122.5
2026-07-16 07:18:00,135.5,2.3,27.3316,125.5
2026-07-16 07:19:00,137.5,2.7125,27.3414,127.0
2026-07-16 07:20:00,143.0,2.3,27.402250000000002,132.5
2026-07-16 07:21:00,145.0,2.1875,27.438000000000002,134.0
2026-07-16 07:22:00,146.5,2.9375,27.38155,135.5
2026-07-16 07:23:00,148.5,1.8125,27.35295,137.5
2026-07-16 07:24:00,153.5,2.8625,27.40865,143.0
2026-07-16 07:25:00,156.0,2.375,27.429850000000002,145.0
2026-07-16 07:26:00,157.0,2.6375,27.42055,146.0
2026-07-16 07:27:00,158.5,2.45,27.443199999999997,147.0
2026-07-16 07:28:00,167.0,3.3875,27.54885,155.0
2026-07-16 07:29:00,169.5,2.675,27.51445,157.5
2026-07-16 07:30:00,173.5,2.7125,27.55155,161.0
2026-07-16 07:31:00,177.0,2.45,27.5749,164.5
2026-07-16 07:32:00,180.5,2.45,27.523249999999997,167.5
2026-07-16 07:33:00,181.0,2.225,27.5872,168.5
2026-07-16 07:34:00,183.0,2.7875,27.62945,170.5
2026-07-16 07:35:00,188.5,2.3,27.62865,175.5
2026-07-16 07:36:00,189.5,2.45,27.6666,176.5
2026-07-16 07:37:00,195.0,2.5999999999999996,27.746499999999997,182.0
2026-07-16 07:38:00,196.5,3.05,27.7265,183.0
2026-07-16 07:39:00,198.0,2.9375,27.722450000000002,184.5
2026-07-16 07:40:00,206.5,3.2375,27.7288,192.0
2026-07-16 07:41:00,208.0,2.9375,27.72485,193.5
2026-07-16 07:42:00,210.5,3.5,27.7841,196.0
2026-07-16 07:43:00,212.5,3.5375,27.7053,198.0
2026-07-16 07:44:00,214.0,2.75,27.73305,199.5
2026-07-16 07:45:00,215.5,2.8625,27.8375,200.5
2026-07-16 07:46:00,218.5,2.9,27.8457,203.5
2026-07-16 07:47:00,232.0,2.675,27.97235,217.0
2026-07-16 07:48:00,233.5,2.7125000000000004,28.015349999999998,218.0
2026-07-16 07:49:00,238.0,2.225,27.994149999999998,223.0
2026-07-16 07:50:00,241.0,3.2375,27.97685,225.5
2026-07-16 07:51:00,245.5,3.05,28.0449,230.0
2026-07-16 07:52:00,247.0,1.8125,28.02075,232.0
2026-07-16 07:53:00,250.5,2.5625,28.12635,235.0
2026-07-16 07:54:00,252.0,3.0875,28.113349999999997,237.0
2026-07-16 07:55:00,258.5,3.5749999999999997,28.1353,243.0
2026-07-16 07:56:00,260.0,2.75,28.1415,244.5
2026-07-16 07:57:00,265.0,3.2,28.23415,250.0
2026-07-16 07:58:00,267.0,2.825,28.21415,252.0
2026-07-16 07:59:00,270.5,2.375,28.29435,255.5
2026-07-16 08:00:00,273.0,2.6375,28.277250000000002,258.0
2026-07-16 08:01:00,274.0,2.1125,28.29545,259.0
2026-07-16 08:02:00,276.0,3.1624999999999996,28.32245,261.0
2026-07-16 08:03:00,278.0,2.5625,28.3559,263.0
2026-07-16 08:04:00,280.0,2.9749999999999996,28.3489,264.5
2026-07-16 08:05:00,282.0,2.75,28.310000000000002,267.0
2026-07-16 08:06:00,284.0,2.6375,28.334400000000002,269.0
2026-07-16 08:07:00,299.5,3.0125,28.41865,285.0
2026-07-16 08:08:00,302.5,3.1999999999999997,28.3412,287.5
2026-07-16 08:09:00,306.0,3.8,28.379550000000002,291.5
2026-07-16 08:10:00,308.5,3.6875,28.49705,294.0
2026-07-16 08:11:00,315.5,3.7249999999999996,28.320349999999998,301.0
2026-07-16 08:12:00,318.0,3.0125,28.27875,304.0
2026-07-16 08:13:00,321.5,2.45,28.47115,307.5
2026-07-16 08:14:00,324.5,3.3125,28.5756,310.5
2026-07-16 08:15:00,327.0,2.8625,28.5272,312.5
2026-07-16 08:16:00,329.0,3.4250000000000003,28.519199999999998,315.0
2026-07-16 08:17:00,336.0,3.9125,28.636049999999997,323.0
2026-07-16 08:18:00,338.5,3.6875,28.55005,325.0
2026-07-16 08:19:00,339.5,2.8625,28.5342,326.5
2026-07-16 08:20:00,342.0,3.4625000000000004,28.630499999999998,329.0
2026-07-16 08:21:00,350.5,3.8,28.556449999999998,337.5
2026-07-16 08:22:00,354.0,3.4625,28.60355,341.5
2026-07-16 08:23:00,356.0,3.425,28.6333,343.0
2026-07-16 08:24:00,357.5,3.9124999999999996,28.64855,345.0
2026-07-16 08:25:00,363.0,2.7125000000000004,28.70515,350.5
2026-07-16 08:26:00,365.0,3.0125,28.716900000000003,352.0
2026-07-16 08:27:00,370.0,3.7625,28.72155,358.0
2026-07-16 08:28:00,372.5,3.3125,28.7222,360.5
2026-07-16 08:29:00,378.5,3.0875000000000004,28.844,366.0
2026-07-16 08:30:00,381.5,3.2375,28.81315,370.0
2026-07-16 08:31:00,386.0,3.0125,28.93525,374.0
2026-07-16 08:32:00,386.0,2.75,29.0413,374.5
2026-07-16 08:33:00,392.0,3.425,29.0863,381.0
2026-07-16 08:34:00,394.0,2.9,29.04415,383.0
2026-07-16 08:35:00,400.0,2.675,29.24745,389.0
2026-07-16 08:36:00,402.0,3.2,29.28425,391.0
2026-07-16 08:37:00,404.5,2.2625,29.15785,393.5
2026-07-16 08:38:00,405.0,2.8625,29.182450000000003,394.0
2026-07-16 08:39:00,408.0,2.975,29.1842,397.0
2026-07-16 08:40:00,408.0,2.6,29.1102,397.0
2026-07-16 08:41:00,411.5,3.275,29.24555,401.0
2026-07-16 08:42:00,410.5,2.375,29.1792,399.5
2026-07-16 08:43:00,422.0,4.512499999999999,29.25335,412.0
2026-07-16 08:44:00,423.5,4.137499999999999,29.141750000000002,413.5
2026-07-16 08:45:00,431.5,4.175000000000001,29.1746,420.5
2026-07-16 08:46:00,433.0,3.35,29.17465,422.5
2026-07-16 08:47:00,435.5,3.2375,29.23755,425.5
2026-07-16 08:48:00,441.5,3.125,29.3666,431.0
2026-07-16 08:49:00,443.0,3.05,29.46695,432.5
2026-07-16 08:50:00,446.5,3.2,29.48655,436.0
2026-07-16 08:51:00,452.5,2.7875,29.73955,442.5
2026-07-16 08:52:00,374.5,3.5375,29.728749999999998,365.0
2026-07-16 08:53:00,458.5,2.75,29.793599999999998,448.0
2026-07-16 08:54:00,458.0,3.3875,29.8613,447.5
2026-07-16 08:55:00,464.5,4.175,29.65805,453.5
2026-07-16 08:56:00,467.5,2.9749999999999996,29.637900000000002,456.5
2026-07-16 08:57:00,472.5,3.6500000000000004,29.753349999999998,461.5
2026-07-16 08:58:00,473.5,2.9749999999999996,29.6175,462.5
2026-07-16 08:59:00,477.5,2.5625,29.74615,467.0
2026-07-16 09:00:00,481.0,3.9124999999999996,29.855249999999998,469.5
2026-07-16 09:01:00,486.5,3.875,29.75075,474.5
2026-07-16 09:02:00,489.0,3.1624999999999996,29.7442,477.0
2026-07-16 09:03:00,491.5,3.7624999999999997,29.829749999999997,479.5
2026-07-16 09:04:00,494.0,2.2249999999999996,29.79635,482.0
2026-07-16 09:05:00,495.5,2.5250000000000004,29.985750000000003,483.5
2026-07-16 09:06:00,498.5,3.425,30.0396,485.5
2026-07-16 09:07:00,505.5,3.3125,30.108800000000002,492.0
2026-07-16 09:08:00,508.5,3.2,29.920650000000002,494.5
2026-07-16 09:09:00,510.0,2.2625,29.9916,496.5
2026-07-16 09:10:00,511.5,3.2,30.087400000000002,497.5
2026-07-16 09:11:00,513.5,3.0125,30.104100000000003,499.5
2026-07-16 09:12:00,515.0,3.6125000000000003,30.1759,501.0
2026-07-16 09:13:00,525.0,3.8375000000000004,30.182850000000002,510.0
2026-07-16 09:14:00,528.0,2.9,30.1771,512.5
2026-07-16 09:15:00,530.0,2.7874999999999996,30.22325,514.0
2026-07-16 09:16:00,531.5,2.825,30.2409,515.5
2026-07-16 09:17:00,535.0,2.7125000000000004,30.232950000000002,519.0
2026-07-16 09:18:00,536.5,2.9749999999999996,30.3258,521.0
2026-07-16 09:19:00,545.0,3.0125,30.386049999999997,529.0
2026-07-16 09:20:00,547.0,3.05,30.246000000000002,530.0
2026-07-16 09:21:00,547.0,3.1624999999999996,30.171149999999997,530.0
2026-07-16 09:22:00,548.5,3.3499999999999996,30.2147,531.5
2026-07-16 09:23:00,556.0,3.8,30.35015,538.5
2026-07-16 09:24:00,558.5,4.2125,30.46835,541.0
2026-07-16 09:25:00,559.5,3.9124999999999996,30.32945,541.0
2026-07-16 09:26:00,562.0,4.1,30.228650000000002,543.5
2026-07-16 09:27:00,563.0,3.7249999999999996,30.18075,544.5
2026-07-16 09:28:00,562.0,3.3875,30.29855,543.5
2026-07-16 09:29:00,565.0,3.7249999999999996,30.4384,546.5
2026-07-16 09:30:00,567.0,4.55,30.5516,548.0
2026-07-16 09:31:00,567.5,4.325,30.59635,548.5
2026-07-16 09:32:00,571.5,4.325,30.43705,551.5
2026-07-16 09:33:00,590.5,3.9875,30.28035,570.0
2026-07-16 09:34:00,590.5,3.0875000000000004,30.29985,570.5
2026-07-16 09:35:00,590.0,2.825,30.23475,571.0
2026-07-16 09:36:00,593.0,2.9000000000000004,30.441850000000002,573.5
2026-07-16 09:37:00,595.0,2.825,30.47685,575.5
2026-07-16 09:38:00,597.5,2.4125,30.6548,577.5
2026-07-16 09:39:00,597.0,3.0875,30.4999,577.0
2026-07-16 09:40:00,598.0,3.6875,30.458750000000002,577.5
2026-07-16 09:41:00,602.5,3.3875,30.407249999999998,582.0
2026-07-16 09:42:00,617.5,3.6125000000000003,30.51185,597.5
2026-07-16 09:43:00,618.5,3.2,30.4561,598.5
2026-07-16 09:44:00,618.5,2.45,30.53315,598.5
2026-07-16 09:45:00,620.0,2.225,30.558999999999997,599.5
2026-07-16 09:46:00,627.5,2.975,30.754550000000002,607.0
2026-07-16 09:47:00,635.0,2.75,30.773,613.5
2026-07-16 09:48:00,634.5,3.6875,30.71915,613.0
2026-07-16 09:49:00,639.5,2.9000000000000004,30.5181,617.5
2026-07-16 09:50:00,644.5,3.6875,30.72285,624.0
2026-07-16 09:51:00,643.0,3.3875,30.8522,623.0
2026-07-16 09:52:00,642.5,3.95,30.9223,622.5
2026-07-16 09:53:00,646.0,3.0125,30.91155,625.5
2026-07-16 09:54:00,648.0,3.275,31.044,628.0
2026-07-16 09:55:00,651.0,3.275,31.02805,630.5
2026-07-16 09:56:00,658.5,3.6125,30.98705,639.5
2026-07-16 09:57:00,657.5,3.125,30.784599999999998,638.5
2026-07-16 09:58:00,664.5,1.9625,30.7397,645.5
2026-07-16 09:59:00,660.0,3.0875,30.95265,641.5
2026-07-16 10:00:00,668.5,3.9124999999999996,31.41845,650.0
2026-07-16 10:01:00,670.0,3.0875,31.4891,652.0
2026-07-16 10:02:00,670.0,4.1,31.53465,652.5
2026-07-16 10:03:00,674.0,3.1624999999999996,31.43125,656.5
2026-07-16 10:04:00,669.0,4.7375,31.2007,652.5
2026-07-16 10:05:00,673.0,4.5875,31.084200000000003,656.5
2026-07-16 10:06:00,674.5,3.9125,31.031100000000002,658.5
2026-07-16 10:07:00,673.5,3.9125,31.0866,658.0
2026-07-16 10:08:00,682.5,4.4,31.155,668.0
2026-07-16 10:09:00,686.5,4.025,31.11445,672.0
2026-07-16 10:10:00,689.0,3.0125,31.154449999999997,675.0
2026-07-16 10:11:00,691.5,1.925,31.3714,677.5
2026-07-16 10:12:00,693.5,2.675,31.35735,680.0
2026-07-16 10:13:00,694.0,3.4625,31.259149999999998,681.0
2026-07-16 10:14:00,703.0,3.8000000000000003,31.79155,690.5
2026-07-16 10:15:00,703.5,4.9625,31.819300000000002,691.0
2026-07-16 10:16:00,707.0,4.7,31.74605,694.5
2026-07-16 10:17:00,708.5,4.2125,31.588700000000003,696.5
2026-07-16 10:18:00,708.5,4.25,31.6122,697.0
2026-07-16 10:19:00,706.5,4.625,31.66755,695.0
2026-07-16 10:20:00,709.0,4.0625,31.6673,697.5
2026-07-16 10:21:00,706.5,3.425,31.598100000000002,695.5
2026-07-16 10:22:00,711.5,3.275,31.780549999999998,701.5
2026-07-16 10:23:00,714.0,3.6875,31.64705,704.5
2026-07-16 10:24:00,715.5,4.175,31.709,706.5
2026-07-16 10:25:00,720.0,4.25,31.8968,711.0
2026-07-16 10:26:00,719.5,3.3125,31.83465,710.5
2026-07-16 10:27:00,720.5,3.0125,31.7823,712.0
2026-07-16 10:28:00,720.5,4.175,31.8179,712.0
2026-07-16 10:29:00,720.0,3.7624999999999997,31.8679,711.5
2026-07-16 10:30:00,722.0,3.5749999999999997,31.95715,713.5
2026-07-16 10:31:00,725.5,4.2125,31.9334,717.0
2026-07-16 10:32:00,738.5,3.95,31.77195,732.0
2026-07-16 10:33:00,742.0,3.1625,31.58285,735.5
2026-07-16 10:34:00,742.5,3.5375,31.836,736.0
2026-07-16 10:35:00,742.5,2.6,31.89725,736.5
2026-07-16 10:36:00,741.5,3.2375,32.06085,735.5
2026-07-16 10:37:00,743.0,3.5749999999999997,31.81275,737.0
2026-07-16 10:38:00,752.0,4.1,31.987099999999998,746.5
2026-07-16 10:39:00,750.0,3.6500000000000004,32.111599999999996,744.5
2026-07-16 10:40:00,751.5,4.025,32.13405,746.0
2026-07-16 10:41:00,752.5,3.2375,32.07635,747.0
2026-07-16 10:42:00,758.5,3.7249999999999996,31.9077,753.5
2026-07-16 10:43:00,763.0,3.35,31.980449999999998,758.5
2026-07-16 10:44:00,763.5,3.4625,32.12545,758.5
2026-07-16 10:45:00,766.0,3.2,32.2307,761.5
2026-07-16 10:46:00,774.5,4.2125,32.587149999999994,770.0
2026-07-16 10:47:00,777.0,3.5,32.7752,772.5
2026-07-16 10:48:00,777.0,3.6125,32.67005,772.5
2026-07-16 10:49:00,779.5,4.5875,32.51365,774.5
2026-07-16 10:50:00,779.5,3.6875,32.46445,775.0
2026-07-16 10:51:00,781.5,4.1,32.60165,776.5
2026-07-16 10:52:00,776.0,3.875,32.511300000000006,771.0
2026-07-16 10:53:00,779.5,4.0625,32.59885,774.0
2026-07-16 10:54:00,780.5,3.2750000000000004,32.62895,775.0
2026-07-16 10:55:00,778.5,3.9875,32.611850000000004,772.5
2026-07-16 10:56:00,780.5,3.875,32.766850000000005,775.0
2026-07-16 10:57:00,785.0,3.35,32.9322,779.5
2026-07-16 10:58:00,784.5,3.5,33.03465,779.5
2026-07-16 10:59:00,784.5,3.4625000000000004,33.011449999999996,778.5
2026-07-16 11:00:00,787.5,3.95,32.667699999999996,781.5
2026-07-16 11:01:00,781.5,2.9375,32.90275,776.0
2026-07-16 11:02:00,782.5,3.65,33.03245,776.0
2026-07-16 11:03:00,788.5,3.5,33.04405,781.5
2026-07-16 11:04:00,793.5,3.725,32.882,787.5
2026-07-16 11:05:00,791.0,2.375,32.629549999999995,785.0
2026-07-16 11:06:00,793.5,3.125,32.6125,786.5
2026-07-16 11:07:00,800.5,4.1,32.84695,793.5
2026-07-16 11:08:00,800.0,5.0,33.2499,793.5
2026-07-16 11:09:00,795.5,3.2,33.09335,788.5
2026-07-16 11:10:00,793.5,3.95,33.0583,786.0
2026-07-16 11:11:00,802.0,4.475,33.11515,794.5
2026-07-16 11:12:00,798.5,5.075,33.47755,791.5
2026-07-16 11:13:00,801.5,4.8125,33.3935,793.5
2026-07-16 11:14:00,811.0,4.5125,33.50865,802.5
2026-07-16 11:15:00,815.0,3.6125,33.35435,806.0
2026-07-16 11:16:00,813.0,3.2,33.456599999999995,804.5
2026-07-16 11:17:00,814.0,3.95,33.65345,805.0
2026-07-16 11:18:00,815.0,3.425,33.6096,806.0
2026-07-16 11:19:00,817.5,3.6875,33.62965,808.0
2026-07-16 11:20:00,816.0,3.2,33.5213,806.5
2026-07-16 11:21:00,815.5,3.875,33.30185,807.0
2026-07-16 11:22:00,817.5,3.425,33.61985,809.0
2026-07-16 11:23:00,822.0,3.9125,33.5085,812.0
2026-07-16 11:24:00,824.5,3.9125,33.358450000000005,814.0
2026-07-16 11:25:00,826.0,2.3,33.31395,815.0
2026-07-16 11:26:00,825.0,2.9,33.38415,814.0
2026-07-16 11:27:00,825.0,3.2750000000000004,33.609,815.5
2026-07-16 11:28:00,829.0,4.5125,33.6933,818.5
2026-07-16 11:29:00,831.5,3.8,33.606300000000005,821.5
2026-07-16 11:30:00,832.5,4.775,33.5989,822.0
2026-07-16 11:31:00,831.5,4.1375,33.795550000000006,821.0
2026-07-16 11:32:00,834.5,3.65,33.8645,823.0
2026-07-16 11:33:00,836.5,3.35,33.8369,824.5
2026-07-16 11:34:00,839.5,2.4875,33.9127,828.0
2026-07-16 11:35:00,840.5,3.275,34.0237,828.5
2026-07-16 11:36:00,843.5,4.2125,34.11345,832.0
2026-07-16 11:37:00,846.0,4.2875,34.213,834.5
2026-07-16 11:38:00,846.0,4.925,34.28425,834.5
2026-07-16 11:39:00,849.0,4.025,34.15835,837.0
2026-07-16 11:40:00,848.0,4.175,34.1715,836.0
2026-07-16 11:41:00,840.5,2.825,34.027150000000006,828.0
2026-07-16 11:42:00,844.0,2.9749999999999996,33.9626,832.0
2026-07-16 11:43:00,844.5,3.8,34.1249,831.0
2026-07-16 11:44:00,848.0,4.625,34.2318,834.0
2026-07-16 11:45:00,850.0,4.25,34.0751,837.0
2026-07-16 11:46:00,845.5,4.3625,33.9572,832.0
2026-07-16 11:47:00,850.5,2.525,34.019149999999996,837.5
2026-07-16 11:48:00,858.5,4.025,34.370549999999994,845.0
2026-07-16 11:49:00,861.0,3.9125,34.51605,847.0
2026-07-16 11:50:00,856.5,3.575,34.5452,843.5
2026-07-16 11:51:00,862.5,4.5125,34.3664,850.0
2026-07-16 11:52:00,865.5,4.737500000000001,34.2986,853.0
2026-07-16 11:53:00,862.0,4.699999999999999,33.9233,850.5
2026-07-16 11:54:00,874.5,5.4875,34.09795,862.5
2026-07-16 11:55:00,872.0,4.2875,33.8297,860.0
2026-07-16 11:56:00,871.5,4.2125,33.7998,859.5
2026-07-16 11:57:00,878.0,2.0375,34.1665,865.0
2026-07-16 11:58:00,877.5,3.0125,34.3745,864.0
2026-07-16 11:59:00,880.0,3.7625,34.42125,867.0
2026-07-16 12:00:00,882.5,3.6125000000000003,34.165400000000005,869.5
2026-07-16 12:01:00,881.0,3.425,34.22275,868.0
2026-07-16 12:02:00,882.5,4.5125,34.59735,869.0
2026-07-16 12:03:00,881.0,3.5374999999999996,34.7187,868.0
2026-07-16 12:04:00,884.5,3.425,34.84195,872.0
2026-07-16 12:05:00,887.0,3.65,34.77815,873.5
2026-07-16 12:06:00,890.0,3.3125,34.695750000000004,877.5
2026-07-16 12:07:00,896.5,3.95,34.956199999999995,885.0
2026-07-16 12:08:00,902.5,3.8375,34.89655,890.0
2026-07-16 12:09:00,905.5,3.6125000000000003,34.5973,892.5
2026-07-16 12:10:00,905.5,4.2875,34.61535,892.5
2026-07-16 12:11:00,902.5,4.2125,34.64945,889.5
2026-07-16 12:12:00,917.0,4.4,34.625600000000006,903.5
2026-07-16 12:13:00,921.5,4.775,34.71125,907.5
2026-07-16 12:14:00,923.5,3.725,34.7153,909.0
2026-07-16 12:15:00,938.0,4.737500000000001,35.1066,923.5
2026-07-16 12:16:00,933.0,5.112500000000001,34.925250000000005,918.5
2026-07-16 12:17:00,931.5,3.7249999999999996,34.687799999999996,916.5
2026-07-16 12:18:00,923.0,4.0625,34.69565,909.0
2026-07-16 12:19:00,924.5,4.512499999999999,34.7301,912.0
2026-07-16 12:20:00,923.0,4.137499999999999,34.8809,911.0
2026-07-16 12:21:00,921.5,3.0875,35.0522,910.0
2026-07-16 12:22:00,923.5,3.575,34.87115,911.5
2026-07-16 12:23:00,923.0,4.625,35.21685,911.0
2026-07-16 12:24:00,923.0,3.8,35.1244,911.5
2026-07-16 12:25:00,928.5,2.75,34.7753,917.0
2026-07-16 12:26:00,930.5,4.2875,34.9828,919.0
2026-07-16 12:27:00,932.5,4.4375,34.96705,921.5
2026-07-16 12:28:00,945.5,3.425,34.9662,932.5
2026-07-16 12:29:00,750.0,2.9375,34.76805,741.5
2026-07-16 12:30:00,595.0,3.6125000000000003,34.6385,594.0
2026-07-16 12:31:00,815.0,3.3125,34.6271,798.5
2026-07-16 12:32:00,809.5,3.35,34.5997,793.5
2026-07-16 12:33:00,938.5,5.375,35.041650000000004,923.5
2026-07-16 12:34:00,939.5,3.875,34.5405,925.5
2026-07-16 12:35:00,940.5,3.0125,34.957300000000004,928.0
2026-07-16 12:36:00,942.0,4.0625,34.9936,929.5
2026-07-16 12:37:00,956.0,3.2375,35.0142,942.0
2026-07-16 12:38:00,960.0,3.725,35.18945,946.0
2026-07-16 12:39:00,960.0,4.025,35.32555,946.5
2026-07-16 12:40:00,970.0,4.025,35.13915,957.0
2026-07-16 12:41:00,976.0,3.275,35.081100000000006,963.5
2026-07-16 12:42:00,961.5,2.225,35.09275,951.0
2026-07-16 12:43:00,639.0,4.8875,35.24995,629.0
2026-07-16 12:44:00,984.0,4.4,35.3606,965.0
2026-07-16 12:45:00,900.5,4.6625,35.221199999999996,888.5
2026-07-16 12:46:00,967.0,4.5875,35.06465,950.0
2026-07-16 12:47:00,915.5,4.775,35.40085,903.0
2026-07-16 12:48:00,957.0,5.3375,35.366550000000004,940.5
2026-07-16 12:49:00,945.0,5.074999999999999,35.41375,930.0
2026-07-16 12:50:00,943.0,3.9125,35.09915,928.5
2026-07-16 12:51:00,941.5,3.125,34.892300000000006,926.5
2026-07-16 12:52:00,935.0,3.4625000000000004,34.67675,919.5
2026-07-16 12:53:00,933.5,3.5375,35.032250000000005,917.5
2026-07-16 12:54:00,937.5,4.85,35.39875000000001,920.5
2026-07-16 12:55:00,945.0,4.737500000000001,35.5114,926.5
2026-07-16 12:56:00,941.5,4.8875,35.65975,923.5
2026-07-16 12:57:00,939.5,5.7125,35.67125,920.0
2026-07-16 12:58:00,942.0,4.9625,35.53275,922.5
2026-07-16 12:59:00,947.5,4.25,35.3885,928.0
2026-07-16 13:00:00,948.0,3.275,35.4664,928.0
2026-07-16 13:01:00,940.5,3.05,35.40495,920.5
2026-07-16 13:02:00,940.0,4.85,35.51065,919.0
2026-07-16 13:03:00,934.5,3.8000000000000003,35.658699999999996,914.5
2026-07-16 13:04:00,936.0,3.8,35.8935,915.5
2026-07-16 13:05:00,937.5,3.425,35.959950000000006,917.0
2026-07-16 13:06:00,940.5,3.6875,35.89575000000001,920.0
2026-07-16 13:07:00,945.0,3.3125,36.10424999999999,924.5
2026-07-16 13:08:00,952.0,3.7625,35.9015,931.0
2026-07-16 13:09:00,962.0,5.1875,35.882,941.0
2026-07-16 13:10:00,972.0,4.2125,35.7059,950.5
2026-07-16 13:11:00,962.0,3.5375,35.533699999999996,941.5
2026-07-16 13:12:00,966.0,3.9875,35.4187,945.5
2026-07-16 13:13:00,655.0,2.9375,35.5386,644.0
2026-07-16 13:14:00,542.0,3.3875,35.7581,534.0
2026-07-16 13:15:00,813.0,4.1,35.69175,797.5
2026-07-16 13:16:00,936.5,3.7625,35.8722,911.0
2026-07-16 13:17:00,946.0,5.075,36.0419,920.5
2026-07-16 13:18:00,938.0,3.35,36.09725,912.5
2026-07-16 13:19:00,933.0,2.9749999999999996,36.167699999999996,908.5
2026-07-16 13:20:00,939.0,3.6875,36.276849999999996,913.5
2026-07-16 13:21:00,936.0,3.2375,35.8342,911.5
2026-07-16 13:22:00,939.0,3.2,36.080349999999996,914.0
2026-07-16 13:23:00,939.5,3.7625,36.213899999999995,913.0
2026-07-16 13:24:00,930.5,4.025,35.96965,904.5
2026-07-16 13:25:00,937.5,3.05,35.97535,911.5
2026-07-16 13:26:00,943.5,4.25,36.21385,917.0
2026-07-16 13:27:00,938.0,4.8875,36.138000000000005,911.0
2026-07-16 13:28:00,937.0,2.6,35.83515,910.5
2026-07-16 13:29:00,936.5,2.675,35.81255,909.5
2026-07-16 13:30:00,934.0,2.7125,35.61825,907.5
2026-07-16 13:31:00,934.5,2.375,35.667699999999996,908.0
2026-07-16 13:32:00,928.0,2.375,36.0131,900.0
2026-07-16 13:33:00,931.0,2.975,35.9159,902.0
2026-07-16 13:34:00,932.5,3.125,35.705650000000006,903.5
2026-07-16 13:35:00,935.5,2.8625,36.0273,906.0
2026-07-16 13:36:00,934.5,5.0375,36.2203,905.5
2026-07-16 13:37:00,936.5,3.575,36.3331,908.0
2026-07-16 13:38:00,887.5,3.6875,36.2768,860.0
2026-07-16 13:39:00,917.0,3.125,36.238600000000005,887.0
2026-07-16 13:40:00,910.0,4.2125,36.17645,878.5
2026-07-16 13:41:00,930.0,4.775,36.2798,898.5
2026-07-16 13:42:00,927.5,4.475,36.456500000000005,896.5
2026-07-16 13:43:00,927.0,5.375,36.64335,896.0
2026-07-16 13:44:00,929.5,6.1625,36.71745,898.5
2026-07-16 13:45:00,928.0,5.225,36.537800000000004,897.0
2026-07-16 13:46:00,926.5,4.5875,36.41635,896.0
2026-07-16 13:47:00,927.5,6.05,36.3989,897.0
2026-07-16 13:48:00,929.0,5.7125,36.39335,898.0
2026-07-16 13:49:00,930.0,4.55,36.3305,899.5
2026-07-16 13:50:00,939.0,3.2,36.35745,906.5
2026-07-16 13:51:00,939.5,2.4875,36.1931,906.5
2026-07-16 13:52:00,940.5,4.3625,36.39005,907.0
2026-07-16 13:53:00,940.0,3.9124999999999996,36.3628,906.5
2026-07-16 13:54:00,933.0,3.8375000000000004,36.6744,899.0
2026-07-16 13:55:00,929.5,4.325,36.661199999999994,896.0
2026-07-16 13:56:00,928.5,3.5,36.25905,895.5
2026-07-16 13:57:00,930.0,4.025,36.2341,895.5
2026-07-16 13:58:00,929.0,4.4,36.43825,896.0
2026-07-16 13:59:00,928.5,2.9749999999999996,36.589200000000005,895.5
2026-07-16 14:00:00,929.0,2.825,36.5929,895.5
2026-07-16 14:01:00,928.0,3.05,36.6161,895.0
2026-07-16 14:02:00,929.0,2.9749999999999996,36.7307,896.0
2026-07-16 14:03:00,930.5,3.5375,36.8061,897.5
2026-07-16 14:04:00,931.5,3.7624999999999997,36.7796,899.0
2026-07-16 14:05:00,929.5,3.4625,36.67335,896.5
2026-07-16 14:06:00,924.5,3.3125,36.2519,892.0
2026-07-16 14:07:00,930.0,2.5999999999999996,36.140299999999996,898.0
2026-07-16 14:08:00,925.5,2.5999999999999996,36.13825,893.5
2026-07-16 14:09:00,927.5,3.9499999999999997,36.42275,895.5
2026-07-16 14:10:00,929.0,3.875,36.58385,894.5
2026-07-16 14:11:00,920.5,3.9124999999999996,36.7111,887.5
2026-07-16 14:12:00,921.5,5.3,36.807950000000005,888.5
2026-07-16 14:13:00,920.0,3.9875,36.699600000000004,887.0
2026-07-16 14:14:00,908.0,4.2875,36.73365,875.0
2026-07-16 14:15:00,905.5,3.8375,36.7625,873.0
2026-07-16 14:16:00,905.5,3.425,36.67815,872.5
2026-07-16 14:17:00,908.0,4.6625,36.862300000000005,875.5
2026-07-16 14:18:00,910.0,3.9875,36.760400000000004,877.5
2026-07-16 14:19:00,909.5,3.65,36.64545,877.5
2026-07-16 14:20:00,913.0,2.7125,36.9862,881.5
2026-07-16 14:21:00,904.0,3.05,37.067099999999996,872.5
2026-07-16 14:22:00,894.5,3.5,36.9152,863.0
2026-07-16 14:23:00,901.0,2.525,36.811400000000006,869.5
2026-07-16 14:24:00,896.5,4.0625,36.876850000000005,865.5
2026-07-16 14:25:00,891.0,3.05,36.7808,860.5
2026-07-16 14:26:00,892.0,3.125,36.82315,862.0
2026-07-16 14:27:00,881.0,2.525,36.9121,852.0
2026-07-16 14:28:00,889.5,2.9,36.9576,860.0
2026-07-16 14:29:00,887.5,3.125,36.918850000000006,859.0
2026-07-16 14:30:00,894.0,3.425,37.04925,866.0
2026-07-16 14:31:00,895.0,3.05,37.0948,867.5
2026-07-16 14:32:00,893.0,4.475,37.36825,865.0
2026-07-16 14:33:00,890.5,3.8,37.046,862.5
2026-07-16 14:34:00,888.5,3.35,37.09595,861.0
2026-07-16 14:35:00,888.5,3.875,37.3046,861.0
2026-07-16 14:36:00,652.5,2.825,36.99065,632.0
2026-07-16 14:37:00,636.0,2.8625,36.9888,622.0
2026-07-16 14:38:00,863.0,3.2375,37.005700000000004,836.5
2026-07-16 14:39:00,886.0,3.6125,36.99035,858.5
2026-07-16 14:40:00,868.0,4.325,37.1001,839.5
2026-07-16 14:41:00,863.5,4.4,37.0756,836.5
2026-07-16 14:42:00,865.5,3.7625,36.96495,837.5
2026-07-16 14:43:00,863.5,3.3125,36.9538,836.0
2026-07-16 14:44:00,862.0,2.1875,36.73115,834.5
2026-07-16 14:45:00,853.0,2.6,36.81415,826.0
2026-07-16 14:46:00,854.0,3.65,36.9149,827.0
2026-07-16 14:47:00,856.5,3.6125000000000003,36.84085,829.5
2026-07-16 14:48:00,857.0,3.275,37.02945,830.5
2026-07-16 14:49:00,856.5,2.975,37.14875,829.5
2026-07-16 14:50:00,856.0,2.675,37.02185,829.5
2026-07-16 14:51:00,854.5,3.6875,36.979600000000005,828.0
2026-07-16 14:52:00,852.0,2.825,36.843450000000004,826.0
2026-07-16 14:53:00,851.0,3.2,36.99395,825.0
2026-07-16 14:54:00,851.0,2.5250000000000004,36.96615,825.5
2026-07-16 14:55:00,850.5,4.0625,37.00205,825.0
2026-07-16 14:56:00,839.5,4.2125,37.0125,814.0
2026-07-16 14:57:00,838.5,3.875,37.069599999999994,813.5
2026-07-16 14:58:00,831.0,2.9749999999999996,37.0754,806.0
2026-07-16 14:59:00,826.0,3.0125,37.07335,801.5
2026-07-16 15:00:00,813.5,2.375,36.95005,790.0
2026-07-16 15:01:00,823.0,2.4124999999999996,37.1763,798.5
2026-07-16 15:02:00,822.0,3.425,37.505849999999995,797.0
2026-07-16 15:03:00,822.5,2.5999999999999996,37.46395,797.5
2026-07-16 15:04:00,816.0,4.2125,37.2943,791.0
2026-07-16 15:05:00,810.5,3.425,37.45765,785.5
2026-07-16 15:06:00,806.5,3.5375,37.36645,781.5
2026-07-16 15:07:00,794.5,2.75,37.335750000000004,770.0
2026-07-16 15:08:00,798.0,2.8625,37.46355,773.5
2026-07-16 15:09:00,801.0,3.0125,37.609049999999996,776.0
2026-07-16 15:10:00,803.0,3.2,37.54435,777.5
2026-07-16 15:11:00,803.0,2.45,37.5154,777.5
2026-07-16 15:12:00,801.5,2.4875,37.58995,776.0
2026-07-16 15:13:00,801.0,2.1875,37.4934,775.5
2026-07-16 15:14:00,799.0,2.1125,37.604200000000006,774.0
2026-07-16 15:15:00,798.0,2.5625,37.80615,773.0
2026-07-16 15:16:00,794.0,4.0625,37.880250000000004,769.0
2026-07-16 15:17:00,791.0,3.3125,37.8162,764.5
2026-07-16 15:18:00,788.5,2.825,37.8957,762.0
2026-07-16 15:19:00,789.0,4.625,37.6823,763.0
2026-07-16 15:20:00,788.0,4.2875,37.527150000000006,761.5
2026-07-16 15:21:00,784.5,3.95,37.503150000000005,758.0
2026-07-16 15:22:00,781.0,4.550000000000001,37.6576,755.5
2026-07-16 15:23:00,771.5,3.4625,37.487449999999995,745.5
2026-07-16 15:24:00,771.5,2.4875,37.4886,745.5
2026-07-16 15:25:00,752.0,2.5250000000000004,37.5546,727.5
2026-07-16 15:26:00,759.5,3.3125,37.4971,734.0
2026-07-16 15:27:00,761.5,3.425,37.47365,735.0
2026-07-16 15:28:00,761.0,2.7874999999999996,37.2929,734.0
2026-07-16 15:29:00,755.5,2.9,36.75625,728.5
2026-07-16 15:30:00,754.5,3.875,36.9078,728.0
2026-07-16 15:31:00,747.5,3.5375,37.50715,720.0
2026-07-16 15:32:00,745.0,3.4625,37.48925,718.0
2026-07-16 15:33:00,741.5,4.1,37.8458,714.5
2026-07-16 15:34:00,740.0,4.625,37.8475,712.0
2026-07-16 15:35:00,736.5,3.3125,37.422349999999994,709.0
2026-07-16 15:36:00,734.5,2.8625,37.57235,707.5
2026-07-16 15:37:00,733.5,3.95,37.62735,706.5
2026-07-16 15:38:00,732.0,3.8375000000000004,37.48125,705.0
2026-07-16 15:39:00,725.5,3.5375,37.53305,696.5
2026-07-16 15:40:00,725.5,3.8375,37.57455,697.0
2026-07-16 15:41:00,722.0,3.5749999999999997,37.613,694.0
2026-07-16 15:42:00,721.5,3.125,37.7924,693.0
2026-07-16 15:43:00,713.5,2.8625,37.515150000000006,685.0
2026-07-16 15:44:00,714.0,3.0125,37.442099999999996,685.0
2026-07-16 15:45:00,710.0,3.425,37.248400000000004,680.0
2026-07-16 15:46:00,704.0,2.9375,37.147800000000004,674.0
2026-07-16 15:47:00,699.5,2.5999999999999996,37.10225,669.5
2026-07-16 15:48:00,707.5,1.5875,37.05425,677.5
2026-07-16 15:49:00,700.5,0.9874999999999999,37.19415,668.5
2026-07-16 15:50:00,697.5,1.2875,37.3738,665.5
2026-07-16 15:51:00,698.0,3.8375,37.51705,660.0
2026-07-16 15:52:00,696.5,3.1625,37.6332,656.0
2026-07-16 15:53:00,670.0,3.3125,37.84735,623.5
2026-07-16 15:54:00,681.5,2.675,37.709900000000005,628.5
2026-07-16 15:55:00,677.5,2.6375,37.66305,611.0
2026-07-16 15:56:00,675.0,4.2125,37.61345,604.0
2026-07-16 15:57:00,672.0,3.4625,37.6366,583.0
2026-07-16 15:58:00,671.0,2.6375,37.5818,573.5
2026-07-16 15:59:00,672.0,2.9,37.7567,574.0
2026-07-16 16:00:00,670.5,2.75,37.816100000000006,572.5
2026-07-16 16:01:00,664.5,2.7125,37.7518,519.0
2026-07-16 16:02:00,661.0,2.0375,37.67545,511.0
2026-07-16 16:03:00,658.5,3.05,37.416,497.5
2026-07-16 16:04:00,657.0,3.5,37.32485,496.0
2026-07-16 16:05:00,653.5,2.3375,37.6369,479.5
2026-07-16 16:06:00,651.5,3.1624999999999996,37.8336,477.5
2026-07-16 16:07:00,646.5,2.225,38.123099999999994,475.0
2026-07-16 16:08:00,642.0,3.0875000000000004,38.01885,470.5
2026-07-16 16:09:00,633.5,4.0625,38.0677,477.5
2026-07-16 16:10:00,632.5,4.2875,37.93105,482.5
2026-07-16 16:11:00,632.5,5.3,37.59615,496.5
2026-07-16 16:12:00,633.0,3.0125,37.47725,504.0
2026-07-16 16:13:00,623.5,1.9625,37.490899999999996,497.0
2026-07-16 16:14:00,612.0,2.5625,37.72865,492.5
2026-07-16 16:15:00,578.0,2.7125,37.92935,522.0
2026-07-16 16:16:00,575.0,2.525,37.708299999999994,535.5
2026-07-16 16:17:00,540.0,3.2375,37.585049999999995,540.5
2026-07-16 16:18:00,528.0,3.2750000000000004,37.4862,547.5
2026-07-16 16:19:00,512.5,3.275,37.32025,556.5
2026-07-16 16:20:00,497.5,3.7625,37.28255,554.0
2026-07-16 16:21:00,485.0,3.5,37.173249999999996,544.5
2026-07-16 16:22:00,482.0,3.1625,37.31845,546.0
2026-07-16 16:23:00,473.0,3.9124999999999996,37.52695,542.5
2026-07-16 16:24:00,458.5,2.7125000000000004,37.2394,543.0
2026-07-16 16:25:00,493.5,3.875,37.507999999999996,542.5
2026-07-16 16:26:00,501.5,3.8,37.617450000000005,535.0
2026-07-16 16:27:00,514.0,3.7249999999999996,37.61215,534.5
2026-07-16 16:28:00,497.5,4.2125,37.6327,496.0
2026-07-16 16:29:00,477.0,4.0625,37.45035,462.5
2026-07-16 16:30:00,524.0,2.3,37.358599999999996,507.0
2026-07-16 16:31:00,537.5,2.225,37.265699999999995,513.0
2026-07-16 16:32:00,542.0,2.525,37.48055,511.5
2026-07-16 16:33:00,552.0,2.2249999999999996,37.730850000000004,517.5
2026-07-16 16:34:00,546.5,3.8000000000000003,37.67,510.5
2026-07-16 16:35:00,541.5,3.3499999999999996,37.881699999999995,504.5
2026-07-16 16:36:00,541.5,3.2,38.0184,504.0
2026-07-16 16:37:00,540.0,4.5125,37.80285,502.5
2026-07-16 16:38:00,540.5,3.725,37.77705,502.5
2026-07-16 16:39:00,537.0,2.6,37.49525,498.5
2026-07-16 16:40:00,533.5,3.0125,37.552949999999996,494.0
2026-07-16 16:41:00,512.0,2.675,37.6328,474.0
2026-07-16 16:42:00,515.0,3.425,37.792950000000005,476.5
2026-07-16 16:43:00,517.5,3.95,37.8624,478.0
2026-07-16 16:44:00,515.5,3.2,37.78025,476.0
2026-07-16 16:45:00,513.5,3.275,37.754000000000005,474.0
2026-07-16 16:46:00,510.0,3.5375,37.8245,470.0
2026-07-16 16:47:00,505.5,3.1625,37.7844,464.0
2026-07-16 16:48:00,505.5,3.8,37.7736,464.0
2026-07-16 16:49:00,505.0,3.9499999999999997,37.711349999999996,463.0
2026-07-16 16:50:00,499.5,2.675,37.67585,457.5
2026-07-16 16:51:00,498.5,2.15,37.6744,456.5
2026-07-16 16:52:00,498.0,1.85,37.8195,455.5
2026-07-16 16:53:00,498.5,2.7125,37.8875,455.5
2026-07-16 16:54:00,498.0,3.125,37.84715,454.5
2026-07-16 16:55:00,486.0,4.2875,37.81345,442.0
2026-07-16 16:56:00,481.0,3.4625000000000004,37.523399999999995,437.0
2026-07-16 16:57:00,477.0,3.9875,37.574600000000004,433.0
2026-07-16 16:58:00,475.0,3.05,37.516549999999995,431.0
2026-07-16 16:59:00,472.5,3.2,37.557900000000004,428.5
2026-07-16 17:00:00,471.0,3.2750000000000004,37.644099999999995,427.0
2026-07-16 17:01:00,468.5,2.6375,37.65035,424.5
2026-07-16 17:02:00,450.5,3.125,37.65745,407.0
2026-07-16 17:03:00,446.0,2.675,37.85805,403.0
2026-07-16 17:04:00,445.5,3.8375000000000004,37.87905,401.5
2026-07-16 17:05:00,443.0,2.2625,38.03135,397.5
2026-07-16 17:06:00,441.5,2.4125,37.9381,395.0
2026-07-16 17:07:00,440.0,2.0375,37.767250000000004,392.0
2026-07-16 17:08:00,436.0,1.7000000000000002,37.83905,387.0
2026-07-16 17:09:00,428.0,1.5125000000000002,37.97255,379.0
2026-07-16 17:10:00,423.5,2.5625,38.02145,372.5
2026-07-16 17:11:00,422.0,2.75,37.9296,369.5
2026-07-16 17:12:00,428.0,3.0124999999999997,37.86085,371.5
2026-07-16 17:13:00,418.5,3.2375,37.79875,358.0
2026-07-16 17:14:00,418.0,2.9749999999999996,37.6321,353.5
2026-07-16 17:15:00,407.5,1.625,37.56205,338.5
2026-07-16 17:16:00,396.0,2.975,37.637100000000004,323.5
2026-07-16 17:17:00,397.5,3.4625,37.69075,319.5
2026-07-16 17:18:00,397.5,2.825,37.62495,311.5
2026-07-16 17:19:00,394.5,3.2375,37.615449999999996,305.0
2026-07-16 17:20:00,378.5,2.525,37.54215000000001,289.5
2026-07-16 17:21:00,337.5,2.0,37.52905,251.5
2026-07-16 17:22:00,370.5,3.4625,37.5042,274.5
2026-07-16 17:23:00,371.5,2.825,37.50065,267.5
2026-07-16 17:24:00,371.5,2.7875,37.366749999999996,269.5
2026-07-16 17:25:00,346.0,3.3875,37.260400000000004,261.0
2026-07-16 17:26:00,233.5,3.9124999999999996,37.37125,202.5
2026-07-16 17:27:00,330.0,3.5749999999999997,37.2705,249.0
2026-07-16 17:28:00,346.0,3.3875,37.2618,249.5
2026-07-16 17:29:00,350.5,3.125,37.145,249.0
2026-07-16 17:30:00,348.5,3.0125,37.18625,247.5
2026-07-16 17:31:00,342.0,2.525,37.19295,244.5
2026-07-16 17:32:00,280.5,3.3125,37.234350000000006,238.5
2026-07-16 17:33:00,298.0,3.875,37.192,240.0
2026-07-16 17:34:00,322.0,3.725,37.36835,227.5
2026-07-16 17:35:00,328.0,2.1875,37.37935,230.0
2026-07-16 17:36:00,334.0,2.1875,37.40355,233.5
2026-07-16 17:37:00,332.5,2.7874999999999996,37.51165,232.0
2026-07-16 17:38:00,326.5,3.4625000000000004,37.64835,227.5
2026-07-16 17:39:00,321.5,3.125,37.703450000000004,224.0
2026-07-16 17:40:00,318.0,2.525,37.65795,222.0
2026-07-16 17:41:00,315.5,2.6375,37.653,221.0
2026-07-16 17:42:00,307.0,1.85,37.57535,213.5
2026-07-16 17:43:00,307.0,2.9375,37.60185,212.0
2026-07-16 17:44:00,304.5,3.1625,37.57125,211.0
2026-07-16 17:45:00,302.5,3.2,37.5519,210.5
2026-07-16 17:46:00,295.5,3.575,37.45795,206.5
2026-07-16 17:47:00,294.5,2.9375,37.450900000000004,206.0
2026-07-16 17:48:00,289.5,1.85,37.336349999999996,202.0
2026-07-16 17:49:00,287.5,2.825,37.34855,201.5
2026-07-16 17:50:00,284.0,2.75,37.29125,198.5
2026-07-16 17:51:00,278.0,3.1625,37.3063,196.5
2026-07-16 17:52:00,271.0,3.5375,37.28875,194.0
2026-07-16 17:53:00,266.0,3.6875,37.34945,197.5
2026-07-16 17:54:00,266.0,3.2,37.307599999999994,202.5
2026-07-16 17:55:00,265.5,3.0500000000000003,37.25175,210.0
2026-07-16 17:56:00,256.5,2.9749999999999996,37.08885,205.5
2026-07-16 17:57:00,254.5,2.4875,37.0838,205.0
2026-07-16 17:58:00,251.5,2.45,37.1708,201.5
2026-07-16 17:59:00,251.0,2.4875,37.19975,200.0
2026-07-16 18:00:00,248.0,3.125,37.1523,196.0
2026-07-16 18:01:00,246.0,2.2249999999999996,37.1616,193.0
2026-07-16 18:02:00,241.0,3.125,37.260149999999996,187.5
2026-07-16 18:03:00,235.5,2.075,37.353750000000005,182.0
2026-07-16 18:04:00,233.0,2.9,37.26535,179.0
2026-07-16 18:05:00,231.5,3.0125,37.146100000000004,176.5
2026-07-16 18:06:00,223.0,3.9125,37.08284999999999,168.5
2026-07-16 18:07:00,221.5,4.4,37.0976,166.5
2026-07-16 18:08:00,219.5,2.675,37.016,165.5
2026-07-16 18:09:00,218.5,2.7125,37.013000000000005,165.0
2026-07-16 18:10:00,215.5,2.9,36.935199999999995,164.0
2026-07-16 18:11:00,214.0,3.0125,36.99885,164.5
2026-07-16 18:12:00,206.5,3.5374999999999996,37.0846,160.0
2026-07-16 18:13:00,203.0,2.75,37.0186,159.0
2026-07-16 18:14:00,199.5,2.6375,36.9401,157.0
2026-07-16 18:15:00,197.5,2.6,36.8472,156.5
2026-07-16 18:16:00,190.0,2.225,36.90235,150.0
2026-07-16 18:17:00,187.5,2.75,36.8925,149.0
2026-07-16 18:18:00,184.0,2.7125,36.98975,146.0
2026-07-16 18:19:00,180.5,2.15,37.0738,143.0
2026-07-16 18:20:00,179.0,2.8625,37.042199999999994,141.5
2026-07-16 18:21:00,177.0,2.75,37.00205,140.5
2026-07-16 18:22:00,169.5,3.05,37.0265,126.5
2026-07-16 18:23:00,167.5,2.5625,37.0719,125.5
2026-07-16 18:24:00,150.5,2.5625,37.0236,121.0
2026-07-16 18:25:00,154.5,2.9749999999999996,37.0189,120.5
2026-07-16 18:26:00,149.0,4.0625,36.9486,118.0
2026-07-16 18:27:00,147.0,3.9875,36.95595,117.0
2026-07-16 18:28:00,144.5,3.6875,36.9673,115.0
2026-07-16 18:29:00,144.0,3.9124999999999996,36.8966,114.5
2026-07-16 18:30:00,133.0,2.9,36.915800000000004,110.0
2026-07-16 18:31:00,129.5,2.6,36.85785,107.5
2026-07-16 18:32:00,137.5,2.375,36.8792,104.0
2026-07-16 18:33:00,127.5,3.3125,36.87885,102.0
2026-07-16 18:34:00,125.5,3.275,36.7672,100.5
2026-07-16 18:35:00,121.5,2.375,36.710499999999996,98.0
2026-07-16 18:36:00,120.5,2.45,36.64685,95.5
2026-07-16 18:37:00,119.5,2.2625,36.74485,95.0
2026-07-16 18:38:00,119.0,1.7000000000000002,36.7182,94.0
2026-07-16 18:39:00,117.0,2.375,36.643249999999995,92.5
2026-07-16 18:40:00,115.5,1.85,36.6294,91.5
2026-07-16 18:41:00,113.5,3.3874999999999997,36.6718,90.0
2026-07-16 18:42:00,112.5,3.125,36.587,89.0
2026-07-16 18:43:00,111.0,3.425,36.5143,88.0
2026-07-16 18:44:00,109.5,2.825,36.47365,87.0
2026-07-16 18:45:00,108.5,2.525,36.4722,86.0
2026-07-16 18:46:00,107.5,2.75,36.49925,85.0
2026-07-16 18:47:00,106.5,3.1999999999999997,36.500249999999994,84.5
2026-07-16 18:48:00,105.5,3.5375,36.51155,83.5
2026-07-16 18:49:00,104.0,2.9375,36.5349,82.5
2026-07-16 18:50:00,102.5,3.0875,36.485749999999996,81.0
2026-07-16 18:51:00,85.5,2.975,36.3464,69.5
2026-07-16 18:52:00,82.0,2.675,36.3992,67.5
2026-07-16 18:53:00,80.5,2.9000000000000004,36.38185,66.0
2026-07-16 18:54:00,77.5,3.35,36.37675,64.0
2026-07-16 18:55:00,75.5,2.3375000000000004,36.3812,62.5
2026-07-16 18:56:00,72.5,2.3375000000000004,36.3529,60.5
2026-07-16 18:57:00,71.5,2.9375,36.31895,59.5
2026-07-16 18:58:00,70.5,3.275,36.2519,58.5
2026-07-16 18:59:00,69.5,2.5250000000000004,36.2458,58.0
2026-07-16 19:00:00,68.0,2.75,36.20625,57.0
2026-07-16 19:01:00,61.5,2.525,36.1768,51.5
2026-07-16 19:02:00,59.5,3.575,36.2064,50.0
2026-07-16 19:03:00,58.5,3.3125,36.192750000000004,49.5
2026-07-16 19:04:00,57.5,2.675,36.123400000000004,48.5
2026-07-16 19:05:00,53.5,2.6,36.14665,45.0
2026-07-16 19:06:00,52.0,2.825,36.158150000000006,44.0
2026-07-16 19:07:00,49.5,2.3375,36.1397,42.5
2026-07-16 19:08:00,48.5,2.8625,36.13945,41.0
2026-07-16 19:09:00,46.0,2.3,36.105000000000004,39.5
2026-07-16 19:10:00,44.5,3.2750000000000004,36.11935,38.0
2026-07-16 19:11:00,41.5,3.3875,36.111599999999996,36.0
2026-07-16 19:12:00,40.0,2.5250000000000004,36.0917,35.0
2026-07-16 19:13:00,37.5,2.075,36.0357,32.5
2026-07-16 19:14:00,36.0,3.0125,36.0763,31.5
2026-07-16 19:15:00,33.5,2.15,36.0529,29.5
2026-07-16 19:16:00,32.5,2.7875,36.0437,28.5
2026-07-16 19:17:00,31.5,3.425,36.01965,28.0
2026-07-16 19:18:00,30.5,3.0875000000000004,35.98935,27.5
2026-07-16 19:19:00,27.5,2.8625,35.941599999999994,24.0
2026-07-16 19:20:00,26.0,3.725,35.925349999999995,23.0
2026-07-16 19:21:00,24.5,2.5625,35.89665,21.5
2026-07-16 19:22:00,23.0,3.0125,35.8793,20.5
2026-07-16 19:23:00,22.5,3.05,35.8642,20.0
2026-07-16 19:24:00,21.5,3.1624999999999996,35.85125,19.5
2026-07-16 19:25:00,19.0,2.825,35.83015,16.5
2026-07-16 19:26:00,18.5,2.6375,35.83515,16.5
2026-07-16 19:27:00,16.0,3.5375,35.809650000000005,14.5
2026-07-16 19:28:00,15.0,3.1624999999999996,35.802949999999996,14.0
2026-07-16 19:29:00,14.5,3.5374999999999996,35.78095,13.5
2026-07-16 19:30:00,14.0,3.6875,35.73365,12.5
2026-07-16 19:31:00,11.5,2.8625,35.65665,10.0
2026-07-16 19:32:00,10.0,3.6500000000000004,35.65625,9.5
2026-07-16 19:33:00,8.5,2.5625,35.646,8.0
2026-07-16 19:34:00,8.0,3.4625000000000004,35.61875,7.5
2026-07-16 19:35:00,7.0,2.75,35.61815,6.5
2026-07-16 19:36:00,6.5,2.375,35.62765,6.5
2026-07-16 19:37:00,5.0,2.1125,35.6248,5.0
2026-07-16 19:38:00,4.5,2.9375,35.604299999999995,4.5
2026-07-16 19:39:00,4.0,2.6,35.5981,4.0
2026-07-16 19:40:00,3.5,2.15,35.587599999999995,4.0
2026-07-16 19:41:00,2.5,3.0124999999999997,35.577200000000005,2.0
2026-07-16 19:42:00,2.0,2.6,35.575,2.0
2026-07-16 19:43:00,1.0,2.4125,35.5382,1.0
2026-07-16 19:44:00,1.0,2.2625,35.5739,1.0
2026-07-16 19:45:00,0.0,2.3375000000000004,35.573899999999995,0.5
2026-07-16 19:46:00,0.0,2.5250000000000004,35.575199999999995,0.5
2026-07-16 19:47:00,0.0,2.1125,35.501000000000005,0.0
2026-07-16 19:48:00,0.0,2.4875,35.51375,0.0
2026-07-16 19:49:00,0.0,2.6375,35.49045,0.0
2026-07-16 19:50:00,0.0,2.5250000000000004,35.51005000000001,0.0
2026-07-16 19:51:00,0.0,2.75,35.481750000000005,0.0
2026-07-16 19:52:00,0.0,2.7125,35.48115,0.0
2026-07-16 19:53:00,0.0,2.5625,35.46515,0.0
2026-07-16 19:54:00,0.0,2.5999999999999996,35.47555,0.0
2026-07-16 19:55:00,0.0,2.675,35.4511,0.0
2026-07-16 19:56:00,0.0,2.375,35.47285,0.0
2026-07-16 19:57:00,0.0,2.3,35.454350000000005,0.0
2026-07-16 19:58:00,0.0,2.675,35.43785,0.0
2026-07-16 19:59:00,0.0,2.2625,35.39575,0.0
2026-07-16 20:00:00,0.0,2.0374999999999996,35.388099999999994,0.0
2026-07-16 20:01:00,0.0,3.0125,35.36365,0.0
2026-07-16 20:02:00,0.0,2.75,35.37515,0.0
2026-07-16 20:03:00,0.0,2.6,35.351,0.0
2026-07-16 20:04:00,0.0,2.5625,35.346599999999995,0.0
2026-07-16 20:05:00,0.0,2.225,35.327299999999994,0.0
2026-07-16 20:06:00,0.0,2.9375,35.3054,0.0
2026-07-16 20:07:00,0.0,3.1625,35.3229,0.0
2026-07-16 20:08:00,0.0,2.5250000000000004,35.308099999999996,0.0
2026-07-16 20:09:00,0.0,3.3125,35.2668,0.0
2026-07-16 20:10:00,0.0,2.6375,35.2466,0.0
2026-07-16 20:11:00,0.0,2.7874999999999996,35.2638,0.0
2026-07-16 20:12:00,0.0,1.9625,35.2446,0.0
2026-07-16 20:13:00,0.0,2.225,35.2294,0.0
2026-07-16 20:14:00,0.0,2.075,35.2342,0.0
2026-07-16 20:15:00,0.0,2.8625,35.2522,0.0
2026-07-16 20:16:00,0.0,2.4125,35.2287,0.0
2026-07-16 20:17:00,0.0,2.3375,35.2371,0.0
2026-07-16 20:18:00,0.0,2.5625,35.2107,0.0
2026-07-16 20:19:00,0.0,2.825,35.21965,0.0
2026-07-16 20:20:00,0.0,2.7874999999999996,35.2102,0.0
2026-07-16 20:21:00,0.0,2.9749999999999996,35.19815,0.0
2026-07-16 20:22:00,0.0,2.7125,35.1799,0.0
2026-07-16 20:23:00,0.0,2.075,35.1616,0.0
2026-07-16 20:24:00,0.0,2.5250000000000004,35.1288,0.0
2026-07-16 20:25:00,0.0,2.75,35.147850000000005,0.0
2026-07-16 20:26:00,0.0,2.975,35.1529,0.0
2026-07-16 20:27:00,0.0,2.4875,35.12375,0.0
2026-07-16 20:28:00,0.0,3.05,35.1044,0.0
2026-07-16 20:29:00,0.0,2.4875,35.12155,0.0
2026-07-16 20:30:00,0.0,2.5625,35.11925,0.0
2026-07-16 20:31:00,0.0,2.15,35.115300000000005,0.0
2026-07-16 20:32:00,0.0,1.925,35.11285,0.0
2026-07-16 20:33:00,0.0,2.15,35.11005,0.0
2026-07-16 20:34:00,0.0,1.6625,35.07585,0.0
2026-07-16 20:35:00,0.0,1.925,35.0678,0.0
2026-07-16 20:36:00,0.0,2.075,35.05155,0.0
2026-07-16 20:37:00,0.0,2.0,35.025949999999995,0.0
2026-07-16 20:38:00,0.0,2.3,35.02365,0.0
2026-07-16 20:39:00,0.0,2.0374999999999996,34.976600000000005,0.0
2026-07-16 20:40:00,0.0,2.3,34.96255,0.0
2026-07-16 20:41:00,0.0,1.925,34.94745,0.0
2026-07-16 20:42:00,0.0,2.075,34.95635,0.0
2026-07-16 20:43:00,0.0,2.1875,34.94175,0.0
2026-07-16 20:44:00,0.0,2.0,34.9413,0.0
2026-07-16 20:45:00,0.0,1.8125,34.93715,0.0
2026-07-16 20:46:00,0.0,1.2125,34.922700000000006,0.0
2026-07-16 20:47:00,0.0,1.4,34.8964,0.0
2026-07-16 20:48:00,0.0,1.2125,34.91055,0.0
2026-07-16 20:49:00,0.0,1.8125,34.8969,0.0
2026-07-16 20:50:00,0.0,1.5499999999999998,34.875,0.0
2026-07-16 20:51:00,0.0,1.625,34.8458,0.0
2026-07-16 20:52:00,0.0,1.5875,34.8483,0.0
2026-07-16 20:53:00,0.0,1.7374999999999998,34.84545,0.0
2026-07-16 20:54:00,0.0,2.3,34.8484,0.0
2026-07-16 20:55:00,0.0,2.1875,34.85835,0.0
2026-07-16 20:56:00,0.0,2.0375,34.8511,0.0
2026-07-16 20:57:00,0.0,1.775,34.85685,0.0
2026-07-16 20:58:00,0.0,1.7,34.84525,0.0
2026-07-16 20:59:00,0.0,1.8125,34.820350000000005,0.0
2026-07-16 21:00:00,0.0,1.5499999999999998,34.813500000000005,0.0
2026-07-16 21:01:00,0.0,2.0375,34.8107,0.0
2026-07-16 21:02:00,0.0,1.475,34.802949999999996,0.0
2026-07-16 21:03:00,0.0,1.625,34.76465,0.0
2026-07-16 21:04:00,0.0,1.85,34.7738,0.0
2026-07-16 21:05:00,0.0,1.7,34.78375,0.0
2026-07-16 21:06:00,0.0,1.4,34.6932,0.0
2026-07-16 21:07:00,0.0,1.2875,34.67175,0.0
2026-07-16 21:08:00,0.0,1.475,34.65095,0.0
2026-07-16 21:09:00,0.0,1.9625,34.65415,0.0
2026-07-16 21:10:00,0.0,1.475,34.63385,0.0
2026-07-16 21:11:00,0.0,1.2875,34.631,0.0
2026-07-16 21:12:00,0.0,1.175,34.6426,0.0
2026-07-16 21:13:00,0.0,1.6625,34.6202,0.0
2026-07-16 21:14:00,0.0,1.625,34.62335,0.0
2026-07-16 21:15:00,0.0,1.5875,34.612399999999994,0.0
2026-07-16 21:16:00,0.0,1.625,34.6011,0.0
2026-07-16 21:17:00,0.0,1.6625,34.5826,0.0
2026-07-16 21:18:00,0.0,1.3250000000000002,34.5614,0.0
2026-07-16 21:19:00,0.0,1.55,34.5463,0.0
2026-07-16 21:20:00,0.0,1.5499999999999998,34.5328,0.0
2026-07-16 21:21:00,0.0,1.5875,34.5312,0.0
2026-07-16 21:22:00,0.0,1.6625,34.526650000000004,0.0
2026-07-16 21:23:00,0.0,1.25,34.52935,0.0
2026-07-16 21:24:00,0.0,1.6625,34.4767,0.0
2026-07-16 21:25:00,0.0,1.25,34.499849999999995,0.0
2026-07-16 21:26:00,0.0,1.325,34.4584,0.0
2026-07-16 21:27:00,0.0,1.6625,34.4423,0.0
2026-07-16 21:28:00,0.0,1.025,34.4637,0.0
2026-07-16 21:29:00,0.0,1.55,34.4518,0.0
2026-07-16 21:30:00,0.0,1.5125,34.4227,0.0
2026-07-16 21:31:00,0.0,1.7375,34.4509,0.0
2026-07-16 21:32:00,0.0,1.55,34.4328,0.0
2026-07-16 21:33:00,0.0,1.4375,34.4274,0.0
2026-07-16 21:34:00,0.0,1.4375,34.3893,0.0
2026-07-16 21:35:00,0.0,1.1,34.38455,0.0
2026-07-16 21:36:00,0.0,1.7374999999999998,34.3551,0.0
2026-07-16 21:37:00,0.0,1.5875,34.3589,0.0
2026-07-16 21:38:00,0.0,1.6625,34.347049999999996,0.0
2026-07-16 21:39:00,0.0,1.7000000000000002,34.34775,0.0
2026-07-16 21:40:00,0.0,1.8125,34.325900000000004,0.0
2026-07-16 21:41:00,0.0,1.775,34.308800000000005,0.0
2026-07-16 21:42:00,0.0,1.775,34.3244,0.0
2026-07-16 21:43:00,0.0,1.7,34.309250000000006,0.0
2026-07-16 21:44:00,0.0,1.55,34.28975,0.0
2026-07-16 21:45:00,0.0,1.625,34.284,0.0
2026-07-16 21:46:00,0.0,1.475,34.27505,0.0
2026-07-16 21:47:00,0.0,1.775,34.26065,0.0
2026-07-16 21:48:00,0.0,1.8125,34.2419,0.0
2026-07-16 21:49:00,0.0,1.5125000000000002,34.2394,0.0
2026-07-16 21:50:00,0.0,1.4375,34.225899999999996,0.0
2026-07-16 21:51:00,0.0,1.25,34.197500000000005,0.0
2026-07-16 21:52:00,0.0,1.7374999999999998,34.2111,0.0
2026-07-16 21:53:00,0.0,1.25,34.2288,0.0
2026-07-16 21:54:00,0.0,1.5875,34.2051,0.0
2026-07-16 21:55:00,0.0,1.775,34.21939999999999,0.0
2026-07-16 21:56:00,0.0,1.8125,34.1846,0.0
2026-07-16 21:57:00,0.0,1.4375,34.187,0.0
2026-07-16 21:58:00,0.0,1.625,34.182249999999996,0.0
2026-07-16 21:59:00,0.0,1.2125,34.17315,0.0
2026-07-16 22:00:00,0.0,1.3624999999999998,34.14,0.0
2026-07-16 22:01:00,0.0,1.625,34.1432,0.0
2026-07-16 22:02:00,0.0,1.55,34.11575,0.0
2026-07-16 22:03:00,0.0,1.625,34.098749999999995,0.0
2026-07-16 22:04:00,0.0,1.0625,34.06465,0.0
2026-07-16 22:05:00,0.0,1.175,34.052350000000004,0.0
2026-07-16 22:06:00,0.0,1.2875,34.0586,0.0
2026-07-16 22:07:00,0.0,1.6625,34.04505,0.0
2026-07-16 22:08:00,0.0,1.5499999999999998,33.983999999999995,0.0
2026-07-16 22:09:00,0.0,1.0625,33.992599999999996,0.0
2026-07-16 22:10:00,0.0,1.3625,33.9814,0.0
2026-07-16 22:11:00,0.0,1.55,33.97425,0.0
2026-07-16 22:12:00,0.0,1.25,33.94305,0.0
2026-07-16 22:13:00,0.0,1.4,33.93965,0.0
2026-07-16 22:14:00,0.0,1.625,33.9405,0.0
2026-07-16 22:15:00,0.0,1.0625,33.91205,0.0
2026-07-16 22:16:00,0.0,1.4375,33.8952,0.0
2026-07-16 22:17:00,0.0,1.5875,33.89645,0.0
2026-07-16 22:18:00,0.0,1.625,33.90375,0.0
2026-07-16 22:19:00,0.0,1.5499999999999998,33.915800000000004,0.0
2026-07-16 22:20:00,0.0,1.625,33.91675,0.0
2026-07-16 22:21:00,0.0,1.625,33.877750000000006,0.0
2026-07-16 22:22:00,0.0,1.55,33.863550000000004,0.0
2026-07-16 22:23:00,0.0,1.475,33.830200000000005,0.0
2026-07-16 22:24:00,0.0,1.6624999999999999,33.83375,0.0
2026-07-16 22:25:00,0.0,1.85,33.83285,0.0
2026-07-16 22:26:00,0.0,1.7,33.817750000000004,0.0
2026-07-16 22:27:00,0.0,1.2875,33.8014,0.0
2026-07-16 22:28:00,0.0,1.25,33.78545,0.0
2026-07-16 22:29:00,0.0,1.5125000000000002,33.7769,0.0
2026-07-16 22:30:00,0.0,1.7750000000000001,33.7715,0.0
2026-07-16 22:31:00,0.0,1.475,33.7586,0.0
2026-07-16 22:32:00,0.0,1.7000000000000002,33.72845,0.0
2026-07-16 22:33:00,0.0,1.3250000000000002,33.741150000000005,0.0
2026-07-16 22:34:00,0.0,1.3250000000000002,33.756150000000005,0.0
2026-07-16 22:35:00,0.0,1.55,33.7415,0.0
2026-07-16 22:36:00,0.0,1.775,33.72580000000001,0.0
2026-07-16 22:37:00,0.0,1.475,33.66485,0.0
2026-07-16 22:38:00,0.0,1.7,33.64385,0.0
2026-07-16 22:39:00,0.0,1.4375,33.596900000000005,0.0
2026-07-16 22:40:00,0.0,1.4375,33.5499,0.0
2026-07-16 22:41:00,0.0,2.15,33.51715,0.0
2026-07-16 22:42:00,0.0,1.85,33.5364,0.0
2026-07-16 22:43:00,0.0,1.6625,33.5064,0.0
2026-07-16 22:44:00,0.0,2.075,33.4804,0.0
2026-07-16 22:45:00,0.0,2.5625,33.499849999999995,0.0
2026-07-16 22:46:00,0.0,2.5625,33.49125,0.0
2026-07-16 22:47:00,0.0,2.3375,33.5017,0.0
2026-07-16 22:48:00,0.0,2.5625,33.458600000000004,0.0
2026-07-16 22:49:00,0.0,2.3,33.4942,0.0
2026-07-16 22:50:00,0.0,2.1125,33.5008,0.0
2026-07-16 22:51:00,0.0,1.925,33.4821,0.0
2026-07-16 22:52:00,0.0,2.3375000000000004,33.480850000000004,0.0
2026-07-16 22:53:00,0.0,2.0,33.4791,0.0
2026-07-16 22:54:00,0.0,2.1125,33.45685,0.0
2026-07-16 22:55:00,0.0,2.6375,33.4625,0.0
2026-07-16 22:56:00,0.0,2.8625,33.43885,0.0
2026-07-16 22:57:00,0.0,2.7125,33.45,0.0
2026-07-16 22:58:00,0.0,2.375,33.463750000000005,0.0
2026-07-16 22:59:00,0.0,2.5250000000000004,33.4475,0.0
2026-07-16 23:00:00,0.0,2.0375,33.45635,0.0
2026-07-16 23:01:00,0.0,2.375,33.43575,0.0
2026-07-16 23:02:00,0.0,2.5625,33.4275,0.0
2026-07-16 23:03:00,0.0,2.5250000000000004,33.435100000000006,0.0
2026-07-16 23:04:00,0.0,2.7125000000000004,33.4249,0.0
2026-07-16 23:05:00,0.0,2.6,33.414500000000004,0.0
2026-07-16 23:06:00,0.0,2.9375,33.4152,0.0
2026-07-16 23:07:00,0.0,3.3125,33.4116,0.0
2026-07-16 23:08:00,0.0,3.0125,33.40535,0.0
2026-07-16 23:09:00,0.0,2.5999999999999996,33.373549999999994,0.0
2026-07-16 23:10:00,0.0,2.375,33.3778,0.0
2026-07-16 23:11:00,0.0,2.8625000000000003,33.3477,0.0
2026-07-16 23:12:00,0.0,3.6875,33.366,0.0
2026-07-16 23:13:00,0.0,2.7125000000000004,33.3712,0.0
2026-07-16 23:14:00,0.0,2.1125,33.3417,0.0
2026-07-16 23:15:00,0.0,2.2625,33.335499999999996,0.0
2026-07-16 23:16:00,0.0,2.4125,33.339200000000005,0.0
2026-07-16 23:17:00,0.0,2.825,33.2675,0.0
2026-07-16 23:18:00,0.0,3.3125,33.24485,0.0
2026-07-16 23:19:00,0.0,2.7875,33.23775,0.0
2026-07-16 23:20:00,0.0,2.7125000000000004,33.2249,0.0
2026-07-16 23:21:00,0.0,2.3375,33.18755,0.0
2026-07-16 23:22:00,0.0,1.775,33.18415,0.0
2026-07-16 23:23:00,0.0,2.675,33.1486,0.0
2026-07-16 23:24:00,0.0,2.5625,33.131699999999995,0.0
2026-07-16 23:25:00,0.0,2.675,33.11335,0.0
2026-07-16 23:26:00,0.0,2.75,33.10655,0.0
2026-07-16 23:27:00,0.0,3.0125,33.08685,0.0
2026-07-16 23:28:00,0.0,2.3375,33.0681,0.0
2026-07-16 23:29:00,0.0,2.4875,33.04735,0.0
2026-07-16 23:30:00,0.0,2.45,33.02655,0.0
2026-07-16 23:31:00,0.0,3.2,32.9836,0.0
2026-07-16 23:32:00,0.0,2.5999999999999996,32.985150000000004,0.0
2026-07-16 23:33:00,0.0,3.2,32.95545,0.0
2026-07-16 23:34:00,0.0,2.9749999999999996,32.94645,0.0
2026-07-16 23:35:00,0.0,2.9749999999999996,32.94645,0.0
2026-07-16 23:36:00,0.0,3.2,32.9229,0.0
2026-07-16 23:37:00,0.0,3.5,32.90415,0.0
2026-07-16 23:38:00,0.0,2.75,32.9065,0.0
2026-07-16 23:39:00,0.0,3.125,32.69455,0.0
2026-07-16 23:40:00,0.0,2.525,32.682900000000004,0.0
2026-07-16 23:41:00,0.0,2.8625,32.65745,0.0
2026-07-16 23:42:00,0.0,2.825,32.60895,0.0
2026-07-16 23:43:00,0.0,2.375,32.5934,0.0
2026-07-16 23:44:00,0.0,2.3375000000000004,32.5948,0.0
2026-07-16 23:45:00,0.0,2.075,32.54605,0.0
2026-07-16 23:46:00,0.0,2.4875,32.55695,0.0
2026-07-16 23:47:00,0.0,2.075,32.51935,0.0
2026-07-16 23:48:00,0.0,1.85,32.486549999999994,0.0
2026-07-16 23:49:00,0.0,2.0,32.48265000000001,0.0
2026-07-16 23:50:00,0.0,2.0375,32.4803,0.0
2026-07-16 23:51:00,0.0,2.3,32.43845,0.0
2026-07-16 23:52:00,0.0,2.45,32.41395,0.0
2026-07-16 23:53:00,0.0,2.45,32.40745,0.0
2026-07-16 23:54:00,0.0,1.6625,32.4103,0.0
2026-07-16 23:55:00,0.0,2.3,32.397949999999994,0.0
2026-07-16 23:56:00,0.0,2.15,32.3973,0.0
2026-07-16 23:57:00,0.0,2.3,32.3784,0.0
2026-07-16 23:58:00,0.0,2.6375,32.377399999999994,0.0
2026-07-16 23:59:00,0.0,2.7125,32.35745,0.0
2026-07-17 00:00:00,0.0,2.6,32.2859,0.0
2026-07-17 00:01:00,0.0,2.9000000000000004,32.286249999999995,0.0
2026-07-17 00:02:00,0.0,2.675,32.27475,0.0
2026-07-17 00:03:00,0.0,2.375,32.21525,0.0
2026-07-17 00:04:00,0.0,2.675,32.19795,0.0
2026-07-17 00:05:00,0.0,2.075,32.2037,0.0
2026-07-17 00:06:00,0.0,2.0375,32.18455,0.0
2026-07-17 00:07:00,0.0,2.3,32.1934,0.0
2026-07-17 00:08:00,0.0,2.0,32.17505,0.0
2026-07-17 00:09:00,0.0,2.1125,32.13615,0.0
2026-07-17 00:10:00,0.0,2.3375,32.11885,0.0
2026-07-17 00:11:00,0.0,1.925,32.11835000000001,0.0
2026-07-17 00:12:00,0.0,2.45,32.08455,0.0
2026-07-17 00:13:00,0.0,2.075,32.0873,0.0
2026-07-17 00:14:00,0.0,2.2249999999999996,32.0652,0.0
2026-07-17 00:15:00,0.0,2.6375,32.058899999999994,0.0
2026-07-17 00:16:00,0.0,1.7,32.06385,0.0
2026-07-17 00:17:00,0.0,2.3,32.036500000000004,0.0
2026-07-17 00:18:00,0.0,3.0500000000000003,32.01735,0.0
2026-07-17 00:19:00,0.0,2.675,32.008449999999996,0.0
2026-07-17 00:20:00,0.0,2.4125,32.0185,0.0
2026-07-17 00:21:00,0.0,2.4875,32.0129,0.0
2026-07-17 00:22:00,0.0,3.65,31.9756,0.0
2026-07-17 00:23:00,0.0,2.9375,32.0019,0.0
2026-07-17 00:24:00,0.0,2.4125,31.9529,0.0
2026-07-17 00:25:00,0.0,2.9,31.95655,0.0
2026-07-17 00:26:00,0.0,2.6375,31.8673,0.0
2026-07-17 00:27:00,0.0,2.5625,31.8477,0.0
2026-07-17 00:28:00,0.0,2.075,31.820500000000003,0.0
2026-07-17 00:29:00,0.0,2.4875,31.8291,0.0
2026-07-17 00:30:00,0.0,2.9375,31.81185,0.0
2026-07-17 00:31:00,0.0,3.2,31.78245,0.0
2026-07-17 00:32:00,0.0,3.0875,31.788200000000003,0.0
2026-07-17 00:33:00,0.0,3.0125,31.790399999999998,0.0
2026-07-17 00:34:00,0.0,3.1624999999999996,31.72165,0.0
2026-07-17 00:35:00,0.0,3.3875,31.701050000000002,0.0
2026-07-17 00:36:00,0.0,3.05,31.635849999999998,0.0
2026-07-17 00:37:00,0.0,3.2,31.62975,0.0
2026-07-17 00:38:00,0.0,3.3125,31.569000000000003,0.0
2026-07-17 00:39:00,0.0,2.975,31.5489,0.0
2026-07-17 00:40:00,0.0,3.2,31.51125,0.0
2026-07-17 00:41:00,0.0,3.9875,31.473,0.0
2026-07-17 00:42:00,0.0,4.2875,31.4675,0.0
2026-07-17 00:43:00,0.0,3.5375,31.4238,0.0
2026-07-17 00:44:00,0.0,3.8,31.384349999999998,0.0
2026-07-17 00:45:00,0.0,3.5375,31.359099999999998,0.0
2026-07-17 00:46:00,0.0,2.9375,31.342950000000002,0.0
2026-07-17 00:47:00,0.0,2.9000000000000004,31.306350000000002,0.0
2026-07-17 00:48:00,0.0,3.2,31.257350000000002,0.0
2026-07-17 00:49:00,0.0,4.1375,31.271050000000002,0.0
2026-07-17 00:50:00,0.0,3.425,31.20665,0.0
2026-07-17 00:51:00,0.0,3.5374999999999996,31.19435,0.0
2026-07-17 00:52:00,0.0,2.8625,31.12745,0.0
2026-07-17 00:53:00,0.0,2.975,31.1389,0.0
2026-07-17 00:54:00,0.0,3.6125000000000003,31.1099,0.0
2026-07-17 00:55:00,0.0,3.0875000000000004,31.1057,0.0
2026-07-17 00:56:00,0.0,3.0875000000000004,31.1057,0.0
2026-07-17 00:57:00,0.0,4.362500000000001,31.08695,0.0
2026-07-17 00:58:00,0.0,3.425,31.002499999999998,0.0
2026-07-17 00:59:00,0.0,3.35,30.9803,0.0
2026-07-17 01:00:00,0.0,3.4625,30.948900000000002,0.0
2026-07-17 01:01:00,0.0,3.5375,30.992350000000002,0.0
2026-07-17 01:02:00,0.0,3.8375,30.916150000000002,0.0
2026-07-17 01:03:00,0.0,2.9,30.9218,0.0
2026-07-17 01:04:00,0.0,3.3874999999999997,30.88865,0.0
2026-07-17 01:05:00,0.0,4.025,30.884349999999998,0.0
2026-07-17 01:06:00,0.0,4.324999999999999,30.88185,0.0
2026-07-17 01:07:00,0.0,4.2125,30.8375,0.0
2026-07-17 01:08:00,0.0,3.8,30.8355,0.0
2026-07-17 01:09:00,0.0,4.8125,30.8612,0.0
2026-07-17 01:10:00,0.0,4.7,30.81015,0.0
2026-07-17 01:11:00,0.0,4.5125,30.78895,0.0
2026-07-17 01:12:00,0.0,4.7,30.780050000000003,0.0
2026-07-17 01:13:00,0.0,4.85,30.73825,0.0
2026-07-17 01:14:00,0.0,4.2125,30.74135,0.0
2026-07-17 01:15:00,0.0,3.875,30.7526,0.0
2026-07-17 01:16:00,0.0,4.475,30.7281,0.0
2026-07-17 01:17:00,0.0,4.0625,30.72145,0.0
2026-07-17 01:18:00,0.0,4.6625,30.65455,0.0
2026-07-17 01:19:00,0.0,4.175,30.6353,0.0
2026-07-17 01:20:00,0.0,4.6625,30.6466,0.0
2026-07-17 01:21:00,0.0,4.25,30.63295,0.0
2026-07-17 01:22:00,0.0,3.8375,30.5878,0.0
2026-07-17 01:23:00,0.0,4.625,30.54365,0.0
2026-07-17 01:24:00,0.0,4.0625,30.544400000000003,0.0
2026-07-17 01:25:00,0.0,3.875,30.53105,0.0
2026-07-17 01:26:00,0.0,3.6875,30.50215,0.0
2026-07-17 01:27:00,0.0,3.275,30.492199999999997,0.0
2026-07-17 01:28:00,0.0,4.025,30.49075,0.0
2026-07-17 01:29:00,0.0,3.7249999999999996,30.45485,0.0
2026-07-17 01:30:00,0.0,3.3125,30.46415,0.0
2026-07-17 01:31:00,0.0,4.1375,30.4636,0.0
2026-07-17 01:32:00,0.0,3.275,30.38005,0.0
2026-07-17 01:33:00,0.0,3.3125,30.3638,0.0
2026-07-17 01:34:00,0.0,3.4625,30.3564,0.0
2026-07-17 01:35:00,0.0,3.5,30.34975,0.0
2026-07-17 01:36:00,0.0,3.575,30.2785,0.0
2026-07-17 01:37:00,0.0,3.8375000000000004,30.27695,0.0
2026-07-17 01:38:00,0.0,4.025,30.26025,0.0
2026-07-17 01:39:00,0.0,4.3625,30.249,0.0
2026-07-17 01:40:00,0.0,3.5,30.18565,0.0
2026-07-17 01:41:00,0.0,4.5125,30.176650000000002,0.0
2026-07-17 01:42:00,0.0,5.0,30.128149999999998,0.0
2026-07-17 01:43:00,0.0,3.5,30.087850000000003,0.0
2026-07-17 01:44:00,0.0,4.8125,30.052300000000002,0.0
2026-07-17 01:45:00,0.0,4.6625,29.9907,0.0
2026-07-17 01:46:00,0.0,3.8375,29.9405,0.0
2026-07-17 01:47:00,0.0,3.8,29.935299999999998,0.0
2026-07-17 01:48:00,0.0,4.0625,29.93795,0.0
2026-07-17 01:49:00,0.0,4.475,29.9115,0.0
2026-07-17 01:50:00,0.0,4.775,29.8953,0.0
2026-07-17 01:51:00,0.0,3.2,29.9007,0.0
2026-07-17 01:52:00,0.0,3.425,29.814149999999998,0.0
2026-07-17 01:53:00,0.0,4.25,29.80215,0.0
2026-07-17 01:54:00,0.0,4.925,29.78955,0.0
2026-07-17 01:55:00,0.0,3.9125,29.78095,0.0
2026-07-17 01:56:00,0.0,3.9875,29.789,0.0
2026-07-17 01:57:00,0.0,3.6875,29.77365,0.0
2026-07-17 01:58:00,0.0,4.1375,29.753,0.0
2026-07-17 01:59:00,0.0,4.0625,29.76445,0.0
2026-07-17 02:00:00,0.0,3.7625,29.67605,0.0
2026-07-17 02:01:00,0.0,4.625,29.6652,0.0
2026-07-17 02:02:00,0.0,3.575,29.665149999999997,0.0
2026-07-17 02:03:00,0.0,4.175,29.64645,0.0
2026-07-17 02:04:00,0.0,4.5125,29.63685,0.0
2026-07-17 02:05:00,0.0,4.25,29.622799999999998,0.0
2026-07-17 02:06:00,0.0,3.6875,29.572200000000002,0.0
2026-07-17 02:07:00,0.0,4.0625,29.5542,0.0
2026-07-17 02:08:00,0.0,3.0875,29.5654,0.0
2026-07-17 02:09:00,0.0,3.5,29.52205,0.0
2026-07-17 02:10:00,0.0,3.5375,29.540399999999998,0.0
2026-07-17 02:11:00,0.0,3.5749999999999997,29.502000000000002,0.0
2026-07-17 02:12:00,0.0,4.475,29.4954,0.0
2026-07-17 02:13:00,0.0,3.95,29.4065,0.0
2026-07-17 02:14:00,0.0,4.775,29.40035,0.0
2026-07-17 02:15:00,0.0,4.25,29.38375,0.0
2026-07-17 02:16:00,0.0,4.325,29.3236,0.0
2026-07-17 02:17:00,0.0,3.5375,29.30695,0.0
2026-07-17 02:18:00,0.0,5.75,29.29215,0.0
2026-07-17 02:19:00,0.0,3.4625000000000004,29.2839,0.0
2026-07-17 02:20:00,0.0,3.6875,29.292099999999998,0.0
2026-07-17 02:21:00,0.0,4.025,29.250950000000003,0.0
2026-07-17 02:22:00,0.0,3.7625,29.235100000000003,0.0
2026-07-17 02:23:00,0.0,3.35,29.26145,0.0
2026-07-17 02:24:00,0.0,3.5375,29.242199999999997,0.0
2026-07-17 02:25:00,0.0,3.05,29.2539,0.0
2026-07-17 02:26:00,0.0,3.275,29.23425,0.0
2026-07-17 02:27:00,0.0,3.9125,29.191850000000002,0.0
2026-07-17 02:28:00,0.0,3.5374999999999996,29.181849999999997,0.0
2026-07-17 02:29:00,0.0,3.575,29.122799999999998,0.0
2026-07-17 02:30:00,0.0,3.8375000000000004,29.1284,0.0
2026-07-17 02:31:00,0.0,3.3125,29.121450000000003,0.0
2026-07-17 02:32:00,0.0,3.6500000000000004,29.087699999999998,0.0
2026-07-17 02:33:00,0.0,3.9875,29.07215,0.0
2026-07-17 02:34:00,0.0,3.9124999999999996,29.097450000000002,0.0
2026-07-17 02:35:00,0.0,3.8,29.0855,0.0
2026-07-17 02:36:00,0.0,3.3499999999999996,29.0537,0.0
2026-07-17 02:37:00,0.0,4.1,29.03555,0.0
2026-07-17 02:38:00,0.0,3.9125,29.0477,0.0
2026-07-17 02:39:00,0.0,4.5125,29.0171,0.0
2026-07-17 02:40:00,0.0,3.8375000000000004,29.0173,0.0
2026-07-17 02:41:00,0.0,3.6875,29.0179,0.0
2026-07-17 02:42:00,0.0,3.6875,28.98485,0.0
2026-07-17 02:43:00,0.0,3.3875,28.98535,0.0
2026-07-17 02:44:00,0.0,3.6875,28.97855,0.0
2026-07-17 02:45:00,0.0,3.9125,28.90785,0.0
2026-07-17 02:46:00,0.0,3.9875,28.8982,0.0
2026-07-17 02:47:00,0.0,4.1,28.87905,0.0
2026-07-17 02:48:00,0.0,3.65,28.868949999999998,0.0
2026-07-17 02:49:00,0.0,3.7625,28.81095,0.0
2026-07-17 02:50:00,0.0,4.1,28.818550000000002,0.0
2026-07-17 02:51:00,0.0,4.1375,28.78085,0.0
2026-07-17 02:52:00,0.0,3.2,28.77145,0.0
2026-07-17 02:53:00,0.0,3.05,28.79665,0.0
2026-07-17 02:54:00,0.0,3.35,28.7531,0.0
2026-07-17 02:55:00,0.0,3.875,28.7605,0.0
2026-07-17 02:56:00,0.0,3.3125,28.7622,0.0
2026-07-17 02:57:00,0.0,3.5375,28.76775,0.0
2026-07-17 02:58:00,0.0,3.3875,28.7299,0.0
2026-07-17 02:59:00,0.0,3.3875,28.7297,0.0
2026-07-17 03:00:00,0.0,3.275,28.73705,0.0
2026-07-17 03:01:00,0.0,2.825,28.73885,0.0
2026-07-17 03:02:00,0.0,2.9000000000000004,28.72565,0.0
2026-07-17 03:03:00,0.0,3.1625,28.7358,0.0
2026-07-17 03:04:00,0.0,3.6875,28.72615,0.0
2026-07-17 03:05:00,0.0,3.4625,28.6768,0.0
2026-07-17 03:06:00,0.0,3.3499999999999996,28.65045,0.0
2026-07-17 03:07:00,0.0,3.3875,28.62245,0.0
2026-07-17 03:08:00,0.0,2.75,28.6361,0.0
2026-07-17 03:09:00,0.0,2.9375,28.62825,0.0
2026-07-17 03:10:00,0.0,3.3875,28.619349999999997,0.0
2026-07-17 03:11:00,0.0,3.3875,28.63515,0.0
2026-07-17 03:12:00,0.0,4.4,28.60445,0.0
2026-07-17 03:13:00,0.0,3.0125,28.60455,0.0
2026-07-17 03:14:00,0.0,3.2750000000000004,28.60385,0.0
2026-07-17 03:15:00,0.0,3.4625000000000004,28.59695,0.0
2026-07-17 03:16:00,0.0,3.125,28.58865,0.0
2026-07-17 03:17:00,0.0,3.2750000000000004,28.5612,0.0
2026-07-17 03:18:00,0.0,3.5,28.55195,0.0
2026-07-17 03:19:00,0.0,3.575,28.53695,0.0
2026-07-17 03:20:00,0.0,3.7249999999999996,28.54215,0.0
2026-07-17 03:21:00,0.0,2.9749999999999996,28.5343,0.0
2026-07-17 03:22:00,0.0,3.1624999999999996,28.527900000000002,0.0
2026-07-17 03:23:00,0.0,3.0125,28.48485,0.0
2026-07-17 03:24:00,0.0,4.3625,28.45035,0.0
2026-07-17 03:25:00,0.0,3.425,28.4269,0.0
2026-07-17 03:26:00,0.0,3.2,28.42285,0.0
2026-07-17 03:27:00,0.0,4.1375,28.3693,0.0
2026-07-17 03:28:00,0.0,3.2375,28.36285,0.0
2026-07-17 03:29:00,0.0,3.3125,28.311950000000003,0.0
2026-07-17 03:30:00,0.0,2.8625,28.31075,0.0
2026-07-17 03:31:00,0.0,2.975,28.3141,0.0
2026-07-17 03:32:00,0.0,3.0875000000000004,28.289099999999998,0.0
2026-07-17 03:33:00,0.0,3.725,28.279,0.0
2026-07-17 03:34:00,0.0,3.9875,28.27855,0.0
2026-07-17 03:35:00,0.0,3.8,28.243499999999997,0.0
2026-07-17 03:36:00,0.0,4.7375,28.2511,0.0
2026-07-17 03:37:00,0.0,3.725,28.237949999999998,0.0
2026-07-17 03:38:00,0.0,3.7625,28.24275,0.0
2026-07-17 03:39:00,0.0,3.575,28.2402,0.0
2026-07-17 03:40:00,0.0,3.5375,28.2169,0.0
2026-07-17 03:41:00,0.0,3.875,28.21575,0.0
2026-07-17 03:42:00,0.0,3.8,28.212200000000003,0.0
2026-07-17 03:43:00,0.0,4.1375,28.20335,0.0
2026-07-17 03:44:00,0.0,3.9875,28.205849999999998,0.0
2026-07-17 03:45:00,0.0,4.025,28.1606,0.0
2026-07-17 03:46:00,0.0,3.95,28.1593,0.0
2026-07-17 03:47:00,0.0,3.725,28.11005,0.0
2026-07-17 03:48:00,0.0,3.575,28.1184,0.0
2026-07-17 03:49:00,0.0,2.75,28.108600000000003,0.0
2026-07-17 03:50:00,0.0,2.825,28.0706,0.0
2026-07-17 03:51:00,0.0,3.0125,28.08045,0.0
2026-07-17 03:52:00,0.0,3.2,28.09335,0.0
2026-07-17 03:53:00,0.0,3.875,28.0674,0.0
2026-07-17 03:54:00,0.0,3.5,28.01725,0.0
2026-07-17 03:55:00,0.0,3.2,28.0238,0.0
2026-07-17 03:56:00,0.0,2.6375,28.03065,0.0
2026-07-17 03:57:00,0.0,2.675,28.01775,0.0
2026-07-17 03:58:00,0.0,2.5625,27.9857,0.0
2026-07-17 03:59:00,0.0,2.7874999999999996,27.9954,0.0
2026-07-17 04:00:00,0.0,2.5625,27.996650000000002,0.0
2026-07-17 04:01:00,0.0,2.825,27.983800000000002,0.0
2026-07-17 04:02:00,0.0,2.75,27.9922,0.0
2026-07-17 04:03:00,0.0,3.2,27.9857,0.0
2026-07-17 04:04:00,0.0,3.3125,27.9879,0.0
2026-07-17 04:05:00,0.0,2.8625,27.959200000000003,0.0
2026-07-17 04:06:00,0.0,3.6125,27.940649999999998,0.0
2026-07-17 04:07:00,0.0,2.7875,27.917450000000002,0.0
2026-07-17 04:08:00,0.0,2.8625,27.93605,0.0
2026-07-17 04:09:00,0.0,2.675,27.9072,0.0
2026-07-17 04:10:00,0.0,4.25,27.89735,0.0
2026-07-17 04:11:00,0.0,3.6500000000000004,27.878549999999997,0.0
2026-07-17 04:12:00,0.0,3.95,27.8667,0.0
2026-07-17 04:13:00,0.0,4.3625,27.8455,0.0
2026-07-17 04:14:00,0.0,4.3625,27.8358,0.0
2026-07-17 04:15:00,0.0,4.325,27.837249999999997,0.0
2026-07-17 04:16:00,0.0,3.6875,27.8243,0.0
2026-07-17 04:17:00,0.0,2.9375,27.8138,0.0
2026-07-17 04:18:00,0.0,4.7375,27.7963,0.0
2026-07-17 04:19:00,0.0,4.625,27.80055,0.0
2026-07-17 04:20:00,0.0,4.475,27.787149999999997,0.0
2026-07-17 04:21:00,0.0,4.025,27.78285,0.0
2026-07-17 04:22:00,0.0,3.425,27.801000000000002,0.0
2026-07-17 04:23:00,0.0,4.2875,27.788899999999998,0.0
2026-07-17 04:24:00,0.0,3.2750000000000004,27.768,0.0
2026-07-17 04:25:00,0.0,3.7249999999999996,27.77205,0.0
2026-07-17 04:26:00,0.0,2.825,27.7592,0.0
2026-07-17 04:27:00,0.0,3.8,27.7491,0.0
2026-07-17 04:28:00,0.0,3.3875,27.728250000000003,0.0
2026-07-17 04:29:00,0.0,3.35,27.725749999999998,0.0
2026-07-17 04:30:00,0.0,2.8625,27.70605,0.0
2026-07-17 04:31:00,0.0,2.8625,27.730600000000003,0.0
2026-07-17 04:32:00,0.0,2.8625,27.7191,0.0
2026-07-17 04:33:00,0.0,2.9,27.7023,0.0
2026-07-17 04:34:00,0.0,3.2375,27.713700000000003,0.0
2026-07-17 04:35:00,0.0,3.3875,27.72455,0.0
2026-07-17 04:36:00,0.0,3.125,27.688499999999998,0.0
2026-07-17 04:37:00,0.0,2.5625,27.7088,0.0
2026-07-17 04:38:00,0.0,2.45,27.6995,0.0
2026-07-17 04:39:00,0.0,2.8625,27.67145,0.0
2026-07-17 04:40:00,0.0,2.9749999999999996,27.658700000000003,0.0
2026-07-17 04:41:00,0.0,3.425,27.67935,0.0
2026-07-17 04:42:00,0.0,4.325,27.66085,0.0
2026-07-17 04:43:00,0.0,4.025,27.65235,0.0
2026-07-17 04:44:00,0.0,3.425,27.62975,0.0
2026-07-17 04:45:00,0.0,3.875,27.644849999999998,0.0
2026-07-17 04:46:00,0.0,3.575,27.605150000000002,0.0
2026-07-17 04:47:00,0.0,3.8375,27.588500000000003,0.0
2026-07-17 04:48:00,0.0,3.8375,27.5955,0.0
2026-07-17 04:49:00,0.0,3.4625,27.60435,0.0
2026-07-17 04:50:00,0.0,3.9875,27.5747,0.0
2026-07-17 04:51:00,0.0,3.2375,27.57885,0.0
2026-07-17 04:52:00,0.0,3.8375000000000004,27.5447,0.0
2026-07-17 04:53:00,0.0,3.2,27.5803,0.0
2026-07-17 04:54:00,0.0,4.1,27.5706,0.0
2026-07-17 04:55:00,0.0,3.3499999999999996,27.56145,0.0
2026-07-17 04:56:00,0.0,2.7125000000000004,27.5434,0.0
2026-07-17 04:57:00,0.0,3.3499999999999996,27.5564,0.0
2026-07-17 04:58:00,0.0,3.575,27.5066,0.0
2026-07-17 04:59:00,0.0,3.425,27.490000000000002,0.0
2026-07-17 05:00:00,0.0,3.725,27.50255,0.0
2026-07-17 05:01:00,0.0,3.875,27.4974,0.0
2026-07-17 05:02:00,0.0,3.3125,27.4528,0.0
2026-07-17 05:03:00,0.0,3.65,27.452199999999998,0.0
2026-07-17 05:04:00,0.0,3.2,27.425400000000003,0.0
2026-07-17 05:05:00,0.0,3.6500000000000004,27.41955,0.0
2026-07-17 05:06:00,0.0,3.9875000000000003,27.3898,0.0
2026-07-17 05:07:00,0.0,3.275,27.38935,0.0
2026-07-17 05:08:00,0.0,3.5,27.3868,0.0
2026-07-17 05:09:00,0.0,3.5375,27.36625,0.0
2026-07-17 05:10:00,0.0,3.6875,27.3583,0.0
2026-07-17 05:11:00,0.0,3.2375,27.335749999999997,0.0
2026-07-17 05:12:00,0.0,2.9375,27.3297,0.0
2026-07-17 05:13:00,0.0,3.3875,27.340249999999997,0.0
2026-07-17 05:14:00,0.0,3.575,27.32065,0.0
2026-07-17 05:15:00,0.0,3.35,27.29925,0.0
2026-07-17 05:16:00,0.0,2.975,27.273049999999998,0.0
2026-07-17 05:17:00,0.0,3.0875,27.28435,0.0
2026-07-17 05:18:00,0.0,3.425,27.273699999999998,0.0
2026-07-17 05:19:00,0.0,3.7624999999999997,27.2682,0.0
2026-07-17 05:20:00,0.0,2.675,27.2365,0.0
2026-07-17 05:21:00,0.0,2.8625,27.25775,0.0
2026-07-17 05:22:00,0.0,2.3,27.2118,0.0
2026-07-17 05:23:00,0.0,3.0875000000000004,27.22705,0.0
2026-07-17 05:24:00,0.0,2.5999999999999996,27.236400000000003,0.0
2026-07-17 05:25:00,0.0,2.375,27.221200000000003,0.0
2026-07-17 05:26:00,0.0,2.4875,27.2235,0.0
2026-07-17 05:27:00,0.0,3.6125000000000003,27.21315,0.0
2026-07-17 05:28:00,0.0,3.275,27.210050000000003,0.0
2026-07-17 05:29:00,0.0,2.4125,27.19495,0.0
2026-07-17 05:30:00,0.0,3.125,27.193399999999997,0.0
2026-07-17 05:31:00,0.0,2.2249999999999996,27.20475,0.0
2026-07-17 05:32:00,0.0,2.9375,27.1817,0.0
2026-07-17 05:33:00,0.0,2.7874999999999996,27.1845,0.0
2026-07-17 05:34:00,0.0,2.4875,27.1824,0.0
2026-07-17 05:35:00,0.0,2.525,27.1976,0.0
2026-07-17 05:36:00,0.0,2.9375,27.19775,0.0
2026-07-17 05:37:00,0.0,2.4875,27.1819,0.0
2026-07-17 05:38:00,0.0,2.1125,27.186799999999998,0.0
2026-07-17 05:39:00,0.0,2.3,27.17005,0.0
2026-07-17 05:40:00,0.0,2.825,27.156,0.0
2026-07-17 05:41:00,0.0,2.4875,27.17495,0.0
2026-07-17 05:42:00,0.0,2.4125,27.1756,0.0
2026-07-17 05:43:00,0.0,2.375,27.15015,0.0
2026-07-17 05:44:00,0.0,2.1875,27.1428,0.0
2026-07-17 05:45:00,0.0,2.225,27.11005,0.0
2026-07-17 05:46:00,0.0,1.9625000000000001,27.1197,0.0
2026-07-17 05:47:00,0.0,2.0,27.10135,0.0
2026-07-17 05:48:00,0.0,2.225,27.1142,0.0
2026-07-17 05:49:00,0.0,2.0375,27.14405,0.0
2026-07-17 05:50:00,0.0,1.7375,27.103749999999998,0.0
2026-07-17 05:51:00,0.0,2.2625,27.095550000000003,0.0
2026-07-17 05:52:00,0.0,2.0375,27.1097,0.0
2026-07-17 05:53:00,0.0,2.1875,27.09485,0.0
2026-07-17 05:54:00,0.0,2.6375,27.10785,0.0
2026-07-17 05:55:00,0.0,2.0,27.06185,0.0
2026-07-17 05:56:00,0.0,2.3,27.0635,0.0
2026-07-17 05:57:00,0.0,2.1125,27.0704,0.0
2026-07-17 05:58:00,0.0,2.7125,27.0643,0.0
2026-07-17 05:59:00,0.0,2.4124999999999996,27.059849999999997,0.0
2026-07-17 06:00:00,0.0,2.825,27.0559,0.0
2026-07-17 06:01:00,0.0,2.45,27.0716,0.0
2026-07-17 06:02:00,0.0,3.5374999999999996,27.06205,0.0
2026-07-17 06:03:00,0.5,3.1625,27.02785,1.0
2026-07-17 06:04:00,0.5,3.3874999999999997,27.0213,1.0
2026-07-17 06:05:00,1.0,2.7125,27.01175,1.5
2026-07-17 06:06:00,1.0,2.9749999999999996,27.02015,1.5
2026-07-17 06:07:00,1.5,2.825,27.023699999999998,2.0
2026-07-17 06:08:00,1.5,3.1625,26.99765,2.0
2026-07-17 06:09:00,2.0,2.6375,27.017,2.5
2026-07-17 06:10:00,2.5,2.9375,27.005200000000002,3.0
2026-07-17 06:11:00,6.0,2.9,26.9925,5.5
2026-07-17 06:12:00,6.5,2.675,26.98515,6.5
2026-07-17 06:13:00,7.0,2.4125,26.9874,7.0
2026-07-17 06:14:00,7.5,2.4875,26.988100000000003,7.5
2026-07-17 06:15:00,10.0,1.8125,26.9751,9.5
2026-07-17 06:16:00,10.5,2.6375,26.9802,10.0
2026-07-17 06:17:00,12.0,2.375,26.967750000000002,12.0
2026-07-17 06:18:00,12.5,2.4125,26.975099999999998,12.0
2026-07-17 06:19:00,14.0,2.1500000000000004,26.9544,13.0
2026-07-17 06:20:00,14.5,2.7125,26.9533,14.0
2026-07-17 06:21:00,15.5,2.7875,26.9619,15.0
2026-07-17 06:22:00,15.5,2.3,26.9415,15.0
2026-07-17 06:23:00,16.0,2.4125,26.946350000000002,15.0
2026-07-17 06:24:00,16.0,2.975,26.9493,15.0
2026-07-17 06:25:00,16.5,2.6,26.974600000000002,16.0
2026-07-17 06:26:00,18.0,2.3,26.943849999999998,17.5
2026-07-17 06:27:00,19.0,2.3375,26.9288,18.5
2026-07-17 06:28:00,19.5,2.75,26.946399999999997,19.0
2026-07-17 06:29:00,22.5,2.9,26.9583,21.5
2026-07-17 06:30:00,23.0,2.2625,26.97,22.0
2026-07-17 06:31:00,24.0,2.1125,26.97445,23.5
2026-07-17 06:32:00,24.5,1.8875000000000002,26.95545,23.5
2026-07-17 06:33:00,26.5,1.8125,27.012050000000002,25.0
2026-07-17 06:34:00,27.0,2.3,26.9909,25.5
2026-07-17 06:35:00,28.5,2.1875,26.99785,27.0
2026-07-17 06:36:00,29.5,2.45,27.0006,27.5
2026-07-17 06:37:00,31.0,2.6375,27.01395,29.0
2026-07-17 06:38:00,32.0,2.0,27.01885,29.5
2026-07-17 06:39:00,32.0,2.5625,26.999299999999998,29.5
2026-07-17 06:40:00,32.0,2.7125,27.029049999999998,29.5
2026-07-17 06:41:00,32.0,2.7874999999999996,27.0256,30.0
2026-07-17 06:42:00,32.5,2.9,27.0304,30.0
2026-07-17 06:43:00,34.0,2.675,27.02655,31.5
2026-07-17 06:44:00,34.5,1.9625,27.06255,32.0
2026-07-17 06:45:00,35.0,1.8875,27.06455,32.5
2026-07-17 06:46:00,35.5,2.2249999999999996,27.059800000000003,33.5
2026-07-17 06:47:00,38.5,2.5625,27.0759,36.5
2026-07-17 06:48:00,40.5,2.4125,27.1145,38.0
2026-07-17 06:49:00,43.0,2.825,27.06895,41.5
2026-07-17 06:50:00,45.0,3.8375,27.0985,43.5
2026-07-17 06:51:00,49.0,3.9875,27.059150000000002,47.5
2026-07-17 06:52:00,52.0,2.5625,27.08275,49.5
2026-07-17 06:53:00,56.5,2.5625,27.1251,54.0
2026-07-17 06:54:00,58.5,2.4125,27.13335,55.5
2026-07-17 06:55:00,66.0,2.2625,27.1411,62.5
2026-07-17 06:56:00,70.0,3.275,27.16365,65.5
2026-07-17 06:57:00,75.0,2.75,27.1911,70.0
2026-07-17 06:58:00,78.5,2.375,27.1962,73.5
2026-07-17 06:59:00,84.5,1.85,27.2334,78.0
2026-07-17 07:00:00,89.0,2.2625,27.2342,81.5
2026-07-17 07:01:00,93.0,2.45,27.288800000000002,84.5
2026-07-17 07:02:00,95.0,2.7874999999999996,27.29985,86.5
2026-07-17 07:03:00,100.0,2.2625,27.35405,91.0
2026-07-17 07:04:00,102.0,2.0,27.363599999999998,92.5
2026-07-17 07:05:00,103.5,2.4125,27.364449999999998,94.0
2026-07-17 07:06:00,104.5,2.15,27.3885,95.0
2026-07-17 07:07:00,112.5,2.375,27.43045,102.5
2026-07-17 07:08:00,114.5,2.4875,27.4722,104.0
2026-07-17 07:09:00,118.0,2.45,27.488500000000002,107.5
2026-07-17 07:10:00,120.5,2.5625,27.47065,109.5
2026-07-17 07:11:00,122.5,2.7125,27.455849999999998,111.0
2026-07-17 07:12:00,124.0,2.225,27.4969,112.5
2026-07-17 07:13:00,131.0,3.425,27.566200000000002,119.5
2026-07-17 07:14:00,134.0,3.425,27.568550000000002,122.0
2026-07-17 07:15:00,135.5,3.4625000000000004,27.57395,123.0
2026-07-17 07:16:00,137.5,2.5625,27.542949999999998,125.0
2026-07-17 07:17:00,139.0,2.5625,27.5863,126.5
2026-07-17 07:18:00,140.5,2.5999999999999996,27.603299999999997,128.0
2026-07-17 07:19:00,149.5,2.4875,27.712,137.0
2026-07-17 07:20:00,151.5,2.675,27.715899999999998,138.5
2026-07-17 07:21:00,153.0,3.3875,27.73,140.0
2026-07-17 07:22:00,158.0,2.6375,27.7498,145.0
2026-07-17 07:23:00,159.5,2.0,27.75505,147.0
2026-07-17 07:24:00,164.5,2.5250000000000004,27.8214,151.0
2026-07-17 07:25:00,168.5,2.9375,27.8763,154.5
2026-07-17 07:26:00,171.0,3.275,27.87,157.0
2026-07-17 07:27:00,172.5,2.9749999999999996,27.8287,158.0
2026-07-17 07:28:00,178.5,3.2375000000000003,27.834899999999998,164.0
2026-07-17 07:29:00,183.0,2.6,27.855449999999998,168.0
2026-07-17 07:30:00,186.0,3.5375,27.863950000000003,171.0
2026-07-17 07:31:00,188.0,4.6625,27.877200000000002,173.5
2026-07-17 07:32:00,191.0,3.575,27.89295,176.0
2026-07-17 07:33:00,193.0,3.3875,27.8936,177.5
2026-07-17 07:34:00,198.5,3.6125,27.916600000000003,183.0
2026-07-17 07:35:00,201.0,4.0625,27.9514,185.0
2026-07-17 07:36:00,202.5,3.2,27.9379,186.5
2026-07-17 07:37:00,205.0,3.125,27.947899999999997,189.0
2026-07-17 07:38:00,211.5,2.3,27.97755,195.5
2026-07-17 07:39:00,214.0,2.9000000000000004,28.0519,198.0
2026-07-17 07:40:00,219.0,3.5375,28.0726,203.0
2026-07-17 07:41:00,221.0,3.575,28.05555,205.0
2026-07-17 07:42:00,225.0,3.9499999999999997,28.03275,208.5
2026-07-17 07:43:00,227.5,2.7125,28.03225,211.0
2026-07-17 07:44:00,230.0,3.3499999999999996,28.096049999999998,214.0
2026-07-17 07:45:00,233.0,2.675,28.11185,216.5
2026-07-17 07:46:00,238.5,3.575,28.20995,222.0
2026-07-17 07:47:00,242.0,3.575,28.19115,225.0
2026-07-17 07:48:00,246.0,3.3125,28.1558,229.0
2026-07-17 07:49:00,249.0,2.75,28.2153,232.0
2026-07-17 07:50:00,256.0,4.4375,28.249850000000002,238.5
2026-07-17 07:51:00,257.0,2.9,28.20055,240.0
2026-07-17 07:52:00,261.5,3.6125,28.347749999999998,244.0
2026-07-17 07:53:00,263.5,3.3499999999999996,28.3067,246.5
2026-07-17 07:54:00,267.0,3.125,28.38825,249.5
2026-07-17 07:55:00,268.5,3.4625,28.333,251.5
2026-07-17 07:56:00,273.5,3.05,28.33775,257.0
2026-07-17 07:57:00,277.0,5.1875,28.31355,260.0
2026-07-17 07:58:00,280.0,4.137499999999999,28.260199999999998,263.0
2026-07-17 07:59:00,282.5,3.8,28.261499999999998,266.0
2026-07-17 08:00:00,288.0,4.2125,28.3153,271.5
2026-07-17 08:01:00,291.0,4.362500000000001,28.2962,274.5
2026-07-17 08:02:00,293.0,3.9875000000000003,28.3018,276.5
2026-07-17 08:03:00,293.5,4.550000000000001,28.304949999999998,277.0
2026-07-17 08:04:00,295.5,4.25,28.34185,279.5
2026-07-17 08:05:00,297.0,3.6875,28.3285,280.5
2026-07-17 08:06:00,307.5,3.275,28.44935,292.0
2026-07-17 08:07:00,309.5,4.175,28.539299999999997,294.0
2026-07-17 08:08:00,316.0,2.9,28.539749999999998,300.5
2026-07-17 08:09:00,318.0,3.95,28.652,303.0
2026-07-17 08:10:00,320.5,2.8625,28.664250000000003,305.0
2026-07-17 08:11:00,322.5,3.875,28.6359,307.5
2026-07-17 08:12:00,331.5,3.2,28.71285,317.0
2026-07-17 08:13:00,334.0,3.3875,28.76745,319.0
2026-07-17 08:14:00,336.0,2.825,28.79785,321.5
2026-07-17 08:15:00,336.5,3.575,28.85355,322.0
2026-07-17 08:16:00,338.0,3.3125,28.79875,323.5
2026-07-17 08:17:00,340.5,4.175,28.85215,326.0
2026-07-17 08:18:00,350.5,4.7375,28.91705,337.5
2026-07-17 08:19:00,355.5,3.3875,28.8474,342.0
2026-07-17 08:20:00,359.0,4.1375,28.901249999999997,345.5
2026-07-17 08:21:00,362.0,4.025,28.818649999999998,348.5
2026-07-17 08:22:00,367.5,3.8375,28.961100000000002,354.0
2026-07-17 08:23:00,370.0,4.25,28.9896,357.0
2026-07-17 08:24:00,371.0,3.725,29.06055,359.0
2026-07-17 08:25:00,376.0,3.4625000000000004,29.0716,363.5
2026-07-17 08:26:00,380.5,4.5875,29.09285,368.0
2026-07-17 08:27:00,380.0,4.475,29.0627,367.5
2026-07-17 08:28:00,380.5,5.1875,29.01815,368.5
2026-07-17 08:29:00,382.0,4.4,29.0105,370.0
2026-07-17 08:30:00,386.0,3.3875,29.080399999999997,374.0
2026-07-17 08:31:00,387.0,3.6500000000000004,29.1144,375.0
2026-07-17 08:32:00,390.0,4.0625,29.1617,378.5
2026-07-17 08:33:00,391.0,3.95,29.1595,379.0
2026-07-17 08:34:00,405.5,3.5374999999999996,29.3548,395.0
2026-07-17 08:35:00,410.0,3.1625,29.3967,399.5
2026-07-17 08:36:00,412.5,3.875,29.566850000000002,402.0
2026-07-17 08:37:00,413.0,3.9875,29.57775,402.5
2026-07-17 08:38:00,419.5,3.7249999999999996,29.5747,409.0
2026-07-17 08:39:00,422.5,4.775,29.5963,412.0
2026-07-17 08:40:00,425.0,4.8875,29.497149999999998,415.5
2026-07-17 08:41:00,425.5,4.1375,29.522,416.0
2026-07-17 08:42:00,428.5,3.7249999999999996,29.4535,419.0
2026-07-17 08:43:00,434.0,4.3625,29.56955,424.5
2026-07-17 08:44:00,438.0,4.775,29.4345,428.5
2026-07-17 08:45:00,438.0,4.2125,29.36875,428.5
2026-07-17 08:46:00,444.0,3.7625,29.630049999999997,434.5
2026-07-17 08:47:00,448.5,5.4875,29.584899999999998,439.0
2026-07-17 08:48:00,450.5,3.5375,29.5484,441.0
2026-07-17 08:49:00,452.0,3.35,29.77555,443.0
2026-07-17 08:50:00,454.5,4.175,29.8413,445.0
2026-07-17 08:51:00,456.5,4.625,29.6569,447.0
2026-07-17 08:52:00,465.5,4.4,29.735799999999998,456.5
2026-07-17 08:53:00,469.5,4.2125,29.771250000000002,460.0
2026-07-17 08:54:00,471.0,4.8125,29.75105,462.0
2026-07-17 08:55:00,476.0,4.25,29.64445,466.5
2026-07-17 08:56:00,476.0,4.175,29.732,466.5
2026-07-17 08:57:00,478.0,4.775,29.69115,468.0
2026-07-17 08:58:00,482.5,5.0375,29.94085,472.5
2026-07-17 08:59:00,484.0,4.7375,29.9148,474.0
2026-07-17 09:00:00,486.0,3.125,29.9541,476.0
2026-07-17 09:01:00,489.5,3.125,30.0514,479.0
2026-07-17 09:02:00,496.5,4.5875,30.23155,486.0
2026-07-17 09:03:00,498.0,3.65,30.27835,487.0
2026-07-17 09:04:00,500.0,4.6625,30.2776,489.0
2026-07-17 09:05:00,501.5,4.2875,30.19445,490.5
2026-07-17 09:06:00,508.5,4.137499999999999,30.233249999999998,497.0
2026-07-17 09:07:00,509.0,4.1,30.16955,497.0
2026-07-17 09:08:00,512.5,4.512499999999999,30.1069,500.5
2026-07-17 09:09:00,514.0,3.6875,30.1419,502.0
2026-07-17 09:10:00,524.0,3.9124999999999996,30.299,510.5
2026-07-17 09:11:00,523.5,3.95,30.199849999999998,510.0
2026-07-17 09:12:00,530.0,4.475,30.26895,516.5
2026-07-17 09:13:00,532.5,4.1,30.32835,519.0
2026-07-17 09:14:00,535.0,4.887499999999999,30.3545,521.0
2026-07-17 09:15:00,537.0,4.512499999999999,30.41805,523.0
2026-07-17 09:16:00,541.0,4.025,30.4388,526.0
2026-07-17 09:17:00,544.5,4.6625,30.27475,529.5
2026-07-17 09:18:00,546.0,4.475,30.28655,531.0
2026-07-17 09:19:00,547.0,4.0625,30.50305,532.0
2026-07-17 09:20:00,549.5,4.475,30.535,533.5
2026-07-17 09:21:00,556.0,4.2125,30.3024,539.5
2026-07-17 09:22:00,558.0,4.9625,30.4456,541.5
2026-07-17 09:23:00,556.5,4.25,30.4152,540.0
2026-07-17 09:24:00,552.0,4.0625,30.38365,535.5
2026-07-17 09:25:00,562.0,4.175000000000001,30.394350000000003,545.0
2026-07-17 09:26:00,572.0,3.575,30.51575,554.0
2026-07-17 09:27:00,578.0,3.8375000000000004,30.6678,560.5
2026-07-17 09:28:00,579.0,4.175,30.71515,561.5
2026-07-17 09:29:00,580.0,3.7625,30.4127,561.5
2026-07-17 09:30:00,584.5,3.65,30.52745,565.5
2026-07-17 09:31:00,586.5,3.275,30.935699999999997,568.5
2026-07-17 09:32:00,587.0,2.9000000000000004,31.00365,568.5
2026-07-17 09:33:00,591.5,4.737500000000001,30.99815,572.0
2026-07-17 09:34:00,592.5,4.3625,30.868000000000002,573.5
2026-07-17 09:35:00,597.0,4.4,30.79635,577.5
2026-07-17 09:36:00,596.5,4.3625,30.66545,577.0
2026-07-17 09:37:00,607.0,4.3625,30.88315,587.5
2026-07-17 09:38:00,607.5,3.5375,30.9416,588.0
2026-07-17 09:39:00,610.5,4.6625,31.088050000000003,590.5
2026-07-17 09:40:00,611.0,4.6625,31.0593,590.5
2026-07-17 09:41:00,616.0,4.2875,30.757800000000003,596.0
2026-07-17 09:42:00,617.5,4.6625,30.85765,598.0
2026-07-17 09:43:00,626.0,3.9875,30.60235,606.0
2026-07-17 09:44:00,625.0,4.2125,30.56795,604.5
2026-07-17 09:45:00,630.5,3.875,30.777749999999997,610.0
2026-07-17 09:46:00,631.5,3.9124999999999996,30.953200000000002,610.5
2026-07-17 09:47:00,636.0,3.9124999999999996,31.1221,615.0
2026-07-17 09:48:00,636.5,3.8375,31.2344,615.5
2026-07-17 09:49:00,638.0,4.7375,31.25535,617.5
2026-07-17 09:50:00,643.0,5.3375,31.123150000000003,622.0
2026-07-17 09:51:00,647.0,4.475,30.97625,626.0
2026-07-17 09:52:00,648.5,4.4,31.04065,627.5
2026-07-17 09:53:00,654.0,4.512499999999999,31.153950000000002,633.0
2026-07-17 09:54:00,655.5,4.5875,31.209200000000003,635.0
2026-07-17 09:55:00,657.0,4.925,31.278350000000003,636.5
2026-07-17 09:56:00,659.5,4.175,31.3468,639.0
2026-07-17 09:57:00,660.5,4.6625,31.308,640.5
2026-07-17 09:58:00,661.5,3.8375,31.23505,641.5
2026-07-17 09:59:00,670.5,3.875,31.4987,651.0
2026-07-17 10:00:00,672.5,3.5,31.5349,653.5
2026-07-17 10:01:00,679.5,4.2875,31.381549999999997,660.5
2026-07-17 10:02:00,673.5,4.775,31.36025,655.0
2026-07-17 10:03:00,680.0,4.1375,31.49855,662.0
2026-07-17 10:04:00,681.5,5.074999999999999,31.450499999999998,663.5
2026-07-17 10:05:00,687.0,3.7249999999999996,31.39795,669.0
2026-07-17 10:06:00,686.5,3.8375000000000004,31.518749999999997,668.5
2026-07-17 10:07:00,686.0,3.8,31.440849999999998,668.5
2026-07-17 10:08:00,690.5,3.9125,31.554499999999997,673.5
2026-07-17 10:09:00,687.5,5.375,31.738500000000002,671.0
2026-07-17 10:10:00,691.0,4.1,31.67085,674.5
2026-07-17 10:11:00,700.0,4.025,31.993450000000003,685.0
2026-07-17 10:12:00,698.0,3.275,32.001,683.0
2026-07-17 10:13:00,694.5,4.7375,32.25135,680.0
2026-07-17 10:14:00,708.0,3.8000000000000003,32.3586,694.0
2026-07-17 10:15:00,706.5,4.775,32.48595,693.0
2026-07-17 10:16:00,708.0,4.625,32.2096,694.5
2026-07-17 10:17:00,709.0,4.475,31.99185,697.0
2026-07-17 10:18:00,714.0,3.875,32.0488,702.0
2026-07-17 10:19:00,706.5,3.6875,32.23775,694.5
2026-07-17 10:20:00,707.0,5.075,32.2844,695.5
2026-07-17 10:21:00,726.0,4.4375,32.01995,714.5
2026-07-17 10:22:00,722.0,3.9124999999999996,32.01535,711.5
2026-07-17 10:23:00,726.5,4.55,31.999950000000002,715.5
2026-07-17 10:24:00,727.0,4.9625,32.0441,716.5
2026-07-17 10:25:00,720.5,4.7,32.09415,711.0
2026-07-17 10:26:00,721.5,5.075,32.25305,712.0
2026-07-17 10:27:00,735.0,4.1375,32.11295,726.0
2026-07-17 10:28:00,736.5,4.175000000000001,32.2317,728.0
2026-07-17 10:29:00,735.5,3.2750000000000004,32.1263,727.0
2026-07-17 10:30:00,736.5,4.7,32.28315,728.0
2026-07-17 10:31:00,749.0,4.625,32.090599999999995,740.5
2026-07-17 10:32:00,745.0,5.3375,32.08385,737.0
2026-07-17 10:33:00,749.5,4.25,32.141549999999995,741.5
2026-07-17 10:34:00,752.5,4.4,32.22585,745.0
2026-07-17 10:35:00,751.0,4.2875,32.4403,744.0
2026-07-17 10:36:00,752.0,4.4375,32.5603,745.0
2026-07-17 10:37:00,753.5,3.7249999999999996,32.4206,747.0
2026-07-17 10:38:00,755.0,3.95,32.27895,748.0
2026-07-17 10:39:00,758.0,3.8,32.487899999999996,751.0
2026-07-17 10:40:00,756.0,4.4375,32.63605,749.5
2026-07-17 10:41:00,747.5,5.15,32.55825,741.0
2026-07-17 10:42:00,746.5,4.925,32.5182,740.0
2026-07-17 10:43:00,758.0,4.1,32.65285,751.5
2026-07-17 10:44:00,759.0,3.9499999999999997,32.63665,752.5
2026-07-17 10:45:00,759.0,4.2875,32.72725,752.0
2026-07-17 10:46:00,765.0,4.7,32.983000000000004,759.0
2026-07-17 10:47:00,768.5,4.5125,33.0409,761.5
2026-07-17 10:48:00,765.0,4.737500000000001,32.933499999999995,758.5
2026-07-17 10:49:00,779.0,5.825,32.8628,772.5
2026-07-17 10:50:00,780.0,5.525,32.8491,774.5
2026-07-17 10:51:00,773.5,4.625,32.70125,768.5
2026-07-17 10:52:00,779.0,6.2,32.705,773.0
2026-07-17 10:53:00,783.5,4.025,32.77515,777.0
2026-07-17 10:54:00,781.5,3.9875,32.79365,775.0
2026-07-17 10:55:00,782.5,5.1125,32.8483,776.0
2026-07-17 10:56:00,785.0,4.4,32.75995,778.0
2026-07-17 10:57:00,789.0,4.6625,32.89335,782.0
2026-07-17 10:58:00,791.0,5.0375,32.86525,784.5
2026-07-17 10:59:00,788.5,4.9625,32.8388,781.5
2026-07-17 11:00:00,789.5,4.7375,32.98345,782.0
2026-07-17 11:01:00,792.0,5.0,33.0434,784.5
2026-07-17 11:02:00,791.0,5.2625,32.9538,784.0
2026-07-17 11:03:00,780.0,5.075,33.0326,773.5
2026-07-17 11:04:00,785.5,5.262499999999999,33.19415,778.5
2026-07-17 11:05:00,789.0,5.2625,33.058049999999994,781.0
2026-07-17 11:06:00,810.0,2.7875,33.185900000000004,801.5
2026-07-17 11:07:00,805.5,3.3125,33.3437,797.5
2026-07-17 11:08:00,800.5,3.3125,33.50025,792.5
2026-07-17 11:09:00,801.0,3.7625,33.6502,792.5
2026-07-17 11:10:00,805.5,4.55,33.7821,796.5
2026-07-17 11:11:00,806.5,3.575,33.6411,797.0
2026-07-17 11:12:00,806.5,4.175000000000001,33.34495,797.0
2026-07-17 11:13:00,803.0,3.9125,33.5393,794.0
2026-07-17 11:14:00,806.5,5.0375,33.96315,797.0
2026-07-17 11:15:00,816.0,3.6500000000000004,33.67335,806.0
2026-07-17 11:16:00,814.0,3.8375000000000004,33.6492,804.0
2026-07-17 11:17:00,814.0,5.15,33.569100000000006,804.0
2026-07-17 11:18:00,811.5,5.225,33.7673,800.5
2026-07-17 11:19:00,809.0,5.074999999999999,33.8992,798.0
2026-07-17 11:20:00,817.0,4.8125,34.0561,805.5
2026-07-17 11:21:00,817.5,5.1125,33.943,805.0
2026-07-17 11:22:00,824.0,4.85,34.051950000000005,811.5
2026-07-17 11:23:00,823.0,3.9125,34.0437,810.5
2026-07-17 11:24:00,829.0,3.8,33.7511,816.0
2026-07-17 11:25:00,830.5,5.0375,33.867850000000004,818.0
2026-07-17 11:26:00,831.5,5.7875,33.8438,819.0
2026-07-17 11:27:00,827.0,5.1875,33.7342,814.5
2026-07-17 11:28:00,826.5,5.300000000000001,33.689099999999996,813.5
2026-07-17 11:29:00,823.5,4.0625,33.90735,811.5
2026-07-17 11:30:00,841.5,4.625,33.9065,828.0
2026-07-17 11:31:00,835.5,4.4375,33.911100000000005,821.0
2026-07-17 11:32:00,843.5,4.8875,34.05785,829.0
2026-07-17 11:33:00,841.5,5.1875,33.91585,827.0
2026-07-17 11:34:00,842.5,4.6625,33.9062,827.0
2026-07-17 11:35:00,846.5,3.9875,33.9607,831.0
2026-07-17 11:36:00,841.5,4.55,34.01515,826.0
2026-07-17 11:37:00,839.0,4.3625,33.888999999999996,823.0
2026-07-17 11:38:00,843.0,4.7,33.97555,827.5
2026-07-17 11:39:00,849.0,4.25,34.16235,833.0
2026-07-17 11:40:00,843.5,3.2375,34.31685,827.5
2026-07-17 11:41:00,848.0,3.5,34.633750000000006,831.5
2026-07-17 11:42:00,851.5,4.1,34.6344,835.0
2026-07-17 11:43:00,837.5,4.55,34.28315,820.5
2026-07-17 11:44:00,862.5,5.4875,34.14945,845.0
2026-07-17 11:45:00,859.5,4.625,34.28235,842.0
2026-07-17 11:46:00,860.0,4.6625,34.3951,843.0
2026-07-17 11:47:00,861.0,5.975,34.562749999999994,843.5
2026-07-17 11:48:00,865.5,4.25,34.2635,847.5
2026-07-17 11:49:00,853.5,5.375,34.1804,836.5
2026-07-17 11:50:00,865.0,4.512499999999999,34.1811,847.0
2026-07-17 11:51:00,864.5,5.525,34.339349999999996,846.5
2026-07-17 11:52:00,867.5,5.9,34.3095,849.0
2026-07-17 11:53:00,867.0,5.0375,34.3758,849.0
2026-07-17 11:54:00,867.5,5.637499999999999,34.468,849.5
2026-07-17 11:55:00,866.0,4.9625,34.43545,848.5
2026-07-17 11:56:00,868.5,4.324999999999999,34.2205,851.0
2026-07-17 11:57:00,871.0,3.65,34.11345,853.5
2026-07-17 11:58:00,866.5,4.512499999999999,34.1102,849.0
2026-07-17 11:59:00,861.5,5.15,34.224199999999996,844.5
2026-07-17 12:00:00,874.0,4.775,34.3557,856.5
2026-07-17 12:01:00,874.0,5.074999999999999,34.60165,857.0
2026-07-17 12:02:00,873.5,4.9625,34.50965,856.0
2026-07-17 12:03:00,870.0,4.699999999999999,34.5637,853.0
2026-07-17 12:04:00,874.0,3.9125,34.54475,857.0
2026-07-17 12:05:00,874.0,4.324999999999999,34.52205,857.5
2026-07-17 12:06:00,873.5,5.074999999999999,34.55625,857.0
2026-07-17 12:07:00,875.5,5.1125,34.555049999999994,859.0
2026-07-17 12:08:00,871.0,5.3,34.28425,854.5
2026-07-17 12:09:00,874.5,5.1875,34.3963,858.0
2026-07-17 12:10:00,890.5,3.8,34.87535,872.5
2026-07-17 12:11:00,892.5,4.5125,35.0407,875.0
2026-07-17 12:12:00,895.0,5.225,35.07340000000001,877.5
2026-07-17 12:13:00,891.0,4.2875,34.8267,874.0
2026-07-17 12:14:00,898.0,3.9875000000000003,34.803700000000006,881.0
2026-07-17 12:15:00,881.5,3.8375,34.6471,864.5
2026-07-17 12:16:00,905.0,6.125,34.64165,888.0
2026-07-17 12:17:00,898.5,5.225,34.76515,881.5
2026-07-17 12:18:00,892.5,5.1875,34.883300000000006,875.0
2026-07-17 12:19:00,898.0,6.3125,35.123149999999995,880.5
2026-07-17 12:20:00,900.0,4.7,35.01745,883.0
2026-07-17 12:21:00,903.5,5.15,35.168099999999995,886.0
2026-07-17 12:22:00,910.5,5.6375,35.1059,892.5
2026-07-17 12:23:00,909.0,5.825,34.9661,891.5
2026-07-17 12:24:00,908.5,5.2625,35.0677,891.0
2026-07-17 12:25:00,906.0,5.862500000000001,35.102000000000004,889.0
2026-07-17 12:26:00,906.0,5.487500000000001,35.1487,889.0
2026-07-17 12:27:00,906.0,5.15,35.01005,889.0
2026-07-17 12:28:00,909.0,4.25,35.1224,892.0
2026-07-17 12:29:00,909.0,4.1,35.0117,892.0
2026-07-17 12:30:00,908.0,4.362500000000001,35.02815,891.0
2026-07-17 12:31:00,906.0,5.6375,35.20125,890.0
2026-07-17 12:32:00,909.0,4.550000000000001,35.46025,893.0
2026-07-17 12:33:00,915.5,5.487500000000001,35.501949999999994,898.5
2026-07-17 12:34:00,932.0,4.4,35.179,913.5
2026-07-17 12:35:00,933.5,5.1125,35.082350000000005,916.0
2026-07-17 12:36:00,930.0,3.7625,34.96065,913.5
2026-07-17 12:37:00,925.0,4.175,34.946349999999995,908.5
2026-07-17 12:38:00,884.5,3.8375,34.8664,871.0
2026-07-17 12:39:00,841.0,3.3875,35.0487,826.0
2026-07-17 12:40:00,930.0,4.25,35.1947,911.5
2026-07-17 12:41:00,928.5,4.3625,35.346050000000005,908.5
2026-07-17 12:42:00,933.5,4.362500000000001,35.602199999999996,914.0
2026-07-17 12:43:00,935.5,5.300000000000001,35.7084,916.0
2026-07-17 12:44:00,933.5,4.325,35.50575,915.0
2026-07-17 12:45:00,938.0,5.0,35.4214,919.5
2026-07-17 12:46:00,936.0,3.3125,35.10625,918.0
2026-07-17 12:47:00,927.5,4.3625,35.141400000000004,910.0
2026-07-17 12:48:00,927.5,4.2875,35.532250000000005,908.5
2026-07-17 12:49:00,934.5,5.6,35.5401,914.0
2026-07-17 12:50:00,940.0,4.1375,35.69985,919.5
2026-07-17 12:51:00,946.5,4.9625,35.894149999999996,925.5
2026-07-17 12:52:00,945.0,5.3,35.832800000000006,924.0
2026-07-17 12:53:00,919.0,4.512499999999999,35.6053,898.5
2026-07-17 12:54:00,928.5,5.112500000000001,35.764250000000004,908.5
2026-07-17 12:55:00,924.0,5.9375,35.946,904.0
2026-07-17 12:56:00,934.0,4.775,35.68445,913.0
2026-07-17 12:57:00,927.0,4.4375,35.4829,906.5
2026-07-17 12:58:00,926.5,4.25,35.53685,906.0
2026-07-17 12:59:00,915.0,4.2125,35.647999999999996,894.0
2026-07-17 13:00:00,917.5,5.1875,35.956649999999996,895.5
2026-07-17 13:01:00,944.5,6.725,36.0373,921.0
2026-07-17 13:02:00,943.5,6.6125,36.01965,920.0
2026-07-17 13:03:00,956.5,4.5125,36.04345,933.0
2026-07-17 13:04:00,958.5,3.875,36.07765,934.0
2026-07-17 13:05:00,946.5,3.5375,36.06685,923.5
2026-07-17 13:06:00,919.5,3.5,36.2951,897.5
2026-07-17 13:07:00,895.0,5.375,36.3972,874.0
2026-07-17 13:08:00,881.5,4.5875,36.03245,861.5
2026-07-17 13:09:00,450.0,3.0125,35.8373,444.0
2026-07-17 13:10:00,873.0,5.075,35.889399999999995,850.5
2026-07-17 13:11:00,855.0,5.15,36.03015,833.0
2026-07-17 13:12:00,860.0,5.1875,36.04385,838.0
2026-07-17 13:13:00,849.5,5.225,35.919,828.0
2026-07-17 13:14:00,863.0,4.9625,35.76775,841.5
2026-07-17 13:15:00,857.0,4.0625,35.68545,836.5
2026-07-17 13:16:00,709.0,3.9499999999999997,35.5993,697.5
2026-07-17 13:17:00,953.0,4.775,35.921800000000005,928.0
2026-07-17 13:18:00,951.0,4.8125,35.94515,926.0
2026-07-17 13:19:00,959.0,4.7,36.015299999999996,933.5
2026-07-17 13:20:00,943.5,4.0625,36.078050000000005,917.5
2026-07-17 13:21:00,938.0,5.1125,36.300200000000004,912.0
2026-07-17 13:22:00,888.5,4.6625,36.38805,866.5
2026-07-17 13:23:00,926.5,4.925,36.1756,901.0
2026-07-17 13:24:00,907.5,5.3375,36.5038,882.5
2026-07-17 13:25:00,947.0,4.7,36.53385,921.0
2026-07-17 13:26:00,954.5,4.775,36.44225,927.5
2026-07-17 13:27:00,945.0,3.5375,36.300250000000005,918.0
2026-07-17 13:28:00,940.5,3.725,36.2041,914.0
2026-07-17 13:29:00,955.0,4.7,36.8442,927.5
2026-07-17 13:30:00,954.5,5.0,36.91355,927.0
2026-07-17 13:31:00,949.5,4.4,36.828450000000004,922.0
2026-07-17 13:32:00,939.5,3.95,36.91345,913.0
2026-07-17 13:33:00,920.0,4.5125,36.98765,894.5
2026-07-17 13:34:00,906.5,4.025,36.96235,881.5
2026-07-17 13:35:00,935.5,4.4,36.7305,908.0
2026-07-17 13:36:00,945.5,4.55,36.681349999999995,917.5
2026-07-17 13:37:00,934.0,5.375,36.43055,906.0
2026-07-17 13:38:00,935.5,4.4375,36.3093,906.0
2026-07-17 13:39:00,931.0,6.0875,36.5115,900.0
2026-07-17 13:40:00,825.0,4.625,36.57225,802.0
2026-07-17 13:41:00,889.5,4.325,36.533500000000004,863.0
2026-07-17 13:42:00,892.0,4.7375,36.431,865.5
2026-07-17 13:43:00,918.0,6.1625,36.3774,890.0
2026-07-17 13:44:00,925.0,5.6,36.6209,897.0
2026-07-17 13:45:00,925.5,5.0375,36.635850000000005,896.0
2026-07-17 13:46:00,935.0,5.1125,36.38235,904.5
2026-07-17 13:47:00,931.5,5.0375,36.508250000000004,901.5
2026-07-17 13:48:00,941.0,4.2125,36.59585,911.0
2026-07-17 13:49:00,927.0,4.9625,36.5533,897.5
2026-07-17 13:50:00,929.0,4.4375,36.5818,899.5
2026-07-17 13:51:00,923.5,4.3625,36.6259,892.5
2026-07-17 13:52:00,930.0,4.925,36.5497,898.5
2026-07-17 13:53:00,936.5,5.6,36.68985,904.0
2026-07-17 13:54:00,931.5,5.6375,36.75315,900.0
2026-07-17 13:55:00,917.5,5.0,36.393699999999995,886.0
2026-07-17 13:56:00,913.0,4.4,36.22795,882.0
2026-07-17 13:57:00,914.0,3.2,36.1044,882.5
2026-07-17 13:58:00,916.0,2.5625,36.22945,885.5
2026-07-17 13:59:00,905.5,4.325,36.7364,876.5
2026-07-17 14:00:00,911.5,4.5875,36.7612,882.5
2026-07-17 14:01:00,902.0,4.887499999999999,36.85165000000001,874.0
2026-07-17 14:02:00,916.5,5.6,36.8843,887.5
2026-07-17 14:03:00,896.5,4.325,37.086299999999994,867.0
2026-07-17 14:04:00,911.0,3.4625,37.2175,881.5
2026-07-17 14:05:00,905.5,3.35,37.2427,875.0
2026-07-17 14:06:00,902.5,3.875,37.60895,872.5
2026-07-17 14:07:00,929.0,4.5875,37.29735,897.0
2026-07-17 14:08:00,923.0,5.15,36.98325,892.0
2026-07-17 14:09:00,925.0,4.0625,37.1335,892.0
2026-07-17 14:10:00,911.0,4.325,37.0158,878.0
2026-07-17 14:11:00,919.5,5.1875,37.453900000000004,887.0
2026-07-17 14:12:00,911.5,4.4375,37.420950000000005,880.0
2026-07-17 14:13:00,903.0,3.35,37.45,872.5
2026-07-17 14:14:00,889.0,4.6625,37.34825,860.0
2026-07-17 14:15:00,901.5,4.6625,37.4382,873.0
2026-07-17 14:16:00,909.5,4.25,37.404250000000005,880.0
2026-07-17 14:17:00,907.0,3.5374999999999996,37.4266,878.0
2026-07-17 14:18:00,901.5,3.5375,37.65025,873.0
2026-07-17 14:19:00,897.0,3.9125,37.81465,869.0
2026-07-17 14:20:00,898.5,4.2875,37.585499999999996,870.0
2026-07-17 14:21:00,885.5,5.0375,37.504999999999995,857.5
2026-07-17 14:22:00,885.5,4.625,37.1646,857.0
2026-07-17 14:23:00,885.5,3.7625,37.331050000000005,857.0
2026-07-17 14:24:00,889.0,3.5374999999999996,37.3853,860.5
2026-07-17 14:25:00,875.0,3.7624999999999997,37.33735,847.0
2026-07-17 14:26:00,882.5,4.025,37.266099999999994,855.0
2026-07-17 14:27:00,879.5,4.7375,37.11405,851.5
2026-07-17 14:28:00,897.0,4.625,37.099149999999995,869.5
2026-07-17 14:29:00,900.0,5.075,37.098600000000005,872.5
2026-07-17 14:30:00,834.0,4.4,37.11525,809.5
2026-07-17 14:31:00,884.5,3.9875000000000003,37.00675,857.0
2026-07-17 14:32:00,795.5,4.5875,37.2024,771.0
2026-07-17 14:33:00,878.0,3.5,37.2731,849.0
2026-07-17 14:34:00,874.5,3.575,37.192449999999994,846.5
2026-07-17 14:35:00,877.0,3.2,37.197599999999994,849.5
2026-07-17 14:36:00,879.0,5.487500000000001,37.2993,852.5
2026-07-17 14:37:00,876.0,3.6875,37.176249999999996,849.5
2026-07-17 14:38:00,880.0,4.2875,37.29345,853.5
2026-07-17 14:39:00,871.0,4.8125,37.54575,845.0
2026-07-17 14:40:00,867.0,4.625,37.28545,840.5
2026-07-17 14:41:00,866.0,4.925000000000001,37.41345,839.5
2026-07-17 14:42:00,858.5,4.925000000000001,37.17615,832.5
2026-07-17 14:43:00,866.5,4.025,37.238749999999996,841.0
2026-07-17 14:44:00,872.0,3.8,37.059799999999996,846.5
2026-07-17 14:45:00,856.5,2.825,37.04415,831.0
2026-07-17 14:46:00,843.0,3.6875,37.336749999999995,818.0
2026-07-17 14:47:00,853.5,4.2125,37.36695,828.5
2026-07-17 14:48:00,858.0,5.1875,37.3568,831.5
2026-07-17 14:49:00,855.0,4.925000000000001,37.29,829.0
2026-07-17 14:50:00,847.5,4.3625,37.582800000000006,821.5
2026-07-17 14:51:00,849.5,3.2,37.318349999999995,825.0
2026-07-17 14:52:00,847.5,3.3875,37.4924,824.0
2026-07-17 14:53:00,855.0,4.4,37.3883,831.5
2026-07-17 14:54:00,845.5,4.1,37.17685,823.0
2026-07-17 14:55:00,841.5,5.1125,37.40565,820.0
2026-07-17 14:56:00,849.0,4.475,37.373400000000004,826.5
2026-07-17 14:57:00,856.5,4.2125,37.35825,833.5
2026-07-17 14:58:00,849.0,3.8375000000000004,37.325649999999996,826.0
2026-07-17 14:59:00,844.0,4.55,37.361850000000004,820.5
2026-07-17 15:00:00,628.5,5.225,37.219350000000006,613.0
2026-07-17 15:01:00,843.0,4.85,37.266549999999995,819.0
2026-07-17 15:02:00,848.0,4.475,37.3955,824.0
2026-07-17 15:03:00,845.0,4.9625,37.664100000000005,821.0
2026-07-17 15:04:00,843.5,4.5125,37.4187,820.5
2026-07-17 15:05:00,842.0,4.6625,37.2808,819.0
2026-07-17 15:06:00,834.5,4.925000000000001,37.52645,812.5
2026-07-17 15:07:00,832.0,3.5,37.657,811.0
2026-07-17 15:08:00,832.0,4.55,37.86645,810.5
2026-07-17 15:09:00,835.5,5.7875,37.792249999999996,813.5
2026-07-17 15:10:00,836.5,4.475,37.6288,813.0
2026-07-17 15:11:00,822.0,3.8,37.79475,799.0
2026-07-17 15:12:00,815.5,3.875,37.60405,792.0
2026-07-17 15:13:00,813.5,5.5625,37.7003,790.0
2026-07-17 15:14:00,792.0,3.9875,37.418,767.0
2026-07-17 15:15:00,795.0,4.625,37.360749999999996,770.5
2026-07-17 15:16:00,794.0,5.075,37.47585,769.5
2026-07-17 15:17:00,784.0,5.225,37.571749999999994,759.5
2026-07-17 15:18:00,777.0,3.35,37.480149999999995,752.5
2026-07-17 15:19:00,784.0,3.3125,37.45245,759.5
2026-07-17 15:20:00,777.0,3.35,37.531099999999995,753.0
2026-07-17 15:21:00,772.5,4.85,37.5304,748.0
2026-07-17 15:22:00,772.5,3.875,37.59435,748.0
2026-07-17 15:23:00,773.5,2.8625,37.4724,749.0
2026-07-17 15:24:00,766.0,3.6875,37.43655,742.0
2026-07-17 15:25:00,764.0,3.875,37.474199999999996,739.5
2026-07-17 15:26:00,762.5,4.5125,37.43835,738.0
2026-07-17 15:27:00,763.0,3.3875,37.453900000000004,739.0
2026-07-17 15:28:00,762.5,3.2,37.7797,738.5
2026-07-17 15:29:00,761.5,2.5625,37.770849999999996,737.0
2026-07-17 15:30:00,763.5,2.675,37.7508,739.0
2026-07-17 15:31:00,760.5,4.475,37.83,735.5
2026-07-17 15:32:00,761.5,3.4625,37.686099999999996,736.5
2026-07-17 15:33:00,747.5,4.0625,37.693349999999995,724.0
2026-07-17 15:34:00,753.5,3.9875,37.5332,729.5
2026-07-17 15:35:00,753.0,3.8,37.54375,728.5
2026-07-17 15:36:00,747.0,3.3875,37.6725,722.5
2026-07-17 15:37:00,750.0,3.0125,37.75835,725.5
2026-07-17 15:38:00,748.0,3.8375,37.84065,723.5
2026-07-17 15:39:00,747.5,3.425,37.643699999999995,723.0
2026-07-17 15:40:00,747.5,3.9125,37.6181,723.5
2026-07-17 15:41:00,745.5,3.725,37.72755,721.5
2026-07-17 15:42:00,740.5,3.3125,37.63595,716.0
2026-07-17 15:43:00,735.0,3.0875,37.6657,710.5
2026-07-17 15:44:00,626.0,3.575,37.70895,604.0
2026-07-17 15:45:00,736.5,3.9125,37.72635,711.5
2026-07-17 15:46:00,742.0,3.875,37.62215,716.5
2026-07-17 15:47:00,741.5,2.9,37.56635,715.5
2026-07-17 15:48:00,733.0,3.0875,37.6363,708.0
2026-07-17 15:49:00,736.0,4.1,37.9416,710.5
2026-07-17 15:50:00,730.5,3.6125,37.73665,705.5
2026-07-17 15:51:00,729.5,3.725,37.7418,704.0
2026-07-17 15:52:00,725.5,3.575,37.9036,700.5
2026-07-17 15:53:00,726.0,2.9375,37.96965,701.0
2026-07-17 15:54:00,724.0,2.375,37.92845,699.0
2026-07-17 15:55:00,727.0,2.7875,37.9885,702.0
2026-07-17 15:56:00,726.0,3.125,37.872299999999996,700.5
2026-07-17 15:57:00,723.5,3.1625,37.873149999999995,698.5
2026-07-17 15:58:00,727.5,3.7625,37.920249999999996,702.5
2026-07-17 15:59:00,728.0,3.5375,37.83995,703.0
2026-07-17 16:00:00,726.0,3.6125,37.880250000000004,700.0
2026-07-17 16:01:00,723.5,4.1,37.899249999999995,697.0
2026-07-17 16:02:00,715.5,4.1,37.7399,688.5
2026-07-17 16:03:00,711.0,3.4625,37.57795,684.0
2026-07-17 16:04:00,711.5,3.425,37.940349999999995,684.5
2026-07-17 16:05:00,710.0,2.9,37.990700000000004,683.0
2026-07-17 16:06:00,710.5,3.65,38.04375,683.0
2026-07-17 16:07:00,707.0,3.6125,37.958349999999996,680.0
2026-07-17 16:08:00,703.5,4.2125,37.85165,676.0
2026-07-17 16:09:00,704.0,4.7375,37.707750000000004,676.5
2026-07-17 16:10:00,705.5,4.1,37.748599999999996,678.0
2026-07-17 16:11:00,703.0,3.35,37.7802,676.0
2026-07-17 16:12:00,700.0,4.55,37.911249999999995,673.0
2026-07-17 16:13:00,697.0,4.55,37.604,670.0
2026-07-17 16:14:00,694.5,3.65,37.45595,669.0
2026-07-17 16:15:00,690.5,3.9125,37.403549999999996,668.0
2026-07-17 16:16:00,678.5,3.2375,37.2937,666.5
2026-07-17 16:17:00,669.5,3.3125,37.50335,666.0
2026-07-17 16:18:00,653.0,3.95,37.6871,661.5
2026-07-17 16:19:00,634.5,3.2375,37.7196,657.0
2026-07-17 16:20:00,619.5,3.0125,37.5379,654.5
2026-07-17 16:21:00,602.0,3.0875,37.41675,654.5
2026-07-17 16:22:00,588.5,2.4125,37.56565,653.5
2026-07-17 16:23:00,574.0,3.1625,37.78725,639.0
2026-07-17 16:24:00,531.5,3.875,37.46955,516.5
2026-07-17 16:25:00,575.5,4.4,37.56565,649.0
2026-07-17 16:26:00,582.0,3.1625,37.6029,647.5
2026-07-17 16:27:00,589.0,3.2,37.702749999999995,645.0
2026-07-17 16:28:00,600.5,2.3375,37.6575,638.5
2026-07-17 16:29:00,615.0,2.975,37.76155,640.0
2026-07-17 16:30:00,626.5,3.425,37.6438,643.0
2026-07-17 16:31:00,641.0,2.7125,37.61335,645.0
2026-07-17 16:32:00,647.0,4.025,37.7662,642.5
2026-07-17 16:33:00,652.0,4.1375,37.6903,637.0
2026-07-17 16:34:00,653.0,3.425,37.52705,632.5
2026-07-17 16:35:00,655.5,3.0875,37.413650000000004,631.0
2026-07-17 16:36:00,659.0,2.7875,37.555350000000004,632.5
2026-07-17 16:37:00,660.5,3.5,37.579750000000004,633.0
2026-07-17 16:38:00,662.0,3.5375,37.5275,633.5
2026-07-17 16:39:00,661.5,3.125,37.4821,632.5
2026-07-17 16:40:00,660.0,3.1625,37.551500000000004,630.5
2026-07-17 16:41:00,656.5,4.25,37.61905,626.0
2026-07-17 16:42:00,651.0,5.2625,37.50975,620.5
2026-07-17 16:43:00,650.0,3.7625,37.48555,619.5
2026-07-17 16:44:00,652.0,3.8,37.6525,621.0
2026-07-17 16:45:00,652.0,3.3125,37.688900000000004,620.5
2026-07-17 16:46:00,649.5,3.95,37.63885,617.0
2026-07-17 16:47:00,644.0,3.3125,37.7022,611.5
2026-07-17 16:48:00,640.5,3.0125,37.7198,608.0
2026-07-17 16:49:00,636.5,2.825,37.7329,604.5
2026-07-17 16:50:00,634.5,2.3375,37.884299999999996,602.0
2026-07-17 16:51:00,632.0,4.7375,38.00375,599.5
2026-07-17 16:52:00,630.5,4.1,37.71865,597.0
2026-07-17 16:53:00,624.0,3.2375,37.74915,591.5
2026-07-17 16:54:00,623.5,3.725,37.7398,590.5
2026-07-17 16:55:00,610.0,3.2375,37.57655,577.5
2026-07-17 16:56:00,556.5,3.9875,37.705600000000004,526.5
2026-07-17 16:57:00,512.0,3.7625,37.59525,490.0
2026-07-17 16:58:00,617.5,4.175,37.5002,583.5
2026-07-17 16:59:00,622.0,4.0625,37.47495,587.0
2026-07-17 17:00:00,613.5,3.4625,37.482749999999996,579.5
2026-07-17 17:01:00,609.5,3.8,37.5574,575.0
2026-07-17 17:02:00,606.0,4.175,37.5703,571.5
2026-07-17 17:03:00,601.5,3.7625,37.582449999999994,566.5
2026-07-17 17:04:00,599.5,2.975,37.6178,565.0
2026-07-17 17:05:00,419.5,2.9,37.878699999999995,377.0
2026-07-17 17:06:00,422.5,3.6125,37.87765,379.5
2026-07-17 17:07:00,422.5,2.7874999999999996,37.8049,378.5
2026-07-17 17:08:00,418.5,3.3875,37.85935,374.5
2026-07-17 17:09:00,415.5,3.575,37.75905,371.0
2026-07-17 17:10:00,410.5,4.025,37.7581,366.0
2026-07-17 17:11:00,396.0,3.4625,37.5535,350.0
2026-07-17 17:12:00,393.0,3.0125,37.62375,345.5
2026-07-17 17:13:00,391.5,4.1,37.8331,340.5
2026-07-17 17:14:00,390.5,4.8125,37.735150000000004,337.5
2026-07-17 17:15:00,388.0,4.0625,37.60995,331.5
2026-07-17 17:16:00,385.5,3.2750000000000004,37.673100000000005,325.5
2026-07-17 17:17:00,384.0,4.1,37.67915,320.0
2026-07-17 17:18:00,382.0,3.425,37.692,312.5
2026-07-17 17:19:00,376.5,2.675,37.587950000000006,303.0
2026-07-17 17:20:00,374.0,3.2750000000000004,37.7169,295.5
2026-07-17 17:21:00,369.0,4.3625,37.696600000000004,288.0
2026-07-17 17:22:00,365.0,4.9625,37.6549,281.5
2026-07-17 17:23:00,362.5,3.4625,37.31265,274.0
2026-07-17 17:24:00,361.5,4.1375,37.4058,269.5
2026-07-17 17:25:00,359.0,4.925,37.491150000000005,264.5
2026-07-17 17:26:00,357.0,3.6875,37.3108,262.0
2026-07-17 17:27:00,354.5,3.8,37.37115,259.0
2026-07-17 17:28:00,352.5,4.7,37.364000000000004,256.5
2026-07-17 17:29:00,350.5,4.325,37.36855,255.0
2026-07-17 17:30:00,350.5,4.5875,37.37445,254.0
2026-07-17 17:31:00,349.0,3.1624999999999996,37.288250000000005,253.5
2026-07-17 17:32:00,347.0,3.0875,37.4404,253.0
2026-07-17 17:33:00,347.5,5.45,37.50465,253.5
2026-07-17 17:34:00,345.0,4.7,37.5433,253.5
2026-07-17 17:35:00,343.0,4.55,37.4592,251.0
2026-07-17 17:36:00,340.0,4.8125,37.4371,249.0
2026-07-17 17:37:00,311.5,4.512499999999999,37.49535,222.5
2026-07-17 17:38:00,301.0,4.5875,37.521550000000005,219.5
2026-07-17 17:39:00,305.0,4.475,37.37245,219.0
2026-07-17 17:40:00,305.0,5.074999999999999,37.37965,218.5
2026-07-17 17:41:00,304.0,5.449999999999999,37.29115,218.0
2026-07-17 17:42:00,304.0,4.5875,37.238550000000004,217.5
2026-07-17 17:43:00,288.0,3.875,37.20435,203.5
2026-07-17 17:44:00,280.0,3.7625,37.33,199.0
2026-07-17 17:45:00,229.0,3.575,37.29545,193.0
2026-07-17 17:46:00,237.0,4.2875,37.20905,193.0
2026-07-17 17:47:00,234.0,4.2875,37.00795,166.5
2026-07-17 17:48:00,273.0,2.9,36.92785,194.0
2026-07-17 17:49:00,279.5,3.3125,36.9751,198.5
2026-07-17 17:50:00,277.0,3.7625,37.07825,198.0
2026-07-17 17:51:00,272.0,4.1,37.160399999999996,196.5
2026-07-17 17:52:00,268.5,4.925000000000001,37.160849999999996,196.0
2026-07-17 17:53:00,267.5,5.15,37.07635,198.0
2026-07-17 17:54:00,267.0,3.575,37.039500000000004,201.5
2026-07-17 17:55:00,265.0,3.2750000000000004,37.067949999999996,206.5
2026-07-17 17:56:00,263.5,3.575,37.135999999999996,211.5
2026-07-17 17:57:00,261.5,3.2375,37.1707,212.0
2026-07-17 17:58:00,258.0,3.575,37.16745,210.0
2026-07-17 17:59:00,233.0,3.875,37.5032,187.5
2026-07-17 18:00:00,232.5,3.4625,37.3259,186.0
2026-07-17 18:01:00,232.0,3.65,37.24055,184.5
2026-07-17 18:02:00,231.5,4.0625,37.1945,183.0
2026-07-17 18:03:00,230.5,4.025,37.192750000000004,180.5
2026-07-17 18:04:00,223.5,2.4125,37.24209999999999,173.5
2026-07-17 18:05:00,217.5,3.1625,37.24185,167.0
2026-07-17 18:06:00,216.0,3.2375000000000003,37.1826,165.5
2026-07-17 18:07:00,210.0,3.3875,37.09825,159.5
2026-07-17 18:08:00,206.5,2.45,37.0556,157.0
2026-07-17 18:09:00,202.0,3.9875,37.06995,152.5
2026-07-17 18:10:00,199.0,4.4375,37.195049999999995,151.0
2026-07-17 18:11:00,196.5,3.875,37.1596,150.5
2026-07-17 18:12:00,193.5,3.3125,37.14345,150.0
2026-07-17 18:13:00,185.5,3.05,37.04155,144.0
2026-07-17 18:14:00,185.0,2.4124999999999996,37.0697,144.5
2026-07-17 18:15:00,184.5,2.9749999999999996,37.12115,145.0
2026-07-17 18:16:00,183.0,3.35,37.15545,144.5
2026-07-17 18:17:00,181.0,2.9,37.054249999999996,144.0
2026-07-17 18:18:00,179.5,3.3125,37.04135,143.0
2026-07-17 18:19:00,177.0,3.2375,37.0244,141.5
2026-07-17 18:20:00,175.5,2.6375,37.016999999999996,141.0
2026-07-17 18:21:00,174.5,3.5375,37.05215,140.0
2026-07-17 18:22:00,173.0,3.725,37.087199999999996,139.0
2026-07-17 18:23:00,172.0,3.725,37.0356,138.0
2026-07-17 18:24:00,155.0,4.25,36.81115,119.5
2026-07-17 18:25:00,149.5,3.6875,36.7153,115.5
2026-07-17 18:26:00,130.0,3.6125,36.64135,108.5
2026-07-17 18:27:00,117.5,3.4250000000000003,36.711,99.5
2026-07-17 18:28:00,130.5,3.425,36.7762,105.0
2026-07-17 18:29:00,130.5,3.2375,36.7254,104.5
2026-07-17 18:30:00,130.0,2.3,36.699650000000005,104.0
2026-07-17 18:31:00,128.0,3.8375,36.7126,102.5
2026-07-17 18:32:00,127.5,3.9125,36.715199999999996,101.5
2026-07-17 18:33:00,125.5,2.7875,36.6631,100.5
2026-07-17 18:34:00,124.5,3.6500000000000004,36.6828,95.5
2026-07-17 18:35:00,113.5,4.2875,36.70495,94.0
2026-07-17 18:36:00,111.5,4.025,36.6518,91.5
2026-07-17 18:37:00,111.5,3.0125,36.5731,90.5
2026-07-17 18:38:00,110.5,3.0875000000000004,36.598299999999995,89.5
2026-07-17 18:39:00,109.5,3.2750000000000004,36.6111,88.5
2026-07-17 18:40:00,107.5,3.2375000000000003,36.49925,85.5
2026-07-17 18:41:00,105.0,2.9000000000000004,36.43345,84.0
2026-07-17 18:42:00,103.0,2.6375,36.47175,82.5
2026-07-17 18:43:00,101.0,3.35,36.5192,81.0
2026-07-17 18:44:00,97.0,3.7249999999999996,36.4388,78.0
2026-07-17 18:45:00,96.0,3.0875000000000004,36.3776,76.5
2026-07-17 18:46:00,92.5,3.1625,36.346199999999996,74.5
2026-07-17 18:47:00,91.0,2.675,36.37755,73.0
2026-07-17 18:48:00,88.0,3.4250000000000003,36.3972,71.5
2026-07-17 18:49:00,87.0,3.4625,36.401399999999995,70.5
2026-07-17 18:50:00,83.0,3.1625,36.3702,68.0
2026-07-17 18:51:00,81.5,3.2,36.346199999999996,67.0
2026-07-17 18:52:00,77.5,4.362500000000001,36.3279,64.5
2026-07-17 18:53:00,75.5,4.0625,36.358050000000006,63.0
2026-07-17 18:54:00,73.0,4.1375,36.307050000000004,60.5
2026-07-17 18:55:00,70.5,3.725,36.29185,59.0
2026-07-17 18:56:00,68.0,3.9124999999999996,36.263549999999995,57.5
2026-07-17 18:57:00,66.5,3.0875000000000004,36.2258,56.0
2026-07-17 18:58:00,64.0,3.65,36.2374,53.5
2026-07-17 18:59:00,62.0,3.5,36.24305,52.5
2026-07-17 19:00:00,61.0,4.0625,36.175650000000005,51.5
2026-07-17 19:01:00,60.0,3.65,36.14255,50.5
2026-07-17 19:02:00,55.0,3.65,36.0176,47.0
2026-07-17 19:03:00,54.0,4.025,36.00075,46.0
2026-07-17 19:04:00,52.0,2.8625,36.0113,44.0
2026-07-17 19:05:00,51.0,2.9375,35.98675,43.0
2026-07-17 19:06:00,47.5,3.95,36.02160000000001,41.0
2026-07-17 19:07:00,46.5,4.5125,36.081900000000005,40.0
2026-07-17 19:08:00,43.5,4.2125,36.022549999999995,38.0
2026-07-17 19:09:00,42.5,4.7,36.01495,37.0
2026-07-17 19:10:00,39.5,2.7875,35.91385,34.5
2026-07-17 19:11:00,38.5,3.4625,35.9277,34.0
2026-07-17 19:12:00,36.0,3.2750000000000004,35.946600000000004,31.5
2026-07-17 19:13:00,34.5,2.825,35.94565,30.0
2026-07-17 19:14:00,32.5,2.5999999999999996,35.90905,28.5
2026-07-17 19:15:00,31.0,2.8625,35.90795,27.5
2026-07-17 19:16:00,29.0,3.35,35.9183,26.0
2026-07-17 19:17:00,28.5,3.2375000000000003,35.912400000000005,25.5
2026-07-17 19:18:00,28.0,3.05,35.9033,25.0
2026-07-17 19:19:00,27.0,3.725,35.87955,24.0
2026-07-17 19:20:00,26.5,4.0625,35.863550000000004,23.5
2026-07-17 19:21:00,26.0,2.9375,35.82135,23.0
2026-07-17 19:22:00,21.0,3.2,35.804249999999996,19.0
2026-07-17 19:23:00,20.5,3.2,35.8169,18.5
2026-07-17 19:24:00,17.5,2.675,35.77685,16.0
2026-07-17 19:25:00,17.0,2.975,35.797200000000004,15.5
2026-07-17 19:26:00,16.0,3.3875,35.7825,15.0
2026-07-17 19:27:00,15.5,3.4625000000000004,35.750550000000004,14.5
2026-07-17 19:28:00,15.0,3.0875000000000004,35.745149999999995,14.0
2026-07-17 19:29:00,14.5,3.425,35.73075,13.5
2026-07-17 19:30:00,10.5,3.575,35.70165,10.0
2026-07-17 19:31:00,10.0,3.7625,35.67635,9.5
2026-07-17 19:32:00,8.5,3.5375,35.65905,8.5
2026-07-17 19:33:00,8.0,3.8,35.6091,8.0
2026-07-17 19:34:00,7.0,3.05,35.584649999999996,7.0
2026-07-17 19:35:00,6.0,3.7625,35.59735,6.0
2026-07-17 19:36:00,5.5,4.025,35.56485,5.0
2026-07-17 19:37:00,5.0,4.1375,35.5533,5.0
2026-07-17 19:38:00,4.0,2.7125,35.49545,4.0
2026-07-17 19:39:00,4.0,2.7875,35.50205,3.5
2026-07-17 19:40:00,3.5,1.7374999999999998,35.534549999999996,3.0
2026-07-17 19:41:00,3.0,2.4875,35.51215,3.0
2026-07-17 19:42:00,1.5,2.5250000000000004,35.4918,2.0
2026-07-17 19:43:00,1.0,3.6125,35.51925,1.5
2026-07-17 19:44:00,1.0,3.2750000000000004,35.5035,1.0
2026-07-17 19:45:00,1.0,2.825,35.478449999999995,1.0
2026-07-17 19:46:00,0.0,3.275,35.467150000000004,0.0
2026-07-17 19:47:00,0.0,4.4375,35.4334,0.0
2026-07-17 19:48:00,0.0,3.05,35.40805,0.0
2026-07-17 19:49:00,0.0,3.0875000000000004,35.3964,0.0
2026-07-17 19:50:00,0.0,2.3375000000000004,35.397850000000005,0.0
2026-07-17 19:51:00,0.0,2.45,35.40265,0.0
2026-07-17 19:52:00,0.0,2.5250000000000004,35.390600000000006,0.0
2026-07-17 19:53:00,0.0,2.675,35.37245,0.0
2026-07-17 19:54:00,0.0,2.3,35.385000000000005,0.0
2026-07-17 19:55:00,0.0,2.7875,35.3625,0.0
2026-07-17 19:56:00,0.0,3.1624999999999996,35.34525,0.0
2026-07-17 19:57:00,0.0,3.8000000000000003,35.28545,0.0
2026-07-17 19:58:00,0.0,3.6875,35.27135,0.0
2026-07-17 19:59:00,0.0,3.3125,35.2358,0.0
2026-07-17 20:00:00,0.0,3.7625,35.219350000000006,0.0
2026-07-17 20:01:00,0.0,3.1625,35.2311,0.0
2026-07-17 20:02:00,0.0,3.7625,35.22675,0.0
2026-07-17 20:03:00,0.0,2.9375,35.1867,0.0
2026-07-17 20:04:00,0.0,3.3125,35.1359,0.0
2026-07-17 20:05:00,0.0,3.8,35.14,0.0
2026-07-17 20:06:00,0.0,3.9125,35.14535,0.0
2026-07-17 20:07:00,0.0,2.8625,35.14745,0.0
2026-07-17 20:08:00,0.0,2.9375,35.1221,0.0
2026-07-17 20:09:00,0.0,3.3875,35.097849999999994,0.0
2026-07-17 20:10:00,0.0,3.4625,35.11345,0.0
2026-07-17 20:11:00,0.0,3.3499999999999996,35.1262,0.0
2026-07-17 20:12:00,0.0,3.875,35.1113,0.0
2026-07-17 20:13:00,0.0,3.6875,35.1078,0.0
2026-07-17 20:14:00,0.0,3.8375,35.07785,0.0
2026-07-17 20:15:00,0.0,3.875,35.1106,0.0
2026-07-17 20:16:00,0.0,2.9375,35.0577,0.0
2026-07-17 20:17:00,0.0,2.75,35.05915,0.0
2026-07-17 20:18:00,0.0,3.275,35.060100000000006,0.0
2026-07-17 20:19:00,0.0,2.525,35.04015,0.0
2026-07-17 20:20:00,0.0,2.9,35.0302,0.0
2026-07-17 20:21:00,0.0,3.3125,35.001599999999996,0.0
2026-07-17 20:22:00,0.0,3.0875000000000004,34.9885,0.0
2026-07-17 20:23:00,0.0,2.825,34.97795,0.0
2026-07-17 20:24:00,0.0,3.1625,34.98165,0.0
2026-07-17 20:25:00,0.0,2.9000000000000004,34.98345,0.0
2026-07-17 20:26:00,0.0,3.65,34.98865,0.0
2026-07-17 20:27:00,0.0,2.7875,34.9478,0.0
2026-07-17 20:28:00,0.0,3.05,34.90975,0.0
2026-07-17 20:29:00,0.0,2.975,34.923649999999995,0.0
2026-07-17 20:30:00,0.0,2.6375,34.94025,0.0
2026-07-17 20:31:00,0.0,3.5374999999999996,34.92195,0.0
2026-07-17 20:32:00,0.0,3.725,34.91395,0.0
2026-07-17 20:33:00,0.0,3.3125,34.88835,0.0
2026-07-17 20:34:00,0.0,3.275,34.8905,0.0
2026-07-17 20:35:00,0.0,3.1999999999999997,34.8612,0.0
2026-07-17 20:36:00,0.0,3.275,34.8578,0.0
2026-07-17 20:37:00,0.0,3.125,34.8661,0.0
2026-07-17 20:38:00,0.0,3.6875,34.8692,0.0
2026-07-17 20:39:00,0.0,3.0125,34.8668,0.0
2026-07-17 20:40:00,0.0,3.35,34.8545,0.0
2026-07-17 20:41:00,0.0,3.275,34.789500000000004,0.0
2026-07-17 20:42:00,0.0,3.3874999999999997,34.7805,0.0
2026-07-17 20:43:00,0.0,3.5374999999999996,34.7344,0.0
2026-07-17 20:44:00,0.0,2.75,34.7408,0.0
2026-07-17 20:45:00,0.0,2.825,34.73245,0.0
2026-07-17 20:46:00,0.0,2.825,34.72755,0.0
2026-07-17 20:47:00,0.0,2.9375,34.68345,0.0
2026-07-17 20:48:00,0.0,3.0125,34.6727,0.0
2026-07-17 20:49:00,0.0,3.0875,34.667699999999996,0.0
2026-07-17 20:50:00,0.0,3.6500000000000004,34.67115,0.0
2026-07-17 20:51:00,0.0,2.6375,34.658249999999995,0.0
2026-07-17 20:52:00,0.0,2.75,34.661649999999995,0.0
2026-07-17 20:53:00,0.0,2.2625,34.6235,0.0
2026-07-17 20:54:00,0.0,2.9375,34.621449999999996,0.0
2026-07-17 20:55:00,0.0,3.2375,34.61555,0.0
2026-07-17 20:56:00,0.0,2.6,34.589349999999996,0.0
2026-07-17 20:57:00,0.0,3.05,34.58345,0.0
2026-07-17 20:58:00,0.0,3.05,34.5966,0.0
2026-07-17 20:59:00,0.0,2.5625,34.5786,0.0
2026-07-17 21:00:00,0.0,3.275,34.559650000000005,0.0
2026-07-17 21:01:00,0.0,3.3875,34.5816,0.0
2026-07-17 21:02:00,0.0,3.3125,34.5903,0.0
2026-07-17 21:03:00,0.0,2.45,34.5282,0.0
2026-07-17 21:04:00,0.0,2.9000000000000004,34.540350000000004,0.0
2026-07-17 21:05:00,0.0,2.5250000000000004,34.54195,0.0
2026-07-17 21:06:00,0.0,3.0875000000000004,34.52205,0.0
2026-07-17 21:07:00,0.0,2.5250000000000004,34.52155,0.0
2026-07-17 21:08:00,0.0,2.8625,34.523849999999996,0.0
2026-07-17 21:09:00,0.0,2.675,34.4807,0.0
2026-07-17 21:10:00,0.0,3.125,34.46425,0.0
2026-07-17 21:11:00,0.0,2.6,34.47055,0.0
2026-07-17 21:12:00,0.0,2.975,34.432500000000005,0.0
2026-07-17 21:13:00,0.0,2.45,34.43515,0.0
2026-07-17 21:14:00,0.0,2.825,34.42485,0.0
2026-07-17 21:15:00,0.0,2.6375,34.40475,0.0
2026-07-17 21:16:00,0.0,2.3375000000000004,34.419650000000004,0.0
2026-07-17 21:17:00,0.0,2.5625,34.388099999999994,0.0
2026-07-17 21:18:00,0.0,2.6750000000000003,34.3795,0.0
2026-07-17 21:19:00,0.0,2.45,34.35445,0.0
2026-07-17 21:20:00,0.0,2.4875,34.35015,0.0
2026-07-17 21:21:00,0.0,2.75,34.3307,0.0
2026-07-17 21:22:00,0.0,2.4875,34.328199999999995,0.0
2026-07-17 21:23:00,0.0,2.9000000000000004,34.321,0.0
2026-07-17 21:24:00,0.0,2.1125,34.32215,0.0
2026-07-17 21:25:00,0.0,2.5999999999999996,34.27785,0.0
2026-07-17 21:26:00,0.0,3.1624999999999996,34.3241,0.0
2026-07-17 21:27:00,0.0,3.0875,34.28575,0.0
2026-07-17 21:28:00,0.0,2.6375,34.28595,0.0
2026-07-17 21:29:00,0.0,2.7875,34.26105,0.0
2026-07-17 21:30:00,0.0,2.825,34.27285,0.0
2026-07-17 21:31:00,0.0,2.15,34.2613,0.0
2026-07-17 21:32:00,0.0,1.7750000000000001,34.2428,0.0
2026-07-17 21:33:00,0.0,3.05,34.23725,0.0
2026-07-17 21:34:00,0.0,2.4875,34.17445,0.0
2026-07-17 21:35:00,0.0,2.675,34.2042,0.0
2026-07-17 21:36:00,0.0,2.3,34.2158,0.0
2026-07-17 21:37:00,0.0,2.8625,34.215050000000005,0.0
2026-07-17 21:38:00,0.0,2.45,34.1986,0.0
2026-07-17 21:39:00,0.0,3.0875000000000004,34.185249999999996,0.0
2026-07-17 21:40:00,0.0,3.1624999999999996,34.19675,0.0
2026-07-17 21:41:00,0.0,2.4875,34.190650000000005,0.0
2026-07-17 21:42:00,0.0,2.9749999999999996,34.189750000000004,0.0
2026-07-17 21:43:00,0.0,2.45,34.16805,0.0
2026-07-17 21:44:00,0.0,3.2750000000000004,34.14985,0.0
2026-07-17 21:45:00,0.0,3.5374999999999996,34.16995,0.0
2026-07-17 21:46:00,0.0,2.75,34.173500000000004,0.0
2026-07-17 21:47:00,0.0,2.7125,34.135850000000005,0.0
2026-07-17 21:48:00,0.0,2.7874999999999996,34.165350000000004,0.0
2026-07-17 21:49:00,0.0,3.3875,34.15525,0.0
2026-07-17 21:50:00,0.0,2.375,34.1415,0.0
2026-07-17 21:51:00,0.0,2.9,34.141400000000004,0.0
2026-07-17 21:52:00,0.0,2.5999999999999996,34.1302,0.0
2026-07-17 21:53:00,0.0,2.7125,34.1049,0.0
2026-07-17 21:54:00,0.0,2.75,34.1109,0.0
2026-07-17 21:55:00,0.0,2.5999999999999996,34.097,0.0
2026-07-17 21:56:00,0.0,2.7874999999999996,34.11345,0.0
2026-07-17 21:57:00,0.0,2.4124999999999996,34.0838,0.0
2026-07-17 21:58:00,0.0,2.1125,33.965599999999995,0.0
2026-07-17 21:59:00,0.0,2.75,33.953900000000004,0.0
2026-07-17 22:00:00,0.0,2.7125,33.96665,0.0
2026-07-17 22:01:00,0.0,2.4875,33.9571,0.0
2026-07-17 22:02:00,0.0,3.3125,33.935,0.0
2026-07-17 22:03:00,0.0,2.975,33.9318,0.0
2026-07-17 22:04:00,0.0,3.3125,33.888949999999994,0.0
2026-07-17 22:05:00,0.0,2.75,33.86225,0.0
2026-07-17 22:06:00,0.0,3.575,33.82995,0.0
2026-07-17 22:07:00,0.0,4.1,33.8229,0.0
2026-07-17 22:08:00,0.0,3.8375,33.8107,0.0
2026-07-17 22:09:00,0.0,3.3125,33.8067,0.0
2026-07-17 22:10:00,0.0,3.425,33.792500000000004,0.0
2026-07-17 22:11:00,0.0,3.35,33.7637,0.0
2026-07-17 22:12:00,0.0,2.5625,33.6691,0.0
2026-07-17 22:13:00,0.0,2.7875,33.6436,0.0
2026-07-17 22:14:00,0.0,3.1625,33.61805,0.0
2026-07-17 22:15:00,0.0,2.975,33.6031,0.0
2026-07-17 22:16:00,0.0,3.6875,33.51605,0.0
2026-07-17 22:17:00,0.0,3.95,33.45465,0.0
2026-07-17 22:18:00,0.0,3.3125,33.4193,0.0
2026-07-17 22:19:00,0.0,3.8375000000000004,33.41475,0.0
2026-07-17 22:20:00,0.0,4.1,33.374,0.0
2026-07-17 22:21:00,0.0,4.775,33.34485,0.0
2026-07-17 22:22:00,0.0,3.6125,33.30205,0.0
2026-07-17 22:23:00,0.0,3.3125,33.2948,0.0
2026-07-17 22:24:00,0.0,3.7624999999999997,33.230000000000004,0.0
2026-07-17 22:25:00,0.0,3.0875,33.255849999999995,0.0
2026-07-17 22:26:00,0.0,3.575,33.2168,0.0
2026-07-17 22:27:00,0.0,3.725,33.20035,0.0
2026-07-17 22:28:00,0.0,3.6875,33.17085,0.0
2026-07-17 22:29:00,0.0,3.875,33.1638,0.0
2026-07-17 22:30:00,0.0,3.8375000000000004,33.155150000000006,0.0
2026-07-17 22:31:00,0.0,3.575,33.1523,0.0
2026-07-17 22:32:00,0.0,4.2875,33.131299999999996,0.0
2026-07-17 22:33:00,0.0,3.275,33.128550000000004,0.0
2026-07-17 22:34:00,0.0,3.9125,33.09725,0.0
2026-07-17 22:35:00,0.0,3.575,33.110600000000005,0.0
2026-07-17 22:36:00,0.0,3.3499999999999996,33.0954,0.0
2026-07-17 22:37:00,0.0,3.2375,33.0794,0.0
2026-07-17 22:38:00,0.0,3.05,33.0499,0.0
2026-07-17 22:39:00,0.0,3.275,33.03165,0.0
2026-07-17 22:40:00,0.0,3.0125,33.0392,0.0
2026-07-17 22:41:00,0.0,3.275,33.0176,0.0
2026-07-17 22:42:00,0.0,3.0875000000000004,32.9757,0.0
2026-07-17 22:43:00,0.0,3.3499999999999996,32.99095,0.0
2026-07-17 22:44:00,0.0,2.9000000000000004,32.933499999999995,0.0
2026-07-17 22:45:00,0.0,3.2,32.945949999999996,0.0
2026-07-17 22:46:00,0.0,3.5,32.875699999999995,0.0
2026-07-17 22:47:00,0.0,3.9875,32.8836,0.0
2026-07-17 22:48:00,0.0,2.9375,32.8712,0.0
2026-07-17 22:49:00,0.0,3.275,32.8744,0.0
2026-07-17 22:50:00,0.0,3.4625000000000004,32.81185,0.0
2026-07-17 22:51:00,0.0,3.8,32.811099999999996,0.0
2026-07-17 22:52:00,0.0,3.5,32.78015,0.0
2026-07-17 22:53:00,0.0,4.1,32.7606,0.0
2026-07-17 22:54:00,0.0,4.55,32.710499999999996,0.0
2026-07-17 22:55:00,0.0,4.775,32.669650000000004,0.0
2026-07-17 22:56:00,0.0,3.5,32.55455,0.0
2026-07-17 22:57:00,0.0,4.625,32.5358,0.0
2026-07-17 22:58:00,0.0,3.725,32.5194,0.0
2026-07-17 22:59:00,0.0,4.925,32.4739,0.0
2026-07-17 23:00:00,0.0,3.6125000000000003,32.4668,0.0
2026-07-17 23:01:00,0.0,4.4375,32.424499999999995,0.0
2026-07-17 23:02:00,0.0,3.425,32.398399999999995,0.0
2026-07-17 23:03:00,0.0,3.1625,32.412499999999994,0.0
2026-07-17 23:04:00,0.0,2.9749999999999996,32.3513,0.0
2026-07-17 23:05:00,0.0,3.3125,32.32785,0.0
2026-07-17 23:06:00,0.0,3.425,32.29795,0.0
2026-07-17 23:07:00,0.0,3.0875,32.28205,0.0
2026-07-17 23:08:00,0.0,3.7625,32.259600000000006,0.0
2026-07-17 23:09:00,0.0,3.4625,32.2258,0.0
2026-07-17 23:10:00,0.0,3.4625,32.18195,0.0
2026-07-17 23:11:00,0.0,3.4625000000000004,32.17955,0.0
2026-07-17 23:12:00,0.0,3.5,32.15205,0.0
2026-07-17 23:13:00,0.0,3.3875,32.1442,0.0
2026-07-17 23:14:00,0.0,3.2,32.1326,0.0
2026-07-17 23:15:00,0.0,3.7625,32.14875,0.0
2026-07-17 23:16:00,0.0,3.7625,32.06495,0.0
2026-07-17 23:17:00,0.0,3.2375,32.0816,0.0
2026-07-17 23:18:00,0.0,4.55,32.056349999999995,0.0
2026-07-17 23:19:00,0.0,3.9875000000000003,32.028099999999995,0.0
2026-07-17 23:20:00,0.0,3.95,31.991149999999998,0.0
2026-07-17 23:21:00,0.0,4.325,32.003699999999995,0.0
2026-07-17 23:22:00,0.0,4.737500000000001,31.9279,0.0
2026-07-17 23:23:00,0.0,3.35,31.909950000000002,0.0
2026-07-17 23:24:00,0.0,3.4625,31.92795,0.0
2026-07-17 23:25:00,0.0,3.8,31.8997,0.0
2026-07-17 23:26:00,0.0,3.35,31.85405,0.0
2026-07-17 23:27:00,0.0,3.65,31.823349999999998,0.0
2026-07-17 23:28:00,0.0,3.875,31.86375,0.0
2026-07-17 23:29:00,0.0,3.1624999999999996,31.835,0.0
2026-07-17 23:30:00,0.0,3.2375,31.8189,0.0
2026-07-17 23:31:00,0.0,3.2,31.8193,0.0
2026-07-17 23:32:00,0.0,3.425,31.8066,0.0
2026-07-17 23:33:00,0.0,3.2375,31.78875,0.0
2026-07-17 23:34:00,0.0,3.6875,31.72925,0.0
2026-07-17 23:35:00,0.0,3.275,31.72995,0.0
2026-07-17 23:36:00,0.0,3.0125,31.7213,0.0
2026-07-17 23:37:00,0.0,2.7874999999999996,31.70915,0.0
2026-07-17 23:38:00,0.0,3.6125000000000003,31.67605,0.0
2026-07-17 23:39:00,0.0,3.2,31.6727,0.0
2026-07-17 23:40:00,0.0,3.95,31.6784,0.0
2026-07-17 23:41:00,0.0,3.275,31.641849999999998,0.0
2026-07-17 23:42:00,0.0,2.7125,31.649749999999997,0.0
2026-07-17 23:43:00,0.0,2.675,31.65755,0.0
2026-07-17 23:44:00,0.0,2.6375,31.610500000000002,0.0
2026-07-17 23:45:00,0.0,3.05,31.58705,0.0
2026-07-17 23:46:00,0.0,3.125,31.584650000000003,0.0
2026-07-17 23:47:00,0.0,3.0875000000000004,31.55415,0.0
2026-07-17 23:48:00,0.0,2.5625,31.57775,0.0
2026-07-17 23:49:00,0.0,3.05,31.5721,0.0
2026-07-17 23:50:00,0.0,3.9124999999999996,31.54995,0.0
2026-07-17 23:51:00,0.0,4.2125,31.534149999999997,0.0
2026-07-17 23:52:00,0.0,4.1375,31.5119,0.0
2026-07-17 23:53:00,0.0,3.7249999999999996,31.520850000000003,0.0
2026-07-17 23:54:00,0.0,3.5,31.509050000000002,0.0
2026-07-17 23:55:00,0.0,3.5374999999999996,31.51435,0.0
2026-07-17 23:56:00,0.0,3.6125,31.50375,0.0
2026-07-17 23:57:00,0.0,3.5,31.475900000000003,0.0
2026-07-17 23:58:00,0.0,3.8375000000000004,31.4897,0.0
2026-07-17 23:59:00,0.0,3.4625000000000004,31.472900000000003,0.0
2026-07-18 00:00:00,0.0,3.2,31.4755,0.0
2026-07-18 00:01:00,0.0,4.2125,31.466050000000003,0.0
2026-07-18 00:02:00,0.0,3.35,31.47135,0.0
2026-07-18 00:03:00,0.0,3.65,31.378,0.0
2026-07-18 00:04:00,0.0,2.9375,31.357599999999998,0.0
2026-07-18 00:05:00,0.0,3.2,31.3643,0.0
2026-07-18 00:06:00,0.0,3.875,31.341749999999998,0.0
2026-07-18 00:07:00,0.0,3.275,31.3002,0.0
2026-07-18 00:08:00,0.0,4.5875,31.28135,0.0
2026-07-18 00:09:00,0.0,6.2,31.1971,0.0
2026-07-18 00:10:00,0.0,4.6625,31.1391,0.0
2026-07-18 00:11:00,0.0,4.0625,31.1428,0.0
2026-07-18 00:12:00,0.0,3.5749999999999997,31.11385,0.0
2026-07-18 00:13:00,0.0,4.55,31.06555,0.0
2026-07-18 00:14:00,0.0,4.1375,31.047449999999998,0.0
2026-07-18 00:15:00,0.0,4.7375,31.075400000000002,0.0
2026-07-18 00:16:00,0.0,4.324999999999999,31.04835,0.0
2026-07-18 00:17:00,0.0,4.85,31.0113,0.0
2026-07-18 00:18:00,0.0,3.875,31.01515,0.0
2026-07-18 00:19:00,0.0,4.25,30.995800000000003,0.0
2026-07-18 00:20:00,0.0,3.3875,30.9803,0.0
2026-07-18 00:21:00,0.0,3.35,30.9797,0.0
2026-07-18 00:22:00,0.0,3.5,30.96065,0.0
2026-07-18 00:23:00,0.0,3.5,30.94775,0.0
2026-07-18 00:24:00,0.0,4.1375,30.9232,0.0
2026-07-18 00:25:00,0.0,4.325,30.8771,0.0
2026-07-18 00:26:00,0.0,3.9124999999999996,30.87995,0.0
2026-07-18 00:27:00,0.0,4.4375,30.8479,0.0
2026-07-18 00:28:00,0.0,3.6875,30.87395,0.0
2026-07-18 00:29:00,0.0,3.7249999999999996,30.8729,0.0
2026-07-18 00:30:00,0.0,4.25,30.845950000000002,0.0
2026-07-18 00:31:00,0.0,3.65,30.80585,0.0
2026-07-18 00:32:00,0.0,3.425,30.794449999999998,0.0
2026-07-18 00:33:00,0.0,3.8,30.7748,0.0
2026-07-18 00:34:00,0.0,3.8,30.76325,0.0
2026-07-18 00:35:00,0.0,3.0125,30.76615,0.0
2026-07-18 00:36:00,0.0,3.5374999999999996,30.73635,0.0
2026-07-18 00:37:00,0.0,3.6875,30.7446,0.0
2026-07-18 00:38:00,0.0,3.3125,30.7105,0.0
2026-07-18 00:39:00,0.0,3.8,30.6959,0.0
2026-07-18 00:40:00,0.0,4.2875,30.70245,0.0
2026-07-18 00:41:00,0.0,4.2875,30.64385,0.0
2026-07-18 00:42:00,0.0,3.9499999999999997,30.6143,0.0
2026-07-18 00:43:00,0.0,3.9125,30.60335,0.0
2026-07-18 00:44:00,0.0,4.737500000000001,30.60055,0.0
2026-07-18 00:45:00,0.0,4.4,30.58645,0.0
2026-07-18 00:46:00,0.0,4.9625,30.594949999999997,0.0
2026-07-18 00:47:00,0.0,4.4,30.56445,0.0
2026-07-18 00:48:00,0.0,4.550000000000001,30.5535,0.0
2026-07-18 00:49:00,0.0,4.2875,30.566499999999998,0.0
2026-07-18 00:50:00,0.0,4.175000000000001,30.54975,0.0
2026-07-18 00:51:00,0.0,4.325,30.4966,0.0
2026-07-18 00:52:00,0.0,3.65,30.4635,0.0
2026-07-18 00:53:00,0.0,4.175,30.464199999999998,0.0
2026-07-18 00:54:00,0.0,4.4,30.4539,0.0
2026-07-18 00:55:00,0.0,4.25,30.4418,0.0
2026-07-18 00:56:00,0.0,4.137499999999999,30.42135,0.0
2026-07-18 00:57:00,0.0,4.025,30.41695,0.0
2026-07-18 00:58:00,0.0,3.65,30.424149999999997,0.0
2026-07-18 00:59:00,0.0,3.6125,30.3951,0.0
2026-07-18 01:00:00,0.0,3.0875,30.3889,0.0
2026-07-18 01:01:00,0.0,4.1375,30.39115,0.0
2026-07-18 01:02:00,0.0,3.725,30.382550000000002,0.0
2026-07-18 01:03:00,0.0,3.425,30.3629,0.0
2026-07-18 01:04:00,0.0,3.425,30.34695,0.0
2026-07-18 01:05:00,0.0,3.6125,30.25095,0.0
2026-07-18 01:06:00,0.0,4.175,30.271250000000002,0.0
2026-07-18 01:07:00,0.0,4.325,30.206400000000002,0.0
2026-07-18 01:08:00,0.0,4.25,30.189799999999998,0.0
2026-07-18 01:09:00,0.0,4.4,30.15935,0.0
2026-07-18 01:10:00,0.0,4.325,30.1584,0.0
2026-07-18 01:11:00,0.0,4.175000000000001,30.124499999999998,0.0
2026-07-18 01:12:00,0.0,4.5125,30.099899999999998,0.0
2026-07-18 01:13:00,0.0,4.3625,30.09345,0.0
2026-07-18 01:14:00,0.0,4.2875,30.10435,0.0
2026-07-18 01:15:00,0.0,3.8375,30.059150000000002,0.0
2026-07-18 01:16:00,0.0,4.325,30.064149999999998,0.0
2026-07-18 01:17:00,0.0,3.9875,30.025350000000003,0.0
2026-07-18 01:18:00,0.0,4.3625,30.0419,0.0
2026-07-18 01:19:00,0.0,3.7625,30.007649999999998,0.0
2026-07-18 01:20:00,0.0,3.875,30.011699999999998,0.0
2026-07-18 01:21:00,0.0,4.85,29.9547,0.0
2026-07-18 01:22:00,0.0,3.5,29.952849999999998,0.0
2026-07-18 01:23:00,0.0,4.2875,29.95505,0.0
2026-07-18 01:24:00,0.0,4.737500000000001,29.910449999999997,0.0
2026-07-18 01:25:00,0.0,4.2875,29.91005,0.0
2026-07-18 01:26:00,0.0,4.5875,29.89195,0.0
2026-07-18 01:27:00,0.0,4.0625,29.8718,0.0
2026-07-18 01:28:00,0.0,4.7375,29.86435,0.0
2026-07-18 01:29:00,0.0,4.025,29.8703,0.0
2026-07-18 01:30:00,0.0,4.5125,29.826999999999998,0.0
2026-07-18 01:31:00,0.0,4.1,29.79665,0.0
2026-07-18 01:32:00,0.0,3.5,29.74525,0.0
2026-07-18 01:33:00,0.0,4.5875,29.78445,0.0
2026-07-18 01:34:00,0.0,4.775,29.7674,0.0
2026-07-18 01:35:00,0.0,4.25,29.7789,0.0
2026-07-18 01:36:00,0.0,3.9124999999999996,29.744500000000002,0.0
2026-07-18 01:37:00,0.0,4.4375,29.69765,0.0
2026-07-18 01:38:00,0.0,4.025,29.7043,0.0
2026-07-18 01:39:00,0.0,4.025,29.67225,0.0
2026-07-18 01:40:00,0.0,3.875,29.66695,0.0
2026-07-18 01:41:00,0.0,5.6,29.663,0.0
2026-07-18 01:42:00,0.0,4.475,29.637999999999998,0.0
2026-07-18 01:43:00,0.0,5.15,29.63635,0.0
2026-07-18 01:44:00,0.0,3.575,29.625799999999998,0.0
2026-07-18 01:45:00,0.0,4.475,29.61765,0.0
2026-07-18 01:46:00,0.0,4.925,29.58305,0.0
2026-07-18 01:47:00,0.0,4.4375,29.56845,0.0
2026-07-18 01:48:00,0.0,3.275,29.58845,0.0
2026-07-18 01:49:00,0.0,3.5374999999999996,29.5843,0.0
2026-07-18 01:50:00,0.0,3.6875,29.565649999999998,0.0
2026-07-18 01:51:00,0.0,3.6500000000000004,29.57475,0.0
2026-07-18 01:52:00,0.0,4.625,29.5033,0.0
2026-07-18 01:53:00,0.0,3.425,29.51795,0.0
2026-07-18 01:54:00,0.0,2.9,29.5306,0.0
2026-07-18 01:55:00,0.0,3.0125,29.506349999999998,0.0
2026-07-18 01:56:00,0.0,3.8,29.505899999999997,0.0
2026-07-18 01:57:00,0.0,4.0625,29.4832,0.0
2026-07-18 01:58:00,0.0,3.8,29.47375,0.0
2026-07-18 01:59:00,0.0,3.5375,29.47635,0.0
2026-07-18 02:00:00,0.0,3.275,29.4491,0.0
2026-07-18 02:01:00,0.0,3.3875,29.4226,0.0
2026-07-18 02:02:00,0.0,4.025,29.4444,0.0
2026-07-18 02:03:00,0.0,3.7625,29.4374,0.0
2026-07-18 02:04:00,0.0,3.4625000000000004,29.42205,0.0
2026-07-18 02:05:00,0.0,3.5,29.418,0.0
2026-07-18 02:06:00,0.0,2.975,29.4177,0.0
2026-07-18 02:07:00,0.0,3.0875000000000004,29.40755,0.0
2026-07-18 02:08:00,0.0,3.8375,29.337,0.0
2026-07-18 02:09:00,0.0,2.9375,29.3234,0.0
2026-07-18 02:10:00,0.0,3.7624999999999997,29.294800000000002,0.0
2026-07-18 02:11:00,0.0,3.1999999999999997,29.2786,0.0
2026-07-18 02:12:00,0.0,3.2,29.252000000000002,0.0
2026-07-18 02:13:00,0.0,3.65,29.230150000000002,0.0
2026-07-18 02:14:00,0.0,4.025,29.20835,0.0
2026-07-18 02:15:00,0.0,3.5375,29.16505,0.0
2026-07-18 02:16:00,0.0,4.0625,29.175449999999998,0.0
2026-07-18 02:17:00,0.0,3.725,29.15055,0.0
2026-07-18 02:18:00,0.0,4.4375,29.1605,0.0
2026-07-18 02:19:00,0.0,3.2,29.13665,0.0
2026-07-18 02:20:00,0.0,3.0125,29.0947,0.0
2026-07-18 02:21:00,0.0,2.75,29.0572,0.0
2026-07-18 02:22:00,0.0,3.0125,29.07295,0.0
2026-07-18 02:23:00,0.0,2.3,29.048450000000003,0.0
2026-07-18 02:24:00,0.0,2.8625,29.0561,0.0
2026-07-18 02:25:00,0.0,3.0875,29.0494,0.0
2026-07-18 02:26:00,0.0,3.0875,29.0494,0.0
2026-07-18 02:27:00,0.0,3.4625,29.0303,0.0
2026-07-18 02:28:00,0.0,3.95,28.99225,0.0
2026-07-18 02:29:00,0.0,3.725,28.9919,0.0
2026-07-18 02:30:00,0.0,3.125,28.946550000000002,0.0
2026-07-18 02:31:00,0.0,3.5374999999999996,28.9566,0.0
2026-07-18 02:32:00,0.0,3.6500000000000004,28.94735,0.0
2026-07-18 02:33:00,0.0,2.9375,28.9381,0.0
2026-07-18 02:34:00,0.0,3.875,28.9214,0.0
2026-07-18 02:35:00,0.0,3.575,28.90435,0.0
2026-07-18 02:36:00,0.0,3.05,28.867800000000003,0.0
2026-07-18 02:37:00,0.0,3.5,28.86625,0.0
2026-07-18 02:38:00,0.0,2.9749999999999996,28.84785,0.0
2026-07-18 02:39:00,0.0,3.3875,28.834249999999997,0.0
2026-07-18 02:40:00,0.0,3.4625000000000004,28.79925,0.0
2026-07-18 02:41:00,0.0,3.2,28.80285,0.0
2026-07-18 02:42:00,0.0,3.0875000000000004,28.794249999999998,0.0
2026-07-18 02:43:00,0.0,3.1624999999999996,28.80285,0.0
2026-07-18 02:44:00,0.0,2.7874999999999996,28.76035,0.0
2026-07-18 02:45:00,0.0,2.3375,28.7755,0.0
2026-07-18 02:46:00,0.0,2.9749999999999996,28.73715,0.0
2026-07-18 02:47:00,0.0,3.35,28.726149999999997,0.0
2026-07-18 02:48:00,0.0,3.725,28.72065,0.0
2026-07-18 02:49:00,0.0,4.025,28.692149999999998,0.0
2026-07-18 02:50:00,0.0,2.825,28.7003,0.0
2026-07-18 02:51:00,0.0,3.6125,28.66165,0.0
2026-07-18 02:52:00,0.0,3.1624999999999996,28.660400000000003,0.0
2026-07-18 02:53:00,0.0,2.9749999999999996,28.65325,0.0
2026-07-18 02:54:00,0.0,3.05,28.653100000000002,0.0
2026-07-18 02:55:00,0.0,2.6,28.62535,0.0
2026-07-18 02:56:00,0.0,2.8625,28.6319,0.0
2026-07-18 02:57:00,0.0,2.5250000000000004,28.6216,0.0
2026-07-18 02:58:00,0.0,3.0875,28.59715,0.0
2026-07-18 02:59:00,0.0,3.3125,28.57125,0.0
2026-07-18 03:00:00,0.0,3.5375,28.559350000000002,0.0
2026-07-18 03:01:00,0.0,2.975,28.54855,0.0
2026-07-18 03:02:00,0.0,2.9375,28.552300000000002,0.0
2026-07-18 03:03:00,0.0,2.7125000000000004,28.56645,0.0
2026-07-18 03:04:00,0.0,2.4124999999999996,28.56365,0.0
2026-07-18 03:05:00,0.0,2.675,28.52635,0.0
2026-07-18 03:06:00,0.0,2.3375,28.521349999999998,0.0
2026-07-18 03:07:00,0.0,2.8625,28.51745,0.0
2026-07-18 03:08:00,0.0,2.75,28.5215,0.0
2026-07-18 03:09:00,0.0,2.975,28.505249999999997,0.0
2026-07-18 03:10:00,0.0,3.1625,28.48805,0.0
2026-07-18 03:11:00,0.0,3.0875000000000004,28.473399999999998,0.0
2026-07-18 03:12:00,0.0,3.1625,28.4375,0.0
2026-07-18 03:13:00,0.0,3.1625,28.4465,0.0
2026-07-18 03:14:00,0.0,3.0125,28.430799999999998,0.0
2026-07-18 03:15:00,0.0,3.0875,28.42585,0.0
2026-07-18 03:16:00,0.0,2.4875,28.41505,0.0
2026-07-18 03:17:00,0.0,3.125,28.3686,0.0
2026-07-18 03:18:00,0.0,3.1624999999999996,28.36395,0.0
2026-07-18 03:19:00,0.0,2.3375,28.36395,0.0
2026-07-18 03:20:00,0.0,2.7125,28.33465,0.0
2026-07-18 03:21:00,0.0,3.2375000000000003,28.34955,0.0
2026-07-18 03:22:00,0.0,2.1125,28.350299999999997,0.0
2026-07-18 03:23:00,0.0,2.5625,28.33255,0.0
2026-07-18 03:24:00,0.0,2.45,28.31175,0.0
2026-07-18 03:25:00,0.0,3.575,28.3181,0.0
2026-07-18 03:26:00,0.0,2.4875,28.31405,0.0
2026-07-18 03:27:00,0.0,2.8625,28.303449999999998,0.0
2026-07-18 03:28:00,0.0,2.825,28.28445,0.0
2026-07-18 03:29:00,0.0,2.7875,28.22555,0.0
2026-07-18 03:30:00,0.0,4.325,28.20545,0.0
2026-07-18 03:31:00,0.0,3.9875,28.165799999999997,0.0
2026-07-18 03:32:00,0.0,4.175,28.15505,0.0
2026-07-18 03:33:00,0.0,2.975,28.13725,0.0
2026-07-18 03:34:00,0.0,3.7625,28.1252,0.0
2026-07-18 03:35:00,0.0,4.2125,28.11265,0.0
2026-07-18 03:36:00,0.0,3.7625,28.1227,0.0
2026-07-18 03:37:00,0.0,3.6125000000000003,28.119349999999997,0.0
2026-07-18 03:38:00,0.0,3.9125,28.1132,0.0
2026-07-18 03:39:00,0.0,4.1,28.100499999999997,0.0
2026-07-18 03:40:00,0.0,3.2750000000000004,28.102249999999998,0.0
2026-07-18 03:41:00,0.0,2.675,28.070749999999997,0.0
2026-07-18 03:42:00,0.0,3.5,28.038200000000003,0.0
2026-07-18 03:43:00,0.0,3.2375,28.053800000000003,0.0
2026-07-18 03:44:00,0.0,2.825,28.044249999999998,0.0
2026-07-18 03:45:00,0.0,3.05,28.0248,0.0
2026-07-18 03:46:00,0.0,3.1999999999999997,27.9755,0.0
2026-07-18 03:47:00,0.0,3.2375000000000003,28.01245,0.0
2026-07-18 03:48:00,0.0,2.4875,28.0053,0.0
2026-07-18 03:49:00,0.0,2.6375,27.98355,0.0
2026-07-18 03:50:00,0.0,2.9375,27.97795,0.0
2026-07-18 03:51:00,0.0,3.425,27.9315,0.0
2026-07-18 03:52:00,0.0,3.725,27.942700000000002,0.0
2026-07-18 03:53:00,0.0,3.7249999999999996,27.8659,0.0
2026-07-18 03:54:00,0.0,4.25,27.8537,0.0
2026-07-18 03:55:00,0.0,4.325,27.84975,0.0
2026-07-18 03:56:00,0.0,4.0625,27.8357,0.0
2026-07-18 03:57:00,0.0,4.2875,27.7929,0.0
2026-07-18 03:58:00,0.0,3.0125,27.7862,0.0
2026-07-18 03:59:00,0.0,3.9875,27.77205,0.0
2026-07-18 04:00:00,0.0,3.95,27.7588,0.0
2026-07-18 04:01:00,0.0,4.2125,27.7278,0.0
2026-07-18 04:02:00,0.0,4.5875,27.71885,0.0
2026-07-18 04:03:00,0.0,4.324999999999999,27.7202,0.0
2026-07-18 04:04:00,0.0,3.95,27.7038,0.0
2026-07-18 04:05:00,0.0,3.35,27.679949999999998,0.0
2026-07-18 04:06:00,0.0,4.1,27.69235,0.0
2026-07-18 04:07:00,0.0,3.6875,27.69025,0.0
2026-07-18 04:08:00,0.0,3.275,27.674300000000002,0.0
2026-07-18 04:09:00,0.0,3.575,27.6627,0.0
2026-07-18 04:10:00,0.0,3.425,27.647599999999997,0.0
2026-07-18 04:11:00,0.0,3.0875000000000004,27.63795,0.0
2026-07-18 04:12:00,0.0,2.825,27.6095,0.0
2026-07-18 04:13:00,0.0,3.3125,27.622149999999998,0.0
2026-07-18 04:14:00,0.0,4.25,27.6175,0.0
2026-07-18 04:15:00,0.0,3.875,27.6086,0.0
2026-07-18 04:16:00,0.0,3.8,27.5972,0.0
2026-07-18 04:17:00,0.0,2.9,27.5611,0.0
2026-07-18 04:18:00,0.0,3.5,27.5364,0.0
2026-07-18 04:19:00,0.0,3.725,27.5111,0.0
2026-07-18 04:20:00,0.0,3.3875,27.5136,0.0
2026-07-18 04:21:00,0.0,3.8,27.49875,0.0
2026-07-18 04:22:00,0.0,3.875,27.4951,0.0
2026-07-18 04:23:00,0.0,3.7249999999999996,27.4707,0.0
2026-07-18 04:24:00,0.0,3.9875,27.471249999999998,0.0
2026-07-18 04:25:00,0.0,3.5,27.43495,0.0
2026-07-18 04:26:00,0.0,3.3125,27.411900000000003,0.0
2026-07-18 04:27:00,0.0,3.875,27.3991,0.0
2026-07-18 04:28:00,0.0,4.3625,27.3685,0.0
2026-07-18 04:29:00,0.0,2.9375,27.3852,0.0
2026-07-18 04:30:00,0.0,4.025,27.39445,0.0
2026-07-18 04:31:00,0.0,3.7625,27.37975,0.0
2026-07-18 04:32:00,0.0,3.8,27.367449999999998,0.0
2026-07-18 04:33:00,0.0,3.35,27.3707,0.0
2026-07-18 04:34:00,0.0,3.95,27.37705,0.0
2026-07-18 04:35:00,0.0,4.025,27.36515,0.0
2026-07-18 04:36:00,0.0,3.725,27.3488,0.0
2026-07-18 04:37:00,0.0,2.825,27.3401,0.0
2026-07-18 04:38:00,0.0,3.425,27.33685,0.0
2026-07-18 04:39:00,0.0,3.6875,27.31035,0.0
2026-07-18 04:40:00,0.0,2.675,27.29925,0.0
2026-07-18 04:41:00,0.0,2.8625,27.2826,0.0
2026-07-18 04:42:00,0.0,3.6875,27.266849999999998,0.0
2026-07-18 04:43:00,0.0,3.7625,27.2476,0.0
2026-07-18 04:44:00,0.0,3.95,27.242449999999998,0.0
2026-07-18 04:45:00,0.0,4.2875,27.218899999999998,0.0
2026-07-18 04:46:00,0.0,4.5875,27.22825,0.0
2026-07-18 04:47:00,0.0,3.125,27.1995,0.0
2026-07-18 04:48:00,0.0,3.0125,27.202199999999998,0.0
2026-07-18 04:49:00,0.0,3.4625000000000004,27.161050000000003,0.0
2026-07-18 04:50:00,0.0,3.0875,27.18565,0.0
2026-07-18 04:51:00,0.0,3.6500000000000004,27.15325,0.0
2026-07-18 04:52:00,0.0,4.1,27.1566,0.0
2026-07-18 04:53:00,0.0,3.8375,27.142049999999998,0.0
2026-07-18 04:54:00,0.0,3.6125,27.151899999999998,0.0
2026-07-18 04:55:00,0.0,3.6875,27.10405,0.0
2026-07-18 04:56:00,0.0,3.3125,27.1131,0.0
2026-07-18 04:57:00,0.0,3.4625,27.104999999999997,0.0
2026-07-18 04:58:00,0.0,3.5,27.1116,0.0
2026-07-18 04:59:00,0.0,3.8,27.116349999999997,0.0
2026-07-18 05:00:00,0.0,3.65,27.11475,0.0
2026-07-18 05:01:00,0.0,3.9125,27.11505,0.0
2026-07-18 05:02:00,0.0,3.95,27.11705,0.0
2026-07-18 05:03:00,0.0,3.8,27.1187,0.0
2026-07-18 05:04:00,0.0,3.7624999999999997,27.045299999999997,0.0
2026-07-18 05:05:00,0.0,4.1,27.05095,0.0
2026-07-18 05:06:00,0.0,3.7249999999999996,27.0413,0.0
2026-07-18 05:07:00,0.0,3.8375000000000004,27.0422,0.0
2026-07-18 05:08:00,0.0,3.9875,27.04665,0.0
2026-07-18 05:09:00,0.0,3.725,27.05105,0.0
2026-07-18 05:10:00,0.0,3.725,27.04495,0.0
2026-07-18 05:11:00,0.0,3.6875,27.02655,0.0
2026-07-18 05:12:00,0.0,3.3875,27.0337,0.0
2026-07-18 05:13:00,0.0,3.275,27.00625,0.0
2026-07-18 05:14:00,0.0,3.3125,27.00495,0.0
2026-07-18 05:15:00,0.0,3.575,27.007550000000002,0.0
2026-07-18 05:16:00,0.0,3.6125000000000003,26.99555,0.0
2026-07-18 05:17:00,0.0,3.275,26.998849999999997,0.0
2026-07-18 05:18:00,0.0,3.2375,26.9667,0.0
2026-07-18 05:19:00,0.0,3.35,26.984699999999997,0.0
2026-07-18 05:20:00,0.0,2.9,26.9615,0.0
2026-07-18 05:21:00,0.0,3.2,26.93835,0.0
2026-07-18 05:22:00,0.0,3.8375,26.95465,0.0
2026-07-18 05:23:00,0.0,3.5375,26.95445,0.0
2026-07-18 05:24:00,0.0,3.0875000000000004,26.93425,0.0
2026-07-18 05:25:00,0.0,2.4875,26.9204,0.0
2026-07-18 05:26:00,0.0,3.05,26.940399999999997,0.0
2026-07-18 05:27:00,0.0,4.5875,26.9359,0.0
2026-07-18 05:28:00,0.0,3.3875,26.93345,0.0
2026-07-18 05:29:00,0.0,3.3875,26.90915,0.0
2026-07-18 05:30:00,0.0,3.6875,26.91845,0.0
2026-07-18 05:31:00,0.0,2.8625,26.89385,0.0
2026-07-18 05:32:00,0.0,2.4124999999999996,26.8966,0.0
2026-07-18 05:33:00,0.0,3.7249999999999996,26.8652,0.0
2026-07-18 05:34:00,0.0,2.5625,26.8652,0.0
2026-07-18 05:35:00,0.0,2.2625,26.84785,0.0
2026-07-18 05:36:00,0.0,2.1875,26.8371,0.0
2026-07-18 05:37:00,0.0,2.7875,26.83365,0.0
2026-07-18 05:38:00,0.0,2.375,26.853299999999997,0.0
2026-07-18 05:39:00,0.0,2.375,26.8251,0.0
2026-07-18 05:40:00,0.0,2.15,26.84195,0.0
2026-07-18 05:41:00,0.0,2.9,26.83785,0.0
2026-07-18 05:42:00,0.0,2.8625000000000003,26.825850000000003,0.0
2026-07-18 05:43:00,0.0,2.75,26.805,0.0
2026-07-18 05:44:00,0.0,2.975,26.81915,0.0
2026-07-18 05:45:00,0.0,2.9000000000000004,26.79765,0.0
2026-07-18 05:46:00,0.0,2.75,26.830550000000002,0.0
2026-07-18 05:47:00,0.0,3.3125,26.795099999999998,0.0
2026-07-18 05:48:00,0.0,3.425,26.767650000000003,0.0
2026-07-18 05:49:00,0.0,3.3125,26.7569,0.0
2026-07-18 05:50:00,0.0,3.65,26.7579,0.0
2026-07-18 05:51:00,0.0,3.4625000000000004,26.7352,0.0
2026-07-18 05:52:00,0.0,2.9,26.7417,0.0
2026-07-18 05:53:00,0.0,3.425,26.71045,0.0
2026-07-18 05:54:00,0.0,3.05,26.67525,0.0
2026-07-18 05:55:00,0.0,2.7125,26.656,0.0
2026-07-18 05:56:00,0.0,2.9375,26.64,0.0
2026-07-18 05:57:00,0.0,2.9375,26.6657,0.0
2026-07-18 05:58:00,0.0,3.575,26.66305,0.0
2026-07-18 05:59:00,0.0,2.9,26.643,0.0
2026-07-18 06:00:00,0.0,3.5,26.59965,0.0
2026-07-18 06:01:00,0.0,2.5625,26.60465,0.0
2026-07-18 06:02:00,0.0,2.1500000000000004,26.59085,0.0
2026-07-18 06:03:00,0.0,2.4875,26.57125,0.0
2026-07-18 06:04:00,0.5,3.2,26.565849999999998,0.5
2026-07-18 06:05:00,0.5,2.6375,26.5838,0.5
2026-07-18 06:06:00,0.5,2.75,26.572699999999998,0.5
2026-07-18 06:07:00,1.0,2.75,26.5645,1.0
2026-07-18 06:08:00,2.0,3.2,26.54795,2.5
2026-07-18 06:09:00,2.5,2.375,26.53365,3.0
2026-07-18 06:10:00,3.5,2.45,26.5534,3.5
2026-07-18 06:11:00,3.5,2.1125,26.53955,4.0
2026-07-18 06:12:00,5.0,2.825,26.5517,5.0
2026-07-18 06:13:00,5.5,3.425,26.54985,6.0
2026-07-18 06:14:00,7.0,2.9000000000000004,26.549300000000002,7.0
2026-07-18 06:15:00,8.0,3.35,26.57595,8.0
2026-07-18 06:16:00,9.0,2.45,26.55205,9.0
2026-07-18 06:17:00,9.5,3.575,26.55475,10.0
2026-07-18 06:18:00,10.0,2.975,26.568649999999998,10.5
2026-07-18 06:19:00,13.0,2.7874999999999996,26.583199999999998,12.0
2026-07-18 06:20:00,13.5,2.4875,26.57655,13.5
2026-07-18 06:21:00,14.5,3.2375,26.582500000000003,14.0
2026-07-18 06:22:00,17.0,3.3875,26.5766,16.0
2026-07-18 06:23:00,18.0,3.1624999999999996,26.57025,17.5
2026-07-18 06:24:00,19.5,2.7875,26.5623,19.0
2026-07-18 06:25:00,21.5,3.1625,26.57615,20.0
2026-07-18 06:26:00,23.0,3.0875,26.58415,21.5
2026-07-18 06:27:00,23.5,3.0875,26.5668,22.0
2026-07-18 06:28:00,24.5,2.975,26.584400000000002,23.0
2026-07-18 06:29:00,25.0,2.45,26.56775,23.5
2026-07-18 06:30:00,26.0,2.375,26.57595,24.5
2026-07-18 06:31:00,27.0,2.75,26.601599999999998,25.5
2026-07-18 06:32:00,33.5,3.2750000000000004,26.6209,31.5
2026-07-18 06:33:00,34.5,2.5625,26.613149999999997,32.5
2026-07-18 06:34:00,35.5,2.675,26.62885,33.5
2026-07-18 06:35:00,36.5,2.75,26.6159,34.5
2026-07-18 06:36:00,40.0,3.3875,26.6555,37.5
2026-07-18 06:37:00,41.5,3.1625,26.6779,39.0
2026-07-18 06:38:00,42.5,3.3125,26.6734,39.5
2026-07-18 06:39:00,46.0,3.3125,26.6906,42.0
2026-07-18 06:40:00,47.0,3.125,26.670650000000002,43.5
2026-07-18 06:41:00,48.0,2.45,26.67335,44.5
2026-07-18 06:42:00,49.0,3.2375000000000003,26.66825,45.0
2026-07-18 06:43:00,50.0,2.825,26.685850000000002,46.0
2026-07-18 06:44:00,56.0,3.3125,26.70915,51.5
2026-07-18 06:45:00,58.0,3.05,26.7285,53.0
2026-07-18 06:46:00,60.5,4.1,26.738500000000002,55.5
2026-07-18 06:47:00,62.5,3.65,26.726750000000003,57.5
2026-07-18 06:48:00,64.0,3.3875,26.6968,58.5
2026-07-18 06:49:00,67.0,3.6125,26.71295,60.5
2026-07-18 06:50:00,69.5,3.3125,26.73715,62.5
2026-07-18 06:51:00,71.0,2.6375,26.7177,64.0
2026-07-18 06:52:00,72.5,2.3375,26.7578,65.0
2026-07-18 06:53:00,75.5,3.65,26.803600000000003,68.5
2026-07-18 06:54:00,76.5,3.3875,26.80495,69.0
2026-07-18 06:55:00,80.0,2.45,26.8154,72.5
2026-07-18 06:56:00,81.5,3.0125,26.8315,73.5
2026-07-18 06:57:00,82.5,2.9375,26.8549,74.5
2026-07-18 06:58:00,84.5,3.1625,26.833,76.0
2026-07-18 06:59:00,90.5,3.1625,26.836,81.5
2026-07-18 07:00:00,91.5,2.3,26.8584,82.5
2026-07-18 07:01:00,93.0,2.975,26.8657,83.5
2026-07-18 07:02:00,94.5,3.05,26.84285,85.0
2026-07-18 07:03:00,102.0,2.675,26.94975,91.5
2026-07-18 07:04:00,105.5,2.9375,27.0091,94.5
2026-07-18 07:05:00,107.5,3.0875000000000004,27.0258,96.5
2026-07-18 07:06:00,109.0,3.575,27.014699999999998,97.5
2026-07-18 07:07:00,110.5,3.2750000000000004,27.00805,99.0
2026-07-18 07:08:00,112.5,3.05,27.0122,101.0
2026-07-18 07:09:00,120.0,3.6875,27.07865,107.0
2026-07-18 07:10:00,122.0,3.3125,27.08705,109.5
2026-07-18 07:11:00,123.5,2.8625,27.09115,111.5
2026-07-18 07:12:00,125.0,3.65,27.0854,113.0
2026-07-18 07:13:00,132.0,2.6375,27.0622,119.0
2026-07-18 07:14:00,134.0,3.425,27.0743,121.0
2026-07-18 07:15:00,138.0,2.4125,27.12215,124.5
2026-07-18 07:16:00,139.5,2.9375,27.148,126.5
2026-07-18 07:17:00,141.0,3.6125000000000003,27.1425,128.0
2026-07-18 07:18:00,143.0,3.05,27.12195,129.5
2026-07-18 07:19:00,150.0,2.7125000000000004,27.2333,136.0
2026-07-18 07:20:00,152.5,4.775,27.277549999999998,138.5
2026-07-18 07:21:00,155.5,2.75,27.18405,141.5
2026-07-18 07:22:00,157.0,3.0125,27.217799999999997,143.0
2026-07-18 07:23:00,158.0,3.7625,27.2123,144.0
2026-07-18 07:24:00,160.5,2.6,27.2449,146.5
2026-07-18 07:25:00,169.5,3.6875,27.372999999999998,155.0
2026-07-18 07:26:00,171.5,4.0625,27.32835,156.5
2026-07-18 07:27:00,174.0,3.2375,27.357750000000003,158.5
2026-07-18 07:28:00,175.5,3.3875,27.379649999999998,160.0
2026-07-18 07:29:00,183.5,3.3875,27.46075,168.0
2026-07-18 07:30:00,186.5,3.6875,27.50405,170.5
2026-07-18 07:31:00,190.5,3.0125,27.51735,174.5
2026-07-18 07:32:00,192.0,3.1624999999999996,27.5483,176.0
2026-07-18 07:33:00,196.0,3.125,27.5808,180.0
2026-07-18 07:34:00,198.0,3.4625,27.60685,182.0
2026-07-18 07:35:00,198.5,3.5749999999999997,27.537950000000002,182.5
2026-07-18 07:36:00,200.5,4.3625,27.55475,184.0
2026-07-18 07:37:00,209.5,4.4375,27.523000000000003,193.0
2026-07-18 07:38:00,211.5,3.875,27.54835,194.5
2026-07-18 07:39:00,214.0,4.6625,27.54185,197.0
2026-07-18 07:40:00,214.5,3.2750000000000004,27.54165,197.5
2026-07-18 07:41:00,223.5,3.9124999999999996,27.57275,206.5
2026-07-18 07:42:00,224.5,4.175,27.60605,207.5
2026-07-18 07:43:00,231.5,4.4375,27.64455,214.0
2026-07-18 07:44:00,232.5,3.5749999999999997,27.6206,215.0
2026-07-18 07:45:00,239.5,3.7249999999999996,27.746299999999998,221.5
2026-07-18 07:46:00,242.0,2.7874999999999996,27.78675,223.5
2026-07-18 07:47:00,245.0,3.7624999999999997,27.9015,227.0
2026-07-18 07:48:00,247.5,3.2375,27.820700000000002,229.5
2026-07-18 07:49:00,249.0,3.7249999999999996,27.8379,231.0
2026-07-18 07:50:00,250.5,3.2375,27.925150000000002,233.0
2026-07-18 07:51:00,252.0,3.6500000000000004,27.921,234.0
2026-07-18 07:52:00,255.5,3.575,27.9021,237.0
2026-07-18 07:53:00,267.5,3.575,27.7847,249.0
2026-07-18 07:54:00,271.5,3.725,27.84205,253.0
2026-07-18 07:55:00,272.5,3.9125,27.931449999999998,254.0
2026-07-18 07:56:00,274.0,3.0125,27.930999999999997,255.5
2026-07-18 07:57:00,278.5,4.887499999999999,27.8433,261.5
2026-07-18 07:58:00,281.5,5.15,27.7658,264.0
2026-07-18 07:59:00,288.0,3.9875000000000003,27.773249999999997,271.0
2026-07-18 08:00:00,292.0,4.175,27.8803,275.0
2026-07-18 08:01:00,288.5,4.1375,27.9264,272.0
2026-07-18 08:02:00,298.5,5.0375,27.9621,281.5
2026-07-18 08:03:00,301.5,5.075,28.100299999999997,284.5
2026-07-18 08:04:00,299.5,4.25,28.10485,283.5
2026-07-18 08:05:00,303.0,4.475,28.132550000000002,286.5
2026-07-18 08:06:00,304.0,4.0625,28.06925,287.5
2026-07-18 08:07:00,316.0,2.9,28.13625,300.0
2026-07-18 08:08:00,319.5,4.1,28.2618,304.0
2026-07-18 08:09:00,324.0,4.5125,28.1917,309.0
2026-07-18 08:10:00,330.0,3.3125,28.22905,314.5
2026-07-18 08:11:00,330.5,3.5,28.28735,315.5
2026-07-18 08:12:00,328.0,4.175000000000001,28.1894,313.5
2026-07-18 08:13:00,332.0,3.575,28.224800000000002,318.0
2026-07-18 08:14:00,341.0,4.55,28.3876,326.5
2026-07-18 08:15:00,345.5,3.9124999999999996,28.424500000000002,331.0
2026-07-18 08:16:00,347.5,3.35,28.60755,334.0
2026-07-18 08:17:00,331.5,3.5375,28.61765,319.5
2026-07-18 08:18:00,357.0,4.475,28.56345,343.5
2026-07-18 08:19:00,357.0,2.8625,28.5424,344.0
2026-07-18 08:20:00,361.5,4.775,28.46395,348.5
2026-07-18 08:21:00,363.5,4.025,28.536,351.0
2026-07-18 08:22:00,368.5,3.0125,28.61005,356.0
2026-07-18 08:23:00,374.5,5.45,28.584600000000002,362.0
2026-07-18 08:24:00,375.0,4.2125,28.49275,363.0
2026-07-18 08:25:00,376.0,4.625,28.510199999999998,364.0
2026-07-18 08:26:00,384.0,5.074999999999999,28.439500000000002,372.5
2026-07-18 08:27:00,384.0,4.4375,28.45475,373.0
2026-07-18 08:28:00,388.5,3.9875000000000003,28.557699999999997,377.5
2026-07-18 08:29:00,393.0,3.2375,28.57815,382.0
2026-07-18 08:30:00,394.5,3.3125,28.616349999999997,382.5
2026-07-18 08:31:00,399.5,4.550000000000001,28.73525,388.5
2026-07-18 08:32:00,403.5,4.3625,28.804650000000002,392.5
2026-07-18 08:33:00,406.5,4.2875,28.85605,396.0
2026-07-18 08:34:00,412.5,5.6375,28.755699999999997,401.5
2026-07-18 08:35:00,412.5,4.85,28.745449999999998,403.0
2026-07-18 08:36:00,417.5,5.3375,28.7688,408.0
2026-07-18 08:37:00,418.0,5.1875,28.7576,408.5
2026-07-18 08:38:00,427.0,4.2125,28.87795,417.0
2026-07-18 08:39:00,428.0,5.15,28.92935,418.5
2026-07-18 08:40:00,429.5,4.7375,28.87055,420.5
2026-07-18 08:41:00,428.0,4.4,28.811500000000002,418.5
2026-07-18 08:42:00,437.0,4.475,28.83445,428.0
2026-07-18 08:43:00,441.0,5.075,28.98985,432.0
2026-07-18 08:44:00,445.0,3.8375000000000004,29.06625,436.5
2026-07-18 08:45:00,444.5,7.1000000000000005,29.1617,435.0
2026-07-18 08:46:00,438.5,4.475,29.0772,429.5
2026-07-18 08:47:00,446.0,3.95,29.08685,437.0
2026-07-18 08:48:00,455.0,4.2125,29.156100000000002,446.5
2026-07-18 08:49:00,456.0,3.9124999999999996,29.28515,447.0
2026-07-18 08:50:00,461.0,4.6625,29.0925,452.0
2026-07-18 08:51:00,467.0,4.9625,29.1524,458.0
2026-07-18 08:52:00,469.0,5.5625,29.1246,459.5
2026-07-18 08:53:00,474.5,4.887499999999999,29.0818,465.5
2026-07-18 08:54:00,476.5,4.4,29.109450000000002,468.0
2026-07-18 08:55:00,480.5,4.85,29.160249999999998,471.5
2026-07-18 08:56:00,481.0,4.1,29.201999999999998,472.0
2026-07-18 08:57:00,488.0,4.5125,29.18695,478.0
2026-07-18 08:58:00,491.5,5.525,29.29875,481.5
2026-07-18 08:59:00,494.0,4.2875,29.19275,484.0
2026-07-18 09:00:00,495.5,4.475,29.218850000000003,485.5
2026-07-18 09:01:00,497.5,4.475,29.27975,487.0
2026-07-18 09:02:00,502.5,5.15,29.36705,491.5
2026-07-18 09:03:00,504.5,5.1875,29.40095,493.5
2026-07-18 09:04:00,505.5,4.4375,29.44615,494.5
2026-07-18 09:05:00,507.5,5.3375,29.4913,496.5
2026-07-18 09:06:00,513.5,4.4,29.413899999999998,502.0
2026-07-18 09:07:00,515.0,4.6625,29.51645,503.5
2026-07-18 09:08:00,520.0,3.5,29.62345,508.0
2026-07-18 09:09:00,524.0,3.1624999999999996,29.8152,511.0
2026-07-18 09:10:00,525.5,4.550000000000001,29.85335,512.0
2026-07-18 09:11:00,531.5,5.824999999999999,29.74425,518.5
2026-07-18 09:12:00,531.0,5.3375,29.69435,517.5
2026-07-18 09:13:00,532.0,4.4,29.69375,518.5
2026-07-18 09:14:00,541.0,4.775,29.89965,526.5
2026-07-18 09:15:00,537.5,4.1375,29.903100000000002,523.0
2026-07-18 09:16:00,548.5,4.25,30.03655,533.0
2026-07-18 09:17:00,549.0,3.575,29.9473,533.5
2026-07-18 09:18:00,552.5,6.050000000000001,29.9651,536.5
2026-07-18 09:19:00,558.5,5.7875,29.828249999999997,542.0
2026-07-18 09:20:00,558.5,6.275,29.87155,542.5
2026-07-18 09:21:00,561.0,5.0375,30.02165,545.0
2026-07-18 09:22:00,563.5,4.5875,30.081249999999997,547.0
2026-07-18 09:23:00,566.0,4.1,29.989150000000002,548.5
2026-07-18 09:24:00,570.5,4.25,30.09565,553.0
2026-07-18 09:25:00,574.5,4.475,30.0579,556.5
2026-07-18 09:26:00,579.5,4.3625,30.09095,560.5
2026-07-18 09:27:00,583.0,4.6625,30.143349999999998,564.0
2026-07-18 09:28:00,587.5,5.3,30.308,568.0
2026-07-18 09:29:00,591.0,5.1875,30.30185,571.5
2026-07-18 09:30:00,591.0,5.637499999999999,30.2977,571.0
2026-07-18 09:31:00,588.5,5.975,30.30415,568.5
2026-07-18 09:32:00,592.0,5.525,30.1436,572.5
2026-07-18 09:33:00,596.0,5.15,30.10445,576.0
2026-07-18 09:34:00,595.0,5.075,30.2676,575.0
2026-07-18 09:35:00,602.5,4.025,30.142449999999997,582.0
2026-07-18 09:36:00,606.5,4.325,30.21,586.0
2026-07-18 09:37:00,615.5,4.1375,30.403100000000002,594.0
2026-07-18 09:38:00,614.5,4.5875,30.5723,593.5
2026-07-18 09:39:00,613.5,3.1625,30.538600000000002,592.0
2026-07-18 09:40:00,619.0,4.25,30.6341,597.5
2026-07-18 09:41:00,619.5,5.375,30.50075,597.5
2026-07-18 09:42:00,620.0,4.2875,30.5254,598.5
2026-07-18 09:43:00,627.5,4.175000000000001,30.64705,605.5
2026-07-18 09:44:00,632.5,3.5375,30.792299999999997,611.0
2026-07-18 09:45:00,635.0,3.2375,30.9306,613.5
2026-07-18 09:46:00,636.0,3.8375,30.98675,614.0
2026-07-18 09:47:00,638.5,3.875,31.089599999999997,616.0
2026-07-18 09:48:00,641.5,3.5,31.400599999999997,619.5
2026-07-18 09:49:00,645.5,3.9499999999999997,31.4217,624.0
2026-07-18 09:50:00,652.5,5.1875,31.37125,630.0
2026-07-18 09:51:00,650.5,4.512499999999999,31.3367,628.5
2026-07-18 09:52:00,655.5,5.15,31.20205,634.0
2026-07-18 09:53:00,661.0,4.2125,31.21765,638.5
2026-07-18 09:54:00,659.0,5.112500000000001,31.206850000000003,638.0
2026-07-18 09:55:00,660.0,4.512499999999999,31.1067,639.0
2026-07-18 09:56:00,662.5,3.875,31.2152,641.0
2026-07-18 09:57:00,664.5,4.324999999999999,31.365049999999997,643.5
2026-07-18 09:58:00,664.5,3.8000000000000003,31.587200000000003,644.0
2026-07-18 09:59:00,670.0,4.025,31.69395,649.5
2026-07-18 10:00:00,666.5,4.8125,31.6426,646.0
2026-07-18 10:01:00,672.5,4.6625,31.5923,652.0
2026-07-18 10:02:00,673.0,4.625,31.4665,652.5
2026-07-18 10:03:00,675.0,3.6125000000000003,31.3839,654.5
2026-07-18 10:04:00,684.0,4.175,31.344450000000002,665.5
2026-07-18 10:05:00,682.0,4.324999999999999,31.553800000000003,664.0
2026-07-18 10:06:00,690.5,3.8,32.0272,672.5
2026-07-18 10:07:00,689.0,4.2875,31.9542,671.5
2026-07-18 10:08:00,694.5,3.125,31.8997,677.0
2026-07-18 10:09:00,692.5,3.875,31.802999999999997,675.0
2026-07-18 10:10:00,698.5,3.6125,31.90745,681.5
2026-07-18 10:11:00,698.5,2.9375,32.063199999999995,682.0
2026-07-18 10:12:00,699.5,4.887499999999999,32.0459,684.0
2026-07-18 10:13:00,706.5,5.4875,32.19185,691.5
2026-07-18 10:14:00,709.0,4.25,31.9092,695.0
2026-07-18 10:15:00,712.0,3.4625000000000004,31.758850000000002,698.0
2026-07-18 10:16:00,711.0,3.125,31.95125,696.5
2026-07-18 10:17:00,709.0,4.025,32.23465,695.5
2026-07-18 10:18:00,713.0,4.324999999999999,32.338300000000004,700.0
2026-07-18 10:19:00,715.5,4.324999999999999,32.3579,703.5
2026-07-18 10:20:00,713.5,3.7249999999999996,32.5024,702.0
2026-07-18 10:21:00,715.0,4.4375,32.48535,703.5
2026-07-18 10:22:00,724.0,4.475,32.557249999999996,712.5
2026-07-18 10:23:00,721.5,4.4375,32.41295,710.5
2026-07-18 10:24:00,722.0,5.0375,32.41045,710.5
2026-07-18 10:25:00,723.5,4.137499999999999,32.27575,712.5
2026-07-18 10:26:00,724.0,4.8125,32.2287,714.5
2026-07-18 10:27:00,731.5,4.6625,32.24635,722.0
2026-07-18 10:28:00,730.0,5.375,32.4396,721.0
2026-07-18 10:29:00,730.5,4.8875,32.090599999999995,721.5
2026-07-18 10:30:00,740.0,4.4375,32.09525,731.0
2026-07-18 10:31:00,741.0,5.075,32.12395,732.0
2026-07-18 10:32:00,743.0,4.7,32.2529,734.5
2026-07-18 10:33:00,744.0,4.3625,32.3344,736.5
2026-07-18 10:34:00,740.0,5.0375,32.42205,732.0
2026-07-18 10:35:00,746.5,4.4375,32.3211,738.5
2026-07-18 10:36:00,747.5,4.362500000000001,32.4534,740.5
2026-07-18 10:37:00,755.5,4.4375,32.27275,749.0
2026-07-18 10:38:00,736.0,3.6500000000000004,32.2998,730.5
2026-07-18 10:39:00,755.5,4.7,32.5111,748.5
2026-07-18 10:40:00,757.0,4.4,32.50515,751.5
2026-07-18 10:41:00,759.0,5.1875,32.45285,752.5
2026-07-18 10:42:00,760.5,4.4375,32.51865,754.0
2026-07-18 10:43:00,766.0,4.550000000000001,32.78965,759.0
2026-07-18 10:44:00,762.0,3.9875,32.775949999999995,755.5
2026-07-18 10:45:00,759.5,6.125,32.81375,752.5
2026-07-18 10:46:00,773.0,5.1125,32.8707,767.0
2026-07-18 10:47:00,770.5,5.225,32.8428,764.5
2026-07-18 10:48:00,770.0,4.8125,32.778999999999996,763.5
2026-07-18 10:49:00,776.5,4.1375,32.7654,769.5
2026-07-18 10:50:00,774.5,4.2875,32.9238,768.0
2026-07-18 10:51:00,776.5,3.95,32.953900000000004,769.0
2026-07-18 10:52:00,775.5,4.9625,32.84785,768.0
2026-07-18 10:53:00,780.5,3.875,32.53605,773.5
2026-07-18 10:54:00,782.0,3.9875000000000003,32.81545,775.5
2026-07-18 10:55:00,783.5,4.7375,33.007549999999995,777.0
2026-07-18 10:56:00,784.5,3.6125,33.2726,778.0
2026-07-18 10:57:00,746.0,4.5875,33.457,738.0
2026-07-18 10:58:00,781.5,3.8,33.32415,774.5
2026-07-18 10:59:00,790.5,5.4125,33.3085,779.5
2026-07-18 11:00:00,795.0,4.0625,33.139250000000004,787.0
2026-07-18 11:01:00,791.5,4.3625,33.120599999999996,783.5
2026-07-18 11:02:00,793.5,4.8125,33.1806,785.5
2026-07-18 11:03:00,789.5,4.2875,33.0783,781.0
2026-07-18 11:04:00,793.0,4.550000000000001,33.2544,785.0
2026-07-18 11:05:00,800.5,5.0375,33.67585,792.0
2026-07-18 11:06:00,798.5,6.4625,33.54265,790.5
2026-07-18 11:07:00,799.0,4.1375,33.27125,790.5
2026-07-18 11:08:00,804.0,4.550000000000001,33.26275,794.5
2026-07-18 11:09:00,811.5,6.0875,33.296549999999996,802.0
2026-07-18 11:10:00,809.5,4.325,33.42415,800.5
2026-07-18 11:11:00,811.5,4.8875,33.4738,802.0
2026-07-18 11:12:00,808.5,4.4,33.28615,798.5
2026-07-18 11:13:00,810.5,3.9124999999999996,33.24735,801.0
2026-07-18 11:14:00,812.5,3.875,33.17185,803.0
2026-07-18 11:15:00,812.0,4.8125,33.3123,803.0
2026-07-18 11:16:00,803.5,4.2125,33.32145,794.0
2026-07-18 11:17:00,794.0,5.375,33.433350000000004,784.5
2026-07-18 11:18:00,789.5,5.0,33.42815,781.0
2026-07-18 11:19:00,811.0,5.637499999999999,33.682900000000004,801.0
2026-07-18 11:20:00,804.5,5.9375,33.712149999999994,794.0
2026-07-18 11:21:00,796.0,5.0,33.469750000000005,785.5
2026-07-18 11:22:00,814.0,4.2875,33.708749999999995,802.5
2026-07-18 11:23:00,815.5,4.4,33.76635,804.5
2026-07-18 11:24:00,818.0,5.6,33.801,806.5
2026-07-18 11:25:00,819.0,5.0375,33.7247,807.0
2026-07-18 11:26:00,821.5,5.1875,33.83055,809.0
2026-07-18 11:27:00,821.5,4.324999999999999,33.85365,809.5
2026-07-18 11:28:00,825.5,4.6625,33.849999999999994,812.5
2026-07-18 11:29:00,832.5,5.225,33.9867,819.5
2026-07-18 11:30:00,831.0,4.175000000000001,33.7047,818.5
2026-07-18 11:31:00,824.0,4.4375,33.6803,811.0
2026-07-18 11:32:00,832.0,4.324999999999999,33.614050000000006,819.0
2026-07-18 11:33:00,835.0,4.55,33.72185,821.0
2026-07-18 11:34:00,837.5,3.9875,33.925399999999996,823.5
2026-07-18 11:35:00,838.0,5.225,34.043400000000005,823.5
2026-07-18 11:36:00,836.5,5.525,34.15965,821.5
2026-07-18 11:37:00,848.5,5.3375,33.92215,834.5
2026-07-18 11:38:00,848.0,4.2875,33.951800000000006,833.0
2026-07-18 11:39:00,844.0,4.25,33.95735,828.5
2026-07-18 11:40:00,851.5,3.2,33.93845,835.0
2026-07-18 11:41:00,838.0,5.15,34.264399999999995,822.0
2026-07-18 11:42:00,842.5,4.775,34.16435,826.0
2026-07-18 11:43:00,845.0,5.9375,34.2485,828.5
2026-07-18 11:44:00,845.5,5.262499999999999,34.284800000000004,829.0
2026-07-18 11:45:00,848.0,4.512499999999999,33.96865,831.0
2026-07-18 11:46:00,852.0,4.512499999999999,34.0935,835.0
2026-07-18 11:47:00,848.0,3.7624999999999997,33.93445,831.0
2026-07-18 11:48:00,853.0,5.1125,34.0624,836.0
2026-07-18 11:49:00,855.5,5.1875,34.09955,838.0
2026-07-18 11:50:00,854.5,4.699999999999999,34.15405,837.0
2026-07-18 11:51:00,853.5,4.25,34.0216,836.5
2026-07-18 11:52:00,854.0,4.7375,33.970600000000005,836.5
2026-07-18 11:53:00,857.0,4.137499999999999,34.1775,840.0
2026-07-18 11:54:00,856.0,4.8125,34.3072,839.5
2026-07-18 11:55:00,864.5,4.2125,34.661,847.0
2026-07-18 11:56:00,857.0,5.825,34.66015,839.5
2026-07-18 11:57:00,868.0,4.8125,34.71895,849.5
2026-07-18 11:58:00,853.0,4.4,34.6543,836.0
2026-07-18 11:59:00,867.0,5.975,34.5687,849.5
2026-07-18 12:00:00,871.0,5.487500000000001,34.865700000000004,853.5
2026-07-18 12:01:00,877.0,4.887499999999999,34.9274,858.0
2026-07-18 12:02:00,883.5,5.074999999999999,34.5923,865.0
2026-07-18 12:03:00,885.0,4.3625,34.397549999999995,867.0
2026-07-18 12:04:00,882.0,5.4125,34.454049999999995,865.0
2026-07-18 12:05:00,885.5,5.975,34.61625,867.5
2026-07-18 12:06:00,893.5,4.925,34.8854,875.0
2026-07-18 12:07:00,901.5,5.4875,34.8103,882.5
2026-07-18 12:08:00,900.0,4.8875,34.72195,881.0
2026-07-18 12:09:00,902.0,4.475,34.65985,882.5
2026-07-18 12:10:00,903.0,3.65,34.68365,883.5
2026-07-18 12:11:00,901.5,4.175,34.69865,882.0
2026-07-18 12:12:00,906.0,4.5875,34.704499999999996,886.5
2026-07-18 12:13:00,906.5,5.0,34.9608,887.0
2026-07-18 12:14:00,903.5,4.512499999999999,34.8146,884.5
2026-07-18 12:15:00,903.0,4.9625,34.81425,884.0
2026-07-18 12:16:00,903.0,4.475,34.874750000000006,884.5
2026-07-18 12:17:00,900.0,4.324999999999999,34.81415,882.0
2026-07-18 12:18:00,910.0,5.5625,34.8227,891.5
2026-07-18 12:19:00,910.5,5.525,34.725300000000004,892.5
2026-07-18 12:20:00,907.0,4.025,34.689,889.5
2026-07-18 12:21:00,900.0,4.25,34.70705,883.0
2026-07-18 12:22:00,907.0,6.050000000000001,34.659,889.5
2026-07-18 12:23:00,908.5,4.175,34.62875,892.0
2026-07-18 12:24:00,907.0,4.475,34.713499999999996,890.5
2026-07-18 12:25:00,901.0,4.887499999999999,34.89405,885.5
2026-07-18 12:26:00,901.5,4.625,34.94205,885.5
2026-07-18 12:27:00,900.5,4.025,34.9711,884.0
2026-07-18 12:28:00,909.0,4.175,35.15455,892.5
2026-07-18 12:29:00,911.5,4.5875,35.069100000000006,895.0
2026-07-18 12:30:00,911.5,5.449999999999999,34.9176,895.5
2026-07-18 12:31:00,912.0,4.55,34.778400000000005,896.0
2026-07-18 12:32:00,919.5,3.9875000000000003,35.3052,902.5
2026-07-18 12:33:00,922.0,4.5875,35.69495,905.0
2026-07-18 12:34:00,921.5,3.725,35.7463,904.0
2026-07-18 12:35:00,924.5,5.112500000000001,35.54645,907.0
2026-07-18 12:36:00,936.0,4.7,35.300200000000004,918.5
2026-07-18 12:37:00,935.0,3.9125,35.29555,917.5
2026-07-18 12:38:00,932.0,5.3,35.294799999999995,914.5
2026-07-18 12:39:00,927.5,5.525,35.35425,910.0
2026-07-18 12:40:00,927.5,5.5625,35.06675,910.5
2026-07-18 12:41:00,927.0,5.1125,35.15645,910.5
2026-07-18 12:42:00,923.0,3.1625,35.0707,906.0
2026-07-18 12:43:00,910.5,3.95,35.2424,893.5
2026-07-18 12:44:00,922.5,4.6625,35.32385,904.5
2026-07-18 12:45:00,927.5,4.025,35.31045,909.5
2026-07-18 12:46:00,926.0,3.8,35.3279,908.0
2026-07-18 12:47:00,922.5,3.4625000000000004,35.356049999999996,904.5
2026-07-18 12:48:00,922.0,3.0125,35.249449999999996,904.5
2026-07-18 12:49:00,917.0,3.7625,35.332350000000005,900.0
2026-07-18 12:50:00,918.0,4.5875,35.67,901.0
2026-07-18 12:51:00,919.5,5.6375,35.8365,902.5
2026-07-18 12:52:00,920.5,4.5875,36.079,902.0
2026-07-18 12:53:00,929.0,4.475,36.375,910.0
2026-07-18 12:54:00,925.5,5.375,36.2386,906.5
2026-07-18 12:55:00,917.5,4.55,36.0754,898.5
2026-07-18 12:56:00,916.5,3.35,35.6502,897.5
2026-07-18 12:57:00,919.0,3.2750000000000004,35.97475,900.0
2026-07-18 12:58:00,917.0,3.575,36.381299999999996,897.5
2026-07-18 12:59:00,915.5,5.7875,36.33045,896.0
2026-07-18 13:00:00,924.5,5.2625,36.0821,903.5
2026-07-18 13:01:00,923.5,3.6125,35.9678,902.5
2026-07-18 13:02:00,926.5,3.3875,36.33710000000001,906.0
2026-07-18 13:03:00,921.0,4.4375,36.1605,901.0
2026-07-18 13:04:00,905.0,4.2125,35.9007,884.5
2026-07-18 13:05:00,891.0,4.7375,35.8107,870.0
2026-07-18 13:06:00,934.5,5.3375,36.16475,911.0
2026-07-18 13:07:00,925.5,3.6125000000000003,36.1456,903.0
2026-07-18 13:08:00,925.0,5.0,36.2012,903.5
2026-07-18 13:09:00,925.5,4.8125,36.2219,904.0
2026-07-18 13:10:00,925.5,5.45,36.22485,903.5
2026-07-18 13:11:00,928.5,5.7875,36.29555,906.5
2026-07-18 13:12:00,921.5,5.9,36.24195,899.5
2026-07-18 13:13:00,921.5,5.9,36.15705,899.5
2026-07-18 13:14:00,929.0,4.175,36.3097,904.5
2026-07-18 13:15:00,928.0,4.8875,36.274950000000004,903.0
2026-07-18 13:16:00,931.0,3.6875,35.935249999999996,907.5
2026-07-18 13:17:00,931.0,3.5375,36.0968,907.5
2026-07-18 13:18:00,931.5,4.925,36.21145,907.0
2026-07-18 13:19:00,854.0,3.9875,36.21565,833.5
2026-07-18 13:20:00,920.0,5.75,36.20075,894.5
2026-07-18 13:21:00,936.5,4.175,36.21175,910.0
2026-07-18 13:22:00,937.0,5.4875,36.157849999999996,910.5
2026-07-18 13:23:00,934.5,6.6875,35.9979,908.0
2026-07-18 13:24:00,930.5,6.237500000000001,35.846450000000004,904.5
2026-07-18 13:25:00,930.5,4.85,35.840450000000004,904.5
2026-07-18 13:26:00,929.0,4.737500000000001,36.323949999999996,901.0
2026-07-18 13:27:00,928.0,3.9125,36.2254,900.5
2026-07-18 13:28:00,919.0,4.4375,36.4132,891.5
2026-07-18 13:29:00,918.0,5.074999999999999,36.42245,890.5
2026-07-18 13:30:00,933.5,5.074999999999999,36.29555,905.0
2026-07-18 13:31:00,932.5,4.2125,36.10595,904.5
2026-07-18 13:32:00,924.0,4.8125,36.32925,895.0
2026-07-18 13:33:00,905.5,4.8125,36.25835,878.5
2026-07-18 13:34:00,910.0,3.9875,36.516549999999995,881.5
2026-07-18 13:35:00,911.0,4.4375,36.64265,882.0
2026-07-18 13:36:00,929.0,5.0375,36.71375,899.0
2026-07-18 13:37:00,915.0,4.8875,36.90095,886.0
2026-07-18 13:38:00,908.5,5.1875,37.101299999999995,879.0
2026-07-18 13:39:00,914.0,4.737500000000001,36.61035,883.0
2026-07-18 13:40:00,929.5,2.9375,36.44585,898.0
2026-07-18 13:41:00,924.5,4.6625,36.6514,893.5
2026-07-18 13:42:00,919.5,4.175,36.58365,888.5
2026-07-18 13:43:00,916.5,3.05,36.6439,885.0
2026-07-18 13:44:00,916.0,3.6125,36.8544,884.5
2026-07-18 13:45:00,908.5,3.575,36.78235,877.5
2026-07-18 13:46:00,911.0,2.975,36.72685,880.0
2026-07-18 13:47:00,916.5,4.775,36.67285,884.5
2026-07-18 13:48:00,922.0,5.9,36.536699999999996,890.0
2026-07-18 13:49:00,910.0,5.0375,36.49415,878.0
2026-07-18 13:50:00,913.5,4.0625,36.577749999999995,880.5
2026-07-18 13:51:00,919.5,3.3875,36.836299999999994,886.5
2026-07-18 13:52:00,920.5,4.025,36.8988,886.5
2026-07-18 13:53:00,920.5,3.5374999999999996,36.5788,887.0
2026-07-18 13:54:00,918.5,3.2,36.4086,885.0
2026-07-18 13:55:00,914.0,3.05,36.8074,881.0
2026-07-18 13:56:00,905.5,3.9875,37.00325,872.5
2026-07-18 13:57:00,910.0,3.3125,37.09375,876.0
2026-07-18 13:58:00,908.5,3.8375,37.1952,874.5
2026-07-18 13:59:00,909.0,4.0625,37.1311,875.0
2026-07-18 14:00:00,905.0,4.8125,37.13995,870.0
2026-07-18 14:01:00,911.5,3.8375,36.98805,877.0
2026-07-18 14:02:00,912.0,4.775,37.144149999999996,877.5
2026-07-18 14:03:00,910.5,5.9,37.137299999999996,876.0
2026-07-18 14:04:00,916.5,5.15,36.77505,882.0
2026-07-18 14:05:00,913.5,3.2375000000000003,36.5798,879.0
2026-07-18 14:06:00,912.0,3.05,36.7301,877.0
2026-07-18 14:07:00,912.0,4.85,36.909549999999996,877.0
2026-07-18 14:08:00,911.0,3.3499999999999996,36.98295,877.0
2026-07-18 14:09:00,912.0,5.075,37.15195,877.0
2026-07-18 14:10:00,914.5,3.425,36.953,880.0
2026-07-18 14:11:00,906.5,2.225,36.9811,872.0
2026-07-18 14:12:00,907.0,3.95,37.1674,872.5
2026-07-18 14:13:00,905.0,3.7625,37.2749,871.0
2026-07-18 14:14:00,901.0,3.875,37.23435,867.5
2026-07-18 14:15:00,904.0,3.8375,37.0305,870.0
2026-07-18 14:16:00,902.0,4.475,36.9713,868.0
2026-07-18 14:17:00,892.5,4.8125,37.0626,858.0
2026-07-18 14:18:00,893.0,5.375,36.9505,859.0
2026-07-18 14:19:00,885.0,4.4375,36.90245,851.5
2026-07-18 14:20:00,886.0,3.9124999999999996,37.0582,852.5
2026-07-18 14:21:00,889.5,3.5374999999999996,37.06755,856.0
2026-07-18 14:22:00,889.0,4.7375,37.01395,856.0
2026-07-18 14:23:00,891.0,5.487500000000001,37.1913,857.5
2026-07-18 14:24:00,890.5,4.85,37.123450000000005,857.5
2026-07-18 14:25:00,876.0,3.3125,37.19315,844.0
2026-07-18 14:26:00,877.0,5.5625,37.366600000000005,845.0
2026-07-18 14:27:00,874.0,5.675,37.4376,843.0
2026-07-18 14:28:00,868.5,3.8375000000000004,37.091750000000005,839.0
2026-07-18 14:29:00,864.5,3.0125,36.8994,834.5
2026-07-18 14:30:00,868.0,4.0625,36.97175,838.0
2026-07-18 14:31:00,872.5,3.7625,37.19025,842.5
2026-07-18 14:32:00,865.0,4.2875,37.2326,835.0
2026-07-18 14:33:00,853.5,3.05,37.3814,824.0
2026-07-18 14:34:00,860.5,3.7625,37.4401,830.5
2026-07-18 14:35:00,855.0,4.625,37.31245,825.5
2026-07-18 14:36:00,860.0,4.324999999999999,37.2567,830.5
2026-07-18 14:37:00,858.0,4.25,37.2164,829.5
2026-07-18 14:38:00,854.5,4.9625,37.34575,826.5
2026-07-18 14:39:00,855.5,4.2875,37.261449999999996,827.0
2026-07-18 14:40:00,850.0,2.4875,37.04774999999999,822.0
2026-07-18 14:41:00,842.5,4.8875,37.39765,815.0
2026-07-18 14:42:00,845.5,4.025,37.42675,817.5
2026-07-18 14:43:00,845.5,3.8375,37.6061,817.5
2026-07-18 14:44:00,842.5,4.0625,37.764849999999996,814.5
2026-07-18 14:45:00,844.5,4.137499999999999,37.8258,817.0
2026-07-18 14:46:00,847.0,3.7625,37.889849999999996,819.5
2026-07-18 14:47:00,839.5,5.7125,37.6546,813.0
2026-07-18 14:48:00,836.0,4.775,37.554950000000005,810.0
2026-07-18 14:49:00,835.5,3.425,37.25645,809.0
2026-07-18 14:50:00,830.5,3.575,37.211600000000004,804.5
2026-07-18 14:51:00,832.5,3.0125,37.063100000000006,806.5
2026-07-18 14:52:00,830.5,3.4625000000000004,37.4678,805.5
2026-07-18 14:53:00,830.5,4.4375,37.71875,804.5
2026-07-18 14:54:00,833.5,4.9625,37.863550000000004,807.0
2026-07-18 14:55:00,829.0,4.887499999999999,38.0377,803.0
2026-07-18 14:56:00,828.0,5.074999999999999,37.67,801.0
2026-07-18 14:57:00,811.5,2.6,37.49335000000001,785.5
2026-07-18 14:58:00,804.5,4.325,37.77795,778.5
2026-07-18 14:59:00,792.5,4.5875,37.5185,768.0
2026-07-18 15:00:00,810.5,3.65,37.3643,785.5
2026-07-18 15:01:00,806.5,3.5,37.3348,782.0
2026-07-18 15:02:00,802.5,2.8625,37.54365,778.0
2026-07-18 15:03:00,799.0,3.4625,37.7677,773.5
2026-07-18 15:04:00,795.5,4.4,37.8352,770.0
2026-07-18 15:05:00,795.5,4.5125,37.988299999999995,770.0
2026-07-18 15:06:00,795.5,5.112500000000001,38.09085,770.0
2026-07-18 15:07:00,798.0,3.6875,37.979600000000005,772.5
2026-07-18 15:08:00,799.5,4.1,37.8027,773.5
2026-07-18 15:09:00,801.5,4.025,37.59905,775.5
2026-07-18 15:10:00,793.5,5.375,37.5449,768.0
2026-07-18 15:11:00,793.5,2.0,37.402100000000004,768.0
2026-07-18 15:12:00,790.0,2.6,37.3836,765.0
2026-07-18 15:13:00,784.0,3.275,37.4589,759.0
2026-07-18 15:14:00,784.0,3.3125,37.74835,759.5
2026-07-18 15:15:00,786.0,2.7125,37.886700000000005,761.5
2026-07-18 15:16:00,781.0,3.5,37.887,756.5
2026-07-18 15:17:00,775.5,3.3125,37.8656,751.0
2026-07-18 15:18:00,775.0,2.9,37.8356,750.5
2026-07-18 15:19:00,761.0,2.9375,38.2794,736.5
2026-07-18 15:20:00,760.0,3.275,38.0508,735.0
2026-07-18 15:21:00,754.5,2.4125,37.8504,730.0
2026-07-18 15:22:00,753.0,2.825,38.0355,728.5
2026-07-18 15:23:00,756.5,4.550000000000001,38.13205000000001,730.0
2026-07-18 15:24:00,755.5,4.775,38.08685,729.5
2026-07-18 15:25:00,755.0,4.0625,38.0736,729.0
2026-07-18 15:26:00,748.5,4.4375,38.113200000000006,723.5
2026-07-18 15:27:00,746.0,3.9875,38.241749999999996,720.5
2026-07-18 15:28:00,745.5,2.2625,38.5493,719.5
2026-07-18 15:29:00,740.5,3.3125,38.396,714.5
2026-07-18 15:30:00,742.0,3.3125,38.3579,716.0
2026-07-18 15:31:00,738.0,4.1,38.3053,712.5
2026-07-18 15:32:00,738.0,3.875,38.18085,712.0
2026-07-18 15:33:00,702.0,4.0625,38.26065,677.0
2026-07-18 15:34:00,650.0,3.3875,38.27735,634.0
2026-07-18 15:35:00,697.0,5.075,37.931799999999996,669.5
2026-07-18 15:36:00,709.5,4.025,37.88065,681.5
2026-07-18 15:37:00,722.0,3.1624999999999996,37.8265,694.0
2026-07-18 15:38:00,706.0,3.1625,38.06745,678.5
2026-07-18 15:39:00,700.5,4.2875,38.1983,673.0
2026-07-18 15:40:00,702.5,4.362500000000001,38.03015,674.5
2026-07-18 15:41:00,705.5,3.65,37.9136,677.0
2026-07-18 15:42:00,702.5,4.2875,37.8134,674.0
2026-07-18 15:43:00,693.0,5.2625,37.71055,665.0
2026-07-18 15:44:00,683.0,4.887499999999999,37.8433,655.0
2026-07-18 15:45:00,682.0,5.675000000000001,38.0396,654.0
2026-07-18 15:46:00,684.5,4.925,37.92915,656.0
2026-07-18 15:47:00,683.0,3.8,37.97815,653.5
2026-07-18 15:48:00,682.0,4.0625,38.07695,652.5
2026-07-18 15:49:00,678.5,4.5125,38.037549999999996,648.5
2026-07-18 15:50:00,681.5,4.325,38.09525,652.0
2026-07-18 15:51:00,675.0,3.9875000000000003,37.9187,644.0
2026-07-18 15:52:00,664.5,3.9875000000000003,37.76115,634.5
2026-07-18 15:53:00,664.5,4.7,37.66215,634.0
2026-07-18 15:54:00,657.5,3.3125,37.75945,626.5
2026-07-18 15:55:00,662.5,2.6375,37.9659,631.0
2026-07-18 15:56:00,678.0,3.2375,38.4082,641.0
2026-07-18 15:57:00,680.0,3.9125,38.521150000000006,638.5
2026-07-18 15:58:00,670.5,5.0375,38.21125,623.5
2026-07-18 15:59:00,661.5,3.65,38.093,608.5
2026-07-18 16:00:00,652.0,4.175,38.341849999999994,590.5
2026-07-18 16:01:00,644.5,3.575,38.121300000000005,572.5
2026-07-18 16:02:00,638.5,3.3125,37.9225,555.0
2026-07-18 16:03:00,633.5,3.4625000000000004,37.87835,540.0
2026-07-18 16:04:00,632.5,4.9625,38.1714,526.5
2026-07-18 16:05:00,635.5,4.5875,38.1981,514.5
2026-07-18 16:06:00,629.5,3.725,38.261449999999996,503.0
2026-07-18 16:07:00,629.0,4.325,38.31755,502.5
2026-07-18 16:08:00,624.5,4.5125,38.2543,498.0
2026-07-18 16:09:00,620.0,4.025,38.35675,493.5
2026-07-18 16:10:00,606.0,3.125,38.10555,453.0
2026-07-18 16:11:00,605.0,3.3125,38.007149999999996,452.5
2026-07-18 16:12:00,596.5,3.0875000000000004,37.87905,445.0
2026-07-18 16:13:00,583.5,4.4375,37.920649999999995,434.5
2026-07-18 16:14:00,591.5,3.9875,37.9724,442.5
2026-07-18 16:15:00,591.5,5.3,38.03735,442.5
2026-07-18 16:16:00,584.5,5.6375,38.1803,461.5
2026-07-18 16:17:00,582.5,4.7375,38.28375,463.0
2026-07-18 16:18:00,573.5,4.85,37.937650000000005,476.0
2026-07-18 16:19:00,556.5,4.925000000000001,37.829350000000005,467.0
2026-07-18 16:20:00,534.0,4.2875,38.0588,488.0
2026-07-18 16:21:00,524.0,4.7,38.1472,490.0
2026-07-18 16:22:00,498.5,4.1375,38.0898,486.0
2026-07-18 16:23:00,486.5,3.3875,37.933350000000004,487.5
2026-07-18 16:24:00,474.5,3.875,37.91815,483.0
2026-07-18 16:25:00,463.5,3.2,37.9955,482.5
2026-07-18 16:26:00,451.0,3.725,37.9754,510.0
2026-07-18 16:27:00,449.0,4.2875,38.041650000000004,510.5
2026-07-18 16:28:00,450.0,4.737500000000001,38.15605,510.5
2026-07-18 16:29:00,459.5,5.225,38.2753,511.5
2026-07-18 16:30:00,466.5,4.775,38.2345,507.0
2026-07-18 16:31:00,479.5,4.2125,38.2582,503.0
2026-07-18 16:32:00,484.5,3.5,38.2032,494.0
2026-07-18 16:33:00,495.0,4.1,38.088,494.5
2026-07-18 16:34:00,504.5,2.0375,38.269999999999996,487.5
2026-07-18 16:35:00,505.0,4.1,38.2273,482.0
2026-07-18 16:36:00,510.0,4.025,38.13955,481.5
2026-07-18 16:37:00,510.0,3.275,38.212050000000005,477.0
2026-07-18 16:38:00,496.0,3.0125,38.007400000000004,462.0
2026-07-18 16:39:00,500.5,4.0625,38.0691,464.5
2026-07-18 16:40:00,506.0,3.9125,37.808,468.5
2026-07-18 16:41:00,508.0,5.075,37.80715,470.0
2026-07-18 16:42:00,502.5,4.7,37.727900000000005,467.5
2026-07-18 16:43:00,501.0,3.3125,37.7714,462.5
2026-07-18 16:44:00,494.5,3.7625,37.74555,455.0
2026-07-18 16:45:00,493.5,4.4,37.5341,453.5
2026-07-18 16:46:00,487.0,4.7375,37.821749999999994,448.0
2026-07-18 16:47:00,483.0,5.75,37.834649999999996,444.0
2026-07-18 16:48:00,483.0,4.8125,37.922349999999994,444.0
2026-07-18 16:49:00,485.0,5.637499999999999,37.94585,445.0
2026-07-18 16:50:00,481.0,3.7624999999999997,37.9005,441.0
2026-07-18 16:51:00,472.5,3.8375000000000004,37.904849999999996,432.5
2026-07-18 16:52:00,468.0,4.362500000000001,37.935,428.0
2026-07-18 16:53:00,467.0,3.7624999999999997,37.949,426.0
2026-07-18 16:54:00,455.5,3.5375,37.83975,415.5
2026-07-18 16:55:00,458.0,3.575,37.8648,417.5
2026-07-18 16:56:00,454.0,4.25,37.94025,414.0
2026-07-18 16:57:00,452.5,4.025,37.9607,412.5
2026-07-18 16:58:00,446.5,4.025,38.2422,405.5
2026-07-18 16:59:00,443.5,4.475,38.1288,402.0
2026-07-18 17:00:00,443.5,3.3125,38.1931,401.5
2026-07-18 17:01:00,441.5,4.4375,38.23375,399.0
2026-07-18 17:02:00,437.0,4.325,38.0274,395.0
2026-07-18 17:03:00,432.0,4.1,37.8793,390.0
2026-07-18 17:04:00,421.5,4.3625,37.9185,379.5
2026-07-18 17:05:00,420.0,4.699999999999999,37.93775,377.5
2026-07-18 17:06:00,418.5,5.225,37.90219999999999,375.5
2026-07-18 17:07:00,415.0,5.225,37.9593,372.5
2026-07-18 17:08:00,410.0,4.4375,37.9903,366.5
2026-07-18 17:09:00,408.5,4.0625,38.01705,365.0
2026-07-18 17:10:00,408.5,3.9125,38.12975,364.0
2026-07-18 17:11:00,407.0,2.8625,38.25395,361.5
2026-07-18 17:12:00,402.0,3.05,38.266850000000005,355.5
2026-07-18 17:13:00,398.5,2.9,38.26395,350.5
2026-07-18 17:14:00,392.5,4.1375,38.2539,344.0
2026-07-18 17:15:00,391.5,3.125,38.2263,341.0
2026-07-18 17:16:00,396.0,3.5,38.327200000000005,342.0
2026-07-18 17:17:00,392.5,4.025,38.2984,335.5
2026-07-18 17:18:00,388.0,3.4625000000000004,38.2191,328.5
2026-07-18 17:19:00,384.0,4.1,38.136700000000005,320.0
2026-07-18 17:20:00,381.5,3.8375000000000004,38.1219,314.5
2026-07-18 17:21:00,381.5,5.2625,38.14915,311.5
2026-07-18 17:22:00,381.5,3.875,38.040350000000004,305.5
2026-07-18 17:23:00,381.0,3.875,38.122,300.5
2026-07-18 17:24:00,380.0,3.3499999999999996,38.18025,291.0
2026-07-18 17:25:00,379.0,3.6125,38.281850000000006,283.5
2026-07-18 17:26:00,375.5,2.7125,38.28245,278.0
2026-07-18 17:27:00,368.0,2.3375,38.31285,275.5
2026-07-18 17:28:00,325.5,3.1625,38.09785,235.5
2026-07-18 17:29:00,325.5,3.2750000000000004,38.016149999999996,232.5
2026-07-18 17:30:00,324.5,4.1375,38.036699999999996,232.0
2026-07-18 17:31:00,322.0,4.7375,38.028,230.5
2026-07-18 17:32:00,320.0,5.487500000000001,37.8888,228.5
2026-07-18 17:33:00,317.5,4.2875,37.83095,227.5
2026-07-18 17:34:00,315.0,4.6625,37.851,226.0
2026-07-18 17:35:00,314.5,4.625,37.841049999999996,225.5
2026-07-18 17:36:00,313.0,3.4250000000000003,37.810050000000004,224.0
2026-07-18 17:37:00,310.0,3.9125,37.8532,223.0
2026-07-18 17:38:00,296.0,3.9125,37.69935,208.5
2026-07-18 17:39:00,295.0,3.5,37.727850000000004,208.0
2026-07-18 17:40:00,292.0,3.3125,37.70775,205.5
2026-07-18 17:41:00,290.0,4.2875,37.7335,204.0
2026-07-18 17:42:00,283.5,4.55,37.68355,200.0
2026-07-18 17:43:00,280.0,4.475,37.643550000000005,198.5
2026-07-18 17:44:00,278.5,3.7625,37.5176,198.5
2026-07-18 17:45:00,277.5,3.2,37.608149999999995,198.0
2026-07-18 17:46:00,277.5,3.725,37.684200000000004,197.5
2026-07-18 17:47:00,276.0,4.2125,37.67425,197.0
2026-07-18 17:48:00,275.5,4.5875,37.6246,197.0
2026-07-18 17:49:00,263.0,3.5,37.51165,187.0
2026-07-18 17:50:00,258.0,3.8375,37.571799999999996,184.5
2026-07-18 17:51:00,256.5,4.025,37.603899999999996,183.5
2026-07-18 17:52:00,254.0,3.8375,37.5663,184.0
2026-07-18 17:53:00,246.5,4.3625,37.6439,180.0
2026-07-18 17:54:00,245.5,4.775,37.5236,182.5
2026-07-18 17:55:00,243.5,3.95,37.5042,186.5
2026-07-18 17:56:00,241.5,4.1375,37.49365,190.5
2026-07-18 17:57:00,230.0,4.175,37.460300000000004,186.0
2026-07-18 17:58:00,228.0,3.425,37.45245,185.0
2026-07-18 17:59:00,226.0,3.3499999999999996,37.4455,183.0
2026-07-18 18:00:00,224.0,4.325,37.48115,181.5
2026-07-18 18:01:00,217.5,3.1625,37.52735,176.5
2026-07-18 18:02:00,212.5,3.875,37.4135,171.5
2026-07-18 18:03:00,210.5,3.8,37.292,169.5
2026-07-18 18:04:00,209.5,3.5375,37.2774,167.5
2026-07-18 18:05:00,208.0,3.3125,37.287400000000005,166.0
2026-07-18 18:06:00,207.0,3.5375,37.32965,164.5
2026-07-18 18:07:00,197.5,3.2750000000000004,37.3453,155.0
2026-07-18 18:08:00,195.0,3.575,37.4724,153.0
2026-07-18 18:09:00,190.0,4.362500000000001,37.513149999999996,149.0
2026-07-18 18:10:00,189.0,3.9125,37.43725,148.0
2026-07-18 18:11:00,183.0,3.8,37.396950000000004,143.5
2026-07-18 18:12:00,182.0,3.2,37.355199999999996,143.0
2026-07-18 18:13:00,175.5,2.075,37.352149999999995,138.5
2026-07-18 18:14:00,171.0,3.9875000000000003,37.39085,136.5
2026-07-18 18:15:00,169.0,4.7,37.435199999999995,135.0
2026-07-18 18:16:00,168.5,4.4,37.36745,135.5
2026-07-18 18:17:00,165.0,3.9875,37.38675,132.0
2026-07-18 18:18:00,163.5,4.7,37.2916,132.5
2026-07-18 18:19:00,160.0,2.975,37.179500000000004,125.5
2026-07-18 18:20:00,157.0,3.35,37.16905,125.5
2026-07-18 18:21:00,152.0,4.4375,37.14685,118.5
2026-07-18 18:22:00,148.0,3.8375,37.13565,116.0
2026-07-18 18:23:00,146.0,4.25,37.07965,116.0
2026-07-18 18:24:00,140.5,3.5375,37.08775,113.0
2026-07-18 18:25:00,135.5,3.5,37.033199999999994,111.0
2026-07-18 18:26:00,131.5,3.725,37.00035,109.0
2026-07-18 18:27:00,130.5,4.5125,36.944900000000004,108.5
2026-07-18 18:28:00,131.0,3.2,37.0139,105.0
2026-07-18 18:29:00,126.5,3.425,37.0937,103.5
2026-07-18 18:30:00,125.0,4.2875,37.149,102.5
2026-07-18 18:31:00,123.5,3.1625,37.10875,101.0
2026-07-18 18:32:00,122.5,3.9124999999999996,37.102599999999995,100.0
2026-07-18 18:33:00,120.5,3.7625,37.01135,98.5
2026-07-18 18:34:00,109.5,3.125,36.93955,92.5
2026-07-18 18:35:00,107.5,2.5625,37.0086,91.5
2026-07-18 18:36:00,107.5,3.7625,37.00435,88.0
2026-07-18 18:37:00,102.0,3.725,36.90945,86.5
2026-07-18 18:38:00,102.0,2.9749999999999996,36.90755,84.0
2026-07-18 18:39:00,100.0,2.975,36.9581,83.5
2026-07-18 18:40:00,99.5,3.425,36.9807,82.0
2026-07-18 18:41:00,99.0,4.3625,36.9567,80.5
2026-07-18 18:42:00,96.0,3.5,36.879999999999995,79.0
2026-07-18 18:43:00,94.0,3.875,36.88555,77.5
2026-07-18 18:44:00,91.0,3.0875000000000004,36.864149999999995,75.0
2026-07-18 18:45:00,89.0,2.7125000000000004,36.8885,73.5
2026-07-18 18:46:00,85.0,2.225,36.88535,71.5
2026-07-18 18:47:00,83.0,3.35,36.92085,69.5
2026-07-18 18:48:00,79.0,4.2875,36.778000000000006,67.0
2026-07-18 18:49:00,77.5,3.6875,36.75385,66.0
2026-07-18 18:50:00,75.0,4.2875,36.6697,64.0
2026-07-18 18:51:00,73.5,3.7624999999999997,36.66275,63.5
2026-07-18 18:52:00,71.0,4.1,36.70655,61.5
2026-07-18 18:53:00,70.0,3.2375,36.68905,61.0
2026-07-18 18:54:00,67.0,3.7625,36.6706,58.5
2026-07-18 18:55:00,66.5,3.6875,36.653999999999996,57.5
2026-07-18 18:56:00,65.0,3.125,36.687349999999995,56.5
2026-07-18 18:57:00,64.5,3.9499999999999997,36.6676,55.5
2026-07-18 18:58:00,59.5,3.9125,36.5546,52.0
2026-07-18 18:59:00,58.5,4.55,36.511250000000004,51.5
2026-07-18 19:00:00,55.5,4.5875,36.54555,48.5
2026-07-18 19:01:00,53.5,3.65,36.5171,47.5
2026-07-18 19:02:00,52.5,3.4625,36.49565,47.0
2026-07-18 19:03:00,51.5,3.5375,36.4985,46.0
2026-07-18 19:04:00,50.5,4.4375,36.49085,45.0
2026-07-18 19:05:00,46.0,4.55,36.4058,41.0
2026-07-18 19:06:00,44.5,3.5,36.400800000000004,40.0
2026-07-18 19:07:00,42.5,2.9749999999999996,36.41625,38.0
2026-07-18 19:08:00,40.5,3.0500000000000003,36.44245,36.0
2026-07-18 19:09:00,39.5,2.6,36.42195,35.5
2026-07-18 19:10:00,36.5,3.125,36.4123,33.0
2026-07-18 19:11:00,35.5,3.05,36.418800000000005,32.0
2026-07-18 19:12:00,33.0,3.4625000000000004,36.38035,30.0
2026-07-18 19:13:00,32.0,2.75,36.36555,29.0
2026-07-18 19:14:00,31.0,3.9124999999999996,36.35165,28.5
2026-07-18 19:15:00,27.5,3.65,36.27835,25.5
2026-07-18 19:16:00,26.5,4.325,36.209450000000004,24.0
2026-07-18 19:17:00,25.0,3.2375,36.16235,23.0
2026-07-18 19:18:00,23.5,3.3125,36.178349999999995,21.5
2026-07-18 19:19:00,22.5,2.45,36.1927,21.0
2026-07-18 19:20:00,21.5,2.9375,36.18265,20.0
2026-07-18 19:21:00,21.0,3.2,36.15345000000001,20.0
2026-07-18 19:22:00,20.5,4.9625,36.134600000000006,19.0
2026-07-18 19:23:00,17.5,4.2875,36.084,16.0
2026-07-18 19:24:00,16.5,4.0625,36.042950000000005,15.5
2026-07-18 19:25:00,16.0,3.7625,36.032250000000005,15.0
2026-07-18 19:26:00,15.5,3.7625,36.01215,15.0
2026-07-18 19:27:00,12.5,4.1375,35.9237,12.0
2026-07-18 19:28:00,12.0,3.9124999999999996,35.90555,12.0
2026-07-18 19:29:00,10.5,3.7249999999999996,35.955299999999994,10.0
2026-07-18 19:30:00,10.0,3.9124999999999996,35.9384,10.0
2026-07-18 19:31:00,10.0,4.175,35.9416,9.5
2026-07-18 19:32:00,9.5,4.175,35.89135,9.0
2026-07-18 19:33:00,9.0,3.8375000000000004,35.888149999999996,8.5
2026-07-18 19:34:00,8.5,3.8375000000000004,35.894000000000005,8.0
2026-07-18 19:35:00,5.5,4.7,35.84,6.0
2026-07-18 19:36:00,5.0,3.3125,35.8224,5.0
2026-07-18 19:37:00,5.0,2.5625,35.801050000000004,5.0
2026-07-18 19:38:00,4.5,3.2,35.82225,4.5
2026-07-18 19:39:00,3.5,3.8,35.81525,4.0
2026-07-18 19:40:00,3.0,4.4,35.812,3.5
2026-07-18 19:41:00,3.0,3.2,35.7799,3.0
2026-07-18 19:42:00,3.0,3.125,35.763549999999995,3.0
2026-07-18 19:43:00,2.5,3.9875,35.765,2.5
2026-07-18 19:44:00,2.5,3.35,35.7181,2.5
2026-07-18 19:45:00,1.5,3.7624999999999997,35.63365,2.0
2026-07-18 19:46:00,1.5,4.925,35.643950000000004,2.0
2026-07-18 19:47:00,1.0,4.5875,35.63135,1.0
2026-07-18 19:48:00,1.0,3.6875,35.614599999999996,1.0
2026-07-18 19:49:00,0.5,3.8,35.60255,1.0
2026-07-18 19:50:00,0.0,3.4625,35.611000000000004,0.5
2026-07-18 19:51:00,0.0,3.8375000000000004,35.55245,0.0
2026-07-18 19:52:00,0.0,4.1375,35.5646,0.0
2026-07-18 19:53:00,0.0,3.5,35.52505,0.0
2026-07-18 19:54:00,0.0,2.9000000000000004,35.51955,0.0
2026-07-18 19:55:00,0.0,3.7624999999999997,35.527,0.0
2026-07-18 19:56:00,0.0,3.2,35.53175,0.0
2026-07-18 19:57:00,0.0,3.8375,35.500550000000004,0.0
2026-07-18 19:58:00,0.0,4.2125,35.477000000000004,0.0
2026-07-18 19:59:00,0.0,3.0875,35.47065,0.0
2026-07-18 20:00:00,0.0,3.275,35.483000000000004,0.0
2026-07-18 20:01:00,0.0,3.95,35.429050000000004,0.0
2026-07-18 20:02:00,0.0,4.550000000000001,35.42325,0.0
2026-07-18 20:03:00,0.0,3.425,35.45465,0.0
2026-07-18 20:04:00,0.0,3.5,35.418400000000005,0.0
2026-07-18 20:05:00,0.0,3.2,35.4139,0.0
2026-07-18 20:06:00,0.0,3.6125,35.4028,0.0
2026-07-18 20:07:00,0.0,3.0125,35.41145,0.0
2026-07-18 20:08:00,0.0,3.5374999999999996,35.40945,0.0
2026-07-18 20:09:00,0.0,3.5,35.409549999999996,0.0
2026-07-18 20:10:00,0.0,3.6500000000000004,35.3982,0.0
2026-07-18 20:11:00,0.0,3.6500000000000004,35.3798,0.0
2026-07-18 20:12:00,0.0,3.125,35.354150000000004,0.0
2026-07-18 20:13:00,0.0,3.3125,35.3613,0.0
2026-07-18 20:14:00,0.0,3.575,35.34575,0.0
2026-07-18 20:15:00,0.0,3.275,35.352000000000004,0.0
2026-07-18 20:16:00,0.0,4.2875,35.324200000000005,0.0
2026-07-18 20:17:00,0.0,3.0875,35.271950000000004,0.0
2026-07-18 20:18:00,0.0,3.5374999999999996,35.22995,0.0
2026-07-18 20:19:00,0.0,3.6875,35.225,0.0
2026-07-18 20:20:00,0.0,3.7625,35.2166,0.0
2026-07-18 20:21:00,0.0,3.7625,35.1736,0.0
2026-07-18 20:22:00,0.0,4.775,35.1703,0.0
2026-07-18 20:23:00,0.0,4.699999999999999,35.13805,0.0
2026-07-18 20:24:00,0.0,3.7249999999999996,35.119550000000004,0.0
2026-07-18 20:25:00,0.0,4.025,35.0941,0.0
2026-07-18 20:26:00,0.0,4.0625,35.05015,0.0
2026-07-18 20:27:00,0.0,3.125,34.925399999999996,0.0
2026-07-18 20:28:00,0.0,3.95,34.8951,0.0
2026-07-18 20:29:00,0.0,2.9375,34.88295,0.0
2026-07-18 20:30:00,0.0,3.575,34.870149999999995,0.0
2026-07-18 20:31:00,0.0,3.8,34.7582,0.0
2026-07-18 20:32:00,0.0,3.0875,34.7469,0.0
2026-07-18 20:33:00,0.0,3.6125,34.697199999999995,0.0
2026-07-18 20:34:00,0.0,3.05,34.6987,0.0
2026-07-18 20:35:00,0.0,3.3499999999999996,34.6747,0.0
2026-07-18 20:36:00,0.0,4.2125,34.6702,0.0
2026-07-18 20:37:00,0.0,4.1375,34.617999999999995,0.0
2026-07-18 20:38:00,0.0,4.55,34.639250000000004,0.0
2026-07-18 20:39:00,0.0,5.15,34.585499999999996,0.0
2026-07-18 20:40:00,0.0,4.4375,34.5329,0.0
2026-07-18 20:41:00,0.0,3.0125,34.550799999999995,0.0
2026-07-18 20:42:00,0.0,3.575,34.52135,0.0
2026-07-18 20:43:00,0.0,4.1375,34.50795,0.0
2026-07-18 20:44:00,0.0,4.4,34.5347,0.0
2026-07-18 20:45:00,0.0,4.4375,34.50985,0.0
2026-07-18 20:46:00,0.0,3.7625,34.4794,0.0
2026-07-18 20:47:00,0.0,3.575,34.466049999999996,0.0
2026-07-18 20:48:00,0.0,3.4625000000000004,34.4543,0.0
2026-07-18 20:49:00,0.0,3.3125,34.4591,0.0
2026-07-18 20:50:00,0.0,3.7625,34.4118,0.0
2026-07-18 20:51:00,0.0,4.25,34.40675,0.0
2026-07-18 20:52:00,0.0,3.9125,34.38505000000001,0.0
2026-07-18 20:53:00,0.0,4.325,34.357,0.0
2026-07-18 20:54:00,0.0,4.025,34.34195,0.0
2026-07-18 20:55:00,0.0,3.6125,34.3216,0.0
2026-07-18 20:56:00,0.0,3.8,34.310599999999994,0.0
2026-07-18 20:57:00,0.0,3.5749999999999997,34.28275,0.0
2026-07-18 20:58:00,0.0,2.9749999999999996,34.2669,0.0
2026-07-18 20:59:00,0.0,3.5749999999999997,34.27055,0.0
2026-07-18 21:00:00,0.0,3.1624999999999996,34.284,0.0
2026-07-18 21:01:00,0.0,3.1624999999999996,34.27315,0.0
2026-07-18 21:02:00,0.0,2.9375,34.203900000000004,0.0
2026-07-18 21:03:00,0.0,3.8375000000000004,34.19255,0.0
2026-07-18 21:04:00,0.0,3.3875,34.18105,0.0
2026-07-18 21:05:00,0.0,4.737500000000001,34.187200000000004,0.0
2026-07-18 21:06:00,0.0,3.4625000000000004,34.13825,0.0
2026-07-18 21:07:00,0.0,4.0625,34.11345,0.0
2026-07-18 21:08:00,0.0,4.475,34.0996,0.0
2026-07-18 21:09:00,0.0,3.425,34.0876,0.0
2026-07-18 21:10:00,0.0,3.3125,34.06375,0.0
2026-07-18 21:11:00,0.0,3.0124999999999997,34.0583,0.0
2026-07-18 21:12:00,0.0,3.7624999999999997,34.07385,0.0
2026-07-18 21:13:00,0.0,2.8625,34.058049999999994,0.0
2026-07-18 21:14:00,0.0,3.0875,34.06585,0.0
2026-07-18 21:15:00,0.0,3.125,34.062799999999996,0.0
2026-07-18 21:16:00,0.0,4.175,34.06185,0.0
2026-07-18 21:17:00,0.0,3.5375,34.014700000000005,0.0
2026-07-18 21:18:00,0.0,3.5375,34.03125,0.0
2026-07-18 21:19:00,0.0,3.5,34.033649999999994,0.0
2026-07-18 21:20:00,0.0,3.9875,34.032399999999996,0.0
2026-07-18 21:21:00,0.0,3.275,34.0296,0.0
2026-07-18 21:22:00,0.0,3.5375,33.9414,0.0
2026-07-18 21:23:00,0.0,3.7624999999999997,33.9412,0.0
2026-07-18 21:24:00,0.0,3.425,33.963750000000005,0.0
2026-07-18 21:25:00,0.0,3.4625,33.9363,0.0
2026-07-18 21:26:00,0.0,3.275,33.92025,0.0
2026-07-18 21:27:00,0.0,3.0875,33.93515,0.0
2026-07-18 21:28:00,0.0,3.05,33.9123,0.0
2026-07-18 21:29:00,0.0,2.9,33.92305,0.0
2026-07-18 21:30:00,0.0,3.3125,33.85635,0.0
2026-07-18 21:31:00,0.0,3.5374999999999996,33.864000000000004,0.0
2026-07-18 21:32:00,0.0,4.25,33.8489,0.0
2026-07-18 21:33:00,0.0,4.4375,33.83285,0.0
2026-07-18 21:34:00,0.0,3.6875,33.839749999999995,0.0
2026-07-18 21:35:00,0.0,3.9499999999999997,33.8357,0.0
2026-07-18 21:36:00,0.0,2.6375,33.79615,0.0
2026-07-18 21:37:00,0.0,2.6375,33.78055,0.0
2026-07-18 21:38:00,0.0,3.1625,33.733149999999995,0.0
2026-07-18 21:39:00,0.0,3.1624999999999996,33.7625,0.0
2026-07-18 21:40:00,0.0,3.5374999999999996,33.760549999999995,0.0
2026-07-18 21:41:00,0.0,4.325,33.76515,0.0
2026-07-18 21:42:00,0.0,3.8375000000000004,33.7517,0.0
2026-07-18 21:43:00,0.0,3.7625,33.75065,0.0
2026-07-18 21:44:00,0.0,4.1,33.73605,0.0
2026-07-18 21:45:00,0.0,4.5875,33.723150000000004,0.0
2026-07-18 21:46:00,0.0,4.025,33.73465,0.0
2026-07-18 21:47:00,0.0,4.1,33.71875,0.0
2026-07-18 21:48:00,0.0,3.9125,33.6776,0.0
2026-07-18 21:49:00,0.0,3.6500000000000004,33.68415,0.0
2026-07-18 21:50:00,0.0,4.325,33.67045,0.0
2026-07-18 21:51:00,0.0,4.25,33.682199999999995,0.0
2026-07-18 21:52:00,0.0,3.9875,33.63375,0.0
2026-07-18 21:53:00,0.0,4.4,33.637,0.0
2026-07-18 21:54:00,0.0,4.1,33.629549999999995,0.0
2026-07-18 21:55:00,0.0,3.2375,33.60035,0.0
2026-07-18 21:56:00,0.0,3.8375,33.5617,0.0
2026-07-18 21:57:00,0.0,3.275,33.54605,0.0
2026-07-18 21:58:00,0.0,3.7625,33.55505,0.0
2026-07-18 21:59:00,0.0,3.425,33.53775,0.0
2026-07-18 22:00:00,0.0,3.425,33.50285,0.0
2026-07-18 22:01:00,0.0,4.025,33.48285,0.0
2026-07-18 22:02:00,0.0,3.5,33.432199999999995,0.0
2026-07-18 22:03:00,0.0,3.9875,33.4393,0.0
2026-07-18 22:04:00,0.0,3.65,33.427,0.0
2026-07-18 22:05:00,0.0,3.4625,33.43015,0.0
2026-07-18 22:06:00,0.0,4.1,33.362300000000005,0.0
2026-07-18 22:07:00,0.0,4.775,33.3712,0.0
2026-07-18 22:08:00,0.0,3.725,33.31935,0.0
2026-07-18 22:09:00,0.0,3.9875,33.323800000000006,0.0
2026-07-18 22:10:00,0.0,3.425,33.26005000000001,0.0
2026-07-18 22:11:00,0.0,3.8,33.24555,0.0
2026-07-18 22:12:00,0.0,3.9875,33.248149999999995,0.0
2026-07-18 22:13:00,0.0,4.4375,33.2466,0.0
2026-07-18 22:14:00,0.0,3.65,33.23375,0.0
2026-07-18 22:15:00,0.0,4.625,33.2465,0.0
2026-07-18 22:16:00,0.0,4.4375,33.1925,0.0
2026-07-18 22:17:00,0.0,4.175,33.162400000000005,0.0
2026-07-18 22:18:00,0.0,4.175,33.12925,0.0
2026-07-18 22:19:00,0.0,4.4375,33.14385,0.0
2026-07-18 22:20:00,0.0,3.8375000000000004,33.1364,0.0
2026-07-18 22:21:00,0.0,4.2125,33.110299999999995,0.0
2026-07-18 22:22:00,0.0,3.875,33.093199999999996,0.0
2026-07-18 22:23:00,0.0,3.425,33.10325,0.0
2026-07-18 22:24:00,0.0,3.9124999999999996,33.09325,0.0
2026-07-18 22:25:00,0.0,3.3125,33.06995,0.0
2026-07-18 22:26:00,0.0,3.8,33.0781,0.0
2026-07-18 22:27:00,0.0,3.6875,33.07145,0.0
2026-07-18 22:28:00,0.0,3.5374999999999996,33.068349999999995,0.0
2026-07-18 22:29:00,0.0,3.6125,33.0574,0.0
2026-07-18 22:30:00,0.0,3.5375,33.00045,0.0
2026-07-18 22:31:00,0.0,3.2375,32.9784,0.0
2026-07-18 22:32:00,0.0,3.875,32.9744,0.0
2026-07-18 22:33:00,0.0,3.5375,32.92545,0.0
2026-07-18 22:34:00,0.0,3.5749999999999997,32.910250000000005,0.0
2026-07-18 22:35:00,0.0,3.875,32.8919,0.0
2026-07-18 22:36:00,0.0,4.175,32.8589,0.0
2026-07-18 22:37:00,0.0,3.7249999999999996,32.8561,0.0
2026-07-18 22:38:00,0.0,3.4625,32.837900000000005,0.0
2026-07-18 22:39:00,0.0,4.2875,32.78035,0.0
2026-07-18 22:40:00,0.0,3.9124999999999996,32.78795,0.0
2026-07-18 22:41:00,0.0,3.9124999999999996,32.745050000000006,0.0
2026-07-18 22:42:00,0.0,3.95,32.71535,0.0
2026-07-18 22:43:00,0.0,3.95,32.7033,0.0
2026-07-18 22:44:00,0.0,4.4,32.68665,0.0
2026-07-18 22:45:00,0.0,3.9124999999999996,32.673100000000005,0.0
2026-07-18 22:46:00,0.0,4.625,32.6434,0.0
2026-07-18 22:47:00,0.0,3.3125,32.64,0.0
2026-07-18 22:48:00,0.0,3.2,32.47539999999999,0.0
2026-07-18 22:49:00,0.0,4.362500000000001,32.4738,0.0
2026-07-18 22:50:00,0.0,4.7,32.471599999999995,0.0
2026-07-18 22:51:00,0.0,4.2125,32.46665,0.0
2026-07-18 22:52:00,0.0,2.9375,32.43075,0.0
2026-07-18 22:53:00,0.0,3.9125,32.4198,0.0
2026-07-18 22:54:00,0.0,4.175000000000001,32.423550000000006,0.0
2026-07-18 22:55:00,0.0,3.9125,32.4166,0.0
2026-07-18 22:56:00,0.0,4.175000000000001,32.401250000000005,0.0
2026-07-18 22:57:00,0.0,3.3125,32.399950000000004,0.0
2026-07-18 22:58:00,0.0,4.25,32.39205,0.0
2026-07-18 22:59:00,0.0,3.425,32.3776,0.0
2026-07-18 23:00:00,0.0,4.5875,32.32185,0.0
2026-07-18 23:01:00,0.0,4.1375,32.294250000000005,0.0
2026-07-18 23:02:00,0.0,4.1375,32.2819,0.0
2026-07-18 23:03:00,0.0,4.1375,32.2799,0.0
2026-07-18 23:04:00,0.0,3.4625000000000004,32.2913,0.0
2026-07-18 23:05:00,0.0,3.7249999999999996,32.29275,0.0
2026-07-18 23:06:00,0.0,3.6875,32.283,0.0
2026-07-18 23:07:00,0.0,4.0625,32.273700000000005,0.0
2026-07-18 23:08:00,0.0,4.325,32.253600000000006,0.0
2026-07-18 23:09:00,0.0,3.9875,32.234700000000004,0.0
2026-07-18 23:10:00,0.0,4.175,32.157650000000004,0.0
2026-07-18 23:11:00,0.0,3.4625000000000004,32.15195,0.0
2026-07-18 23:12:00,0.0,3.4625000000000004,32.1275,0.0
2026-07-18 23:13:00,0.0,4.4,32.12685,0.0
2026-07-18 23:14:00,0.0,3.875,32.06885,0.0
2026-07-18 23:15:00,0.0,4.4,32.0854,0.0
2026-07-18 23:16:00,0.0,3.35,32.08295,0.0
2026-07-18 23:17:00,0.0,3.9875000000000003,32.06925,0.0
2026-07-18 23:18:00,0.0,4.175000000000001,32.04105,0.0
2026-07-18 23:19:00,0.0,4.025,32.014849999999996,0.0
2026-07-18 23:20:00,0.0,4.6625,32.03635,0.0
2026-07-18 23:21:00,0.0,4.2875,31.9542,0.0
2026-07-18 23:22:00,0.0,4.25,31.910249999999998,0.0
2026-07-18 23:23:00,0.0,4.175,31.903599999999997,0.0
2026-07-18 23:24:00,0.0,4.5875,31.83815,0.0
2026-07-18 23:25:00,0.0,4.7,31.80275,0.0
2026-07-18 23:26:00,0.0,4.325,31.768250000000002,0.0
2026-07-18 23:27:00,0.0,4.25,31.7416,0.0
2026-07-18 23:28:00,0.0,4.5875,31.7499,0.0
2026-07-18 23:29:00,0.0,4.325,31.6665,0.0
2026-07-18 23:30:00,0.0,4.362500000000001,31.673099999999998,0.0
2026-07-18 23:31:00,0.0,4.550000000000001,31.68795,0.0
2026-07-18 23:32:00,0.0,4.550000000000001,31.68795,0.0
2026-07-18 23:33:00,0.0,4.775,31.651249999999997,0.0
2026-07-18 23:34:00,0.0,4.325,31.65675,0.0
2026-07-18 23:35:00,0.0,4.475,31.58065,0.0
2026-07-18 23:36:00,0.0,5.5625,31.56805,0.0
2026-07-18 23:37:00,0.0,4.1375,31.53165,0.0
2026-07-18 23:38:00,0.0,4.1375,31.5175,0.0
2026-07-18 23:39:00,0.0,5.262499999999999,31.4694,0.0
2026-07-18 23:40:00,0.0,4.4375,31.471600000000002,0.0
2026-07-18 23:41:00,0.0,4.137499999999999,31.4478,0.0
2026-07-18 23:42:00,0.0,4.324999999999999,31.462600000000002,0.0
2026-07-18 23:43:00,0.0,3.725,31.442549999999997,0.0
2026-07-18 23:44:00,0.0,4.775,31.4326,0.0
2026-07-18 23:45:00,0.0,5.3,31.429949999999998,0.0
2026-07-18 23:46:00,0.0,5.15,31.4133,0.0
2026-07-18 23:47:00,0.0,4.775,31.367449999999998,0.0
2026-07-18 23:48:00,0.0,3.7625,31.37645,0.0
2026-07-18 23:49:00,0.0,3.9125,31.359299999999998,0.0
2026-07-18 23:50:00,0.0,4.2875,31.336399999999998,0.0
2026-07-18 23:51:00,0.0,4.2125,31.3372,0.0
2026-07-18 23:52:00,0.0,3.8000000000000003,31.333,0.0
2026-07-18 23:53:00,0.0,4.925000000000001,31.306649999999998,0.0
2026-07-18 23:54:00,0.0,4.8125,31.2839,0.0
2026-07-18 23:55:00,0.0,5.075,31.28185,0.0
2026-07-18 23:56:00,0.0,4.5125,31.287399999999998,0.0
2026-07-18 23:57:00,0.0,4.4,31.1191,0.0
2026-07-18 23:58:00,0.0,4.324999999999999,31.1602,0.0
2026-07-18 23:59:00,0.0,4.025,31.132350000000002,0.0
