timestamp,scada_ac_power_kw
2026-07-15 00:00:00,0.0
2026-07-15 00:01:00,0.0
2026-07-15 00:02:00,0.0
2026-07-15 00:03:00,0.0
2026-07-15 00:04:00,0.0
2026-07-15 00:05:00,0.0
2026-07-15 00:06:00,0.0
2026-07-15 00:07:00,0.0
2026-07-15 00:08:00,0.0
2026-07-15 00:09:00,0.0
2026-07-15 00:10:00,0.0
2026-07-15 00:11:00,0.0
2026-07-15 00:12:00,0.0
2026-07-15 00:13:00,0.0
2026-07-15 00:14:00,0.0
2026-07-15 00:15:00,0.0
2026-07-15 00:16:00,0.0
2026-07-15 00:17:00,0.0
2026-07-15 00:18:00,0.0
2026-07-15 00:19:00,0.0
2026-07-15 00:20:00,0.0
2026-07-15 00:21:00,0.0
2026-07-15 00:22:00,0.0
2026-07-15 00:23:00,0.0
2026-07-15 00:24:00,0.0
2026-07-15 00:25:00,0.0
2026-07-15 00:26:00,0.0
2026-07-15 00:27:00,0.0
2026-07-15 00:28:00,0.0
2026-07-15 00:29:00,0.0
2026-07-15 00:30:00,0.0
2026-07-15 00:31:00,0.0
2026-07-15 00:32:00,0.0
2026-07-15 00:33:00,0.0
2026-07-15 00:34:00,0.0
2026-07-15 00:35:00,0.0
2026-07-15 00:36:00,0.0
2026-07-15 00:37:00,0.0
2026-07-15 00:38:00,0.0
2026-07-15 00:39:00,0.0
2026-07-15 00:40:00,0.0
2026-07-15 00:41:00,0.0
2026-07-15 00:42:00,0.0
2026-07-15 00:43:00,0.0
2026-07-15 00:44:00,0.0
2026-07-15 00:45:00,0.0
2026-07-15 00:46:00,0.0
2026-07-15 00:47:00,0.0
2026-07-15 00:48:00,0.0
2026-07-15 00:49:00,0.0
2026-07-15 00:50:00,0.0
2026-07-15 00:51:00,0.0
2026-07-15 00:52:00,0.0
2026-07-15 00:53:00,0.0
2026-07-15 00:54:00,0.0
2026-07-15 00:55:00,0.0
2026-07-15 00:56:00,0.0
2026-07-15 00:57:00,0.0
2026-07-15 00:58:00,0.0
2026-07-15 00:59:00,0.0
2026-07-15 01:00:00,0.0
2026-07-15 01:01:00,0.0
2026-07-15 01:02:00,0.0
2026-07-15 01:03:00,0.0
2026-07-15 01:04:00,0.0
2026-07-15 01:05:00,0.0
2026-07-15 01:06:00,0.0
2026-07-15 01:07:00,0.0
2026-07-15 01:08:00,0.0
2026-07-15 01:09:00,0.0
2026-07-15 01:10:00,0.0
2026-07-15 01:11:00,0.0
2026-07-15 01:12:00,0.0
2026-07-15 01:13:00,0.0
2026-07-15 01:14:00,0.0
2026-07-15 01:15:00,0.0
2026-07-15 01:16:00,0.0
2026-07-15 01:17:00,0.0
2026-07-15 01:18:00,0.0
2026-07-15 01:19:00,0.0
2026-07-15 01:20:00,0.0
2026-07-15 01:21:00,0.0
2026-07-15 01:22:00,0.0
2026-07-15 01:23:00,0.0
2026-07-15 01:24:00,0.0
2026-07-15 01:25:00,0.0
2026-07-15 01:26:00,0.0
2026-07-15 01:27:00,0.0
2026-07-15 01:28:00,0.0
2026-07-15 01:29:00,0.0
2026-07-15 01:30:00,0.0
2026-07-15 01:31:00,0.0
2026-07-15 01:32:00,0.0
2026-07-15 01:33:00,0.0
2026-07-15 01:34:00,0.0
2026-07-15 01:35:00,0.0
2026-07-15 01:36:00,0.0
2026-07-15 01:37:00,0.0
2026-07-15 01:38:00,0.0
2026-07-15 01:39:00,0.0
2026-07-15 01:40:00,0.0
2026-07-15 01:41:00,0.0
2026-07-15 01:42:00,0.0
2026-07-15 01:43:00,0.0
2026-07-15 01:44:00,0.0
2026-07-15 01:45:00,0.0
2026-07-15 01:46:00,0.0
2026-07-15 01:47:00,0.0
2026-07-15 01:48:00,0.0
2026-07-15 01:49:00,0.0
2026-07-15 01:50:00,0.0
2026-07-15 01:51:00,0.0
2026-07-15 01:52:00,0.0
2026-07-15 01:53:00,0.0
2026-07-15 01:54:00,0.0
2026-07-15 01:55:00,0.0
2026-07-15 01:56:00,0.0
2026-07-15 01:57:00,0.0
2026-07-15 01:58:00,0.0
2026-07-15 01:59:00,0.0
2026-07-15 02:00:00,0.0
2026-07-15 02:01:00,0.0
2026-07-15 02:02:00,0.0
2026-07-15 02:03:00,0.0
2026-07-15 02:04:00,0.0
2026-07-15 02:05:00,0.0
2026-07-15 02:06:00,0.0
2026-07-15 02:07:00,0.0
2026-07-15 02:08:00,0.0
2026-07-15 02:09:00,0.0
2026-07-15 02:10:00,0.0
2026-07-15 02:11:00,0.0
2026-07-15 02:12:00,0.0
2026-07-15 02:13:00,0.0
2026-07-15 02:14:00,0.0
2026-07-15 02:15:00,0.0
2026-07-15 02:16:00,0.0
2026-07-15 02:17:00,0.0
2026-07-15 02:18:00,0.0
2026-07-15 02:19:00,0.0
2026-07-15 02:20:00,0.0
2026-07-15 02:21:00,0.0
2026-07-15 02:22:00,0.0
2026-07-15 02:23:00,0.0
2026-07-15 02:24:00,0.0
2026-07-15 02:25:00,0.0
2026-07-15 02:26:00,0.0
2026-07-15 02:27:00,0.0
2026-07-15 02:28:00,0.0
2026-07-15 02:29:00,0.0
2026-07-15 02:30:00,0.0
2026-07-15 02:31:00,0.0
2026-07-15 02:32:00,0.0
2026-07-15 02:33:00,0.0
2026-07-15 02:34:00,0.0
2026-07-15 02:35:00,0.0
2026-07-15 02:36:00,0.0
2026-07-15 02:37:00,0.0
2026-07-15 02:38:00,0.0
2026-07-15 02:39:00,0.0
2026-07-15 02:40:00,0.0
2026-07-15 02:41:00,0.0
2026-07-15 02:42:00,0.0
2026-07-15 02:43:00,0.0
2026-07-15 02:44:00,0.0
2026-07-15 02:45:00,0.0
2026-07-15 02:46:00,0.0
2026-07-15 02:47:00,0.0
2026-07-15 02:48:00,0.0
2026-07-15 02:49:00,0.0
2026-07-15 02:50:00,0.0
2026-07-15 02:51:00,0.0
2026-07-15 02:52:00,0.0
2026-07-15 02:53:00,0.0
2026-07-15 02:54:00,0.0
2026-07-15 02:55:00,0.0
2026-07-15 02:56:00,0.0
2026-07-15 02:57:00,0.0
2026-07-15 02:58:00,0.0
2026-07-15 02:59:00,0.0
2026-07-15 03:00:00,0.0
2026-07-15 03:01:00,0.0
2026-07-15 03:02:00,0.0
2026-07-15 03:03:00,0.0
2026-07-15 03:04:00,0.0
2026-07-15 03:05:00,0.0
2026-07-15 03:06:00,0.0
2026-07-15 03:07:00,0.0
2026-07-15 03:08:00,0.0
2026-07-15 03:09:00,0.0
2026-07-15 03:10:00,0.0
2026-07-15 03:11:00,0.0
2026-07-15 03:12:00,0.0
2026-07-15 03:13:00,0.0
2026-07-15 03:14:00,0.0
2026-07-15 03:15:00,0.0
2026-07-15 03:16:00,0.0
2026-07-15 03:17:00,0.0
2026-07-15 03:18:00,0.0
2026-07-15 03:19:00,0.0
2026-07-15 03:20:00,0.0
2026-07-15 03:21:00,0.0
2026-07-15 03:22:00,0.0
2026-07-15 03:23:00,0.0
2026-07-15 03:24:00,0.0
2026-07-15 03:25:00,0.0
2026-07-15 03:26:00,0.0
2026-07-15 03:27:00,0.0
2026-07-15 03:28:00,0.0
2026-07-15 03:29:00,0.0
2026-07-15 03:30:00,0.0
2026-07-15 03:31:00,0.0
2026-07-15 03:32:00,0.0
2026-07-15 03:33:00,0.0
2026-07-15 03:34:00,0.0
2026-07-15 03:35:00,0.0
2026-07-15 03:36:00,0.0
2026-07-15 03:37:00,0.0
2026-07-15 03:38:00,0.0
2026-07-15 03:39:00,0.0
2026-07-15 03:40:00,0.0
2026-07-15 03:41:00,0.0
2026-07-15 03:42:00,0.0
2026-07-15 03:43:00,0.0
2026-07-15 03:44:00,0.0
2026-07-15 03:45:00,0.0
2026-07-15 03:46:00,0.0
2026-07-15 03:47:00,0.0
2026-07-15 03:48:00,0.0
2026-07-15 03:49:00,0.0
2026-07-15 03:50:00,0.0
2026-07-15 03:51:00,0.0
2026-07-15 03:52:00,0.0
2026-07-15 03:53:00,0.0
2026-07-15 03:54:00,0.0
2026-07-15 03:55:00,0.0
2026-07-15 03:56:00,0.0
2026-07-15 03:57:00,0.0
2026-07-15 03:58:00,0.0
2026-07-15 03:59:00,0.0
2026-07-15 04:00:00,0.0
2026-07-15 04:01:00,0.0
2026-07-15 04:02:00,0.0
2026-07-15 04:03:00,0.0
2026-07-15 04:04:00,0.0
2026-07-15 04:05:00,0.0
2026-07-15 04:06:00,0.0
2026-07-15 04:07:00,0.0
2026-07-15 04:08:00,0.0
2026-07-15 04:09:00,0.0
2026-07-15 04:10:00,0.0
2026-07-15 04:11:00,0.0
2026-07-15 04:12:00,0.0
2026-07-15 04:13:00,0.0
2026-07-15 04:14:00,0.0
2026-07-15 04:15:00,0.0
2026-07-15 04:16:00,0.0
2026-07-15 04:17:00,0.0
2026-07-15 04:18:00,0.0
2026-07-15 04:19:00,0.0
2026-07-15 04:20:00,0.0
2026-07-15 04:21:00,0.0
2026-07-15 04:22:00,0.0
2026-07-15 04:23:00,0.0
2026-07-15 04:24:00,0.0
2026-07-15 04:25:00,0.0
2026-07-15 04:26:00,0.0
2026-07-15 04:27:00,0.0
2026-07-15 04:28:00,0.0
2026-07-15 04:29:00,0.0
2026-07-15 04:30:00,0.0
2026-07-15 04:31:00,0.0
2026-07-15 04:32:00,0.0
2026-07-15 04:33:00,0.0
2026-07-15 04:34:00,0.0
2026-07-15 04:35:00,0.0
2026-07-15 04:36:00,0.0
2026-07-15 04:37:00,0.0
2026-07-15 04:38:00,0.0
2026-07-15 04:39:00,0.0
2026-07-15 04:40:00,0.0
2026-07-15 04:41:00,0.0
2026-07-15 04:42:00,0.0
2026-07-15 04:43:00,0.0
2026-07-15 04:44:00,0.0
2026-07-15 04:45:00,0.0
2026-07-15 04:46:00,0.0
2026-07-15 04:47:00,0.0
2026-07-15 04:48:00,0.0
2026-07-15 04:49:00,0.0
2026-07-15 04:50:00,0.0
2026-07-15 04:51:00,0.0
2026-07-15 04:52:00,0.0
2026-07-15 04:53:00,0.0
2026-07-15 04:54:00,0.0
2026-07-15 04:55:00,0.0
2026-07-15 04:56:00,0.0
2026-07-15 04:57:00,0.0
2026-07-15 04:58:00,0.0
2026-07-15 04:59:00,0.0
2026-07-15 05:00:00,0.0
2026-07-15 05:01:00,0.0
2026-07-15 05:02:00,0.0
2026-07-15 05:03:00,0.0
2026-07-15 05:04:00,0.0
2026-07-15 05:05:00,0.0
2026-07-15 05:06:00,0.0
2026-07-15 05:07:00,0.0
2026-07-15 05:08:00,0.0
2026-07-15 05:09:00,0.0
2026-07-15 05:10:00,0.0
2026-07-15 05:11:00,0.0
2026-07-15 05:12:00,0.0
2026-07-15 05:13:00,0.0
2026-07-15 05:14:00,0.0
2026-07-15 05:15:00,0.0
2026-07-15 05:16:00,0.0
2026-07-15 05:17:00,0.0
2026-07-15 05:18:00,0.0
2026-07-15 05:19:00,0.0
2026-07-15 05:20:00,0.0
2026-07-15 05:21:00,0.0
2026-07-15 05:22:00,0.0
2026-07-15 05:23:00,0.0
2026-07-15 05:24:00,0.0
2026-07-15 05:25:00,0.0
2026-07-15 05:26:00,0.0
2026-07-15 05:27:00,0.0
2026-07-15 05:28:00,0.0
2026-07-15 05:29:00,0.0
2026-07-15 05:30:00,0.0
2026-07-15 05:31:00,0.0
2026-07-15 05:32:00,0.0
2026-07-15 05:33:00,0.0
2026-07-15 05:34:00,0.0
2026-07-15 05:35:00,0.0
2026-07-15 05:36:00,0.0
2026-07-15 05:37:00,0.0
2026-07-15 05:38:00,0.0
2026-07-15 05:39:00,0.0
2026-07-15 05:40:00,0.0
2026-07-15 05:41:00,0.0
2026-07-15 05:42:00,0.0
2026-07-15 05:43:00,0.0
2026-07-15 05:44:00,0.0
2026-07-15 05:45:00,0.0
2026-07-15 05:46:00,0.0
2026-07-15 05:47:00,0.0
2026-07-15 05:48:00,0.0
2026-07-15 05:49:00,0.0
2026-07-15 05:50:00,0.0
2026-07-15 05:51:00,0.0
2026-07-15 05:52:00,0.0
2026-07-15 05:53:00,0.0
2026-07-15 05:54:00,0.0
2026-07-15 05:55:00,0.0
2026-07-15 05:56:00,0.0
2026-07-15 05:57:00,0.0
2026-07-15 05:58:00,0.0
2026-07-15 05:59:00,0.0
2026-07-15 06:00:00,2.0
2026-07-15 06:01:00,22.0
2026-07-15 06:02:00,43.0
2026-07-15 06:03:00,58.0
2026-07-15 06:04:00,79.0
2026-07-15 06:05:00,99.0
2026-07-15 06:06:00,125.0
2026-07-15 06:07:00,156.0
2026-07-15 06:08:00,183.0
2026-07-15 06:09:00,215.0
2026-07-15 06:10:00,246.0
2026-07-15 06:11:00,287.0
2026-07-15 06:12:00,327.0
2026-07-15 06:13:00,370.0
2026-07-15 06:14:00,407.0
2026-07-15 06:15:00,448.0
2026-07-15 06:16:00,498.0
2026-07-15 06:17:00,544.0
2026-07-15 06:18:00,590.0
2026-07-15 06:19:00,642.0
2026-07-15 06:20:00,699.0
2026-07-15 06:21:00,761.0
2026-07-15 06:22:00,811.0
2026-07-15 06:23:00,870.0
2026-07-15 06:24:00,934.0
2026-07-15 06:25:00,1007.0
2026-07-15 06:26:00,1085.0
2026-07-15 06:27:00,1149.0
2026-07-15 06:28:00,1210.0
2026-07-15 06:29:00,1261.0
2026-07-15 06:30:00,1283.0
2026-07-15 06:31:00,1267.0
2026-07-15 06:32:00,1266.0
2026-07-15 06:33:00,1310.0
2026-07-15 06:34:00,1332.0
2026-07-15 06:35:00,1400.0
2026-07-15 06:36:00,1504.0
2026-07-15 06:37:00,1598.0
2026-07-15 06:38:00,1697.0
2026-07-15 06:39:00,1697.0
2026-07-15 06:40:00,1705.0
2026-07-15 06:41:00,1899.0
2026-07-15 06:42:00,2051.0
2026-07-15 06:43:00,2249.0
2026-07-15 06:44:00,2422.0
2026-07-15 06:45:00,2627.0
2026-07-15 06:46:00,2816.0
2026-07-15 06:47:00,2906.0
2026-07-15 06:48:00,2966.0
2026-07-15 06:49:00,3067.0
2026-07-15 06:50:00,2892.0
2026-07-15 06:51:00,2907.0
2026-07-15 06:52:00,2989.0
2026-07-15 06:53:00,2952.0
2026-07-15 06:54:00,2813.0
2026-07-15 06:55:00,2609.0
2026-07-15 06:56:00,2295.0
2026-07-15 06:57:00,1912.0
2026-07-15 06:58:00,1614.0
2026-07-15 06:59:00,1507.0
2026-07-15 07:00:00,1722.0
2026-07-15 07:01:00,2194.0
2026-07-15 07:02:00,2639.0
2026-07-15 07:03:00,3077.0
2026-07-15 07:04:00,3468.0
2026-07-15 07:05:00,3767.0
2026-07-15 07:06:00,3900.0
2026-07-15 07:07:00,3858.0
2026-07-15 07:08:00,3927.0
2026-07-15 07:09:00,4097.0
2026-07-15 07:10:00,4304.0
2026-07-15 07:11:00,4622.0
2026-07-15 07:12:00,5009.0
2026-07-15 07:13:00,5313.0
2026-07-15 07:14:00,5448.0
2026-07-15 07:15:00,5492.0
2026-07-15 07:16:00,5558.0
2026-07-15 07:17:00,5654.0
2026-07-15 07:18:00,5301.0
2026-07-15 07:19:00,5099.0
2026-07-15 07:20:00,4901.0
2026-07-15 07:21:00,4676.0
2026-07-15 07:22:00,4724.0
2026-07-15 07:23:00,5088.0
2026-07-15 07:24:00,5460.0
2026-07-15 07:25:00,5665.0
2026-07-15 07:26:00,5658.0
2026-07-15 07:27:00,5573.0
2026-07-15 07:28:00,5673.0
2026-07-15 07:29:00,5831.0
2026-07-15 07:30:00,5970.0
2026-07-15 07:31:00,6147.0
2026-07-15 07:32:00,6232.0
2026-07-15 07:33:00,6012.0
2026-07-15 07:34:00,5719.0
2026-07-15 07:35:00,5651.0
2026-07-15 07:36:00,5694.0
2026-07-15 07:37:00,5904.0
2026-07-15 07:38:00,5809.0
2026-07-15 07:39:00,5825.0
2026-07-15 07:40:00,5961.0
2026-07-15 07:41:00,6154.0
2026-07-15 07:42:00,6425.0
2026-07-15 07:43:00,6634.0
2026-07-15 07:44:00,6931.0
2026-07-15 07:45:00,7431.0
2026-07-15 07:46:00,7767.0
2026-07-15 07:47:00,8173.0
2026-07-15 07:48:00,8882.0
2026-07-15 07:49:00,9444.0
2026-07-15 07:50:00,9953.0
2026-07-15 07:51:00,10470.0
2026-07-15 07:52:00,11101.0
2026-07-15 07:53:00,11773.0
2026-07-15 07:54:00,10532.0
2026-07-15 07:55:00,9233.0
2026-07-15 07:56:00,8940.0
2026-07-15 07:57:00,8894.0
2026-07-15 07:58:00,8815.0
2026-07-15 07:59:00,8478.0
2026-07-15 08:00:00,7611.0
2026-07-15 08:01:00,6818.0
2026-07-15 08:02:00,6072.0
2026-07-15 08:03:00,5531.0
2026-07-15 08:04:00,5018.0
2026-07-15 08:05:00,4495.0
2026-07-15 08:06:00,4014.0
2026-07-15 08:07:00,3622.0
2026-07-15 08:08:00,3383.0
2026-07-15 08:09:00,3342.0
2026-07-15 08:10:00,3651.0
2026-07-15 08:11:00,4188.0
2026-07-15 08:12:00,4851.0
2026-07-15 08:13:00,5497.0
2026-07-15 08:14:00,6438.0
2026-07-15 08:15:00,7495.0
2026-07-15 08:16:00,8386.0
2026-07-15 08:17:00,9013.0
2026-07-15 08:18:00,9809.0
2026-07-15 08:19:00,10830.0
2026-07-15 08:20:00,11864.0
2026-07-15 08:21:00,12827.0
2026-07-15 08:22:00,13938.0
2026-07-15 08:23:00,15297.0
2026-07-15 08:24:00,14423.0
2026-07-15 08:25:00,11919.0
2026-07-15 08:26:00,9894.0
2026-07-15 08:27:00,8713.0
2026-07-15 08:28:00,8088.0
2026-07-15 08:29:00,7581.0
2026-07-15 08:30:00,7255.0
2026-07-15 08:31:00,7423.0
2026-07-15 08:32:00,7843.0
2026-07-15 08:33:00,8445.0
2026-07-15 08:34:00,9519.0
2026-07-15 08:35:00,13397.0
2026-07-15 08:36:00,18261.0
2026-07-15 08:37:00,20378.0
2026-07-15 08:38:00,21344.0
2026-07-15 08:39:00,22168.0
2026-07-15 08:40:00,23454.0
2026-07-15 08:41:00,24889.0
2026-07-15 08:42:00,24816.0
2026-07-15 08:43:00,20545.0
2026-07-15 08:44:00,15088.0
2026-07-15 08:45:00,13388.0
2026-07-15 08:46:00,14188.0
2026-07-15 08:47:00,15927.0
2026-07-15 08:48:00,16457.0
2026-07-15 08:49:00,17602.0
2026-07-15 08:50:00,21348.0
2026-07-15 08:51:00,23234.0
2026-07-15 08:52:00,24873.0
2026-07-15 08:53:00,24622.0
2026-07-15 08:54:00,22803.0
2026-07-15 08:55:00,21408.0
2026-07-15 08:56:00,24124.0
2026-07-15 08:57:00,20343.0
2026-07-15 08:58:00,20483.0
2026-07-15 08:59:00,25224.0
2026-07-15 09:00:00,25685.0
2026-07-15 09:01:00,23646.0
2026-07-15 09:02:00,20991.0
2026-07-15 09:03:00,23460.0
2026-07-15 09:04:00,24456.0
2026-07-15 09:05:00,27159.0
2026-07-15 09:06:00,27904.0
2026-07-15 09:07:00,24119.0
2026-07-15 09:08:00,22974.0
2026-07-15 09:09:00,28004.0
2026-07-15 09:10:00,28627.0
2026-07-15 09:11:00,23927.0
2026-07-15 09:12:00,18974.0
2026-07-15 09:13:00,18891.0
2026-07-15 09:14:00,21459.0
2026-07-15 09:15:00,21504.0
2026-07-15 09:16:00,16557.0
2026-07-15 09:17:00,17278.0
2026-07-15 09:18:00,15888.0
2026-07-15 09:19:00,16093.0
2026-07-15 09:20:00,20120.0
2026-07-15 09:21:00,22626.0
2026-07-15 09:22:00,26476.0
2026-07-15 09:23:00,29631.0
2026-07-15 09:24:00,30865.0
2026-07-15 09:25:00,32509.0
2026-07-15 09:26:00,29605.0
2026-07-15 09:27:00,28877.0
2026-07-15 09:28:00,20392.0
2026-07-15 09:29:00,16057.0
2026-07-15 09:30:00,15657.0
2026-07-15 09:31:00,17263.0
2026-07-15 09:32:00,18925.0
2026-07-15 09:33:00,24472.0
2026-07-15 09:34:00,29165.0
2026-07-15 09:35:00,31116.0
2026-07-15 09:36:00,28279.0
2026-07-15 09:37:00,21982.0
2026-07-15 09:38:00,20425.0
2026-07-15 09:39:00,20888.0
2026-07-15 09:40:00,24793.0
2026-07-15 09:41:00,27885.0
2026-07-15 09:42:00,23390.0
2026-07-15 09:43:00,21800.0
2026-07-15 09:44:00,28547.0
2026-07-15 09:45:00,31374.0
2026-07-15 09:46:00,32314.0
2026-07-15 09:47:00,32152.0
2026-07-15 09:48:00,31229.0
2026-07-15 09:49:00,31440.0
2026-07-15 09:50:00,32286.0
2026-07-15 09:51:00,28567.0
2026-07-15 09:52:00,30388.0
2026-07-15 09:53:00,30902.0
2026-07-15 09:54:00,32436.0
2026-07-15 09:55:00,30911.0
2026-07-15 09:56:00,27691.0
2026-07-15 09:57:00,28984.0
2026-07-15 09:58:00,31993.0
2026-07-15 09:59:00,30984.0
2026-07-15 10:00:00,30778.0
2026-07-15 10:01:00,30551.0
2026-07-15 10:02:00,29532.0
2026-07-15 10:03:00,27947.0
2026-07-15 10:04:00,30642.0
2026-07-15 10:05:00,31375.0
2026-07-15 10:06:00,26617.0
2026-07-15 10:07:00,26795.0
2026-07-15 10:08:00,30528.0
2026-07-15 10:09:00,28726.0
2026-07-15 10:10:00,30173.0
2026-07-15 10:11:00,31136.0
2026-07-15 10:12:00,28920.0
2026-07-15 10:13:00,22268.0
2026-07-15 10:14:00,30105.0
2026-07-15 10:15:00,29167.0
2026-07-15 10:16:00,26347.0
2026-07-15 10:17:00,17644.0
2026-07-15 10:18:00,17084.0
2026-07-15 10:19:00,19939.0
2026-07-15 10:20:00,23967.0
2026-07-15 10:21:00,19323.0
2026-07-15 10:22:00,18608.0
2026-07-15 10:23:00,19773.0
2026-07-15 10:24:00,21169.0
2026-07-15 10:25:00,23479.0
2026-07-15 10:26:00,24761.0
2026-07-15 10:27:00,23700.0
2026-07-15 10:28:00,22463.0
2026-07-15 10:29:00,22987.0
2026-07-15 10:30:00,23602.0
2026-07-15 10:31:00,24244.0
2026-07-15 10:32:00,30309.0
2026-07-15 10:33:00,31231.0
2026-07-15 10:34:00,31135.0
2026-07-15 10:35:00,29096.0
2026-07-15 10:36:00,28101.0
2026-07-15 10:37:00,25972.0
2026-07-15 10:38:00,24378.0
2026-07-15 10:39:00,28723.0
2026-07-15 10:40:00,34303.0
2026-07-15 10:41:00,31968.0
2026-07-15 10:42:00,27765.0
2026-07-15 10:43:00,23997.0
2026-07-15 10:44:00,25260.0
2026-07-15 10:45:00,26615.0
2026-07-15 10:46:00,28797.0
2026-07-15 10:47:00,29532.0
2026-07-15 10:48:00,27718.0
2026-07-15 10:49:00,28046.0
2026-07-15 10:50:00,32020.0
2026-07-15 10:51:00,32194.0
2026-07-15 10:52:00,32231.0
2026-07-15 10:53:00,35375.0
2026-07-15 10:54:00,32278.0
2026-07-15 10:55:00,32108.0
2026-07-15 10:56:00,30159.0
2026-07-15 10:57:00,31652.0
2026-07-15 10:58:00,32337.0
2026-07-15 10:59:00,32729.0
2026-07-15 11:00:00,29520.0
2026-07-15 11:01:00,29731.0
2026-07-15 11:02:00,29026.0
2026-07-15 11:03:00,31705.0
2026-07-15 11:04:00,32708.0
2026-07-15 11:05:00,31868.0
2026-07-15 11:06:00,31954.0
2026-07-15 11:07:00,29910.0
2026-07-15 11:08:00,31071.0
2026-07-15 11:09:00,33906.0
2026-07-15 11:10:00,31997.0
2026-07-15 11:11:00,30171.0
2026-07-15 11:12:00,32855.0
2026-07-15 11:13:00,31249.0
2026-07-15 11:14:00,30219.0
2026-07-15 11:15:00,29534.0
2026-07-15 11:16:00,31683.0
2026-07-15 11:17:00,32020.0
2026-07-15 11:18:00,32424.0
2026-07-15 11:19:00,31053.0
2026-07-15 11:20:00,29580.0
2026-07-15 11:21:00,32439.0
2026-07-15 11:22:00,31602.0
2026-07-15 11:23:00,32913.0
2026-07-15 11:24:00,32452.0
2026-07-15 11:25:00,31565.0
2026-07-15 11:26:00,30216.0
2026-07-15 11:27:00,31306.0
2026-07-15 11:28:00,31863.0
2026-07-15 11:29:00,33151.0
2026-07-15 11:30:00,32207.0
2026-07-15 11:31:00,32738.0
2026-07-15 11:32:00,31052.0
2026-07-15 11:33:00,31132.0
2026-07-15 11:34:00,31573.0
2026-07-15 11:35:00,33199.0
2026-07-15 11:36:00,31780.0
2026-07-15 11:37:00,33188.0
2026-07-15 11:38:00,32708.0
2026-07-15 11:39:00,30902.0
2026-07-15 11:40:00,30316.0
2026-07-15 11:41:00,29336.0
2026-07-15 11:42:00,31789.0
2026-07-15 11:43:00,32466.0
2026-07-15 11:44:00,34876.0
2026-07-15 11:45:00,30571.0
2026-07-15 11:46:00,31351.0
2026-07-15 11:47:00,31573.0
2026-07-15 11:48:00,33785.0
2026-07-15 11:49:00,32744.0
2026-07-15 11:50:00,31354.0
2026-07-15 11:51:00,32629.0
2026-07-15 11:52:00,31626.0
2026-07-15 11:53:00,34177.0
2026-07-15 11:54:00,32358.0
2026-07-15 11:55:00,31222.0
2026-07-15 11:56:00,29130.0
2026-07-15 11:57:00,32888.0
2026-07-15 11:58:00,34116.0
2026-07-15 11:59:00,33757.0
2026-07-15 12:00:00,30189.0
2026-07-15 12:01:00,29849.0
2026-07-15 12:02:00,30382.0
2026-07-15 12:03:00,29516.0
2026-07-15 12:04:00,32158.0
2026-07-15 12:05:00,31790.0
2026-07-15 12:06:00,31937.0
2026-07-15 12:07:00,35197.0
2026-07-15 12:08:00,35070.0
2026-07-15 12:09:00,36392.0
2026-07-15 12:10:00,35703.0
2026-07-15 12:11:00,37856.0
2026-07-15 12:12:00,37339.0
2026-07-15 12:13:00,35083.0
2026-07-15 12:14:00,35999.0
2026-07-15 12:15:00,35473.0
2026-07-15 12:16:00,34053.0
2026-07-15 12:17:00,37042.0
2026-07-15 12:18:00,37699.0
2026-07-15 12:19:00,39319.0
2026-07-15 12:20:00,36870.0
2026-07-15 12:21:00,34494.0
2026-07-15 12:22:00,34848.0
2026-07-15 12:23:00,36880.0
2026-07-15 12:24:00,35311.0
2026-07-15 12:25:00,37276.0
2026-07-15 12:26:00,37780.0
2026-07-15 12:27:00,37779.0
2026-07-15 12:28:00,37796.0
2026-07-15 12:29:00,35298.0
2026-07-15 12:30:00,33095.0
2026-07-15 12:31:00,35709.0
2026-07-15 12:32:00,36202.0
2026-07-15 12:33:00,36484.0
2026-07-15 12:34:00,35974.0
2026-07-15 12:35:00,35024.0
2026-07-15 12:36:00,34203.0
2026-07-15 12:37:00,35178.0
2026-07-15 12:38:00,37577.0
2026-07-15 12:39:00,39224.0
2026-07-15 12:40:00,38484.0
2026-07-15 12:41:00,38063.0
2026-07-15 12:42:00,37426.0
2026-07-15 12:43:00,38916.0
2026-07-15 12:44:00,36477.0
2026-07-15 12:45:00,35464.0
2026-07-15 12:46:00,36464.0
2026-07-15 12:47:00,34424.0
2026-07-15 12:48:00,37474.0
2026-07-15 12:49:00,37626.0
2026-07-15 12:50:00,39449.0
2026-07-15 12:51:00,36046.0
2026-07-15 12:52:00,36922.0
2026-07-15 12:53:00,38531.0
2026-07-15 12:54:00,39238.0
2026-07-15 12:55:00,42557.0
2026-07-15 12:56:00,43889.0
2026-07-15 12:57:00,39507.0
2026-07-15 12:58:00,40323.0
2026-07-15 12:59:00,40589.0
2026-07-15 13:00:00,39662.0
2026-07-15 13:01:00,36936.0
2026-07-15 13:02:00,42216.0
2026-07-15 13:03:00,41724.0
2026-07-15 13:04:00,41743.0
2026-07-15 13:05:00,40574.0
2026-07-15 13:06:00,38539.0
2026-07-15 13:07:00,35937.0
2026-07-15 13:08:00,37096.0
2026-07-15 13:09:00,38349.0
2026-07-15 13:10:00,39017.0
2026-07-15 13:11:00,37703.0
2026-07-15 13:12:00,36589.0
2026-07-15 13:13:00,37081.0
2026-07-15 13:14:00,36583.0
2026-07-15 13:15:00,38266.0
2026-07-15 13:16:00,40139.0
2026-07-15 13:17:00,36010.0
2026-07-15 13:18:00,37647.0
2026-07-15 13:19:00,37683.0
2026-07-15 13:20:00,35973.0
2026-07-15 13:21:00,36023.0
2026-07-15 13:22:00,36785.0
2026-07-15 13:23:00,35521.0
2026-07-15 13:24:00,35589.0
2026-07-15 13:25:00,35930.0
2026-07-15 13:26:00,37509.0
2026-07-15 13:27:00,35962.0
2026-07-15 13:28:00,37090.0
2026-07-15 13:29:00,38966.0
2026-07-15 13:30:00,37344.0
2026-07-15 13:31:00,37180.0
2026-07-15 13:32:00,37280.0
2026-07-15 13:33:00,37097.0
2026-07-15 13:34:00,38141.0
2026-07-15 13:35:00,38243.0
2026-07-15 13:36:00,38098.0
2026-07-15 13:37:00,39874.0
2026-07-15 13:38:00,39033.0
2026-07-15 13:39:00,38497.0
2026-07-15 13:40:00,38341.0
2026-07-15 13:41:00,39482.0
2026-07-15 13:42:00,37880.0
2026-07-15 13:43:00,38374.0
2026-07-15 13:44:00,38062.0
2026-07-15 13:45:00,37932.0
2026-07-15 13:46:00,38801.0
2026-07-15 13:47:00,39781.0
2026-07-15 13:48:00,36931.0
2026-07-15 13:49:00,38545.0
2026-07-15 13:50:00,37618.0
2026-07-15 13:51:00,38243.0
2026-07-15 13:52:00,37772.0
2026-07-15 13:53:00,38031.0
2026-07-15 13:54:00,34709.0
2026-07-15 13:55:00,39333.0
2026-07-15 13:56:00,42158.0
2026-07-15 13:57:00,42114.0
2026-07-15 13:58:00,40061.0
2026-07-15 13:59:00,39373.0
2026-07-15 14:00:00,35866.0
2026-07-15 14:01:00,37806.0
2026-07-15 14:02:00,38126.0
2026-07-15 14:03:00,35576.0
2026-07-15 14:04:00,41845.0
2026-07-15 14:05:00,40551.0
2026-07-15 14:06:00,40571.0
2026-07-15 14:07:00,39948.0
2026-07-15 14:08:00,42685.0
2026-07-15 14:09:00,39331.0
2026-07-15 14:10:00,37623.0
2026-07-15 14:11:00,37825.0
2026-07-15 14:12:00,38911.0
2026-07-15 14:13:00,40062.0
2026-07-15 14:14:00,37033.0
2026-07-15 14:15:00,37064.0
2026-07-15 14:16:00,37688.0
2026-07-15 14:17:00,40357.0
2026-07-15 14:18:00,40877.0
2026-07-15 14:19:00,40603.0
2026-07-15 14:20:00,41301.0
2026-07-15 14:21:00,39518.0
2026-07-15 14:22:00,38577.0
2026-07-15 14:23:00,39127.0
2026-07-15 14:24:00,38306.0
2026-07-15 14:25:00,37839.0
2026-07-15 14:26:00,37366.0
2026-07-15 14:27:00,37725.0
2026-07-15 14:28:00,38560.0
2026-07-15 14:29:00,39299.0
2026-07-15 14:30:00,40435.0
2026-07-15 14:31:00,37514.0
2026-07-15 14:32:00,37415.0
2026-07-15 14:33:00,40069.0
2026-07-15 14:34:00,40870.0
2026-07-15 14:35:00,37886.0
2026-07-15 14:36:00,37098.0
2026-07-15 14:37:00,38884.0
2026-07-15 14:38:00,40944.0
2026-07-15 14:39:00,41544.0
2026-07-15 14:40:00,40749.0
2026-07-15 14:41:00,42584.0
2026-07-15 14:42:00,41217.0
2026-07-15 14:43:00,41658.0
2026-07-15 14:44:00,39580.0
2026-07-15 14:45:00,35497.0
2026-07-15 14:46:00,38076.0
2026-07-15 14:47:00,38572.0
2026-07-15 14:48:00,37896.0
2026-07-15 14:49:00,36625.0
2026-07-15 14:50:00,37330.0
2026-07-15 14:51:00,39856.0
2026-07-15 14:52:00,38733.0
2026-07-15 14:53:00,39344.0
2026-07-15 14:54:00,39736.0
2026-07-15 14:55:00,39509.0
2026-07-15 14:56:00,37742.0
2026-07-15 14:57:00,35856.0
2026-07-15 14:58:00,39366.0
2026-07-15 14:59:00,37867.0
2026-07-15 15:00:00,37721.0
2026-07-15 15:01:00,37158.0
2026-07-15 15:02:00,37981.0
2026-07-15 15:03:00,38153.0
2026-07-15 15:04:00,38377.0
2026-07-15 15:05:00,38381.0
2026-07-15 15:06:00,39552.0
2026-07-15 15:07:00,37749.0
2026-07-15 15:08:00,38258.0
2026-07-15 15:09:00,37331.0
2026-07-15 15:10:00,38289.0
2026-07-15 15:11:00,40446.0
2026-07-15 15:12:00,40102.0
2026-07-15 15:13:00,37648.0
2026-07-15 15:14:00,41868.0
2026-07-15 15:15:00,40853.0
2026-07-15 15:16:00,41427.0
2026-07-15 15:17:00,40408.0
2026-07-15 15:18:00,41435.0
2026-07-15 15:19:00,40948.0
2026-07-15 15:20:00,41351.0
2026-07-15 15:21:00,41584.0
2026-07-15 15:22:00,39811.0
2026-07-15 15:23:00,40857.0
2026-07-15 15:24:00,40311.0
2026-07-15 15:25:00,41083.0
2026-07-15 15:26:00,40865.0
2026-07-15 15:27:00,40686.0
2026-07-15 15:28:00,40481.0
2026-07-15 15:29:00,40230.0
2026-07-15 15:30:00,40170.0
2026-07-15 15:31:00,40096.0
2026-07-15 15:32:00,37541.0
2026-07-15 15:33:00,37179.0
2026-07-15 15:34:00,38371.0
2026-07-15 15:35:00,39157.0
2026-07-15 15:36:00,39008.0
2026-07-15 15:37:00,38859.0
2026-07-15 15:38:00,38782.0
2026-07-15 15:39:00,38586.0
2026-07-15 15:40:00,38247.0
2026-07-15 15:41:00,37872.0
2026-07-15 15:42:00,37621.0
2026-07-15 15:43:00,37685.0
2026-07-15 15:44:00,37725.0
2026-07-15 15:45:00,37586.0
2026-07-15 15:46:00,37249.0
2026-07-15 15:47:00,36968.0
2026-07-15 15:48:00,36890.0
2026-07-15 15:49:00,36852.0
2026-07-15 15:50:00,36743.0
2026-07-15 15:51:00,36699.0
2026-07-15 15:52:00,36455.0
2026-07-15 15:53:00,36192.0
2026-07-15 15:54:00,35988.0
2026-07-15 15:55:00,35768.0
2026-07-15 15:56:00,35536.0
2026-07-15 15:57:00,35338.0
2026-07-15 15:58:00,34052.0
2026-07-15 15:59:00,34089.0
2026-07-15 16:00:00,33679.0
2026-07-15 16:01:00,31655.0
2026-07-15 16:02:00,29823.0
2026-07-15 16:03:00,32048.0
2026-07-15 16:04:00,33895.0
2026-07-15 16:05:00,33772.0
2026-07-15 16:06:00,33478.0
2026-07-15 16:07:00,33078.0
2026-07-15 16:08:00,33271.0
2026-07-15 16:09:00,33279.0
2026-07-15 16:10:00,33177.0
2026-07-15 16:11:00,32957.0
2026-07-15 16:12:00,32666.0
2026-07-15 16:13:00,32470.0
2026-07-15 16:14:00,32099.0
2026-07-15 16:15:00,31228.0
2026-07-15 16:16:00,30417.0
2026-07-15 16:17:00,31164.0
2026-07-15 16:18:00,31492.0
2026-07-15 16:19:00,31256.0
2026-07-15 16:20:00,31058.0
2026-07-15 16:21:00,30989.0
2026-07-15 16:22:00,30845.0
2026-07-15 16:23:00,30668.0
2026-07-15 16:24:00,30561.0
2026-07-15 16:25:00,30423.0
2026-07-15 16:26:00,30200.0
2026-07-15 16:27:00,29990.0
2026-07-15 16:28:00,28896.0
2026-07-15 16:29:00,28015.0
2026-07-15 16:30:00,28324.0
2026-07-15 16:31:00,28805.0
2026-07-15 16:32:00,29631.0
2026-07-15 16:33:00,29209.0
2026-07-15 16:34:00,28606.0
2026-07-15 16:35:00,28009.0
2026-07-15 16:36:00,27552.0
2026-07-15 16:37:00,27330.0
2026-07-15 16:38:00,27448.0
2026-07-15 16:39:00,27402.0
2026-07-15 16:40:00,27236.0
2026-07-15 16:41:00,26989.0
2026-07-15 16:42:00,26574.0
2026-07-15 16:43:00,26005.0
2026-07-15 16:44:00,25815.0
2026-07-15 16:45:00,25562.0
2026-07-15 16:46:00,25229.0
2026-07-15 16:47:00,24899.0
2026-07-15 16:48:00,24505.0
2026-07-15 16:49:00,24129.0
2026-07-15 16:50:00,23758.0
2026-07-15 16:51:00,23641.0
2026-07-15 16:52:00,23618.0
2026-07-15 16:53:00,23482.0
2026-07-15 16:54:00,23170.0
2026-07-15 16:55:00,22396.0
2026-07-15 16:56:00,20418.0
2026-07-15 16:57:00,19836.0
2026-07-15 16:58:00,21039.0
2026-07-15 16:59:00,21873.0
2026-07-15 17:00:00,22046.0
2026-07-15 17:01:00,21937.0
2026-07-15 17:02:00,21807.0
2026-07-15 17:03:00,21711.0
2026-07-15 17:04:00,21691.0
2026-07-15 17:05:00,21641.0
2026-07-15 17:06:00,21418.0
2026-07-15 17:07:00,21165.0
2026-07-15 17:08:00,20777.0
2026-07-15 17:09:00,20288.0
2026-07-15 17:10:00,19934.0
2026-07-15 17:11:00,19723.0
2026-07-15 17:12:00,19627.0
2026-07-15 17:13:00,19496.0
2026-07-15 17:14:00,19180.0
2026-07-15 17:15:00,18128.0
2026-07-15 17:16:00,18561.0
2026-07-15 17:17:00,18735.0
2026-07-15 17:18:00,16087.0
2026-07-15 17:19:00,15787.0
2026-07-15 17:20:00,15312.0
2026-07-15 17:21:00,15178.0
2026-07-15 17:22:00,15115.0
2026-07-15 17:23:00,14308.0
2026-07-15 17:24:00,11170.0
2026-07-15 17:25:00,9089.0
2026-07-15 17:26:00,10853.0
2026-07-15 17:27:00,12814.0
2026-07-15 17:28:00,14272.0
2026-07-15 17:29:00,14264.0
2026-07-15 17:30:00,13348.0
2026-07-15 17:31:00,11491.0
2026-07-15 17:32:00,10345.0
2026-07-15 17:33:00,9814.0
2026-07-15 17:34:00,9648.0
2026-07-15 17:35:00,10764.0
2026-07-15 17:36:00,12291.0
2026-07-15 17:37:00,12273.0
2026-07-15 17:38:00,11622.0
2026-07-15 17:39:00,10180.0
2026-07-15 17:40:00,10410.0
2026-07-15 17:41:00,11310.0
2026-07-15 17:42:00,10966.0
2026-07-15 17:43:00,10399.0
2026-07-15 17:44:00,10678.0
2026-07-15 17:45:00,11184.0
2026-07-15 17:46:00,11270.0
2026-07-15 17:47:00,11164.0
2026-07-15 17:48:00,10959.0
2026-07-15 17:49:00,10419.0
2026-07-15 17:50:00,9899.0
2026-07-15 17:51:00,10249.0
2026-07-15 17:52:00,10388.0
2026-07-15 17:53:00,10288.0
2026-07-15 17:54:00,10210.0
2026-07-15 17:55:00,10091.0
2026-07-15 17:56:00,9828.0
2026-07-15 17:57:00,9309.0
2026-07-15 17:58:00,8991.0
2026-07-15 17:59:00,9126.0
2026-07-15 18:00:00,9153.0
2026-07-15 18:01:00,9035.0
2026-07-15 18:02:00,8894.0
2026-07-15 18:03:00,8735.0
2026-07-15 18:04:00,8571.0
2026-07-15 18:05:00,8418.0
2026-07-15 18:06:00,8325.0
2026-07-15 18:07:00,8283.0
2026-07-15 18:08:00,8193.0
2026-07-15 18:09:00,8050.0
2026-07-15 18:10:00,7870.0
2026-07-15 18:11:00,7755.0
2026-07-15 18:12:00,7703.0
2026-07-15 18:13:00,7669.0
2026-07-15 18:14:00,7609.0
2026-07-15 18:15:00,7485.0
2026-07-15 18:16:00,7312.0
2026-07-15 18:17:00,7128.0
2026-07-15 18:18:00,6965.0
2026-07-15 18:19:00,6826.0
2026-07-15 18:20:00,6661.0
2026-07-15 18:21:00,6485.0
2026-07-15 18:22:00,6302.0
2026-07-15 18:23:00,6131.0
2026-07-15 18:24:00,5957.0
2026-07-15 18:25:00,5830.0
2026-07-15 18:26:00,5725.0
2026-07-15 18:27:00,5646.0
2026-07-15 18:28:00,5569.0
2026-07-15 18:29:00,5480.0
2026-07-15 18:30:00,5291.0
2026-07-15 18:31:00,5010.0
2026-07-15 18:32:00,4891.0
2026-07-15 18:33:00,4957.0
2026-07-15 18:34:00,4957.0
2026-07-15 18:35:00,4841.0
2026-07-15 18:36:00,4708.0
2026-07-15 18:37:00,4576.0
2026-07-15 18:38:00,4451.0
2026-07-15 18:39:00,4340.0
2026-07-15 18:40:00,4216.0
2026-07-15 18:41:00,4108.0
2026-07-15 18:42:00,4021.0
2026-07-15 18:43:00,3926.0
2026-07-15 18:44:00,3846.0
2026-07-15 18:45:00,3772.0
2026-07-15 18:46:00,3693.0
2026-07-15 18:47:00,3613.0
2026-07-15 18:48:00,3513.0
2026-07-15 18:49:00,3403.0
2026-07-15 18:50:00,3291.0
2026-07-15 18:51:00,3184.0
2026-07-15 18:52:00,3085.0
2026-07-15 18:53:00,2988.0
2026-07-15 18:54:00,2889.0
2026-07-15 18:55:00,2789.0
2026-07-15 18:56:00,2692.0
2026-07-15 18:57:00,2596.0
2026-07-15 18:58:00,2494.0
2026-07-15 18:59:00,2395.0
2026-07-15 19:00:00,2325.0
2026-07-15 19:01:00,2256.0
2026-07-15 19:02:00,2185.0
2026-07-15 19:03:00,2123.0
2026-07-15 19:04:00,2061.0
2026-07-15 19:05:00,1993.0
2026-07-15 19:06:00,1930.0
2026-07-15 19:07:00,1874.0
2026-07-15 19:08:00,1802.0
2026-07-15 19:09:00,1728.0
2026-07-15 19:10:00,1651.0
2026-07-15 19:11:00,1579.0
2026-07-15 19:12:00,1511.0
2026-07-15 19:13:00,1443.0
2026-07-15 19:14:00,1372.0
2026-07-15 19:15:00,1308.0
2026-07-15 19:16:00,1245.0
2026-07-15 19:17:00,1185.0
2026-07-15 19:18:00,1127.0
2026-07-15 19:19:00,1067.0
2026-07-15 19:20:00,1017.0
2026-07-15 19:21:00,958.0
2026-07-15 19:22:00,907.0
2026-07-15 19:23:00,850.0
2026-07-15 19:24:00,798.0
2026-07-15 19:25:00,745.0
2026-07-15 19:26:00,691.0
2026-07-15 19:27:00,642.0
2026-07-15 19:28:00,590.0
2026-07-15 19:29:00,545.0
2026-07-15 19:30:00,505.0
2026-07-15 19:31:00,458.0
2026-07-15 19:32:00,419.0
2026-07-15 19:33:00,378.0
2026-07-15 19:34:00,341.0
2026-07-15 19:35:00,303.0
2026-07-15 19:36:00,267.0
2026-07-15 19:37:00,230.0
2026-07-15 19:38:00,199.0
2026-07-15 19:39:00,166.0
2026-07-15 19:40:00,136.0
2026-07-15 19:41:00,107.0
2026-07-15 19:42:00,85.0
2026-07-15 19:43:00,62.0
2026-07-15 19:44:00,44.0
2026-07-15 19:45:00,25.0
2026-07-15 19:46:00,11.0
2026-07-15 19:47:00,3.0
2026-07-15 19:48:00,0.0
2026-07-15 19:49:00,0.0
2026-07-15 19:50:00,0.0
2026-07-15 19:51:00,0.0
2026-07-15 19:52:00,0.0
2026-07-15 19:53:00,0.0
2026-07-15 19:54:00,0.0
2026-07-15 19:55:00,0.0
2026-07-15 19:56:00,0.0
2026-07-15 19:57:00,0.0
2026-07-15 19:58:00,0.0
2026-07-15 19:59:00,0.0
2026-07-15 20:00:00,0.0
2026-07-15 20:01:00,0.0
2026-07-15 20:02:00,0.0
2026-07-15 20:03:00,0.0
2026-07-15 20:04:00,0.0
2026-07-15 20:05:00,0.0
2026-07-15 20:06:00,0.0
2026-07-15 20:07:00,0.0
2026-07-15 20:08:00,0.0
2026-07-15 20:09:00,0.0
2026-07-15 20:10:00,0.0
2026-07-15 20:11:00,0.0
2026-07-15 20:12:00,0.0
2026-07-15 20:13:00,0.0
2026-07-15 20:14:00,0.0
2026-07-15 20:15:00,0.0
2026-07-15 20:16:00,0.0
2026-07-15 20:17:00,0.0
2026-07-15 20:18:00,0.0
2026-07-15 20:19:00,0.0
2026-07-15 20:20:00,0.0
2026-07-15 20:21:00,0.0
2026-07-15 20:22:00,0.0
2026-07-15 20:23:00,0.0
2026-07-15 20:24:00,0.0
2026-07-15 20:25:00,0.0
2026-07-15 20:26:00,0.0
2026-07-15 20:27:00,0.0
2026-07-15 20:28:00,0.0
2026-07-15 20:29:00,0.0
2026-07-15 20:30:00,0.0
2026-07-15 20:31:00,0.0
2026-07-15 20:32:00,0.0
2026-07-15 20:33:00,0.0
2026-07-15 20:34:00,0.0
2026-07-15 20:35:00,0.0
2026-07-15 20:36:00,0.0
2026-07-15 20:37:00,0.0
2026-07-15 20:38:00,0.0
2026-07-15 20:39:00,0.0
2026-07-15 20:40:00,0.0
2026-07-15 20:41:00,0.0
2026-07-15 20:42:00,0.0
2026-07-15 20:43:00,0.0
2026-07-15 20:44:00,0.0
2026-07-15 20:45:00,0.0
2026-07-15 20:46:00,0.0
2026-07-15 20:47:00,0.0
2026-07-15 20:48:00,0.0
2026-07-15 20:49:00,0.0
2026-07-15 20:50:00,0.0
2026-07-15 20:51:00,0.0
2026-07-15 20:52:00,0.0
2026-07-15 20:53:00,0.0
2026-07-15 20:54:00,0.0
2026-07-15 20:55:00,0.0
2026-07-15 20:56:00,0.0
2026-07-15 20:57:00,0.0
2026-07-15 20:58:00,0.0
2026-07-15 20:59:00,0.0
2026-07-15 21:00:00,0.0
2026-07-15 21:01:00,0.0
2026-07-15 21:02:00,0.0
2026-07-15 21:03:00,0.0
2026-07-15 21:04:00,0.0
2026-07-15 21:05:00,0.0
2026-07-15 21:06:00,0.0
2026-07-15 21:07:00,0.0
2026-07-15 21:08:00,0.0
2026-07-15 21:09:00,0.0
2026-07-15 21:10:00,0.0
2026-07-15 21:11:00,0.0
2026-07-15 21:12:00,0.0
2026-07-15 21:13:00,0.0
2026-07-15 21:14:00,0.0
2026-07-15 21:15:00,0.0
2026-07-15 21:16:00,0.0
2026-07-15 21:17:00,0.0
2026-07-15 21:18:00,0.0
2026-07-15 21:19:00,0.0
2026-07-15 21:20:00,0.0
2026-07-15 21:21:00,0.0
2026-07-15 21:22:00,0.0
2026-07-15 21:23:00,0.0
2026-07-15 21:24:00,0.0
2026-07-15 21:25:00,0.0
2026-07-15 21:26:00,0.0
2026-07-15 21:27:00,0.0
2026-07-15 21:28:00,0.0
2026-07-15 21:29:00,0.0
2026-07-15 21:30:00,0.0
2026-07-15 21:31:00,0.0
2026-07-15 21:32:00,0.0
2026-07-15 21:33:00,0.0
2026-07-15 21:34:00,0.0
2026-07-15 21:35:00,0.0
2026-07-15 21:36:00,0.0
2026-07-15 21:37:00,0.0
2026-07-15 21:38:00,0.0
2026-07-15 21:39:00,0.0
2026-07-15 21:40:00,0.0
2026-07-15 21:41:00,0.0
2026-07-15 21:42:00,0.0
2026-07-15 21:43:00,0.0
2026-07-15 21:44:00,0.0
2026-07-15 21:45:00,0.0
2026-07-15 21:46:00,0.0
2026-07-15 21:47:00,0.0
2026-07-15 21:48:00,0.0
2026-07-15 21:49:00,0.0
2026-07-15 21:50:00,0.0
2026-07-15 21:51:00,0.0
2026-07-15 21:52:00,0.0
2026-07-15 21:53:00,0.0
2026-07-15 21:54:00,0.0
2026-07-15 21:55:00,0.0
2026-07-15 21:56:00,0.0
2026-07-15 21:57:00,0.0
2026-07-15 21:58:00,0.0
2026-07-15 21:59:00,0.0
2026-07-15 22:00:00,0.0
2026-07-15 22:01:00,0.0
2026-07-15 22:02:00,0.0
2026-07-15 22:03:00,0.0
2026-07-15 22:04:00,0.0
2026-07-15 22:05:00,0.0
2026-07-15 22:06:00,0.0
2026-07-15 22:07:00,0.0
2026-07-15 22:08:00,0.0
2026-07-15 22:09:00,0.0
2026-07-15 22:10:00,0.0
2026-07-15 22:11:00,0.0
2026-07-15 22:12:00,0.0
2026-07-15 22:13:00,0.0
2026-07-15 22:14:00,0.0
2026-07-15 22:15:00,0.0
2026-07-15 22:16:00,0.0
2026-07-15 22:17:00,0.0
2026-07-15 22:18:00,0.0
2026-07-15 22:19:00,0.0
2026-07-15 22:20:00,0.0
2026-07-15 22:21:00,0.0
2026-07-15 22:22:00,0.0
2026-07-15 22:23:00,0.0
2026-07-15 22:24:00,0.0
2026-07-15 22:25:00,0.0
2026-07-15 22:26:00,0.0
2026-07-15 22:27:00,0.0
2026-07-15 22:28:00,0.0
2026-07-15 22:29:00,0.0
2026-07-15 22:30:00,0.0
2026-07-15 22:31:00,0.0
2026-07-15 22:32:00,0.0
2026-07-15 22:33:00,0.0
2026-07-15 22:34:00,0.0
2026-07-15 22:35:00,0.0
2026-07-15 22:36:00,0.0
2026-07-15 22:37:00,0.0
2026-07-15 22:38:00,0.0
2026-07-15 22:39:00,0.0
2026-07-15 22:40:00,0.0
2026-07-15 22:41:00,0.0
2026-07-15 22:42:00,0.0
2026-07-15 22:43:00,0.0
2026-07-15 22:44:00,0.0
2026-07-15 22:45:00,0.0
2026-07-15 22:46:00,0.0
2026-07-15 22:47:00,0.0
2026-07-15 22:48:00,0.0
2026-07-15 22:49:00,0.0
2026-07-15 22:50:00,0.0
2026-07-15 22:51:00,0.0
2026-07-15 22:52:00,0.0
2026-07-15 22:53:00,0.0
2026-07-15 22:54:00,0.0
2026-07-15 22:55:00,0.0
2026-07-15 22:56:00,0.0
2026-07-15 22:57:00,0.0
2026-07-15 22:58:00,0.0
2026-07-15 22:59:00,0.0
2026-07-15 23:00:00,0.0
2026-07-15 23:01:00,0.0
2026-07-15 23:02:00,0.0
2026-07-15 23:03:00,0.0
2026-07-15 23:04:00,0.0
2026-07-15 23:05:00,0.0
2026-07-15 23:06:00,0.0
2026-07-15 23:07:00,0.0
2026-07-15 23:08:00,0.0
2026-07-15 23:09:00,0.0
2026-07-15 23:10:00,0.0
2026-07-15 23:11:00,0.0
2026-07-15 23:12:00,0.0
2026-07-15 23:13:00,0.0
2026-07-15 23:14:00,0.0
2026-07-15 23:15:00,0.0
2026-07-15 23:16:00,0.0
2026-07-15 23:17:00,0.0
2026-07-15 23:18:00,0.0
2026-07-15 23:19:00,0.0
2026-07-15 23:20:00,0.0
2026-07-15 23:21:00,0.0
2026-07-15 23:22:00,0.0
2026-07-15 23:23:00,0.0
2026-07-15 23:24:00,0.0
2026-07-15 23:25:00,0.0
2026-07-15 23:26:00,0.0
2026-07-15 23:27:00,0.0
2026-07-15 23:28:00,0.0
2026-07-15 23:29:00,0.0
2026-07-15 23:30:00,0.0
2026-07-15 23:31:00,0.0
2026-07-15 23:32:00,0.0
2026-07-15 23:33:00,0.0
2026-07-15 23:34:00,0.0
2026-07-15 23:35:00,0.0
2026-07-15 23:36:00,0.0
2026-07-15 23:37:00,0.0
2026-07-15 23:38:00,0.0
2026-07-15 23:39:00,0.0
2026-07-15 23:40:00,0.0
2026-07-15 23:41:00,0.0
2026-07-15 23:42:00,0.0
2026-07-15 23:43:00,0.0
2026-07-15 23:44:00,0.0
2026-07-15 23:45:00,0.0
2026-07-15 23:46:00,0.0
2026-07-15 23:47:00,0.0
2026-07-15 23:48:00,0.0
2026-07-15 23:49:00,0.0
2026-07-15 23:50:00,0.0
2026-07-15 23:51:00,0.0
2026-07-15 23:52:00,0.0
2026-07-15 23:53:00,0.0
2026-07-15 23:54:00,0.0
2026-07-15 23:55:00,0.0
2026-07-15 23:56:00,0.0
2026-07-15 23:57:00,0.0
2026-07-15 23:58:00,0.0
2026-07-15 23:59:00,0.0
2026-07-16 00:00:00,0.0
2026-07-16 00:01:00,0.0
2026-07-16 00:02:00,0.0
2026-07-16 00:03:00,0.0
2026-07-16 00:04:00,0.0
2026-07-16 00:05:00,0.0
2026-07-16 00:06:00,0.0
2026-07-16 00:07:00,0.0
2026-07-16 00:08:00,0.0
2026-07-16 00:09:00,0.0
2026-07-16 00:10:00,0.0
2026-07-16 00:11:00,0.0
2026-07-16 00:12:00,0.0
2026-07-16 00:13:00,0.0
2026-07-16 00:14:00,0.0
2026-07-16 00:15:00,0.0
2026-07-16 00:16:00,0.0
2026-07-16 00:17:00,0.0
2026-07-16 00:18:00,0.0
2026-07-16 00:19:00,0.0
2026-07-16 00:20:00,0.0
2026-07-16 00:21:00,0.0
2026-07-16 00:22:00,0.0
2026-07-16 00:23:00,0.0
2026-07-16 00:24:00,0.0
2026-07-16 00:25:00,0.0
2026-07-16 00:26:00,0.0
2026-07-16 00:27:00,0.0
2026-07-16 00:28:00,0.0
2026-07-16 00:29:00,0.0
2026-07-16 00:30:00,0.0
2026-07-16 00:31:00,0.0
2026-07-16 00:32:00,0.0
2026-07-16 00:33:00,0.0
2026-07-16 00:34:00,0.0
2026-07-16 00:35:00,0.0
2026-07-16 00:36:00,0.0
2026-07-16 00:37:00,0.0
2026-07-16 00:38:00,0.0
2026-07-16 00:39:00,0.0
2026-07-16 00:40:00,0.0
2026-07-16 00:41:00,0.0
2026-07-16 00:42:00,0.0
2026-07-16 00:43:00,0.0
2026-07-16 00:44:00,0.0
2026-07-16 00:45:00,0.0
2026-07-16 00:46:00,0.0
2026-07-16 00:47:00,0.0
2026-07-16 00:48:00,0.0
2026-07-16 00:49:00,0.0
2026-07-16 00:50:00,0.0
2026-07-16 00:51:00,0.0
2026-07-16 00:52:00,0.0
2026-07-16 00:53:00,0.0
2026-07-16 00:54:00,0.0
2026-07-16 00:55:00,0.0
2026-07-16 00:56:00,0.0
2026-07-16 00:57:00,0.0
2026-07-16 00:58:00,0.0
2026-07-16 00:59:00,0.0
2026-07-16 01:00:00,0.0
2026-07-16 01:01:00,0.0
2026-07-16 01:02:00,0.0
2026-07-16 01:03:00,0.0
2026-07-16 01:04:00,0.0
2026-07-16 01:05:00,0.0
2026-07-16 01:06:00,0.0
2026-07-16 01:07:00,0.0
2026-07-16 01:08:00,0.0
2026-07-16 01:09:00,0.0
2026-07-16 01:10:00,0.0
2026-07-16 01:11:00,0.0
2026-07-16 01:12:00,0.0
2026-07-16 01:13:00,0.0
2026-07-16 01:14:00,0.0
2026-07-16 01:15:00,0.0
2026-07-16 01:16:00,0.0
2026-07-16 01:17:00,0.0
2026-07-16 01:18:00,0.0
2026-07-16 01:19:00,0.0
2026-07-16 01:20:00,0.0
2026-07-16 01:21:00,0.0
2026-07-16 01:22:00,0.0
2026-07-16 01:23:00,0.0
2026-07-16 01:24:00,0.0
2026-07-16 01:25:00,0.0
2026-07-16 01:26:00,0.0
2026-07-16 01:27:00,0.0
2026-07-16 01:28:00,0.0
2026-07-16 01:29:00,0.0
2026-07-16 01:30:00,0.0
2026-07-16 01:31:00,0.0
2026-07-16 01:32:00,0.0
2026-07-16 01:33:00,0.0
2026-07-16 01:34:00,0.0
2026-07-16 01:35:00,0.0
2026-07-16 01:36:00,0.0
2026-07-16 01:37:00,0.0
2026-07-16 01:38:00,0.0
2026-07-16 01:39:00,0.0
2026-07-16 01:40:00,0.0
2026-07-16 01:41:00,0.0
2026-07-16 01:42:00,0.0
2026-07-16 01:43:00,0.0
2026-07-16 01:44:00,0.0
2026-07-16 01:45:00,0.0
2026-07-16 01:46:00,0.0
2026-07-16 01:47:00,0.0
2026-07-16 01:48:00,0.0
2026-07-16 01:49:00,0.0
2026-07-16 01:50:00,0.0
2026-07-16 01:51:00,0.0
2026-07-16 01:52:00,0.0
2026-07-16 01:53:00,0.0
2026-07-16 01:54:00,0.0
2026-07-16 01:55:00,0.0
2026-07-16 01:56:00,0.0
2026-07-16 01:57:00,0.0
2026-07-16 01:58:00,0.0
2026-07-16 01:59:00,0.0
2026-07-16 02:00:00,0.0
2026-07-16 02:01:00,0.0
2026-07-16 02:02:00,0.0
2026-07-16 02:03:00,0.0
2026-07-16 02:04:00,0.0
2026-07-16 02:05:00,0.0
2026-07-16 02:06:00,0.0
2026-07-16 02:07:00,0.0
2026-07-16 02:08:00,0.0
2026-07-16 02:09:00,0.0
2026-07-16 02:10:00,0.0
2026-07-16 02:11:00,0.0
2026-07-16 02:12:00,0.0
2026-07-16 02:13:00,0.0
2026-07-16 02:14:00,0.0
2026-07-16 02:15:00,0.0
2026-07-16 02:16:00,0.0
2026-07-16 02:17:00,0.0
2026-07-16 02:18:00,0.0
2026-07-16 02:19:00,0.0
2026-07-16 02:20:00,0.0
2026-07-16 02:21:00,0.0
2026-07-16 02:22:00,0.0
2026-07-16 02:23:00,0.0
2026-07-16 02:24:00,0.0
2026-07-16 02:25:00,0.0
2026-07-16 02:26:00,0.0
2026-07-16 02:27:00,0.0
2026-07-16 02:28:00,0.0
2026-07-16 02:29:00,0.0
2026-07-16 02:30:00,0.0
2026-07-16 02:31:00,0.0
2026-07-16 02:32:00,0.0
2026-07-16 02:33:00,0.0
2026-07-16 02:34:00,0.0
2026-07-16 02:35:00,0.0
2026-07-16 02:36:00,0.0
2026-07-16 02:37:00,0.0
2026-07-16 02:38:00,0.0
2026-07-16 02:39:00,0.0
2026-07-16 02:40:00,0.0
2026-07-16 02:41:00,0.0
2026-07-16 02:42:00,0.0
2026-07-16 02:43:00,0.0
2026-07-16 02:44:00,0.0
2026-07-16 02:45:00,0.0
2026-07-16 02:46:00,0.0
2026-07-16 02:47:00,0.0
2026-07-16 02:48:00,0.0
2026-07-16 02:49:00,0.0
2026-07-16 02:50:00,0.0
2026-07-16 02:51:00,0.0
2026-07-16 02:52:00,0.0
2026-07-16 02:53:00,0.0
2026-07-16 02:54:00,0.0
2026-07-16 02:55:00,0.0
2026-07-16 02:56:00,0.0
2026-07-16 02:57:00,0.0
2026-07-16 02:58:00,0.0
2026-07-16 02:59:00,0.0
2026-07-16 03:00:00,0.0
2026-07-16 03:01:00,0.0
2026-07-16 03:02:00,0.0
2026-07-16 03:03:00,0.0
2026-07-16 03:04:00,0.0
2026-07-16 03:05:00,0.0
2026-07-16 03:06:00,0.0
2026-07-16 03:07:00,0.0
2026-07-16 03:08:00,0.0
2026-07-16 03:09:00,0.0
2026-07-16 03:10:00,0.0
2026-07-16 03:11:00,0.0
2026-07-16 03:12:00,0.0
2026-07-16 03:13:00,0.0
2026-07-16 03:14:00,0.0
2026-07-16 03:15:00,0.0
2026-07-16 03:16:00,0.0
2026-07-16 03:17:00,0.0
2026-07-16 03:18:00,0.0
2026-07-16 03:19:00,0.0
2026-07-16 03:20:00,0.0
2026-07-16 03:21:00,0.0
2026-07-16 03:22:00,0.0
2026-07-16 03:23:00,0.0
2026-07-16 03:24:00,0.0
2026-07-16 03:25:00,0.0
2026-07-16 03:26:00,0.0
2026-07-16 03:27:00,0.0
2026-07-16 03:28:00,0.0
2026-07-16 03:29:00,0.0
2026-07-16 03:30:00,0.0
2026-07-16 03:31:00,0.0
2026-07-16 03:32:00,0.0
2026-07-16 03:33:00,0.0
2026-07-16 03:34:00,0.0
2026-07-16 03:35:00,0.0
2026-07-16 03:36:00,0.0
2026-07-16 03:37:00,0.0
2026-07-16 03:38:00,0.0
2026-07-16 03:39:00,0.0
2026-07-16 03:40:00,0.0
2026-07-16 03:41:00,0.0
2026-07-16 03:42:00,0.0
2026-07-16 03:43:00,0.0
2026-07-16 03:44:00,0.0
2026-07-16 03:45:00,0.0
2026-07-16 03:46:00,0.0
2026-07-16 03:47:00,0.0
2026-07-16 03:48:00,0.0
2026-07-16 03:49:00,0.0
2026-07-16 03:50:00,0.0
2026-07-16 03:51:00,0.0
2026-07-16 03:52:00,0.0
2026-07-16 03:53:00,0.0
2026-07-16 03:54:00,0.0
2026-07-16 03:55:00,0.0
2026-07-16 03:56:00,0.0
2026-07-16 03:57:00,0.0
2026-07-16 03:58:00,0.0
2026-07-16 03:59:00,0.0
2026-07-16 04:00:00,0.0
2026-07-16 04:01:00,0.0
2026-07-16 04:02:00,0.0
2026-07-16 04:03:00,0.0
2026-07-16 04:04:00,0.0
2026-07-16 04:05:00,0.0
2026-07-16 04:06:00,0.0
2026-07-16 04:07:00,0.0
2026-07-16 04:08:00,0.0
2026-07-16 04:09:00,0.0
2026-07-16 04:10:00,0.0
2026-07-16 04:11:00,0.0
2026-07-16 04:12:00,0.0
2026-07-16 04:13:00,0.0
2026-07-16 04:14:00,0.0
2026-07-16 04:15:00,0.0
2026-07-16 04:16:00,0.0
2026-07-16 04:17:00,0.0
2026-07-16 04:18:00,0.0
2026-07-16 04:19:00,0.0
2026-07-16 04:20:00,0.0
2026-07-16 04:21:00,0.0
2026-07-16 04:22:00,0.0
2026-07-16 04:23:00,0.0
2026-07-16 04:24:00,0.0
2026-07-16 04:25:00,0.0
2026-07-16 04:26:00,0.0
2026-07-16 04:27:00,0.0
2026-07-16 04:28:00,0.0
2026-07-16 04:29:00,0.0
2026-07-16 04:30:00,0.0
2026-07-16 04:31:00,0.0
2026-07-16 04:32:00,0.0
2026-07-16 04:33:00,0.0
2026-07-16 04:34:00,0.0
2026-07-16 04:35:00,0.0
2026-07-16 04:36:00,0.0
2026-07-16 04:37:00,0.0
2026-07-16 04:38:00,0.0
2026-07-16 04:39:00,0.0
2026-07-16 04:40:00,0.0
2026-07-16 04:41:00,0.0
2026-07-16 04:42:00,0.0
2026-07-16 04:43:00,0.0
2026-07-16 04:44:00,0.0
2026-07-16 04:45:00,0.0
2026-07-16 04:46:00,0.0
2026-07-16 04:47:00,0.0
2026-07-16 04:48:00,0.0
2026-07-16 04:49:00,0.0
2026-07-16 04:50:00,0.0
2026-07-16 04:51:00,0.0
2026-07-16 04:52:00,0.0
2026-07-16 04:53:00,0.0
2026-07-16 04:54:00,0.0
2026-07-16 04:55:00,0.0
2026-07-16 04:56:00,0.0
2026-07-16 04:57:00,0.0
2026-07-16 04:58:00,0.0
2026-07-16 04:59:00,0.0
2026-07-16 05:00:00,0.0
2026-07-16 05:01:00,0.0
2026-07-16 05:02:00,0.0
2026-07-16 05:03:00,0.0
2026-07-16 05:04:00,0.0
2026-07-16 05:05:00,0.0
2026-07-16 05:06:00,0.0
2026-07-16 05:07:00,0.0
2026-07-16 05:08:00,0.0
2026-07-16 05:09:00,0.0
2026-07-16 05:10:00,0.0
2026-07-16 05:11:00,0.0
2026-07-16 05:12:00,0.0
2026-07-16 05:13:00,0.0
2026-07-16 05:14:00,0.0
2026-07-16 05:15:00,0.0
2026-07-16 05:16:00,0.0
2026-07-16 05:17:00,0.0
2026-07-16 05:18:00,0.0
2026-07-16 05:19:00,0.0
2026-07-16 05:20:00,0.0
2026-07-16 05:21:00,0.0
2026-07-16 05:22:00,0.0
2026-07-16 05:23:00,0.0
2026-07-16 05:24:00,0.0
2026-07-16 05:25:00,0.0
2026-07-16 05:26:00,0.0
2026-07-16 05:27:00,0.0
2026-07-16 05:28:00,0.0
2026-07-16 05:29:00,0.0
2026-07-16 05:30:00,0.0
2026-07-16 05:31:00,0.0
2026-07-16 05:32:00,0.0
2026-07-16 05:33:00,0.0
2026-07-16 05:34:00,0.0
2026-07-16 05:35:00,0.0
2026-07-16 05:36:00,0.0
2026-07-16 05:37:00,0.0
2026-07-16 05:38:00,0.0
2026-07-16 05:39:00,0.0
2026-07-16 05:40:00,0.0
2026-07-16 05:41:00,0.0
2026-07-16 05:42:00,0.0
2026-07-16 05:43:00,0.0
2026-07-16 05:44:00,0.0
2026-07-16 05:45:00,0.0
2026-07-16 05:46:00,0.0
2026-07-16 05:47:00,0.0
2026-07-16 05:48:00,0.0
2026-07-16 05:49:00,0.0
2026-07-16 05:50:00,0.0
2026-07-16 05:51:00,0.0
2026-07-16 05:52:00,0.0
2026-07-16 05:53:00,0.0
2026-07-16 05:54:00,0.0
2026-07-16 05:55:00,0.0
2026-07-16 05:56:00,0.0
2026-07-16 05:57:00,0.0
2026-07-16 05:58:00,0.0
2026-07-16 05:59:00,0.0
2026-07-16 06:00:00,0.0
2026-07-16 06:01:00,4.0
2026-07-16 06:02:00,27.0
2026-07-16 06:03:00,39.0
2026-07-16 06:04:00,57.0
2026-07-16 06:05:00,71.0
2026-07-16 06:06:00,87.0
2026-07-16 06:07:00,112.0
2026-07-16 06:08:00,135.0
2026-07-16 06:09:00,166.0
2026-07-16 06:10:00,195.0
2026-07-16 06:11:00,227.0
2026-07-16 06:12:00,255.0
2026-07-16 06:13:00,294.0
2026-07-16 06:14:00,328.0
2026-07-16 06:15:00,363.0
2026-07-16 06:16:00,405.0
2026-07-16 06:17:00,445.0
2026-07-16 06:18:00,483.0
2026-07-16 06:19:00,528.0
2026-07-16 06:20:00,567.0
2026-07-16 06:21:00,615.0
2026-07-16 06:22:00,666.0
2026-07-16 06:23:00,714.0
2026-07-16 06:24:00,770.0
2026-07-16 06:25:00,819.0
2026-07-16 06:26:00,876.0
2026-07-16 06:27:00,936.0
2026-07-16 06:28:00,993.0
2026-07-16 06:29:00,1059.0
2026-07-16 06:30:00,1125.0
2026-07-16 06:31:00,1193.0
2026-07-16 06:32:00,1258.0
2026-07-16 06:33:00,1321.0
2026-07-16 06:34:00,1392.0
2026-07-16 06:35:00,1459.0
2026-07-16 06:36:00,1527.0
2026-07-16 06:37:00,1591.0
2026-07-16 06:38:00,1666.0
2026-07-16 06:39:00,1735.0
2026-07-16 06:40:00,1803.0
2026-07-16 06:41:00,1877.0
2026-07-16 06:42:00,1950.0
2026-07-16 06:43:00,2023.0
2026-07-16 06:44:00,2102.0
2026-07-16 06:45:00,2179.0
2026-07-16 06:46:00,2249.0
2026-07-16 06:47:00,2327.0
2026-07-16 06:48:00,2403.0
2026-07-16 06:49:00,2483.0
2026-07-16 06:50:00,2561.0
2026-07-16 06:51:00,2639.0
2026-07-16 06:52:00,2713.0
2026-07-16 06:53:00,2793.0
2026-07-16 06:54:00,2869.0
2026-07-16 06:55:00,2957.0
2026-07-16 06:56:00,3038.0
2026-07-16 06:57:00,3123.0
2026-07-16 06:58:00,3212.0
2026-07-16 06:59:00,3302.0
2026-07-16 07:00:00,3403.0
2026-07-16 07:01:00,3496.0
2026-07-16 07:02:00,3595.0
2026-07-16 07:03:00,3693.0
2026-07-16 07:04:00,3793.0
2026-07-16 07:05:00,3891.0
2026-07-16 07:06:00,3986.0
2026-07-16 07:07:00,4076.0
2026-07-16 07:08:00,4167.0
2026-07-16 07:09:00,4266.0
2026-07-16 07:10:00,4358.0
2026-07-16 07:11:00,4468.0
2026-07-16 07:12:00,4574.0
2026-07-16 07:13:00,4660.0
2026-07-16 07:14:00,4765.0
2026-07-16 07:15:00,4875.0
2026-07-16 07:16:00,4988.0
2026-07-16 07:17:00,5097.0
2026-07-16 07:18:00,5198.0
2026-07-16 07:19:00,5305.0
2026-07-16 07:20:00,5422.0
2026-07-16 07:21:00,5540.0
2026-07-16 07:22:00,5659.0
2026-07-16 07:23:00,5772.0
2026-07-16 07:24:00,5904.0
2026-07-16 07:25:00,6028.0
2026-07-16 07:26:00,6156.0
2026-07-16 07:27:00,6276.0
2026-07-16 07:28:00,6393.0
2026-07-16 07:29:00,6506.0
2026-07-16 07:30:00,6638.0
2026-07-16 07:31:00,6776.0
2026-07-16 07:32:00,6882.0
2026-07-16 07:33:00,7005.0
2026-07-16 07:34:00,7141.0
2026-07-16 07:35:00,7269.0
2026-07-16 07:36:00,7410.0
2026-07-16 07:37:00,7552.0
2026-07-16 07:38:00,7683.0
2026-07-16 07:39:00,7819.0
2026-07-16 07:40:00,7982.0
2026-07-16 07:41:00,8139.0
2026-07-16 07:42:00,8289.0
2026-07-16 07:43:00,8451.0
2026-07-16 07:44:00,8592.0
2026-07-16 07:45:00,8759.0
2026-07-16 07:46:00,8924.0
2026-07-16 07:47:00,9036.0
2026-07-16 07:48:00,9149.0
2026-07-16 07:49:00,9313.0
2026-07-16 07:50:00,9476.0
2026-07-16 07:51:00,9630.0
2026-07-16 07:52:00,9787.0
2026-07-16 07:53:00,9934.0
2026-07-16 07:54:00,10104.0
2026-07-16 07:55:00,10265.0
2026-07-16 07:56:00,10399.0
2026-07-16 07:57:00,10549.0
2026-07-16 07:58:00,10700.0
2026-07-16 07:59:00,10852.0
2026-07-16 08:00:00,11055.0
2026-07-16 08:01:00,11202.0
2026-07-16 08:02:00,11361.0
2026-07-16 08:03:00,11526.0
2026-07-16 08:04:00,11688.0
2026-07-16 08:05:00,11875.0
2026-07-16 08:06:00,12056.0
2026-07-16 08:07:00,12216.0
2026-07-16 08:08:00,12383.0
2026-07-16 08:09:00,12550.0
2026-07-16 08:10:00,12719.0
2026-07-16 08:11:00,12893.0
2026-07-16 08:12:00,13064.0
2026-07-16 08:13:00,13220.0
2026-07-16 08:14:00,13414.0
2026-07-16 08:15:00,13588.0
2026-07-16 08:16:00,13773.0
2026-07-16 08:17:00,13918.0
2026-07-16 08:18:00,14106.0
2026-07-16 08:19:00,14262.0
2026-07-16 08:20:00,14459.0
2026-07-16 08:21:00,14653.0
2026-07-16 08:22:00,14810.0
2026-07-16 08:23:00,14914.0
2026-07-16 08:24:00,15108.0
2026-07-16 08:25:00,15335.0
2026-07-16 08:26:00,15520.0
2026-07-16 08:27:00,15693.0
2026-07-16 08:28:00,15882.0
2026-07-16 08:29:00,16072.0
2026-07-16 08:30:00,16277.0
2026-07-16 08:31:00,16448.0
2026-07-16 08:32:00,16592.0
2026-07-16 08:33:00,16780.0
2026-07-16 08:34:00,16986.0
2026-07-16 08:35:00,17173.0
2026-07-16 08:36:00,17366.0
2026-07-16 08:37:00,17560.0
2026-07-16 08:38:00,17727.0
2026-07-16 08:39:00,17884.0
2026-07-16 08:40:00,18040.0
2026-07-16 08:41:00,18175.0
2026-07-16 08:42:00,18289.0
2026-07-16 08:43:00,18473.0
2026-07-16 08:44:00,18682.0
2026-07-16 08:45:00,18855.0
2026-07-16 08:46:00,19005.0
2026-07-16 08:47:00,19217.0
2026-07-16 08:48:00,19441.0
2026-07-16 08:49:00,19689.0
2026-07-16 08:50:00,19946.0
2026-07-16 08:51:00,19448.0
2026-07-16 08:52:00,19100.0
2026-07-16 08:53:00,20110.0
2026-07-16 08:54:00,20518.0
2026-07-16 08:55:00,20701.0
2026-07-16 08:56:00,20898.0
2026-07-16 08:57:00,21093.0
2026-07-16 08:58:00,21277.0
2026-07-16 08:59:00,21450.0
2026-07-16 09:00:00,21642.0
2026-07-16 09:01:00,21809.0
2026-07-16 09:02:00,21988.0
2026-07-16 09:03:00,22162.0
2026-07-16 09:04:00,22305.0
2026-07-16 09:05:00,22410.0
2026-07-16 09:06:00,22587.0
2026-07-16 09:07:00,22799.0
2026-07-16 09:08:00,23043.0
2026-07-16 09:09:00,23205.0
2026-07-16 09:10:00,23363.0
2026-07-16 09:11:00,23559.0
2026-07-16 09:12:00,23684.0
2026-07-16 09:13:00,23890.0
2026-07-16 09:14:00,24077.0
2026-07-16 09:15:00,24270.0
2026-07-16 09:16:00,24424.0
2026-07-16 09:17:00,24552.0
2026-07-16 09:18:00,24687.0
2026-07-16 09:19:00,24953.0
2026-07-16 09:20:00,25087.0
2026-07-16 09:21:00,25232.0
2026-07-16 09:22:00,25383.0
2026-07-16 09:23:00,25558.0
2026-07-16 09:24:00,25749.0
2026-07-16 09:25:00,25919.0
2026-07-16 09:26:00,26054.0
2026-07-16 09:27:00,26203.0
2026-07-16 09:28:00,26297.0
2026-07-16 09:29:00,26472.0
2026-07-16 09:30:00,26692.0
2026-07-16 09:31:00,26874.0
2026-07-16 09:32:00,27070.0
2026-07-16 09:33:00,27246.0
2026-07-16 09:34:00,29445.0
2026-07-16 09:35:00,30258.0
2026-07-16 09:36:00,30912.0
2026-07-16 09:37:00,31585.0
2026-07-16 09:38:00,32041.0
2026-07-16 09:39:00,32417.0
2026-07-16 09:40:00,32558.0
2026-07-16 09:41:00,32836.0
2026-07-16 09:42:00,33085.0
2026-07-16 09:43:00,33193.0
2026-07-16 09:44:00,33307.0
2026-07-16 09:45:00,33494.0
2026-07-16 09:46:00,33782.0
2026-07-16 09:47:00,34128.0
2026-07-16 09:48:00,34309.0
2026-07-16 09:49:00,34588.0
2026-07-16 09:50:00,34765.0
2026-07-16 09:51:00,34821.0
2026-07-16 09:52:00,34894.0
2026-07-16 09:53:00,35104.0
2026-07-16 09:54:00,35374.0
2026-07-16 09:55:00,35611.0
2026-07-16 09:56:00,35587.0
2026-07-16 09:57:00,35761.0
2026-07-16 09:58:00,35896.0
2026-07-16 09:59:00,36084.0
2026-07-16 10:00:00,36227.0
2026-07-16 10:01:00,36398.0
2026-07-16 10:02:00,36518.0
2026-07-16 10:03:00,36607.0
2026-07-16 10:04:00,36617.0
2026-07-16 10:05:00,36659.0
2026-07-16 10:06:00,36928.0
2026-07-16 10:07:00,37166.0
2026-07-16 10:08:00,37389.0
2026-07-16 10:09:00,37676.0
2026-07-16 10:10:00,37847.0
2026-07-16 10:11:00,38011.0
2026-07-16 10:12:00,38233.0
2026-07-16 10:13:00,38449.0
2026-07-16 10:14:00,38594.0
2026-07-16 10:15:00,38781.0
2026-07-16 10:16:00,38917.0
2026-07-16 10:17:00,39098.0
2026-07-16 10:18:00,39269.0
2026-07-16 10:19:00,39294.0
2026-07-16 10:20:00,38187.0
2026-07-16 10:21:00,38484.0
2026-07-16 10:22:00,39457.0
2026-07-16 10:23:00,39676.0
2026-07-16 10:24:00,39992.0
2026-07-16 10:25:00,40265.0
2026-07-16 10:26:00,39214.0
2026-07-16 10:27:00,38787.0
2026-07-16 10:28:00,40554.0
2026-07-16 10:29:00,40642.0
2026-07-16 10:30:00,40187.0
2026-07-16 10:31:00,41075.0
2026-07-16 10:32:00,41200.0
2026-07-16 10:33:00,40729.0
2026-07-16 10:34:00,41412.0
2026-07-16 10:35:00,41565.0
2026-07-16 10:36:00,40756.0
2026-07-16 10:37:00,41209.0
2026-07-16 10:38:00,41883.0
2026-07-16 10:39:00,40020.0
2026-07-16 10:40:00,40927.0
2026-07-16 10:41:00,41858.0
2026-07-16 10:42:00,42534.0
2026-07-16 10:43:00,42775.0
2026-07-16 10:44:00,42969.0
2026-07-16 10:45:00,41732.0
2026-07-16 10:46:00,40481.0
2026-07-16 10:47:00,37572.0
2026-07-16 10:48:00,37949.0
2026-07-16 10:49:00,39045.0
2026-07-16 10:50:00,39973.0
2026-07-16 10:51:00,38412.0
2026-07-16 10:52:00,41731.0
2026-07-16 10:53:00,40768.0
2026-07-16 10:54:00,40985.0
2026-07-16 10:55:00,40285.0
2026-07-16 10:56:00,40170.0
2026-07-16 10:57:00,37473.0
2026-07-16 10:58:00,37335.0
2026-07-16 10:59:00,41781.0
2026-07-16 11:00:00,42879.0
2026-07-16 11:01:00,42091.0
2026-07-16 11:02:00,41992.0
2026-07-16 11:03:00,43367.0
2026-07-16 11:04:00,42986.0
2026-07-16 11:05:00,41933.0
2026-07-16 11:06:00,39373.0
2026-07-16 11:07:00,39011.0
2026-07-16 11:08:00,35949.0
2026-07-16 11:09:00,37286.0
2026-07-16 11:10:00,37405.0
2026-07-16 11:11:00,37649.0
2026-07-16 11:12:00,39903.0
2026-07-16 11:13:00,41811.0
2026-07-16 11:14:00,42179.0
2026-07-16 11:15:00,43459.0
2026-07-16 11:16:00,40548.0
2026-07-16 11:17:00,40683.0
2026-07-16 11:18:00,39812.0
2026-07-16 11:19:00,40766.0
2026-07-16 11:20:00,40142.0
2026-07-16 11:21:00,39267.0
2026-07-16 11:22:00,40341.0
2026-07-16 11:23:00,40153.0
2026-07-16 11:24:00,40717.0
2026-07-16 11:25:00,41049.0
2026-07-16 11:26:00,41815.0
2026-07-16 11:27:00,38254.0
2026-07-16 11:28:00,40649.0
2026-07-16 11:29:00,37317.0
2026-07-16 11:30:00,40326.0
2026-07-16 11:31:00,38795.0
2026-07-16 11:32:00,42441.0
2026-07-16 11:33:00,44865.0
2026-07-16 11:34:00,41818.0
2026-07-16 11:35:00,45065.0
2026-07-16 11:36:00,43033.0
2026-07-16 11:37:00,43975.0
2026-07-16 11:38:00,44328.0
2026-07-16 11:39:00,41263.0
2026-07-16 11:40:00,41713.0
2026-07-16 11:41:00,43824.0
2026-07-16 11:42:00,44280.0
2026-07-16 11:43:00,42321.0
2026-07-16 11:44:00,41993.0
2026-07-16 11:45:00,42120.0
2026-07-16 11:46:00,40516.0
2026-07-16 11:47:00,40889.0
2026-07-16 11:48:00,41671.0
2026-07-16 11:49:00,39628.0
2026-07-16 11:50:00,39877.0
2026-07-16 11:51:00,40758.0
2026-07-16 11:52:00,41071.0
2026-07-16 11:53:00,43479.0
2026-07-16 11:54:00,44107.0
2026-07-16 11:55:00,40242.0
2026-07-16 11:56:00,43011.0
2026-07-16 11:57:00,44720.0
2026-07-16 11:58:00,42743.0
2026-07-16 11:59:00,44225.0
2026-07-16 12:00:00,45522.0
2026-07-16 12:01:00,44344.0
2026-07-16 12:02:00,44144.0
2026-07-16 12:03:00,45338.0
2026-07-16 12:04:00,43903.0
2026-07-16 12:05:00,42822.0
2026-07-16 12:06:00,40697.0
2026-07-16 12:07:00,40591.0
2026-07-16 12:08:00,42422.0
2026-07-16 12:09:00,41657.0
2026-07-16 12:10:00,42253.0
2026-07-16 12:11:00,42968.0
2026-07-16 12:12:00,42846.0
2026-07-16 12:13:00,43564.0
2026-07-16 12:14:00,44728.0
2026-07-16 12:15:00,43321.0
2026-07-16 12:16:00,43621.0
2026-07-16 12:17:00,43242.0
2026-07-16 12:18:00,40702.0
2026-07-16 12:19:00,40798.0
2026-07-16 12:20:00,42220.0
2026-07-16 12:21:00,42064.0
2026-07-16 12:22:00,41341.0
2026-07-16 12:23:00,41639.0
2026-07-16 12:24:00,42357.0
2026-07-16 12:25:00,41027.0
2026-07-16 12:26:00,41881.0
2026-07-16 12:27:00,41786.0
2026-07-16 12:28:00,41805.0
2026-07-16 12:29:00,39308.0
2026-07-16 12:30:00,40346.0
2026-07-16 12:31:00,44053.0
2026-07-16 12:32:00,46313.0
2026-07-16 12:33:00,42444.0
2026-07-16 12:34:00,42338.0
2026-07-16 12:35:00,43308.0
2026-07-16 12:36:00,44842.0
2026-07-16 12:37:00,42012.0
2026-07-16 12:38:00,42599.0
2026-07-16 12:39:00,44009.0
2026-07-16 12:40:00,42448.0
2026-07-16 12:41:00,42328.0
2026-07-16 12:42:00,38406.0
2026-07-16 12:43:00,40080.0
2026-07-16 12:44:00,38060.0
2026-07-16 12:45:00,42400.0
2026-07-16 12:46:00,44146.0
2026-07-16 12:47:00,45119.0
2026-07-16 12:48:00,44096.0
2026-07-16 12:49:00,43213.0
2026-07-16 12:50:00,40736.0
2026-07-16 12:51:00,43345.0
2026-07-16 12:52:00,42954.0
2026-07-16 12:53:00,43100.0
2026-07-16 12:54:00,43392.0
2026-07-16 12:55:00,43848.0
2026-07-16 12:56:00,40961.0
2026-07-16 12:57:00,39596.0
2026-07-16 12:58:00,39460.0
2026-07-16 12:59:00,43780.0
2026-07-16 13:00:00,44471.0
2026-07-16 13:01:00,44554.0
2026-07-16 13:02:00,45278.0
2026-07-16 13:03:00,41890.0
2026-07-16 13:04:00,40483.0
2026-07-16 13:05:00,41824.0
2026-07-16 13:06:00,42613.0
2026-07-16 13:07:00,42539.0
2026-07-16 13:08:00,44832.0
2026-07-16 13:09:00,46205.0
2026-07-16 13:10:00,43638.0
2026-07-16 13:11:00,43727.0
2026-07-16 13:12:00,46160.0
2026-07-16 13:13:00,42481.0
2026-07-16 13:14:00,41512.0
2026-07-16 13:15:00,45720.0
2026-07-16 13:16:00,43231.0
2026-07-16 13:17:00,42912.0
2026-07-16 13:18:00,43079.0
2026-07-16 13:19:00,41842.0
2026-07-16 13:20:00,45837.0
2026-07-16 13:21:00,46862.0
2026-07-16 13:22:00,42690.0
2026-07-16 13:23:00,40595.0
2026-07-16 13:24:00,42243.0
2026-07-16 13:25:00,45184.0
2026-07-16 13:26:00,41093.0
2026-07-16 13:27:00,41167.0
2026-07-16 13:28:00,44586.0
2026-07-16 13:29:00,44345.0
2026-07-16 13:30:00,46565.0
2026-07-16 13:31:00,45881.0
2026-07-16 13:32:00,45326.0
2026-07-16 13:33:00,45010.0
2026-07-16 13:34:00,45226.0
2026-07-16 13:35:00,46735.0
2026-07-16 13:36:00,44922.0
2026-07-16 13:37:00,45475.0
2026-07-16 13:38:00,43675.0
2026-07-16 13:39:00,45069.0
2026-07-16 13:40:00,44012.0
2026-07-16 13:41:00,44113.0
2026-07-16 13:42:00,45842.0
2026-07-16 13:43:00,47213.0
2026-07-16 13:44:00,44508.0
2026-07-16 13:45:00,42923.0
2026-07-16 13:46:00,43184.0
2026-07-16 13:47:00,41608.0
2026-07-16 13:48:00,43179.0
2026-07-16 13:49:00,46049.0
2026-07-16 13:50:00,42507.0
2026-07-16 13:51:00,42910.0
2026-07-16 13:52:00,41276.0
2026-07-16 13:53:00,41646.0
2026-07-16 13:54:00,44958.0
2026-07-16 13:55:00,47006.0
2026-07-16 13:56:00,47507.0
2026-07-16 13:57:00,47509.0
2026-07-16 13:58:00,44737.0
2026-07-16 13:59:00,45429.0
2026-07-16 14:00:00,45756.0
2026-07-16 14:01:00,47467.0
2026-07-16 14:02:00,45988.0
2026-07-16 14:03:00,42977.0
2026-07-16 14:04:00,41768.0
2026-07-16 14:05:00,41502.0
2026-07-16 14:06:00,45423.0
2026-07-16 14:07:00,46315.0
2026-07-16 14:08:00,46895.0
2026-07-16 14:09:00,46459.0
2026-07-16 14:10:00,44775.0
2026-07-16 14:11:00,42908.0
2026-07-16 14:12:00,42600.0
2026-07-16 14:13:00,43150.0
2026-07-16 14:14:00,43025.0
2026-07-16 14:15:00,44439.0
2026-07-16 14:16:00,45051.0
2026-07-16 14:17:00,47106.0
2026-07-16 14:18:00,46806.0
2026-07-16 14:19:00,47021.0
2026-07-16 14:20:00,46370.0
2026-07-16 14:21:00,44929.0
2026-07-16 14:22:00,44752.0
2026-07-16 14:23:00,44951.0
2026-07-16 14:24:00,46428.0
2026-07-16 14:25:00,46198.0
2026-07-16 14:26:00,46353.0
2026-07-16 14:27:00,46248.0
2026-07-16 14:28:00,45475.0
2026-07-16 14:29:00,45509.0
2026-07-16 14:30:00,45283.0
2026-07-16 14:31:00,43602.0
2026-07-16 14:32:00,43090.0
2026-07-16 14:33:00,46252.0
2026-07-16 14:34:00,45495.0
2026-07-16 14:35:00,41653.0
2026-07-16 14:36:00,31852.0
2026-07-16 14:37:00,27401.0
2026-07-16 14:38:00,35616.0
2026-07-16 14:39:00,44273.0
2026-07-16 14:40:00,45968.0
2026-07-16 14:41:00,43213.0
2026-07-16 14:42:00,43511.0
2026-07-16 14:43:00,44122.0
2026-07-16 14:44:00,44654.0
2026-07-16 14:45:00,44914.0
2026-07-16 14:46:00,44750.0
2026-07-16 14:47:00,44779.0
2026-07-16 14:48:00,44808.0
2026-07-16 14:49:00,44465.0
2026-07-16 14:50:00,44613.0
2026-07-16 14:51:00,44479.0
2026-07-16 14:52:00,44323.0
2026-07-16 14:53:00,44234.0
2026-07-16 14:54:00,44171.0
2026-07-16 14:55:00,44145.0
2026-07-16 14:56:00,44058.0
2026-07-16 14:57:00,43843.0
2026-07-16 14:58:00,43605.0
2026-07-16 14:59:00,43237.0
2026-07-16 15:00:00,42745.0
2026-07-16 15:01:00,41753.0
2026-07-16 15:02:00,42002.0
2026-07-16 15:03:00,42625.0
2026-07-16 15:04:00,42484.0
2026-07-16 15:05:00,42455.0
2026-07-16 15:06:00,42151.0
2026-07-16 15:07:00,41682.0
2026-07-16 15:08:00,41821.0
2026-07-16 15:09:00,42045.0
2026-07-16 15:10:00,42153.0
2026-07-16 15:11:00,42081.0
2026-07-16 15:12:00,42008.0
2026-07-16 15:13:00,41817.0
2026-07-16 15:14:00,41611.0
2026-07-16 15:15:00,41407.0
2026-07-16 15:16:00,41320.0
2026-07-16 15:17:00,41239.0
2026-07-16 15:18:00,41193.0
2026-07-16 15:19:00,41100.0
2026-07-16 15:20:00,40924.0
2026-07-16 15:21:00,40681.0
2026-07-16 15:22:00,40465.0
2026-07-16 15:23:00,40307.0
2026-07-16 15:24:00,40151.0
2026-07-16 15:25:00,39280.0
2026-07-16 15:26:00,39736.0
2026-07-16 15:27:00,39692.0
2026-07-16 15:28:00,39225.0
2026-07-16 15:29:00,38898.0
2026-07-16 15:30:00,38890.0
2026-07-16 15:31:00,38869.0
2026-07-16 15:32:00,38749.0
2026-07-16 15:33:00,38678.0
2026-07-16 15:34:00,38542.0
2026-07-16 15:35:00,38368.0
2026-07-16 15:36:00,38223.0
2026-07-16 15:37:00,38118.0
2026-07-16 15:38:00,38023.0
2026-07-16 15:39:00,37951.0
2026-07-16 15:40:00,37780.0
2026-07-16 15:41:00,37596.0
2026-07-16 15:42:00,37406.0
2026-07-16 15:43:00,37252.0
2026-07-16 15:44:00,37004.0
2026-07-16 15:45:00,36741.0
2026-07-16 15:46:00,35794.0
2026-07-16 15:47:00,34263.0
2026-07-16 15:48:00,35569.0
2026-07-16 15:49:00,36229.0
2026-07-16 15:50:00,36218.0
2026-07-16 15:51:00,35595.0
2026-07-16 15:52:00,34960.0
2026-07-16 15:53:00,34945.0
2026-07-16 15:54:00,34736.0
2026-07-16 15:55:00,34944.0
2026-07-16 15:56:00,34947.0
2026-07-16 15:57:00,34823.0
2026-07-16 15:58:00,34916.0
2026-07-16 15:59:00,34766.0
2026-07-16 16:00:00,34571.0
2026-07-16 16:01:00,34409.0
2026-07-16 16:02:00,34181.0
2026-07-16 16:03:00,34042.0
2026-07-16 16:04:00,33932.0
2026-07-16 16:05:00,33786.0
2026-07-16 16:06:00,33568.0
2026-07-16 16:07:00,33254.0
2026-07-16 16:08:00,32966.0
2026-07-16 16:09:00,32766.0
2026-07-16 16:10:00,32718.0
2026-07-16 16:11:00,32675.0
2026-07-16 16:12:00,32459.0
2026-07-16 16:13:00,31865.0
2026-07-16 16:14:00,31417.0
2026-07-16 16:15:00,31578.0
2026-07-16 16:16:00,31562.0
2026-07-16 16:17:00,31365.0
2026-07-16 16:18:00,31219.0
2026-07-16 16:19:00,31084.0
2026-07-16 16:20:00,29595.0
2026-07-16 16:21:00,29402.0
2026-07-16 16:22:00,29788.0
2026-07-16 16:23:00,30159.0
2026-07-16 16:24:00,30138.0
2026-07-16 16:25:00,29870.0
2026-07-16 16:26:00,29497.0
2026-07-16 16:27:00,28918.0
2026-07-16 16:28:00,27748.0
2026-07-16 16:29:00,27505.0
2026-07-16 16:30:00,28259.0
2026-07-16 16:31:00,28673.0
2026-07-16 16:32:00,28741.0
2026-07-16 16:33:00,28505.0
2026-07-16 16:34:00,28156.0
2026-07-16 16:35:00,27906.0
2026-07-16 16:36:00,27784.0
2026-07-16 16:37:00,27740.0
2026-07-16 16:38:00,27623.0
2026-07-16 16:39:00,27223.0
2026-07-16 16:40:00,26625.0
2026-07-16 16:41:00,26345.0
2026-07-16 16:42:00,26499.0
2026-07-16 16:43:00,26650.0
2026-07-16 16:44:00,26515.0
2026-07-16 16:45:00,26259.0
2026-07-16 16:46:00,25924.0
2026-07-16 16:47:00,25694.0
2026-07-16 16:48:00,25449.0
2026-07-16 16:49:00,25149.0
2026-07-16 16:50:00,24456.0
2026-07-16 16:51:00,24018.0
2026-07-16 16:52:00,23649.0
2026-07-16 16:53:00,24669.0
2026-07-16 16:54:00,24600.0
2026-07-16 16:55:00,24349.0
2026-07-16 16:56:00,23987.0
2026-07-16 16:57:00,23610.0
2026-07-16 16:58:00,23323.0
2026-07-16 16:59:00,23066.0
2026-07-16 17:00:00,22846.0
2026-07-16 17:01:00,22637.0
2026-07-16 17:02:00,22235.0
2026-07-16 17:03:00,21781.0
2026-07-16 17:04:00,21865.0
2026-07-16 17:05:00,21962.0
2026-07-16 17:06:00,21911.0
2026-07-16 17:07:00,21724.0
2026-07-16 17:08:00,21348.0
2026-07-16 17:09:00,20837.0
2026-07-16 17:10:00,20258.0
2026-07-16 17:11:00,20219.0
2026-07-16 17:12:00,20471.0
2026-07-16 17:13:00,20629.0
2026-07-16 17:14:00,20429.0
2026-07-16 17:15:00,19752.0
2026-07-16 17:16:00,19142.0
2026-07-16 17:17:00,18943.0
2026-07-16 17:18:00,19238.0
2026-07-16 17:19:00,18388.0
2026-07-16 17:20:00,18131.0
2026-07-16 17:21:00,17957.0
2026-07-16 17:22:00,18008.0
2026-07-16 17:23:00,17972.0
2026-07-16 17:24:00,16737.0
2026-07-16 17:25:00,14676.0
2026-07-16 17:26:00,14520.0
2026-07-16 17:27:00,16233.0
2026-07-16 17:28:00,16753.0
2026-07-16 17:29:00,16948.0
2026-07-16 17:30:00,16844.0
2026-07-16 17:31:00,15734.0
2026-07-16 17:32:00,14122.0
2026-07-16 17:33:00,13706.0
2026-07-16 17:34:00,14793.0
2026-07-16 17:35:00,15765.0
2026-07-16 17:36:00,15830.0
2026-07-16 17:37:00,15661.0
2026-07-16 17:38:00,15383.0
2026-07-16 17:39:00,15026.0
2026-07-16 17:40:00,14732.0
2026-07-16 17:41:00,14562.0
2026-07-16 17:42:00,14441.0
2026-07-16 17:43:00,14338.0
2026-07-16 17:44:00,14189.0
2026-07-16 17:45:00,13949.0
2026-07-16 17:46:00,13702.0
2026-07-16 17:47:00,13526.0
2026-07-16 17:48:00,13399.0
2026-07-16 17:49:00,13242.0
2026-07-16 17:50:00,13021.0
2026-07-16 17:51:00,12707.0
2026-07-16 17:52:00,12373.0
2026-07-16 17:53:00,12069.0
2026-07-16 17:54:00,11937.0
2026-07-16 17:55:00,11813.0
2026-07-16 17:56:00,11682.0
2026-07-16 17:57:00,11611.0
2026-07-16 17:58:00,11486.0
2026-07-16 17:59:00,11394.0
2026-07-16 18:00:00,11287.0
2026-07-16 18:01:00,11094.0
2026-07-16 18:02:00,10799.0
2026-07-16 18:03:00,10576.0
2026-07-16 18:04:00,10372.0
2026-07-16 18:05:00,10213.0
2026-07-16 18:06:00,8775.0
2026-07-16 18:07:00,8725.0
2026-07-16 18:08:00,8654.0
2026-07-16 18:09:00,8572.0
2026-07-16 18:10:00,8450.0
2026-07-16 18:11:00,8292.0
2026-07-16 18:12:00,8102.0
2026-07-16 18:13:00,7906.0
2026-07-16 18:14:00,7749.0
2026-07-16 18:15:00,7586.0
2026-07-16 18:16:00,7397.0
2026-07-16 18:17:00,7279.0
2026-07-16 18:18:00,7149.0
2026-07-16 18:19:00,6996.0
2026-07-16 18:20:00,6837.0
2026-07-16 18:21:00,6674.0
2026-07-16 18:22:00,6535.0
2026-07-16 18:23:00,6414.0
2026-07-16 18:24:00,6334.0
2026-07-16 18:25:00,6249.0
2026-07-16 18:26:00,6113.0
2026-07-16 18:27:00,5931.0
2026-07-16 18:28:00,5779.0
2026-07-16 18:29:00,5713.0
2026-07-16 18:30:00,5632.0
2026-07-16 18:31:00,5477.0
2026-07-16 18:32:00,5304.0
2026-07-16 18:33:00,5143.0
2026-07-16 18:34:00,4958.0
2026-07-16 18:35:00,4812.0
2026-07-16 18:36:00,4736.0
2026-07-16 18:37:00,4683.0
2026-07-16 18:38:00,4606.0
2026-07-16 18:39:00,4502.0
2026-07-16 18:40:00,4378.0
2026-07-16 18:41:00,4258.0
2026-07-16 18:42:00,4146.0
2026-07-16 18:43:00,4036.0
2026-07-16 18:44:00,3948.0
2026-07-16 18:45:00,3861.0
2026-07-16 18:46:00,3772.0
2026-07-16 18:47:00,4069.0
2026-07-16 18:48:00,4338.0
2026-07-16 18:49:00,4222.0
2026-07-16 18:50:00,4103.0
2026-07-16 18:51:00,3997.0
2026-07-16 18:52:00,3901.0
2026-07-16 18:53:00,3792.0
2026-07-16 18:54:00,3695.0
2026-07-16 18:55:00,3600.0
2026-07-16 18:56:00,3510.0
2026-07-16 18:57:00,3417.0
2026-07-16 18:58:00,3310.0
2026-07-16 18:59:00,3202.0
2026-07-16 19:00:00,3101.0
2026-07-16 19:01:00,2998.0
2026-07-16 19:02:00,2905.0
2026-07-16 19:03:00,2812.0
2026-07-16 19:04:00,2722.0
2026-07-16 19:05:00,2637.0
2026-07-16 19:06:00,2559.0
2026-07-16 19:07:00,2474.0
2026-07-16 19:08:00,2383.0
2026-07-16 19:09:00,2287.0
2026-07-16 19:10:00,2191.0
2026-07-16 19:11:00,2094.0
2026-07-16 19:12:00,1994.0
2026-07-16 19:13:00,1901.0
2026-07-16 19:14:00,1815.0
2026-07-16 19:15:00,1730.0
2026-07-16 19:16:00,1643.0
2026-07-16 19:17:00,1558.0
2026-07-16 19:18:00,1481.0
2026-07-16 19:19:00,1401.0
2026-07-16 19:20:00,1334.0
2026-07-16 19:21:00,1256.0
2026-07-16 19:22:00,1186.0
2026-07-16 19:23:00,1116.0
2026-07-16 19:24:00,1049.0
2026-07-16 19:25:00,983.0
2026-07-16 19:26:00,916.0
2026-07-16 19:27:00,847.0
2026-07-16 19:28:00,781.0
2026-07-16 19:29:00,717.0
2026-07-16 19:30:00,649.0
2026-07-16 19:31:00,589.0
2026-07-16 19:32:00,538.0
2026-07-16 19:33:00,485.0
2026-07-16 19:34:00,433.0
2026-07-16 19:35:00,386.0
2026-07-16 19:36:00,347.0
2026-07-16 19:37:00,306.0
2026-07-16 19:38:00,264.0
2026-07-16 19:39:00,225.0
2026-07-16 19:40:00,185.0
2026-07-16 19:41:00,150.0
2026-07-16 19:42:00,116.0
2026-07-16 19:43:00,85.0
2026-07-16 19:44:00,62.0
2026-07-16 19:45:00,41.0
2026-07-16 19:46:00,21.0
2026-07-16 19:47:00,8.0
2026-07-16 19:48:00,0.0
2026-07-16 19:49:00,0.0
2026-07-16 19:50:00,0.0
2026-07-16 19:51:00,0.0
2026-07-16 19:52:00,0.0
2026-07-16 19:53:00,0.0
2026-07-16 19:54:00,0.0
2026-07-16 19:55:00,0.0
2026-07-16 19:56:00,0.0
2026-07-16 19:57:00,0.0
2026-07-16 19:58:00,0.0
2026-07-16 19:59:00,0.0
2026-07-16 20:00:00,0.0
2026-07-16 20:01:00,0.0
2026-07-16 20:02:00,0.0
2026-07-16 20:03:00,0.0
2026-07-16 20:04:00,0.0
2026-07-16 20:05:00,0.0
2026-07-16 20:06:00,0.0
2026-07-16 20:07:00,0.0
2026-07-16 20:08:00,0.0
2026-07-16 20:09:00,0.0
2026-07-16 20:10:00,0.0
2026-07-16 20:11:00,0.0
2026-07-16 20:12:00,0.0
2026-07-16 20:13:00,0.0
2026-07-16 20:14:00,0.0
2026-07-16 20:15:00,0.0
2026-07-16 20:16:00,0.0
2026-07-16 20:17:00,0.0
2026-07-16 20:18:00,0.0
2026-07-16 20:19:00,0.0
2026-07-16 20:20:00,0.0
2026-07-16 20:21:00,0.0
2026-07-16 20:22:00,0.0
2026-07-16 20:23:00,0.0
2026-07-16 20:24:00,0.0
2026-07-16 20:25:00,0.0
2026-07-16 20:26:00,0.0
2026-07-16 20:27:00,0.0
2026-07-16 20:28:00,0.0
2026-07-16 20:29:00,0.0
2026-07-16 20:30:00,0.0
2026-07-16 20:31:00,0.0
2026-07-16 20:32:00,0.0
2026-07-16 20:33:00,0.0
2026-07-16 20:34:00,0.0
2026-07-16 20:35:00,0.0
2026-07-16 20:36:00,0.0
2026-07-16 20:37:00,0.0
2026-07-16 20:38:00,0.0
2026-07-16 20:39:00,0.0
2026-07-16 20:40:00,0.0
2026-07-16 20:41:00,0.0
2026-07-16 20:42:00,0.0
2026-07-16 20:43:00,0.0
2026-07-16 20:44:00,0.0
2026-07-16 20:45:00,0.0
2026-07-16 20:46:00,0.0
2026-07-16 20:47:00,0.0
2026-07-16 20:48:00,0.0
2026-07-16 20:49:00,0.0
2026-07-16 20:50:00,0.0
2026-07-16 20:51:00,0.0
2026-07-16 20:52:00,0.0
2026-07-16 20:53:00,0.0
2026-07-16 20:54:00,0.0
2026-07-16 20:55:00,0.0
2026-07-16 20:56:00,0.0
2026-07-16 20:57:00,0.0
2026-07-16 20:58:00,0.0
2026-07-16 20:59:00,0.0
2026-07-16 21:00:00,0.0
2026-07-16 21:01:00,0.0
2026-07-16 21:02:00,0.0
2026-07-16 21:03:00,0.0
2026-07-16 21:04:00,0.0
2026-07-16 21:05:00,0.0
2026-07-16 21:06:00,0.0
2026-07-16 21:07:00,0.0
2026-07-16 21:08:00,0.0
2026-07-16 21:09:00,0.0
2026-07-16 21:10:00,0.0
2026-07-16 21:11:00,0.0
2026-07-16 21:12:00,0.0
2026-07-16 21:13:00,0.0
2026-07-16 21:14:00,0.0
2026-07-16 21:15:00,0.0
2026-07-16 21:16:00,0.0
2026-07-16 21:17:00,0.0
2026-07-16 21:18:00,0.0
2026-07-16 21:19:00,0.0
2026-07-16 21:20:00,0.0
2026-07-16 21:21:00,0.0
2026-07-16 21:22:00,0.0
2026-07-16 21:23:00,0.0
2026-07-16 21:24:00,0.0
2026-07-16 21:25:00,0.0
2026-07-16 21:26:00,0.0
2026-07-16 21:27:00,0.0
2026-07-16 21:28:00,0.0
2026-07-16 21:29:00,0.0
2026-07-16 21:30:00,0.0
2026-07-16 21:31:00,0.0
2026-07-16 21:32:00,0.0
2026-07-16 21:33:00,0.0
2026-07-16 21:34:00,0.0
2026-07-16 21:35:00,0.0
2026-07-16 21:36:00,0.0
2026-07-16 21:37:00,0.0
2026-07-16 21:38:00,0.0
2026-07-16 21:39:00,0.0
2026-07-16 21:40:00,0.0
2026-07-16 21:41:00,0.0
2026-07-16 21:42:00,0.0
2026-07-16 21:43:00,0.0
2026-07-16 21:44:00,0.0
2026-07-16 21:45:00,0.0
2026-07-16 21:46:00,0.0
2026-07-16 21:47:00,0.0
2026-07-16 21:48:00,0.0
2026-07-16 21:49:00,0.0
2026-07-16 21:50:00,0.0
2026-07-16 21:51:00,0.0
2026-07-16 21:52:00,0.0
2026-07-16 21:53:00,0.0
2026-07-16 21:54:00,0.0
2026-07-16 21:55:00,0.0
2026-07-16 21:56:00,0.0
2026-07-16 21:57:00,0.0
2026-07-16 21:58:00,0.0
2026-07-16 21:59:00,0.0
2026-07-16 22:00:00,0.0
2026-07-16 22:01:00,0.0
2026-07-16 22:02:00,0.0
2026-07-16 22:03:00,0.0
2026-07-16 22:04:00,0.0
2026-07-16 22:05:00,0.0
2026-07-16 22:06:00,0.0
2026-07-16 22:07:00,0.0
2026-07-16 22:08:00,0.0
2026-07-16 22:09:00,0.0
2026-07-16 22:10:00,0.0
2026-07-16 22:11:00,0.0
2026-07-16 22:12:00,0.0
2026-07-16 22:13:00,0.0
2026-07-16 22:14:00,0.0
2026-07-16 22:15:00,0.0
2026-07-16 22:16:00,0.0
2026-07-16 22:17:00,0.0
2026-07-16 22:18:00,0.0
2026-07-16 22:19:00,0.0
2026-07-16 22:20:00,0.0
2026-07-16 22:21:00,0.0
2026-07-16 22:22:00,0.0
2026-07-16 22:23:00,0.0
2026-07-16 22:24:00,0.0
2026-07-16 22:25:00,0.0
2026-07-16 22:26:00,0.0
2026-07-16 22:27:00,0.0
2026-07-16 22:28:00,0.0
2026-07-16 22:29:00,0.0
2026-07-16 22:30:00,0.0
2026-07-16 22:31:00,0.0
2026-07-16 22:32:00,0.0
2026-07-16 22:33:00,0.0
2026-07-16 22:34:00,0.0
2026-07-16 22:35:00,0.0
2026-07-16 22:36:00,0.0
2026-07-16 22:37:00,0.0
2026-07-16 22:38:00,0.0
2026-07-16 22:39:00,0.0
2026-07-16 22:40:00,0.0
2026-07-16 22:41:00,0.0
2026-07-16 22:42:00,0.0
2026-07-16 22:43:00,0.0
2026-07-16 22:44:00,0.0
2026-07-16 22:45:00,0.0
2026-07-16 22:46:00,0.0
2026-07-16 22:47:00,0.0
2026-07-16 22:48:00,0.0
2026-07-16 22:49:00,0.0
2026-07-16 22:50:00,0.0
2026-07-16 22:51:00,0.0
2026-07-16 22:52:00,0.0
2026-07-16 22:53:00,0.0
2026-07-16 22:54:00,0.0
2026-07-16 22:55:00,0.0
2026-07-16 22:56:00,0.0
2026-07-16 22:57:00,0.0
2026-07-16 22:58:00,0.0
2026-07-16 22:59:00,0.0
2026-07-16 23:00:00,0.0
2026-07-16 23:01:00,0.0
2026-07-16 23:02:00,0.0
2026-07-16 23:03:00,0.0
2026-07-16 23:04:00,0.0
2026-07-16 23:05:00,0.0
2026-07-16 23:06:00,0.0
2026-07-16 23:07:00,0.0
2026-07-16 23:08:00,0.0
2026-07-16 23:09:00,0.0
2026-07-16 23:10:00,0.0
2026-07-16 23:11:00,0.0
2026-07-16 23:12:00,0.0
2026-07-16 23:13:00,0.0
2026-07-16 23:14:00,0.0
2026-07-16 23:15:00,0.0
2026-07-16 23:16:00,0.0
2026-07-16 23:17:00,0.0
2026-07-16 23:18:00,0.0
2026-07-16 23:19:00,0.0
2026-07-16 23:20:00,0.0
2026-07-16 23:21:00,0.0
2026-07-16 23:22:00,0.0
2026-07-16 23:23:00,0.0
2026-07-16 23:24:00,0.0
2026-07-16 23:25:00,0.0
2026-07-16 23:26:00,0.0
2026-07-16 23:27:00,0.0
2026-07-16 23:28:00,0.0
2026-07-16 23:29:00,0.0
2026-07-16 23:30:00,0.0
2026-07-16 23:31:00,0.0
2026-07-16 23:32:00,0.0
2026-07-16 23:33:00,0.0
2026-07-16 23:34:00,0.0
2026-07-16 23:35:00,0.0
2026-07-16 23:36:00,0.0
2026-07-16 23:37:00,0.0
2026-07-16 23:38:00,0.0
2026-07-16 23:39:00,0.0
2026-07-16 23:40:00,0.0
2026-07-16 23:41:00,0.0
2026-07-16 23:42:00,0.0
2026-07-16 23:43:00,0.0
2026-07-16 23:44:00,0.0
2026-07-16 23:45:00,0.0
2026-07-16 23:46:00,0.0
2026-07-16 23:47:00,0.0
2026-07-16 23:48:00,0.0
2026-07-16 23:49:00,0.0
2026-07-16 23:50:00,0.0
2026-07-16 23:51:00,0.0
2026-07-16 23:52:00,0.0
2026-07-16 23:53:00,0.0
2026-07-16 23:54:00,0.0
2026-07-16 23:55:00,0.0
2026-07-16 23:56:00,0.0
2026-07-16 23:57:00,0.0
2026-07-16 23:58:00,0.0
2026-07-16 23:59:00,0.0
2026-07-17 00:00:00,0.0
2026-07-17 00:01:00,0.0
2026-07-17 00:02:00,0.0
2026-07-17 00:03:00,0.0
2026-07-17 00:04:00,0.0
2026-07-17 00:05:00,0.0
2026-07-17 00:06:00,0.0
2026-07-17 00:07:00,0.0
2026-07-17 00:08:00,0.0
2026-07-17 00:09:00,0.0
2026-07-17 00:10:00,0.0
2026-07-17 00:11:00,0.0
2026-07-17 00:12:00,0.0
2026-07-17 00:13:00,0.0
2026-07-17 00:14:00,0.0
2026-07-17 00:15:00,0.0
2026-07-17 00:16:00,0.0
2026-07-17 00:17:00,0.0
2026-07-17 00:18:00,0.0
2026-07-17 00:19:00,0.0
2026-07-17 00:20:00,0.0
2026-07-17 00:21:00,0.0
2026-07-17 00:22:00,0.0
2026-07-17 00:23:00,0.0
2026-07-17 00:24:00,0.0
2026-07-17 00:25:00,0.0
2026-07-17 00:26:00,0.0
2026-07-17 00:27:00,0.0
2026-07-17 00:28:00,0.0
2026-07-17 00:29:00,0.0
2026-07-17 00:30:00,0.0
2026-07-17 00:31:00,0.0
2026-07-17 00:32:00,0.0
2026-07-17 00:33:00,0.0
2026-07-17 00:34:00,0.0
2026-07-17 00:35:00,0.0
2026-07-17 00:36:00,0.0
2026-07-17 00:37:00,0.0
2026-07-17 00:38:00,0.0
2026-07-17 00:39:00,0.0
2026-07-17 00:40:00,0.0
2026-07-17 00:41:00,0.0
2026-07-17 00:42:00,0.0
2026-07-17 00:43:00,0.0
2026-07-17 00:44:00,0.0
2026-07-17 00:45:00,0.0
2026-07-17 00:46:00,0.0
2026-07-17 00:47:00,0.0
2026-07-17 00:48:00,0.0
2026-07-17 00:49:00,0.0
2026-07-17 00:50:00,0.0
2026-07-17 00:51:00,0.0
2026-07-17 00:52:00,0.0
2026-07-17 00:53:00,0.0
2026-07-17 00:54:00,0.0
2026-07-17 00:55:00,0.0
2026-07-17 00:56:00,0.0
2026-07-17 00:57:00,0.0
2026-07-17 00:58:00,0.0
2026-07-17 00:59:00,0.0
2026-07-17 01:00:00,0.0
2026-07-17 01:01:00,0.0
2026-07-17 01:02:00,0.0
2026-07-17 01:03:00,0.0
2026-07-17 01:04:00,0.0
2026-07-17 01:05:00,0.0
2026-07-17 01:06:00,0.0
2026-07-17 01:07:00,0.0
2026-07-17 01:08:00,0.0
2026-07-17 01:09:00,0.0
2026-07-17 01:10:00,0.0
2026-07-17 01:11:00,0.0
2026-07-17 01:12:00,0.0
2026-07-17 01:13:00,0.0
2026-07-17 01:14:00,0.0
2026-07-17 01:15:00,0.0
2026-07-17 01:16:00,0.0
2026-07-17 01:17:00,0.0
2026-07-17 01:18:00,0.0
2026-07-17 01:19:00,0.0
2026-07-17 01:20:00,0.0
2026-07-17 01:21:00,0.0
2026-07-17 01:22:00,0.0
2026-07-17 01:23:00,0.0
2026-07-17 01:24:00,0.0
2026-07-17 01:25:00,0.0
2026-07-17 01:26:00,0.0
2026-07-17 01:27:00,0.0
2026-07-17 01:28:00,0.0
2026-07-17 01:29:00,0.0
2026-07-17 01:30:00,0.0
2026-07-17 01:31:00,0.0
2026-07-17 01:32:00,0.0
2026-07-17 01:33:00,0.0
2026-07-17 01:34:00,0.0
2026-07-17 01:35:00,0.0
2026-07-17 01:36:00,0.0
2026-07-17 01:37:00,0.0
2026-07-17 01:38:00,0.0
2026-07-17 01:39:00,0.0
2026-07-17 01:40:00,0.0
2026-07-17 01:41:00,0.0
2026-07-17 01:42:00,0.0
2026-07-17 01:43:00,0.0
2026-07-17 01:44:00,0.0
2026-07-17 01:45:00,0.0
2026-07-17 01:46:00,0.0
2026-07-17 01:47:00,0.0
2026-07-17 01:48:00,0.0
2026-07-17 01:49:00,0.0
2026-07-17 01:50:00,0.0
2026-07-17 01:51:00,0.0
2026-07-17 01:52:00,0.0
2026-07-17 01:53:00,0.0
2026-07-17 01:54:00,0.0
2026-07-17 01:55:00,0.0
2026-07-17 01:56:00,0.0
2026-07-17 01:57:00,0.0
2026-07-17 01:58:00,0.0
2026-07-17 01:59:00,0.0
2026-07-17 02:00:00,0.0
2026-07-17 02:01:00,0.0
2026-07-17 02:02:00,0.0
2026-07-17 02:03:00,0.0
2026-07-17 02:04:00,0.0
2026-07-17 02:05:00,0.0
2026-07-17 02:06:00,0.0
2026-07-17 02:07:00,0.0
2026-07-17 02:08:00,0.0
2026-07-17 02:09:00,0.0
2026-07-17 02:10:00,0.0
2026-07-17 02:11:00,0.0
2026-07-17 02:12:00,0.0
2026-07-17 02:13:00,0.0
2026-07-17 02:14:00,0.0
2026-07-17 02:15:00,0.0
2026-07-17 02:16:00,0.0
2026-07-17 02:17:00,0.0
2026-07-17 02:18:00,0.0
2026-07-17 02:19:00,0.0
2026-07-17 02:20:00,0.0
2026-07-17 02:21:00,0.0
2026-07-17 02:22:00,0.0
2026-07-17 02:23:00,0.0
2026-07-17 02:24:00,0.0
2026-07-17 02:25:00,0.0
2026-07-17 02:26:00,0.0
2026-07-17 02:27:00,0.0
2026-07-17 02:28:00,0.0
2026-07-17 02:29:00,0.0
2026-07-17 02:30:00,0.0
2026-07-17 02:31:00,0.0
2026-07-17 02:32:00,0.0
2026-07-17 02:33:00,0.0
2026-07-17 02:34:00,0.0
2026-07-17 02:35:00,0.0
2026-07-17 02:36:00,0.0
2026-07-17 02:37:00,0.0
2026-07-17 02:38:00,0.0
2026-07-17 02:39:00,0.0
2026-07-17 02:40:00,0.0
2026-07-17 02:41:00,0.0
2026-07-17 02:42:00,0.0
2026-07-17 02:43:00,0.0
2026-07-17 02:44:00,0.0
2026-07-17 02:45:00,0.0
2026-07-17 02:46:00,0.0
2026-07-17 02:47:00,0.0
2026-07-17 02:48:00,0.0
2026-07-17 02:49:00,0.0
2026-07-17 02:50:00,0.0
2026-07-17 02:51:00,0.0
2026-07-17 02:52:00,0.0
2026-07-17 02:53:00,0.0
2026-07-17 02:54:00,0.0
2026-07-17 02:55:00,0.0
2026-07-17 02:56:00,0.0
2026-07-17 02:57:00,0.0
2026-07-17 02:58:00,0.0
2026-07-17 02:59:00,0.0
2026-07-17 03:00:00,0.0
2026-07-17 03:01:00,0.0
2026-07-17 03:02:00,0.0
2026-07-17 03:03:00,0.0
2026-07-17 03:04:00,0.0
2026-07-17 03:05:00,0.0
2026-07-17 03:06:00,0.0
2026-07-17 03:07:00,0.0
2026-07-17 03:08:00,0.0
2026-07-17 03:09:00,0.0
2026-07-17 03:10:00,0.0
2026-07-17 03:11:00,0.0
2026-07-17 03:12:00,0.0
2026-07-17 03:13:00,0.0
2026-07-17 03:14:00,0.0
2026-07-17 03:15:00,0.0
2026-07-17 03:16:00,0.0
2026-07-17 03:17:00,0.0
2026-07-17 03:18:00,0.0
2026-07-17 03:19:00,0.0
2026-07-17 03:20:00,0.0
2026-07-17 03:21:00,0.0
2026-07-17 03:22:00,0.0
2026-07-17 03:23:00,0.0
2026-07-17 03:24:00,0.0
2026-07-17 03:25:00,0.0
2026-07-17 03:26:00,0.0
2026-07-17 03:27:00,0.0
2026-07-17 03:28:00,0.0
2026-07-17 03:29:00,0.0
2026-07-17 03:30:00,0.0
2026-07-17 03:31:00,0.0
2026-07-17 03:32:00,0.0
2026-07-17 03:33:00,0.0
2026-07-17 03:34:00,0.0
2026-07-17 03:35:00,0.0
2026-07-17 03:36:00,0.0
2026-07-17 03:37:00,0.0
2026-07-17 03:38:00,0.0
2026-07-17 03:39:00,0.0
2026-07-17 03:40:00,0.0
2026-07-17 03:41:00,0.0
2026-07-17 03:42:00,0.0
2026-07-17 03:43:00,0.0
2026-07-17 03:44:00,0.0
2026-07-17 03:45:00,0.0
2026-07-17 03:46:00,0.0
2026-07-17 03:47:00,0.0
2026-07-17 03:48:00,0.0
2026-07-17 03:49:00,0.0
2026-07-17 03:50:00,0.0
2026-07-17 03:51:00,0.0
2026-07-17 03:52:00,0.0
2026-07-17 03:53:00,0.0
2026-07-17 03:54:00,0.0
2026-07-17 03:55:00,0.0
2026-07-17 03:56:00,0.0
2026-07-17 03:57:00,0.0
2026-07-17 03:58:00,0.0
2026-07-17 03:59:00,0.0
2026-07-17 04:00:00,0.0
2026-07-17 04:01:00,0.0
2026-07-17 04:02:00,0.0
2026-07-17 04:03:00,0.0
2026-07-17 04:04:00,0.0
2026-07-17 04:05:00,0.0
2026-07-17 04:06:00,0.0
2026-07-17 04:07:00,0.0
2026-07-17 04:08:00,0.0
2026-07-17 04:09:00,0.0
2026-07-17 04:10:00,0.0
2026-07-17 04:11:00,0.0
2026-07-17 04:12:00,0.0
2026-07-17 04:13:00,0.0
2026-07-17 04:14:00,0.0
2026-07-17 04:15:00,0.0
2026-07-17 04:16:00,0.0
2026-07-17 04:17:00,0.0
2026-07-17 04:18:00,0.0
2026-07-17 04:19:00,0.0
2026-07-17 04:20:00,0.0
2026-07-17 04:21:00,0.0
2026-07-17 04:22:00,0.0
2026-07-17 04:23:00,0.0
2026-07-17 04:24:00,0.0
2026-07-17 04:25:00,0.0
2026-07-17 04:26:00,0.0
2026-07-17 04:27:00,0.0
2026-07-17 04:28:00,0.0
2026-07-17 04:29:00,0.0
2026-07-17 04:30:00,0.0
2026-07-17 04:31:00,0.0
2026-07-17 04:32:00,0.0
2026-07-17 04:33:00,0.0
2026-07-17 04:34:00,0.0
2026-07-17 04:35:00,0.0
2026-07-17 04:36:00,0.0
2026-07-17 04:37:00,0.0
2026-07-17 04:38:00,0.0
2026-07-17 04:39:00,0.0
2026-07-17 04:40:00,0.0
2026-07-17 04:41:00,0.0
2026-07-17 04:42:00,0.0
2026-07-17 04:43:00,0.0
2026-07-17 04:44:00,0.0
2026-07-17 04:45:00,0.0
2026-07-17 04:46:00,0.0
2026-07-17 04:47:00,0.0
2026-07-17 04:48:00,0.0
2026-07-17 04:49:00,0.0
2026-07-17 04:50:00,0.0
2026-07-17 04:51:00,0.0
2026-07-17 04:52:00,0.0
2026-07-17 04:53:00,0.0
2026-07-17 04:54:00,0.0
2026-07-17 04:55:00,0.0
2026-07-17 04:56:00,0.0
2026-07-17 04:57:00,0.0
2026-07-17 04:58:00,0.0
2026-07-17 04:59:00,0.0
2026-07-17 05:00:00,0.0
2026-07-17 05:01:00,0.0
2026-07-17 05:02:00,0.0
2026-07-17 05:03:00,0.0
2026-07-17 05:04:00,0.0
2026-07-17 05:05:00,0.0
2026-07-17 05:06:00,0.0
2026-07-17 05:07:00,0.0
2026-07-17 05:08:00,0.0
2026-07-17 05:09:00,0.0
2026-07-17 05:10:00,0.0
2026-07-17 05:11:00,0.0
2026-07-17 05:12:00,0.0
2026-07-17 05:13:00,0.0
2026-07-17 05:14:00,0.0
2026-07-17 05:15:00,0.0
2026-07-17 05:16:00,0.0
2026-07-17 05:17:00,0.0
2026-07-17 05:18:00,0.0
2026-07-17 05:19:00,0.0
2026-07-17 05:20:00,0.0
2026-07-17 05:21:00,0.0
2026-07-17 05:22:00,0.0
2026-07-17 05:23:00,0.0
2026-07-17 05:24:00,0.0
2026-07-17 05:25:00,0.0
2026-07-17 05:26:00,0.0
2026-07-17 05:27:00,0.0
2026-07-17 05:28:00,0.0
2026-07-17 05:29:00,0.0
2026-07-17 05:30:00,0.0
2026-07-17 05:31:00,0.0
2026-07-17 05:32:00,0.0
2026-07-17 05:33:00,0.0
2026-07-17 05:34:00,0.0
2026-07-17 05:35:00,0.0
2026-07-17 05:36:00,0.0
2026-07-17 05:37:00,0.0
2026-07-17 05:38:00,0.0
2026-07-17 05:39:00,0.0
2026-07-17 05:40:00,0.0
2026-07-17 05:41:00,0.0
2026-07-17 05:42:00,0.0
2026-07-17 05:43:00,0.0
2026-07-17 05:44:00,0.0
2026-07-17 05:45:00,0.0
2026-07-17 05:46:00,0.0
2026-07-17 05:47:00,0.0
2026-07-17 05:48:00,0.0
2026-07-17 05:49:00,0.0
2026-07-17 05:50:00,0.0
2026-07-17 05:51:00,0.0
2026-07-17 05:52:00,0.0
2026-07-17 05:53:00,0.0
2026-07-17 05:54:00,0.0
2026-07-17 05:55:00,0.0
2026-07-17 05:56:00,0.0
2026-07-17 05:57:00,0.0
2026-07-17 05:58:00,0.0
2026-07-17 05:59:00,0.0
2026-07-17 06:00:00,0.0
2026-07-17 06:01:00,0.0
2026-07-17 06:02:00,6.0
2026-07-17 06:03:00,34.0
2026-07-17 06:04:00,57.0
2026-07-17 06:05:00,86.0
2026-07-17 06:06:00,115.0
2026-07-17 06:07:00,146.0
2026-07-17 06:08:00,185.0
2026-07-17 06:09:00,231.0
2026-07-17 06:10:00,281.0
2026-07-17 06:11:00,331.0
2026-07-17 06:12:00,378.0
2026-07-17 06:13:00,432.0
2026-07-17 06:14:00,482.0
2026-07-17 06:15:00,535.0
2026-07-17 06:16:00,584.0
2026-07-17 06:17:00,627.0
2026-07-17 06:18:00,672.0
2026-07-17 06:19:00,717.0
2026-07-17 06:20:00,758.0
2026-07-17 06:21:00,788.0
2026-07-17 06:22:00,803.0
2026-07-17 06:23:00,799.0
2026-07-17 06:24:00,808.0
2026-07-17 06:25:00,864.0
2026-07-17 06:26:00,940.0
2026-07-17 06:27:00,1007.0
2026-07-17 06:28:00,1065.0
2026-07-17 06:29:00,1124.0
2026-07-17 06:30:00,1180.0
2026-07-17 06:31:00,1227.0
2026-07-17 06:32:00,1280.0
2026-07-17 06:33:00,1329.0
2026-07-17 06:34:00,1388.0
2026-07-17 06:35:00,1444.0
2026-07-17 06:36:00,1494.0
2026-07-17 06:37:00,1536.0
2026-07-17 06:38:00,1550.0
2026-07-17 06:39:00,1551.0
2026-07-17 06:40:00,1553.0
2026-07-17 06:41:00,1571.0
2026-07-17 06:42:00,1607.0
2026-07-17 06:43:00,1649.0
2026-07-17 06:44:00,1702.0
2026-07-17 06:45:00,1760.0
2026-07-17 06:46:00,1840.0
2026-07-17 06:47:00,1940.0
2026-07-17 06:48:00,2052.0
2026-07-17 06:49:00,2185.0
2026-07-17 06:50:00,2348.0
2026-07-17 06:51:00,2522.0
2026-07-17 06:52:00,2718.0
2026-07-17 06:53:00,2923.0
2026-07-17 06:54:00,3131.0
2026-07-17 06:55:00,3329.0
2026-07-17 06:56:00,3521.0
2026-07-17 06:57:00,3718.0
2026-07-17 06:58:00,3909.0
2026-07-17 06:59:00,4090.0
2026-07-17 07:00:00,4248.0
2026-07-17 07:01:00,4401.0
2026-07-17 07:02:00,4536.0
2026-07-17 07:03:00,4666.0
2026-07-17 07:04:00,4780.0
2026-07-17 07:05:00,4899.0
2026-07-17 07:06:00,5022.0
2026-07-17 07:07:00,5139.0
2026-07-17 07:08:00,5252.0
2026-07-17 07:09:00,5386.0
2026-07-17 07:10:00,5510.0
2026-07-17 07:11:00,5654.0
2026-07-17 07:12:00,5797.0
2026-07-17 07:13:00,5932.0
2026-07-17 07:14:00,6072.0
2026-07-17 07:15:00,6209.0
2026-07-17 07:16:00,6351.0
2026-07-17 07:17:00,6507.0
2026-07-17 07:18:00,6658.0
2026-07-17 07:19:00,6794.0
2026-07-17 07:20:00,6938.0
2026-07-17 07:21:00,7079.0
2026-07-17 07:22:00,7221.0
2026-07-17 07:23:00,7365.0
2026-07-17 07:24:00,7505.0
2026-07-17 07:25:00,7677.0
2026-07-17 07:26:00,7846.0
2026-07-17 07:27:00,8010.0
2026-07-17 07:28:00,8177.0
2026-07-17 07:29:00,8346.0
2026-07-17 07:30:00,8503.0
2026-07-17 07:31:00,8657.0
2026-07-17 07:32:00,8825.0
2026-07-17 07:33:00,8970.0
2026-07-17 07:34:00,9119.0
2026-07-17 07:35:00,9290.0
2026-07-17 07:36:00,9452.0
2026-07-17 07:37:00,9634.0
2026-07-17 07:38:00,9808.0
2026-07-17 07:39:00,10006.0
2026-07-17 07:40:00,10193.0
2026-07-17 07:41:00,10354.0
2026-07-17 07:42:00,10552.0
2026-07-17 07:43:00,10741.0
2026-07-17 07:44:00,10927.0
2026-07-17 07:45:00,11134.0
2026-07-17 07:46:00,11316.0
2026-07-17 07:47:00,11557.0
2026-07-17 07:48:00,11778.0
2026-07-17 07:49:00,11977.0
2026-07-17 07:50:00,12212.0
2026-07-17 07:51:00,12411.0
2026-07-17 07:52:00,12609.0
2026-07-17 07:53:00,12783.0
2026-07-17 07:54:00,12930.0
2026-07-17 07:55:00,13135.0
2026-07-17 07:56:00,13364.0
2026-07-17 07:57:00,13544.0
2026-07-17 07:58:00,13730.0
2026-07-17 07:59:00,13966.0
2026-07-17 08:00:00,14182.0
2026-07-17 08:01:00,14415.0
2026-07-17 08:02:00,14674.0
2026-07-17 08:03:00,14833.0
2026-07-17 08:04:00,15070.0
2026-07-17 08:05:00,15282.0
2026-07-17 08:06:00,15500.0
2026-07-17 08:07:00,15726.0
2026-07-17 08:08:00,15921.0
2026-07-17 08:09:00,16151.0
2026-07-17 08:10:00,16401.0
2026-07-17 08:11:00,16603.0
2026-07-17 08:12:00,16795.0
2026-07-17 08:13:00,16988.0
2026-07-17 08:14:00,17206.0
2026-07-17 08:15:00,17426.0
2026-07-17 08:16:00,17654.0
2026-07-17 08:17:00,17918.0
2026-07-17 08:18:00,18137.0
2026-07-17 08:19:00,18383.0
2026-07-17 08:20:00,18617.0
2026-07-17 08:21:00,18869.0
2026-07-17 08:22:00,19077.0
2026-07-17 08:23:00,19252.0
2026-07-17 08:24:00,19440.0
2026-07-17 08:25:00,19744.0
2026-07-17 08:26:00,19931.0
2026-07-17 08:27:00,20058.0
2026-07-17 08:28:00,20248.0
2026-07-17 08:29:00,20500.0
2026-07-17 08:30:00,20836.0
2026-07-17 08:31:00,21057.0
2026-07-17 08:32:00,21280.0
2026-07-17 08:33:00,21543.0
2026-07-17 08:34:00,21786.0
2026-07-17 08:35:00,22037.0
2026-07-17 08:36:00,22228.0
2026-07-17 08:37:00,22468.0
2026-07-17 08:38:00,22684.0
2026-07-17 08:39:00,22892.0
2026-07-17 08:40:00,23113.0
2026-07-17 08:41:00,23261.0
2026-07-17 08:42:00,23473.0
2026-07-17 08:43:00,23797.0
2026-07-17 08:44:00,23998.0
2026-07-17 08:45:00,24145.0
2026-07-17 08:46:00,24404.0
2026-07-17 08:47:00,24655.0
2026-07-17 08:48:00,24844.0
2026-07-17 08:49:00,25074.0
2026-07-17 08:50:00,25386.0
2026-07-17 08:51:00,25654.0
2026-07-17 08:52:00,25875.0
2026-07-17 08:53:00,26042.0
2026-07-17 08:54:00,26309.0
2026-07-17 08:55:00,26584.0
2026-07-17 08:56:00,26774.0
2026-07-17 08:57:00,26958.0
2026-07-17 08:58:00,27170.0
2026-07-17 08:59:00,27336.0
2026-07-17 09:00:00,27567.0
2026-07-17 09:01:00,27863.0
2026-07-17 09:02:00,28049.0
2026-07-17 09:03:00,28231.0
2026-07-17 09:04:00,28485.0
2026-07-17 09:05:00,28721.0
2026-07-17 09:06:00,28905.0
2026-07-17 09:07:00,29120.0
2026-07-17 09:08:00,29383.0
2026-07-17 09:09:00,29575.0
2026-07-17 09:10:00,29809.0
2026-07-17 09:11:00,29981.0
2026-07-17 09:12:00,30294.0
2026-07-17 09:13:00,30532.0
2026-07-17 09:14:00,30657.0
2026-07-17 09:15:00,30803.0
2026-07-17 09:16:00,31054.0
2026-07-17 09:17:00,31240.0
2026-07-17 09:18:00,31500.0
2026-07-17 09:19:00,31778.0
2026-07-17 09:20:00,31901.0
2026-07-17 09:21:00,32029.0
2026-07-17 09:22:00,32227.0
2026-07-17 09:23:00,30284.0
2026-07-17 09:24:00,30685.0
2026-07-17 09:25:00,31723.0
2026-07-17 09:26:00,29830.0
2026-07-17 09:27:00,30029.0
2026-07-17 09:28:00,29689.0
2026-07-17 09:29:00,30530.0
2026-07-17 09:30:00,30596.0
2026-07-17 09:31:00,31352.0
2026-07-17 09:32:00,30574.0
2026-07-17 09:33:00,32074.0
2026-07-17 09:34:00,33065.0
2026-07-17 09:35:00,31530.0
2026-07-17 09:36:00,30651.0
2026-07-17 09:37:00,32431.0
2026-07-17 09:38:00,30354.0
2026-07-17 09:39:00,29168.0
2026-07-17 09:40:00,31127.0
2026-07-17 09:41:00,32709.0
2026-07-17 09:42:00,32034.0
2026-07-17 09:43:00,33264.0
2026-07-17 09:44:00,33248.0
2026-07-17 09:45:00,33448.0
2026-07-17 09:46:00,32181.0
2026-07-17 09:47:00,33277.0
2026-07-17 09:48:00,32548.0
2026-07-17 09:49:00,32137.0
2026-07-17 09:50:00,33219.0
2026-07-17 09:51:00,31117.0
2026-07-17 09:52:00,32185.0
2026-07-17 09:53:00,32239.0
2026-07-17 09:54:00,33266.0
2026-07-17 09:55:00,33506.0
2026-07-17 09:56:00,32570.0
2026-07-17 09:57:00,32725.0
2026-07-17 09:58:00,34345.0
2026-07-17 09:59:00,32467.0
2026-07-17 10:00:00,35700.0
2026-07-17 10:01:00,33750.0
2026-07-17 10:02:00,32554.0
2026-07-17 10:03:00,32161.0
2026-07-17 10:04:00,32601.0
2026-07-17 10:05:00,30155.0
2026-07-17 10:06:00,29857.0
2026-07-17 10:07:00,30943.0
2026-07-17 10:08:00,29561.0
2026-07-17 10:09:00,30064.0
2026-07-17 10:10:00,29477.0
2026-07-17 10:11:00,28492.0
2026-07-17 10:12:00,31617.0
2026-07-17 10:13:00,34341.0
2026-07-17 10:14:00,30177.0
2026-07-17 10:15:00,30586.0
2026-07-17 10:16:00,29816.0
2026-07-17 10:17:00,31723.0
2026-07-17 10:18:00,29947.0
2026-07-17 10:19:00,32007.0
2026-07-17 10:20:00,31224.0
2026-07-17 10:21:00,30244.0
2026-07-17 10:22:00,30578.0
2026-07-17 10:23:00,29678.0
2026-07-17 10:24:00,28471.0
2026-07-17 10:25:00,29817.0
2026-07-17 10:26:00,29061.0
2026-07-17 10:27:00,32528.0
2026-07-17 10:28:00,30797.0
2026-07-17 10:29:00,30208.0
2026-07-17 10:30:00,30715.0
2026-07-17 10:31:00,32460.0
2026-07-17 10:32:00,31953.0
2026-07-17 10:33:00,31270.0
2026-07-17 10:34:00,29916.0
2026-07-17 10:35:00,31220.0
2026-07-17 10:36:00,33912.0
2026-07-17 10:37:00,30558.0
2026-07-17 10:38:00,32244.0
2026-07-17 10:39:00,30243.0
2026-07-17 10:40:00,31538.0
2026-07-17 10:41:00,32379.0
2026-07-17 10:42:00,31594.0
2026-07-17 10:43:00,32619.0
2026-07-17 10:44:00,32988.0
2026-07-17 10:45:00,30315.0
2026-07-17 10:46:00,29694.0
2026-07-17 10:47:00,30083.0
2026-07-17 10:48:00,31931.0
2026-07-17 10:49:00,35288.0
2026-07-17 10:50:00,35290.0
2026-07-17 10:51:00,35731.0
2026-07-17 10:52:00,33766.0
2026-07-17 10:53:00,32586.0
2026-07-17 10:54:00,34857.0
2026-07-17 10:55:00,35884.0
2026-07-17 10:56:00,34699.0
2026-07-17 10:57:00,34412.0
2026-07-17 10:58:00,34958.0
2026-07-17 10:59:00,32759.0
2026-07-17 11:00:00,34339.0
2026-07-17 11:01:00,33034.0
2026-07-17 11:02:00,34671.0
2026-07-17 11:03:00,32283.0
2026-07-17 11:04:00,34552.0
2026-07-17 11:05:00,36013.0
2026-07-17 11:06:00,38739.0
2026-07-17 11:07:00,37557.0
2026-07-17 11:08:00,39794.0
2026-07-17 11:09:00,36969.0
2026-07-17 11:10:00,34027.0
2026-07-17 11:11:00,34931.0
2026-07-17 11:12:00,35586.0
2026-07-17 11:13:00,36313.0
2026-07-17 11:14:00,40541.0
2026-07-17 11:15:00,40307.0
2026-07-17 11:16:00,38641.0
2026-07-17 11:17:00,38812.0
2026-07-17 11:18:00,38894.0
2026-07-17 11:19:00,40059.0
2026-07-17 11:20:00,39395.0
2026-07-17 11:21:00,38000.0
2026-07-17 11:22:00,38220.0
2026-07-17 11:23:00,38302.0
2026-07-17 11:24:00,39545.0
2026-07-17 11:25:00,41038.0
2026-07-17 11:26:00,38848.0
2026-07-17 11:27:00,39307.0
2026-07-17 11:28:00,38207.0
2026-07-17 11:29:00,36083.0
2026-07-17 11:30:00,37054.0
2026-07-17 11:31:00,37251.0
2026-07-17 11:32:00,39305.0
2026-07-17 11:33:00,39629.0
2026-07-17 11:34:00,38797.0
2026-07-17 11:35:00,39652.0
2026-07-17 11:36:00,38466.0
2026-07-17 11:37:00,38126.0
2026-07-17 11:38:00,37840.0
2026-07-17 11:39:00,35864.0
2026-07-17 11:40:00,35385.0
2026-07-17 11:41:00,36820.0
2026-07-17 11:42:00,38238.0
2026-07-17 11:43:00,36682.0
2026-07-17 11:44:00,37922.0
2026-07-17 11:45:00,40425.0
2026-07-17 11:46:00,38935.0
2026-07-17 11:47:00,37247.0
2026-07-17 11:48:00,37149.0
2026-07-17 11:49:00,38209.0
2026-07-17 11:50:00,37895.0
2026-07-17 11:51:00,38646.0
2026-07-17 11:52:00,36685.0
2026-07-17 11:53:00,38488.0
2026-07-17 11:54:00,39161.0
2026-07-17 11:55:00,39710.0
2026-07-17 11:56:00,37578.0
2026-07-17 11:57:00,36679.0
2026-07-17 11:58:00,40475.0
2026-07-17 11:59:00,38601.0
2026-07-17 12:00:00,38511.0
2026-07-17 12:01:00,38608.0
2026-07-17 12:02:00,36547.0
2026-07-17 12:03:00,35880.0
2026-07-17 12:04:00,37651.0
2026-07-17 12:05:00,38935.0
2026-07-17 12:06:00,37647.0
2026-07-17 12:07:00,38915.0
2026-07-17 12:08:00,40793.0
2026-07-17 12:09:00,37926.0
2026-07-17 12:10:00,37720.0
2026-07-17 12:11:00,37849.0
2026-07-17 12:12:00,38166.0
2026-07-17 12:13:00,36937.0
2026-07-17 12:14:00,36272.0
2026-07-17 12:15:00,36641.0
2026-07-17 12:16:00,38181.0
2026-07-17 12:17:00,40302.0
2026-07-17 12:18:00,39082.0
2026-07-17 12:19:00,40037.0
2026-07-17 12:20:00,35561.0
2026-07-17 12:21:00,36662.0
2026-07-17 12:22:00,38628.0
2026-07-17 12:23:00,37389.0
2026-07-17 12:24:00,39980.0
2026-07-17 12:25:00,39277.0
2026-07-17 12:26:00,39774.0
2026-07-17 12:27:00,37687.0
2026-07-17 12:28:00,37301.0
2026-07-17 12:29:00,35820.0
2026-07-17 12:30:00,37905.0
2026-07-17 12:31:00,37140.0
2026-07-17 12:32:00,38597.0
2026-07-17 12:33:00,38408.0
2026-07-17 12:34:00,39704.0
2026-07-17 12:35:00,37032.0
2026-07-17 12:36:00,38048.0
2026-07-17 12:37:00,36616.0
2026-07-17 12:38:00,35245.0
2026-07-17 12:39:00,35281.0
2026-07-17 12:40:00,36764.0
2026-07-17 12:41:00,38956.0
2026-07-17 12:42:00,41148.0
2026-07-17 12:43:00,39142.0
2026-07-17 12:44:00,39187.0
2026-07-17 12:45:00,38664.0
2026-07-17 12:46:00,35944.0
2026-07-17 12:47:00,37372.0
2026-07-17 12:48:00,38849.0
2026-07-17 12:49:00,38140.0
2026-07-17 12:50:00,37945.0
2026-07-17 12:51:00,38412.0
2026-07-17 12:52:00,35264.0
2026-07-17 12:53:00,35566.0
2026-07-17 12:54:00,36067.0
2026-07-17 12:55:00,34637.0
2026-07-17 12:56:00,37281.0
2026-07-17 12:57:00,36423.0
2026-07-17 12:58:00,36511.0
2026-07-17 12:59:00,36079.0
2026-07-17 13:00:00,33247.0
2026-07-17 13:01:00,32125.0
2026-07-17 13:02:00,33751.0
2026-07-17 13:03:00,35450.0
2026-07-17 13:04:00,36219.0
2026-07-17 13:05:00,35851.0
2026-07-17 13:06:00,35378.0
2026-07-17 13:07:00,35110.0
2026-07-17 13:08:00,33716.0
2026-07-17 13:09:00,35463.0
2026-07-17 13:10:00,35720.0
2026-07-17 13:11:00,35212.0
2026-07-17 13:12:00,34682.0
2026-07-17 13:13:00,36063.0
2026-07-17 13:14:00,35138.0
2026-07-17 13:15:00,35279.0
2026-07-17 13:16:00,32257.0
2026-07-17 13:17:00,32610.0
2026-07-17 13:18:00,34811.0
2026-07-17 13:19:00,34800.0
2026-07-17 13:20:00,36614.0
2026-07-17 13:21:00,34992.0
2026-07-17 13:22:00,35096.0
2026-07-17 13:23:00,36262.0
2026-07-17 13:24:00,34109.0
2026-07-17 13:25:00,34239.0
2026-07-17 13:26:00,34153.0
2026-07-17 13:27:00,34034.0
2026-07-17 13:28:00,35282.0
2026-07-17 13:29:00,36010.0
2026-07-17 13:30:00,39126.0
2026-07-17 13:31:00,36418.0
2026-07-17 13:32:00,35438.0
2026-07-17 13:33:00,35884.0
2026-07-17 13:34:00,34338.0
2026-07-17 13:35:00,33487.0
2026-07-17 13:36:00,34913.0
2026-07-17 13:37:00,35126.0
2026-07-17 13:38:00,34376.0
2026-07-17 13:39:00,34259.0
2026-07-17 13:40:00,33679.0
2026-07-17 13:41:00,34083.0
2026-07-17 13:42:00,33807.0
2026-07-17 13:43:00,35624.0
2026-07-17 13:44:00,36089.0
2026-07-17 13:45:00,34706.0
2026-07-17 13:46:00,34189.0
2026-07-17 13:47:00,35667.0
2026-07-17 13:48:00,33816.0
2026-07-17 13:49:00,34432.0
2026-07-17 13:50:00,34025.0
2026-07-17 13:51:00,33159.0
2026-07-17 13:52:00,35118.0
2026-07-17 13:53:00,35926.0
2026-07-17 13:54:00,34879.0
2026-07-17 13:55:00,36621.0
2026-07-17 13:56:00,36994.0
2026-07-17 13:57:00,33667.0
2026-07-17 13:58:00,35018.0
2026-07-17 13:59:00,34150.0
2026-07-17 14:00:00,36220.0
2026-07-17 14:01:00,35736.0
2026-07-17 14:02:00,39206.0
2026-07-17 14:03:00,35758.0
2026-07-17 14:04:00,37478.0
2026-07-17 14:05:00,39644.0
2026-07-17 14:06:00,36762.0
2026-07-17 14:07:00,35308.0
2026-07-17 14:08:00,33086.0
2026-07-17 14:09:00,35671.0
2026-07-17 14:10:00,36068.0
2026-07-17 14:11:00,36326.0
2026-07-17 14:12:00,36371.0
2026-07-17 14:13:00,37069.0
2026-07-17 14:14:00,35827.0
2026-07-17 14:15:00,33457.0
2026-07-17 14:16:00,35662.0
2026-07-17 14:17:00,35049.0
2026-07-17 14:18:00,33743.0
2026-07-17 14:19:00,34575.0
2026-07-17 14:20:00,33959.0
2026-07-17 14:21:00,35694.0
2026-07-17 14:22:00,35643.0
2026-07-17 14:23:00,34906.0
2026-07-17 14:24:00,33821.0
2026-07-17 14:25:00,35635.0
2026-07-17 14:26:00,35256.0
2026-07-17 14:27:00,34949.0
2026-07-17 14:28:00,35633.0
2026-07-17 14:29:00,34710.0
2026-07-17 14:30:00,33790.0
2026-07-17 14:31:00,35313.0
2026-07-17 14:32:00,35462.0
2026-07-17 14:33:00,37487.0
2026-07-17 14:34:00,37208.0
2026-07-17 14:35:00,36233.0
2026-07-17 14:36:00,33961.0
2026-07-17 14:37:00,33730.0
2026-07-17 14:38:00,35517.0
2026-07-17 14:39:00,37102.0
2026-07-17 14:40:00,39737.0
2026-07-17 14:41:00,39441.0
2026-07-17 14:42:00,37110.0
2026-07-17 14:43:00,34888.0
2026-07-17 14:44:00,33825.0
2026-07-17 14:45:00,34675.0
2026-07-17 14:46:00,34367.0
2026-07-17 14:47:00,36896.0
2026-07-17 14:48:00,37535.0
2026-07-17 14:49:00,39466.0
2026-07-17 14:50:00,40722.0
2026-07-17 14:51:00,38810.0
2026-07-17 14:52:00,38955.0
2026-07-17 14:53:00,37316.0
2026-07-17 14:54:00,34803.0
2026-07-17 14:55:00,34902.0
2026-07-17 14:56:00,37805.0
2026-07-17 14:57:00,38564.0
2026-07-17 14:58:00,36496.0
2026-07-17 14:59:00,35633.0
2026-07-17 15:00:00,35917.0
2026-07-17 15:01:00,37698.0
2026-07-17 15:02:00,38153.0
2026-07-17 15:03:00,36356.0
2026-07-17 15:04:00,36272.0
2026-07-17 15:05:00,34731.0
2026-07-17 15:06:00,36589.0
2026-07-17 15:07:00,36351.0
2026-07-17 15:08:00,38988.0
2026-07-17 15:09:00,39326.0
2026-07-17 15:10:00,36503.0
2026-07-17 15:11:00,37065.0
2026-07-17 15:12:00,37618.0
2026-07-17 15:13:00,36549.0
2026-07-17 15:14:00,37117.0
2026-07-17 15:15:00,35600.0
2026-07-17 15:16:00,38370.0
2026-07-17 15:17:00,37355.0
2026-07-17 15:18:00,35437.0
2026-07-17 15:19:00,36299.0
2026-07-17 15:20:00,36164.0
2026-07-17 15:21:00,38107.0
2026-07-17 15:22:00,36743.0
2026-07-17 15:23:00,37516.0
2026-07-17 15:24:00,37214.0
2026-07-17 15:25:00,36937.0
2026-07-17 15:26:00,36824.0
2026-07-17 15:27:00,37468.0
2026-07-17 15:28:00,35037.0
2026-07-17 15:29:00,36086.0
2026-07-17 15:30:00,38438.0
2026-07-17 15:31:00,37785.0
2026-07-17 15:32:00,36344.0
2026-07-17 15:33:00,35669.0
2026-07-17 15:34:00,33899.0
2026-07-17 15:35:00,33637.0
2026-07-17 15:36:00,34696.0
2026-07-17 15:37:00,34808.0
2026-07-17 15:38:00,38244.0
2026-07-17 15:39:00,39992.0
2026-07-17 15:40:00,38216.0
2026-07-17 15:41:00,37432.0
2026-07-17 15:42:00,38182.0
2026-07-17 15:43:00,35748.0
2026-07-17 15:44:00,35000.0
2026-07-17 15:45:00,37632.0
2026-07-17 15:46:00,35760.0
2026-07-17 15:47:00,36320.0
2026-07-17 15:48:00,36645.0
2026-07-17 15:49:00,36696.0
2026-07-17 15:50:00,37815.0
2026-07-17 15:51:00,37873.0
2026-07-17 15:52:00,37733.0
2026-07-17 15:53:00,37518.0
2026-07-17 15:54:00,37513.0
2026-07-17 15:55:00,37104.0
2026-07-17 15:56:00,37503.0
2026-07-17 15:57:00,37562.0
2026-07-17 15:58:00,37086.0
2026-07-17 15:59:00,37804.0
2026-07-17 16:00:00,35091.0
2026-07-17 16:01:00,36521.0
2026-07-17 16:02:00,36126.0
2026-07-17 16:03:00,35802.0
2026-07-17 16:04:00,35721.0
2026-07-17 16:05:00,35649.0
2026-07-17 16:06:00,35516.0
2026-07-17 16:07:00,35075.0
2026-07-17 16:08:00,34712.0
2026-07-17 16:09:00,34813.0
2026-07-17 16:10:00,34871.0
2026-07-17 16:11:00,34706.0
2026-07-17 16:12:00,34449.0
2026-07-17 16:13:00,34265.0
2026-07-17 16:14:00,34200.0
2026-07-17 16:15:00,34041.0
2026-07-17 16:16:00,33896.0
2026-07-17 16:17:00,33696.0
2026-07-17 16:18:00,33168.0
2026-07-17 16:19:00,32701.0
2026-07-17 16:20:00,32427.0
2026-07-17 16:21:00,32379.0
2026-07-17 16:22:00,32051.0
2026-07-17 16:23:00,29374.0
2026-07-17 16:24:00,27402.0
2026-07-17 16:25:00,28523.0
2026-07-17 16:26:00,31525.0
2026-07-17 16:27:00,31332.0
2026-07-17 16:28:00,30956.0
2026-07-17 16:29:00,30960.0
2026-07-17 16:30:00,31246.0
2026-07-17 16:31:00,31276.0
2026-07-17 16:32:00,30927.0
2026-07-17 16:33:00,30448.0
2026-07-17 16:34:00,30041.0
2026-07-17 16:35:00,29859.0
2026-07-17 16:36:00,29934.0
2026-07-17 16:37:00,30136.0
2026-07-17 16:38:00,30184.0
2026-07-17 16:39:00,30113.0
2026-07-17 16:40:00,29868.0
2026-07-17 16:41:00,29235.0
2026-07-17 16:42:00,28821.0
2026-07-17 16:43:00,28598.0
2026-07-17 16:44:00,28741.0
2026-07-17 16:45:00,28524.0
2026-07-17 16:46:00,28171.0
2026-07-17 16:47:00,27712.0
2026-07-17 16:48:00,27154.0
2026-07-17 16:49:00,26825.0
2026-07-17 16:50:00,26464.0
2026-07-17 16:51:00,26158.0
2026-07-17 16:52:00,25766.0
2026-07-17 16:53:00,25345.0
2026-07-17 16:54:00,24200.0
2026-07-17 16:55:00,23354.0
2026-07-17 16:56:00,21043.0
2026-07-17 16:57:00,20574.0
2026-07-17 16:58:00,21836.0
2026-07-17 16:59:00,24135.0
2026-07-17 17:00:00,23549.0
2026-07-17 17:01:00,23310.0
2026-07-17 17:02:00,23110.0
2026-07-17 17:03:00,22534.0
2026-07-17 17:04:00,22465.0
2026-07-17 17:05:00,22695.0
2026-07-17 17:06:00,22916.0
2026-07-17 17:07:00,22754.0
2026-07-17 17:08:00,22436.0
2026-07-17 17:09:00,22052.0
2026-07-17 17:10:00,21581.0
2026-07-17 17:11:00,21150.0
2026-07-17 17:12:00,21039.0
2026-07-17 17:13:00,20940.0
2026-07-17 17:14:00,20810.0
2026-07-17 17:15:00,20658.0
2026-07-17 17:16:00,20521.0
2026-07-17 17:17:00,20414.0
2026-07-17 17:18:00,20206.0
2026-07-17 17:19:00,19962.0
2026-07-17 17:20:00,19720.0
2026-07-17 17:21:00,19471.0
2026-07-17 17:22:00,19254.0
2026-07-17 17:23:00,19160.0
2026-07-17 17:24:00,19008.0
2026-07-17 17:25:00,18716.0
2026-07-17 17:26:00,18387.0
2026-07-17 17:27:00,18144.0
2026-07-17 17:28:00,17918.0
2026-07-17 17:29:00,17777.0
2026-07-17 17:30:00,17709.0
2026-07-17 17:31:00,17536.0
2026-07-17 17:32:00,17405.0
2026-07-17 17:33:00,17376.0
2026-07-17 17:34:00,17160.0
2026-07-17 17:35:00,16716.0
2026-07-17 17:36:00,16234.0
2026-07-17 17:37:00,15572.0
2026-07-17 17:38:00,14672.0
2026-07-17 17:39:00,14190.0
2026-07-17 17:40:00,14815.0
2026-07-17 17:41:00,14898.0
2026-07-17 17:42:00,14796.0
2026-07-17 17:43:00,14326.0
2026-07-17 17:44:00,12698.0
2026-07-17 17:45:00,11024.0
2026-07-17 17:46:00,10839.0
2026-07-17 17:47:00,12484.0
2026-07-17 17:48:00,13823.0
2026-07-17 17:49:00,14009.0
2026-07-17 17:50:00,13699.0
2026-07-17 17:51:00,13292.0
2026-07-17 17:52:00,12969.0
2026-07-17 17:53:00,12752.0
2026-07-17 17:54:00,12591.0
2026-07-17 17:55:00,12428.0
2026-07-17 17:56:00,12247.0
2026-07-17 17:57:00,11990.0
2026-07-17 17:58:00,11705.0
2026-07-17 17:59:00,11483.0
2026-07-17 18:00:00,11331.0
2026-07-17 18:01:00,11206.0
2026-07-17 18:02:00,11085.0
2026-07-17 18:03:00,10918.0
2026-07-17 18:04:00,10725.0
2026-07-17 18:05:00,10509.0
2026-07-17 18:06:00,10308.0
2026-07-17 18:07:00,10098.0
2026-07-17 18:08:00,9885.0
2026-07-17 18:09:00,9671.0
2026-07-17 18:10:00,9464.0
2026-07-17 18:11:00,9252.0
2026-07-17 18:12:00,9039.0
2026-07-17 18:13:00,8915.0
2026-07-17 18:14:00,8832.0
2026-07-17 18:15:00,8725.0
2026-07-17 18:16:00,8573.0
2026-07-17 18:17:00,8392.0
2026-07-17 18:18:00,8206.0
2026-07-17 18:19:00,8031.0
2026-07-17 18:20:00,7881.0
2026-07-17 18:21:00,7732.0
2026-07-17 18:22:00,7598.0
2026-07-17 18:23:00,7470.0
2026-07-17 18:24:00,7282.0
2026-07-17 18:25:00,6986.0
2026-07-17 18:26:00,6263.0
2026-07-17 18:27:00,6256.0
2026-07-17 18:28:00,6434.0
2026-07-17 18:29:00,6457.0
2026-07-17 18:30:00,6352.0
2026-07-17 18:31:00,6234.0
2026-07-17 18:32:00,6107.0
2026-07-17 18:33:00,5977.0
2026-07-17 18:34:00,5834.0
2026-07-17 18:35:00,5678.0
2026-07-17 18:36:00,5540.0
2026-07-17 18:37:00,5433.0
2026-07-17 18:38:00,5324.0
2026-07-17 18:39:00,5209.0
2026-07-17 18:40:00,5085.0
2026-07-17 18:41:00,4967.0
2026-07-17 18:42:00,4844.0
2026-07-17 18:43:00,4732.0
2026-07-17 18:44:00,4612.0
2026-07-17 18:45:00,4493.0
2026-07-17 18:46:00,4371.0
2026-07-17 18:47:00,4267.0
2026-07-17 18:48:00,4166.0
2026-07-17 18:49:00,4063.0
2026-07-17 18:50:00,3959.0
2026-07-17 18:51:00,3835.0
2026-07-17 18:52:00,3715.0
2026-07-17 18:53:00,3598.0
2026-07-17 18:54:00,3497.0
2026-07-17 18:55:00,3397.0
2026-07-17 18:56:00,3299.0
2026-07-17 18:57:00,3199.0
2026-07-17 18:58:00,3099.0
2026-07-17 18:59:00,3002.0
2026-07-17 19:00:00,2909.0
2026-07-17 19:01:00,2817.0
2026-07-17 19:02:00,2718.0
2026-07-17 19:03:00,2621.0
2026-07-17 19:04:00,2524.0
2026-07-17 19:05:00,2429.0
2026-07-17 19:06:00,2337.0
2026-07-17 19:07:00,2249.0
2026-07-17 19:08:00,2158.0
2026-07-17 19:09:00,2068.0
2026-07-17 19:10:00,1977.0
2026-07-17 19:11:00,1887.0
2026-07-17 19:12:00,1805.0
2026-07-17 19:13:00,1720.0
2026-07-17 19:14:00,1641.0
2026-07-17 19:15:00,1562.0
2026-07-17 19:16:00,1488.0
2026-07-17 19:17:00,1416.0
2026-07-17 19:18:00,1343.0
2026-07-17 19:19:00,1277.0
2026-07-17 19:20:00,1205.0
2026-07-17 19:21:00,1137.0
2026-07-17 19:22:00,1067.0
2026-07-17 19:23:00,997.0
2026-07-17 19:24:00,926.0
2026-07-17 19:25:00,863.0
2026-07-17 19:26:00,802.0
2026-07-17 19:27:00,738.0
2026-07-17 19:28:00,682.0
2026-07-17 19:29:00,638.0
2026-07-17 19:30:00,583.0
2026-07-17 19:31:00,532.0
2026-07-17 19:32:00,482.0
2026-07-17 19:33:00,439.0
2026-07-17 19:34:00,389.0
2026-07-17 19:35:00,346.0
2026-07-17 19:36:00,301.0
2026-07-17 19:37:00,263.0
2026-07-17 19:38:00,232.0
2026-07-17 19:39:00,198.0
2026-07-17 19:40:00,163.0
2026-07-17 19:41:00,132.0
2026-07-17 19:42:00,107.0
2026-07-17 19:43:00,85.0
2026-07-17 19:44:00,60.0
2026-07-17 19:45:00,40.0
2026-07-17 19:46:00,24.0
2026-07-17 19:47:00,6.0
2026-07-17 19:48:00,0.0
2026-07-17 19:49:00,0.0
2026-07-17 19:50:00,0.0
2026-07-17 19:51:00,0.0
2026-07-17 19:52:00,0.0
2026-07-17 19:53:00,0.0
2026-07-17 19:54:00,0.0
2026-07-17 19:55:00,0.0
2026-07-17 19:56:00,0.0
2026-07-17 19:57:00,0.0
2026-07-17 19:58:00,0.0
2026-07-17 19:59:00,0.0
2026-07-17 20:00:00,0.0
2026-07-17 20:01:00,0.0
2026-07-17 20:02:00,0.0
2026-07-17 20:03:00,0.0
2026-07-17 20:04:00,0.0
2026-07-17 20:05:00,0.0
2026-07-17 20:06:00,0.0
2026-07-17 20:07:00,0.0
2026-07-17 20:08:00,0.0
2026-07-17 20:09:00,0.0
2026-07-17 20:10:00,0.0
2026-07-17 20:11:00,0.0
2026-07-17 20:12:00,0.0
2026-07-17 20:13:00,0.0
2026-07-17 20:14:00,0.0
2026-07-17 20:15:00,0.0
2026-07-17 20:16:00,0.0
2026-07-17 20:17:00,0.0
2026-07-17 20:18:00,0.0
2026-07-17 20:19:00,0.0
2026-07-17 20:20:00,0.0
2026-07-17 20:21:00,0.0
2026-07-17 20:22:00,0.0
2026-07-17 20:23:00,0.0
2026-07-17 20:24:00,0.0
2026-07-17 20:25:00,0.0
2026-07-17 20:26:00,0.0
2026-07-17 20:27:00,0.0
2026-07-17 20:28:00,0.0
2026-07-17 20:29:00,0.0
2026-07-17 20:30:00,0.0
2026-07-17 20:31:00,0.0
2026-07-17 20:32:00,0.0
2026-07-17 20:33:00,0.0
2026-07-17 20:34:00,0.0
2026-07-17 20:35:00,0.0
2026-07-17 20:36:00,0.0
2026-07-17 20:37:00,0.0
2026-07-17 20:38:00,0.0
2026-07-17 20:39:00,0.0
2026-07-17 20:40:00,0.0
2026-07-17 20:41:00,0.0
2026-07-17 20:42:00,0.0
2026-07-17 20:43:00,0.0
2026-07-17 20:44:00,0.0
2026-07-17 20:45:00,0.0
2026-07-17 20:46:00,0.0
2026-07-17 20:47:00,0.0
2026-07-17 20:48:00,0.0
2026-07-17 20:49:00,0.0
2026-07-17 20:50:00,0.0
2026-07-17 20:51:00,0.0
2026-07-17 20:52:00,0.0
2026-07-17 20:53:00,0.0
2026-07-17 20:54:00,0.0
2026-07-17 20:55:00,0.0
2026-07-17 20:56:00,0.0
2026-07-17 20:57:00,0.0
2026-07-17 20:58:00,0.0
2026-07-17 20:59:00,0.0
2026-07-17 21:00:00,0.0
2026-07-17 21:01:00,0.0
2026-07-17 21:02:00,0.0
2026-07-17 21:03:00,0.0
2026-07-17 21:04:00,0.0
2026-07-17 21:05:00,0.0
2026-07-17 21:06:00,0.0
2026-07-17 21:07:00,0.0
2026-07-17 21:08:00,0.0
2026-07-17 21:09:00,0.0
2026-07-17 21:10:00,0.0
2026-07-17 21:11:00,0.0
2026-07-17 21:12:00,0.0
2026-07-17 21:13:00,0.0
2026-07-17 21:14:00,0.0
2026-07-17 21:15:00,0.0
2026-07-17 21:16:00,0.0
2026-07-17 21:17:00,0.0
2026-07-17 21:18:00,0.0
2026-07-17 21:19:00,0.0
2026-07-17 21:20:00,0.0
2026-07-17 21:21:00,0.0
2026-07-17 21:22:00,0.0
2026-07-17 21:23:00,0.0
2026-07-17 21:24:00,0.0
2026-07-17 21:25:00,0.0
2026-07-17 21:26:00,0.0
2026-07-17 21:27:00,0.0
2026-07-17 21:28:00,0.0
2026-07-17 21:29:00,0.0
2026-07-17 21:30:00,0.0
2026-07-17 21:31:00,0.0
2026-07-17 21:32:00,0.0
2026-07-17 21:33:00,0.0
2026-07-17 21:34:00,0.0
2026-07-17 21:35:00,0.0
2026-07-17 21:36:00,0.0
2026-07-17 21:37:00,0.0
2026-07-17 21:38:00,0.0
2026-07-17 21:39:00,0.0
2026-07-17 21:40:00,0.0
2026-07-17 21:41:00,0.0
2026-07-17 21:42:00,0.0
2026-07-17 21:43:00,0.0
2026-07-17 21:44:00,0.0
2026-07-17 21:45:00,0.0
2026-07-17 21:46:00,0.0
2026-07-17 21:47:00,0.0
2026-07-17 21:48:00,0.0
2026-07-17 21:49:00,0.0
2026-07-17 21:50:00,0.0
2026-07-17 21:51:00,0.0
2026-07-17 21:52:00,0.0
2026-07-17 21:53:00,0.0
2026-07-17 21:54:00,0.0
2026-07-17 21:55:00,0.0
2026-07-17 21:56:00,0.0
2026-07-17 21:57:00,0.0
2026-07-17 21:58:00,0.0
2026-07-17 21:59:00,0.0
2026-07-17 22:00:00,0.0
2026-07-17 22:01:00,0.0
2026-07-17 22:02:00,0.0
2026-07-17 22:03:00,0.0
2026-07-17 22:04:00,0.0
2026-07-17 22:05:00,0.0
2026-07-17 22:06:00,0.0
2026-07-17 22:07:00,0.0
2026-07-17 22:08:00,0.0
2026-07-17 22:09:00,0.0
2026-07-17 22:10:00,0.0
2026-07-17 22:11:00,0.0
2026-07-17 22:12:00,0.0
2026-07-17 22:13:00,0.0
2026-07-17 22:14:00,0.0
2026-07-17 22:15:00,0.0
2026-07-17 22:16:00,0.0
2026-07-17 22:17:00,0.0
2026-07-17 22:18:00,0.0
2026-07-17 22:19:00,0.0
2026-07-17 22:20:00,0.0
2026-07-17 22:21:00,0.0
2026-07-17 22:22:00,0.0
2026-07-17 22:23:00,0.0
2026-07-17 22:24:00,0.0
2026-07-17 22:25:00,0.0
2026-07-17 22:26:00,0.0
2026-07-17 22:27:00,0.0
2026-07-17 22:28:00,0.0
2026-07-17 22:29:00,0.0
2026-07-17 22:30:00,0.0
2026-07-17 22:31:00,0.0
2026-07-17 22:32:00,0.0
2026-07-17 22:33:00,0.0
2026-07-17 22:34:00,0.0
2026-07-17 22:35:00,0.0
2026-07-17 22:36:00,0.0
2026-07-17 22:37:00,0.0
2026-07-17 22:38:00,0.0
2026-07-17 22:39:00,0.0
2026-07-17 22:40:00,0.0
2026-07-17 22:41:00,0.0
2026-07-17 22:42:00,0.0
2026-07-17 22:43:00,0.0
2026-07-17 22:44:00,0.0
2026-07-17 22:45:00,0.0
2026-07-17 22:46:00,0.0
2026-07-17 22:47:00,0.0
2026-07-17 22:48:00,0.0
2026-07-17 22:49:00,0.0
2026-07-17 22:50:00,0.0
2026-07-17 22:51:00,0.0
2026-07-17 22:52:00,0.0
2026-07-17 22:53:00,0.0
2026-07-17 22:54:00,0.0
2026-07-17 22:55:00,0.0
2026-07-17 22:56:00,0.0
2026-07-17 22:57:00,0.0
2026-07-17 22:58:00,0.0
2026-07-17 22:59:00,0.0
2026-07-17 23:00:00,0.0
2026-07-17 23:01:00,0.0
2026-07-17 23:02:00,0.0
2026-07-17 23:03:00,0.0
2026-07-17 23:04:00,0.0
2026-07-17 23:05:00,0.0
2026-07-17 23:06:00,0.0
2026-07-17 23:07:00,0.0
2026-07-17 23:08:00,0.0
2026-07-17 23:09:00,0.0
2026-07-17 23:10:00,0.0
2026-07-17 23:11:00,0.0
2026-07-17 23:12:00,0.0
2026-07-17 23:13:00,0.0
2026-07-17 23:14:00,0.0
2026-07-17 23:15:00,0.0
2026-07-17 23:16:00,0.0
2026-07-17 23:17:00,0.0
2026-07-17 23:18:00,0.0
2026-07-17 23:19:00,0.0
2026-07-17 23:20:00,0.0
2026-07-17 23:21:00,0.0
2026-07-17 23:22:00,0.0
2026-07-17 23:23:00,0.0
2026-07-17 23:24:00,0.0
2026-07-17 23:25:00,0.0
2026-07-17 23:26:00,0.0
2026-07-17 23:27:00,0.0
2026-07-17 23:28:00,0.0
2026-07-17 23:29:00,0.0
2026-07-17 23:30:00,0.0
2026-07-17 23:31:00,0.0
2026-07-17 23:32:00,0.0
2026-07-17 23:33:00,0.0
2026-07-17 23:34:00,0.0
2026-07-17 23:35:00,0.0
2026-07-17 23:36:00,0.0
2026-07-17 23:37:00,0.0
2026-07-17 23:38:00,0.0
2026-07-17 23:39:00,0.0
2026-07-17 23:40:00,0.0
2026-07-17 23:41:00,0.0
2026-07-17 23:42:00,0.0
2026-07-17 23:43:00,0.0
2026-07-17 23:44:00,0.0
2026-07-17 23:45:00,0.0
2026-07-17 23:46:00,0.0
2026-07-17 23:47:00,0.0
2026-07-17 23:48:00,0.0
2026-07-17 23:49:00,0.0
2026-07-17 23:50:00,0.0
2026-07-17 23:51:00,0.0
2026-07-17 23:52:00,0.0
2026-07-17 23:53:00,0.0
2026-07-17 23:54:00,0.0
2026-07-17 23:55:00,0.0
2026-07-17 23:56:00,0.0
2026-07-17 23:57:00,0.0
2026-07-17 23:58:00,0.0
2026-07-17 23:59:00,0.0
2026-07-18 00:00:00,0.0
2026-07-18 00:01:00,0.0
2026-07-18 00:02:00,0.0
2026-07-18 00:03:00,0.0
2026-07-18 00:04:00,0.0
2026-07-18 00:05:00,0.0
2026-07-18 00:06:00,0.0
2026-07-18 00:07:00,0.0
2026-07-18 00:08:00,0.0
2026-07-18 00:09:00,0.0
2026-07-18 00:10:00,0.0
2026-07-18 00:11:00,0.0
2026-07-18 00:12:00,0.0
2026-07-18 00:13:00,0.0
2026-07-18 00:14:00,0.0
2026-07-18 00:15:00,0.0
2026-07-18 00:16:00,0.0
2026-07-18 00:17:00,0.0
2026-07-18 00:18:00,0.0
2026-07-18 00:19:00,0.0
2026-07-18 00:20:00,0.0
2026-07-18 00:21:00,0.0
2026-07-18 00:22:00,0.0
2026-07-18 00:23:00,0.0
2026-07-18 00:24:00,0.0
2026-07-18 00:25:00,0.0
2026-07-18 00:26:00,0.0
2026-07-18 00:27:00,0.0
2026-07-18 00:28:00,0.0
2026-07-18 00:29:00,0.0
2026-07-18 00:30:00,0.0
2026-07-18 00:31:00,0.0
2026-07-18 00:32:00,0.0
2026-07-18 00:33:00,0.0
2026-07-18 00:34:00,0.0
2026-07-18 00:35:00,0.0
2026-07-18 00:36:00,0.0
2026-07-18 00:37:00,0.0
2026-07-18 00:38:00,0.0
2026-07-18 00:39:00,0.0
2026-07-18 00:40:00,0.0
2026-07-18 00:41:00,0.0
2026-07-18 00:42:00,0.0
2026-07-18 00:43:00,0.0
2026-07-18 00:44:00,0.0
2026-07-18 00:45:00,0.0
2026-07-18 00:46:00,0.0
2026-07-18 00:47:00,0.0
2026-07-18 00:48:00,0.0
2026-07-18 00:49:00,0.0
2026-07-18 00:50:00,0.0
2026-07-18 00:51:00,0.0
2026-07-18 00:52:00,0.0
2026-07-18 00:53:00,0.0
2026-07-18 00:54:00,0.0
2026-07-18 00:55:00,0.0
2026-07-18 00:56:00,0.0
2026-07-18 00:57:00,0.0
2026-07-18 00:58:00,0.0
2026-07-18 00:59:00,0.0
2026-07-18 01:00:00,0.0
2026-07-18 01:01:00,0.0
2026-07-18 01:02:00,0.0
2026-07-18 01:03:00,0.0
2026-07-18 01:04:00,0.0
2026-07-18 01:05:00,0.0
2026-07-18 01:06:00,0.0
2026-07-18 01:07:00,0.0
2026-07-18 01:08:00,0.0
2026-07-18 01:09:00,0.0
2026-07-18 01:10:00,0.0
2026-07-18 01:11:00,0.0
2026-07-18 01:12:00,0.0
2026-07-18 01:13:00,0.0
2026-07-18 01:14:00,0.0
2026-07-18 01:15:00,0.0
2026-07-18 01:16:00,0.0
2026-07-18 01:17:00,0.0
2026-07-18 01:18:00,0.0
2026-07-18 01:19:00,0.0
2026-07-18 01:20:00,0.0
2026-07-18 01:21:00,0.0
2026-07-18 01:22:00,0.0
2026-07-18 01:23:00,0.0
2026-07-18 01:24:00,0.0
2026-07-18 01:25:00,0.0
2026-07-18 01:26:00,0.0
2026-07-18 01:27:00,0.0
2026-07-18 01:28:00,0.0
2026-07-18 01:29:00,0.0
2026-07-18 01:30:00,0.0
2026-07-18 01:31:00,0.0
2026-07-18 01:32:00,0.0
2026-07-18 01:33:00,0.0
2026-07-18 01:34:00,0.0
2026-07-18 01:35:00,0.0
2026-07-18 01:36:00,0.0
2026-07-18 01:37:00,0.0
2026-07-18 01:38:00,0.0
2026-07-18 01:39:00,0.0
2026-07-18 01:40:00,0.0
2026-07-18 01:41:00,0.0
2026-07-18 01:42:00,0.0
2026-07-18 01:43:00,0.0
2026-07-18 01:44:00,0.0
2026-07-18 01:45:00,0.0
2026-07-18 01:46:00,0.0
2026-07-18 01:47:00,0.0
2026-07-18 01:48:00,0.0
2026-07-18 01:49:00,0.0
2026-07-18 01:50:00,0.0
2026-07-18 01:51:00,0.0
2026-07-18 01:52:00,0.0
2026-07-18 01:53:00,0.0
2026-07-18 01:54:00,0.0
2026-07-18 01:55:00,0.0
2026-07-18 01:56:00,0.0
2026-07-18 01:57:00,0.0
2026-07-18 01:58:00,0.0
2026-07-18 01:59:00,0.0
2026-07-18 02:00:00,0.0
2026-07-18 02:01:00,0.0
2026-07-18 02:02:00,0.0
2026-07-18 02:03:00,0.0
2026-07-18 02:04:00,0.0
2026-07-18 02:05:00,0.0
2026-07-18 02:06:00,0.0
2026-07-18 02:07:00,0.0
2026-07-18 02:08:00,0.0
2026-07-18 02:09:00,0.0
2026-07-18 02:10:00,0.0
2026-07-18 02:11:00,0.0
2026-07-18 02:12:00,0.0
2026-07-18 02:13:00,0.0
2026-07-18 02:14:00,0.0
2026-07-18 02:15:00,0.0
2026-07-18 02:16:00,0.0
2026-07-18 02:17:00,0.0
2026-07-18 02:18:00,0.0
2026-07-18 02:19:00,0.0
2026-07-18 02:20:00,0.0
2026-07-18 02:21:00,0.0
2026-07-18 02:22:00,0.0
2026-07-18 02:23:00,0.0
2026-07-18 02:24:00,0.0
2026-07-18 02:25:00,0.0
2026-07-18 02:26:00,0.0
2026-07-18 02:27:00,0.0
2026-07-18 02:28:00,0.0
2026-07-18 02:29:00,0.0
2026-07-18 02:30:00,0.0
2026-07-18 02:31:00,0.0
2026-07-18 02:32:00,0.0
2026-07-18 02:33:00,0.0
2026-07-18 02:34:00,0.0
2026-07-18 02:35:00,0.0
2026-07-18 02:36:00,0.0
2026-07-18 02:37:00,0.0
2026-07-18 02:38:00,0.0
2026-07-18 02:39:00,0.0
2026-07-18 02:40:00,0.0
2026-07-18 02:41:00,0.0
2026-07-18 02:42:00,0.0
2026-07-18 02:43:00,0.0
2026-07-18 02:44:00,0.0
2026-07-18 02:45:00,0.0
2026-07-18 02:46:00,0.0
2026-07-18 02:47:00,0.0
2026-07-18 02:48:00,0.0
2026-07-18 02:49:00,0.0
2026-07-18 02:50:00,0.0
2026-07-18 02:51:00,0.0
2026-07-18 02:52:00,0.0
2026-07-18 02:53:00,0.0
2026-07-18 02:54:00,0.0
2026-07-18 02:55:00,0.0
2026-07-18 02:56:00,0.0
2026-07-18 02:57:00,0.0
2026-07-18 02:58:00,0.0
2026-07-18 02:59:00,0.0
2026-07-18 03:00:00,0.0
2026-07-18 03:01:00,0.0
2026-07-18 03:02:00,0.0
2026-07-18 03:03:00,0.0
2026-07-18 03:04:00,0.0
2026-07-18 03:05:00,0.0
2026-07-18 03:06:00,0.0
2026-07-18 03:07:00,0.0
2026-07-18 03:08:00,0.0
2026-07-18 03:09:00,0.0
2026-07-18 03:10:00,0.0
2026-07-18 03:11:00,0.0
2026-07-18 03:12:00,0.0
2026-07-18 03:13:00,0.0
2026-07-18 03:14:00,0.0
2026-07-18 03:15:00,0.0
2026-07-18 03:16:00,0.0
2026-07-18 03:17:00,0.0
2026-07-18 03:18:00,0.0
2026-07-18 03:19:00,0.0
2026-07-18 03:20:00,0.0
2026-07-18 03:21:00,0.0
2026-07-18 03:22:00,0.0
2026-07-18 03:23:00,0.0
2026-07-18 03:24:00,0.0
2026-07-18 03:25:00,0.0
2026-07-18 03:26:00,0.0
2026-07-18 03:27:00,0.0
2026-07-18 03:28:00,0.0
2026-07-18 03:29:00,0.0
2026-07-18 03:30:00,0.0
2026-07-18 03:31:00,0.0
2026-07-18 03:32:00,0.0
2026-07-18 03:33:00,0.0
2026-07-18 03:34:00,0.0
2026-07-18 03:35:00,0.0
2026-07-18 03:36:00,0.0
2026-07-18 03:37:00,0.0
2026-07-18 03:38:00,0.0
2026-07-18 03:39:00,0.0
2026-07-18 03:40:00,0.0
2026-07-18 03:41:00,0.0
2026-07-18 03:42:00,0.0
2026-07-18 03:43:00,0.0
2026-07-18 03:44:00,0.0
2026-07-18 03:45:00,0.0
2026-07-18 03:46:00,0.0
2026-07-18 03:47:00,0.0
2026-07-18 03:48:00,0.0
2026-07-18 03:49:00,0.0
2026-07-18 03:50:00,0.0
2026-07-18 03:51:00,0.0
2026-07-18 03:52:00,0.0
2026-07-18 03:53:00,0.0
2026-07-18 03:54:00,0.0
2026-07-18 03:55:00,0.0
2026-07-18 03:56:00,0.0
2026-07-18 03:57:00,0.0
2026-07-18 03:58:00,0.0
2026-07-18 03:59:00,0.0
2026-07-18 04:00:00,0.0
2026-07-18 04:01:00,0.0
2026-07-18 04:02:00,0.0
2026-07-18 04:03:00,0.0
2026-07-18 04:04:00,0.0
2026-07-18 04:05:00,0.0
2026-07-18 04:06:00,0.0
2026-07-18 04:07:00,0.0
2026-07-18 04:08:00,0.0
2026-07-18 04:09:00,0.0
2026-07-18 04:10:00,0.0
2026-07-18 04:11:00,0.0
2026-07-18 04:12:00,0.0
2026-07-18 04:13:00,0.0
2026-07-18 04:14:00,0.0
2026-07-18 04:15:00,0.0
2026-07-18 04:16:00,0.0
2026-07-18 04:17:00,0.0
2026-07-18 04:18:00,0.0
2026-07-18 04:19:00,0.0
2026-07-18 04:20:00,0.0
2026-07-18 04:21:00,0.0
2026-07-18 04:22:00,0.0
2026-07-18 04:23:00,0.0
2026-07-18 04:24:00,0.0
2026-07-18 04:25:00,0.0
2026-07-18 04:26:00,0.0
2026-07-18 04:27:00,0.0
2026-07-18 04:28:00,0.0
2026-07-18 04:29:00,0.0
2026-07-18 04:30:00,0.0
2026-07-18 04:31:00,0.0
2026-07-18 04:32:00,0.0
2026-07-18 04:33:00,0.0
2026-07-18 04:34:00,0.0
2026-07-18 04:35:00,0.0
2026-07-18 04:36:00,0.0
2026-07-18 04:37:00,0.0
2026-07-18 04:38:00,0.0
2026-07-18 04:39:00,0.0
2026-07-18 04:40:00,0.0
2026-07-18 04:41:00,0.0
2026-07-18 04:42:00,0.0
2026-07-18 04:43:00,0.0
2026-07-18 04:44:00,0.0
2026-07-18 04:45:00,0.0
2026-07-18 04:46:00,0.0
2026-07-18 04:47:00,0.0
2026-07-18 04:48:00,0.0
2026-07-18 04:49:00,0.0
2026-07-18 04:50:00,0.0
2026-07-18 04:51:00,0.0
2026-07-18 04:52:00,0.0
2026-07-18 04:53:00,0.0
2026-07-18 04:54:00,0.0
2026-07-18 04:55:00,0.0
2026-07-18 04:56:00,0.0
2026-07-18 04:57:00,0.0
2026-07-18 04:58:00,0.0
2026-07-18 04:59:00,0.0
2026-07-18 05:00:00,0.0
2026-07-18 05:01:00,0.0
2026-07-18 05:02:00,0.0
2026-07-18 05:03:00,0.0
2026-07-18 05:04:00,0.0
2026-07-18 05:05:00,0.0
2026-07-18 05:06:00,0.0
2026-07-18 05:07:00,0.0
2026-07-18 05:08:00,0.0
2026-07-18 05:09:00,0.0
2026-07-18 05:10:00,0.0
2026-07-18 05:11:00,0.0
2026-07-18 05:12:00,0.0
2026-07-18 05:13:00,0.0
2026-07-18 05:14:00,0.0
2026-07-18 05:15:00,0.0
2026-07-18 05:16:00,0.0
2026-07-18 05:17:00,0.0
2026-07-18 05:18:00,0.0
2026-07-18 05:19:00,0.0
2026-07-18 05:20:00,0.0
2026-07-18 05:21:00,0.0
2026-07-18 05:22:00,0.0
2026-07-18 05:23:00,0.0
2026-07-18 05:24:00,0.0
2026-07-18 05:25:00,0.0
2026-07-18 05:26:00,0.0
2026-07-18 05:27:00,0.0
2026-07-18 05:28:00,0.0
2026-07-18 05:29:00,0.0
2026-07-18 05:30:00,0.0
2026-07-18 05:31:00,0.0
2026-07-18 05:32:00,0.0
2026-07-18 05:33:00,0.0
2026-07-18 05:34:00,0.0
2026-07-18 05:35:00,0.0
2026-07-18 05:36:00,0.0
2026-07-18 05:37:00,0.0
2026-07-18 05:38:00,0.0
2026-07-18 05:39:00,0.0
2026-07-18 05:40:00,0.0
2026-07-18 05:41:00,0.0
2026-07-18 05:42:00,0.0
2026-07-18 05:43:00,0.0
2026-07-18 05:44:00,0.0
2026-07-18 05:45:00,0.0
2026-07-18 05:46:00,0.0
2026-07-18 05:47:00,0.0
2026-07-18 05:48:00,0.0
2026-07-18 05:49:00,0.0
2026-07-18 05:50:00,0.0
2026-07-18 05:51:00,0.0
2026-07-18 05:52:00,0.0
2026-07-18 05:53:00,0.0
2026-07-18 05:54:00,0.0
2026-07-18 05:55:00,0.0
2026-07-18 05:56:00,0.0
2026-07-18 05:57:00,0.0
2026-07-18 05:58:00,0.0
2026-07-18 05:59:00,0.0
2026-07-18 06:00:00,0.0
2026-07-18 06:01:00,0.0
2026-07-18 06:02:00,0.0
2026-07-18 06:03:00,10.0
2026-07-18 06:04:00,38.0
2026-07-18 06:05:00,56.0
2026-07-18 06:06:00,82.0
2026-07-18 06:07:00,111.0
2026-07-18 06:08:00,142.0
2026-07-18 06:09:00,169.0
2026-07-18 06:10:00,210.0
2026-07-18 06:11:00,256.0
2026-07-18 06:12:00,305.0
2026-07-18 06:13:00,352.0
2026-07-18 06:14:00,402.0
2026-07-18 06:15:00,452.0
2026-07-18 06:16:00,500.0
2026-07-18 06:17:00,555.0
2026-07-18 06:18:00,609.0
2026-07-18 06:19:00,674.0
2026-07-18 06:20:00,731.0
2026-07-18 06:21:00,801.0
2026-07-18 06:22:00,868.0
2026-07-18 06:23:00,937.0
2026-07-18 06:24:00,1002.0
2026-07-18 06:25:00,1076.0
2026-07-18 06:26:00,1157.0
2026-07-18 06:27:00,1248.0
2026-07-18 06:28:00,1338.0
2026-07-18 06:29:00,1425.0
2026-07-18 06:30:00,1508.0
2026-07-18 06:31:00,1593.0
2026-07-18 06:32:00,1682.0
2026-07-18 06:33:00,1769.0
2026-07-18 06:34:00,1849.0
2026-07-18 06:35:00,1933.0
2026-07-18 06:36:00,2018.0
2026-07-18 06:37:00,2092.0
2026-07-18 06:38:00,2169.0
2026-07-18 06:39:00,2243.0
2026-07-18 06:40:00,2315.0
2026-07-18 06:41:00,2393.0
2026-07-18 06:42:00,2472.0
2026-07-18 06:43:00,2560.0
2026-07-18 06:44:00,2646.0
2026-07-18 06:45:00,2731.0
2026-07-18 06:46:00,2816.0
2026-07-18 06:47:00,2906.0
2026-07-18 06:48:00,2988.0
2026-07-18 06:49:00,3073.0
2026-07-18 06:50:00,3155.0
2026-07-18 06:51:00,3242.0
2026-07-18 06:52:00,3320.0
2026-07-18 06:53:00,3406.0
2026-07-18 06:54:00,3501.0
2026-07-18 06:55:00,3603.0
2026-07-18 06:56:00,3713.0
2026-07-18 06:57:00,3819.0
2026-07-18 06:58:00,3912.0
2026-07-18 06:59:00,4005.0
2026-07-18 07:00:00,4108.0
2026-07-18 07:01:00,4200.0
2026-07-18 07:02:00,4304.0
2026-07-18 07:03:00,4413.0
2026-07-18 07:04:00,4530.0
2026-07-18 07:05:00,4654.0
2026-07-18 07:06:00,4762.0
2026-07-18 07:07:00,4883.0
2026-07-18 07:08:00,4995.0
2026-07-18 07:09:00,5111.0
2026-07-18 07:10:00,5243.0
2026-07-18 07:11:00,5368.0
2026-07-18 07:12:00,5495.0
2026-07-18 07:13:00,5623.0
2026-07-18 07:14:00,5764.0
2026-07-18 07:15:00,5904.0
2026-07-18 07:16:00,6037.0
2026-07-18 07:17:00,6171.0
2026-07-18 07:18:00,6325.0
2026-07-18 07:19:00,6463.0
2026-07-18 07:20:00,6617.0
2026-07-18 07:21:00,6759.0
2026-07-18 07:22:00,6904.0
2026-07-18 07:23:00,7074.0
2026-07-18 07:24:00,7242.0
2026-07-18 07:25:00,7384.0
2026-07-18 07:26:00,7535.0
2026-07-18 07:27:00,7709.0
2026-07-18 07:28:00,7864.0
2026-07-18 07:29:00,8045.0
2026-07-18 07:30:00,8240.0
2026-07-18 07:31:00,8402.0
2026-07-18 07:32:00,8559.0
2026-07-18 07:33:00,8738.0
2026-07-18 07:34:00,8942.0
2026-07-18 07:35:00,9106.0
2026-07-18 07:36:00,9278.0
2026-07-18 07:37:00,9459.0
2026-07-18 07:38:00,9661.0
2026-07-18 07:39:00,9855.0
2026-07-18 07:40:00,10061.0
2026-07-18 07:41:00,10223.0
2026-07-18 07:42:00,10406.0
2026-07-18 07:43:00,10562.0
2026-07-18 07:44:00,10771.0
2026-07-18 07:45:00,11026.0
2026-07-18 07:46:00,11235.0
2026-07-18 07:47:00,11411.0
2026-07-18 07:48:00,11624.0
2026-07-18 07:49:00,11810.0
2026-07-18 07:50:00,11989.0
2026-07-18 07:51:00,12234.0
2026-07-18 07:52:00,12482.0
2026-07-18 07:53:00,12705.0
2026-07-18 07:54:00,12886.0
2026-07-18 07:55:00,13098.0
2026-07-18 07:56:00,13318.0
2026-07-18 07:57:00,13455.0
2026-07-18 07:58:00,13602.0
2026-07-18 07:59:00,13957.0
2026-07-18 08:00:00,14152.0
2026-07-18 08:01:00,14104.0
2026-07-18 08:02:00,14511.0
2026-07-18 08:03:00,14628.0
2026-07-18 08:04:00,14813.0
2026-07-18 08:05:00,14820.0
2026-07-18 08:06:00,15369.0
2026-07-18 08:07:00,15518.0
2026-07-18 08:08:00,15988.0
2026-07-18 08:09:00,16143.0
2026-07-18 08:10:00,16448.0
2026-07-18 08:11:00,16552.0
2026-07-18 08:12:00,16773.0
2026-07-18 08:13:00,17093.0
2026-07-18 08:14:00,17306.0
2026-07-18 08:15:00,17519.0
2026-07-18 08:16:00,17299.0
2026-07-18 08:17:00,17909.0
2026-07-18 08:18:00,18028.0
2026-07-18 08:19:00,17690.0
2026-07-18 08:20:00,18292.0
2026-07-18 08:21:00,18806.0
2026-07-18 08:22:00,19053.0
2026-07-18 08:23:00,19297.0
2026-07-18 08:24:00,19440.0
2026-07-18 08:25:00,19685.0
2026-07-18 08:26:00,19934.0
2026-07-18 08:27:00,20161.0
2026-07-18 08:28:00,20504.0
2026-07-18 08:29:00,20723.0
2026-07-18 08:30:00,20901.0
2026-07-18 08:31:00,21164.0
2026-07-18 08:32:00,21461.0
2026-07-18 08:33:00,21704.0
2026-07-18 08:34:00,21979.0
2026-07-18 08:35:00,22199.0
2026-07-18 08:36:00,22137.0
2026-07-18 08:37:00,22669.0
2026-07-18 08:38:00,22969.0
2026-07-18 08:39:00,23121.0
2026-07-18 08:40:00,23346.0
2026-07-18 08:41:00,23553.0
2026-07-18 08:42:00,23726.0
2026-07-18 08:43:00,23972.0
2026-07-18 08:44:00,24236.0
2026-07-18 08:45:00,24299.0
2026-07-18 08:46:00,24476.0
2026-07-18 08:47:00,24822.0
2026-07-18 08:48:00,25120.0
2026-07-18 08:49:00,25341.0
2026-07-18 08:50:00,25572.0
2026-07-18 08:51:00,25847.0
2026-07-18 08:52:00,26088.0
2026-07-18 08:53:00,26390.0
2026-07-18 08:54:00,26652.0
2026-07-18 08:55:00,26784.0
2026-07-18 08:56:00,27040.0
2026-07-18 08:57:00,27228.0
2026-07-18 08:58:00,27476.0
2026-07-18 08:59:00,27817.0
2026-07-18 09:00:00,28013.0
2026-07-18 09:01:00,28239.0
2026-07-18 09:02:00,28421.0
2026-07-18 09:03:00,28629.0
2026-07-18 09:04:00,28859.0
2026-07-18 09:05:00,27547.0
2026-07-18 09:06:00,28572.0
2026-07-18 09:07:00,28023.0
2026-07-18 09:08:00,28172.0
2026-07-18 09:09:00,29031.0
2026-07-18 09:10:00,28284.0
2026-07-18 09:11:00,27299.0
2026-07-18 09:12:00,27162.0
2026-07-18 09:13:00,26436.0
2026-07-18 09:14:00,29388.0
2026-07-18 09:15:00,27319.0
2026-07-18 09:16:00,27698.0
2026-07-18 09:17:00,28902.0
2026-07-18 09:18:00,28130.0
2026-07-18 09:19:00,27017.0
2026-07-18 09:20:00,26717.0
2026-07-18 09:21:00,28350.0
2026-07-18 09:22:00,29343.0
2026-07-18 09:23:00,27911.0
2026-07-18 09:24:00,27522.0
2026-07-18 09:25:00,27720.0
2026-07-18 09:26:00,27402.0
2026-07-18 09:27:00,28273.0
2026-07-18 09:28:00,28436.0
2026-07-18 09:29:00,28835.0
2026-07-18 09:30:00,28426.0
2026-07-18 09:31:00,27162.0
2026-07-18 09:32:00,28234.0
2026-07-18 09:33:00,29119.0
2026-07-18 09:34:00,26433.0
2026-07-18 09:35:00,27693.0
2026-07-18 09:36:00,29032.0
2026-07-18 09:37:00,31133.0
2026-07-18 09:38:00,28418.0
2026-07-18 09:39:00,28142.0
2026-07-18 09:40:00,27151.0
2026-07-18 09:41:00,27723.0
2026-07-18 09:42:00,26937.0
2026-07-18 09:43:00,27878.0
2026-07-18 09:44:00,28009.0
2026-07-18 09:45:00,26774.0
2026-07-18 09:46:00,26746.0
2026-07-18 09:47:00,27456.0
2026-07-18 09:48:00,28321.0
2026-07-18 09:49:00,30020.0
2026-07-18 09:50:00,28700.0
2026-07-18 09:51:00,27055.0
2026-07-18 09:52:00,25886.0
2026-07-18 09:53:00,26019.0
2026-07-18 09:54:00,29111.0
2026-07-18 09:55:00,28500.0
2026-07-18 09:56:00,26159.0
2026-07-18 09:57:00,28113.0
2026-07-18 09:58:00,28957.0
2026-07-18 09:59:00,27043.0
2026-07-18 10:00:00,28870.0
2026-07-18 10:01:00,28357.0
2026-07-18 10:02:00,28239.0
2026-07-18 10:03:00,29724.0
2026-07-18 10:04:00,29684.0
2026-07-18 10:05:00,28891.0
2026-07-18 10:06:00,27166.0
2026-07-18 10:07:00,27849.0
2026-07-18 10:08:00,29709.0
2026-07-18 10:09:00,28252.0
2026-07-18 10:10:00,28760.0
2026-07-18 10:11:00,27300.0
2026-07-18 10:12:00,26239.0
2026-07-18 10:13:00,27973.0
2026-07-18 10:14:00,28041.0
2026-07-18 10:15:00,30118.0
2026-07-18 10:16:00,30139.0
2026-07-18 10:17:00,28039.0
2026-07-18 10:18:00,27206.0
2026-07-18 10:19:00,28145.0
2026-07-18 10:20:00,27755.0
2026-07-18 10:21:00,28001.0
2026-07-18 10:22:00,27736.0
2026-07-18 10:23:00,29529.0
2026-07-18 10:24:00,29367.0
2026-07-18 10:25:00,27022.0
2026-07-18 10:26:00,28243.0
2026-07-18 10:27:00,28349.0
2026-07-18 10:28:00,29448.0
2026-07-18 10:29:00,27211.0
2026-07-18 10:30:00,28510.0
2026-07-18 10:31:00,26770.0
2026-07-18 10:32:00,27533.0
2026-07-18 10:33:00,27452.0
2026-07-18 10:34:00,27609.0
2026-07-18 10:35:00,29224.0
2026-07-18 10:36:00,31147.0
2026-07-18 10:37:00,28774.0
2026-07-18 10:38:00,30325.0
2026-07-18 10:39:00,30015.0
2026-07-18 10:40:00,28628.0
2026-07-18 10:41:00,30290.0
2026-07-18 10:42:00,29469.0
2026-07-18 10:43:00,31988.0
2026-07-18 10:44:00,30539.0
2026-07-18 10:45:00,28549.0
2026-07-18 10:46:00,30126.0
2026-07-18 10:47:00,29593.0
2026-07-18 10:48:00,29206.0
2026-07-18 10:49:00,30024.0
2026-07-18 10:50:00,31642.0
2026-07-18 10:51:00,30825.0
2026-07-18 10:52:00,31302.0
2026-07-18 10:53:00,32521.0
2026-07-18 10:54:00,34182.0
2026-07-18 10:55:00,33759.0
2026-07-18 10:56:00,33703.0
2026-07-18 10:57:00,35791.0
2026-07-18 10:58:00,34282.0
2026-07-18 10:59:00,34715.0
2026-07-18 11:00:00,32711.0
2026-07-18 11:01:00,33540.0
2026-07-18 11:02:00,36656.0
2026-07-18 11:03:00,36723.0
2026-07-18 11:04:00,35064.0
2026-07-18 11:05:00,34329.0
2026-07-18 11:06:00,33221.0
2026-07-18 11:07:00,32889.0
2026-07-18 11:08:00,33830.0
2026-07-18 11:09:00,32236.0
2026-07-18 11:10:00,35074.0
2026-07-18 11:11:00,36865.0
2026-07-18 11:12:00,37055.0
2026-07-18 11:13:00,35137.0
2026-07-18 11:14:00,35104.0
2026-07-18 11:15:00,34961.0
2026-07-18 11:16:00,35918.0
2026-07-18 11:17:00,35553.0
2026-07-18 11:18:00,36579.0
2026-07-18 11:19:00,36378.0
2026-07-18 11:20:00,37868.0
2026-07-18 11:21:00,34714.0
2026-07-18 11:22:00,33409.0
2026-07-18 11:23:00,31342.0
2026-07-18 11:24:00,32732.0
2026-07-18 11:25:00,33408.0
2026-07-18 11:26:00,34701.0
2026-07-18 11:27:00,32941.0
2026-07-18 11:28:00,35111.0
2026-07-18 11:29:00,36378.0
2026-07-18 11:30:00,36228.0
2026-07-18 11:31:00,32532.0
2026-07-18 11:32:00,31622.0
2026-07-18 11:33:00,33982.0
2026-07-18 11:34:00,30852.0
2026-07-18 11:35:00,31843.0
2026-07-18 11:36:00,31266.0
2026-07-18 11:37:00,31922.0
2026-07-18 11:38:00,32901.0
2026-07-18 11:39:00,36259.0
2026-07-18 11:40:00,36512.0
2026-07-18 11:41:00,38613.0
2026-07-18 11:42:00,36448.0
2026-07-18 11:43:00,35585.0
2026-07-18 11:44:00,34272.0
2026-07-18 11:45:00,34981.0
2026-07-18 11:46:00,34743.0
2026-07-18 11:47:00,39505.0
2026-07-18 11:48:00,36511.0
2026-07-18 11:49:00,37769.0
2026-07-18 11:50:00,38029.0
2026-07-18 11:51:00,37788.0
2026-07-18 11:52:00,38979.0
2026-07-18 11:53:00,38553.0
2026-07-18 11:54:00,37251.0
2026-07-18 11:55:00,38383.0
2026-07-18 11:56:00,38766.0
2026-07-18 11:57:00,37757.0
2026-07-18 11:58:00,39835.0
2026-07-18 11:59:00,39276.0
2026-07-18 12:00:00,40170.0
2026-07-18 12:01:00,43019.0
2026-07-18 12:02:00,40676.0
2026-07-18 12:03:00,42177.0
2026-07-18 12:04:00,42213.0
2026-07-18 12:05:00,44479.0
2026-07-18 12:06:00,43949.0
2026-07-18 12:07:00,43080.0
2026-07-18 12:08:00,41875.0
2026-07-18 12:09:00,43175.0
2026-07-18 12:10:00,43688.0
2026-07-18 12:11:00,42672.0
2026-07-18 12:12:00,41937.0
2026-07-18 12:13:00,42623.0
2026-07-18 12:14:00,44052.0
2026-07-18 12:15:00,44295.0
2026-07-18 12:16:00,45774.0
2026-07-18 12:17:00,42172.0
2026-07-18 12:18:00,41527.0
2026-07-18 12:19:00,42229.0
2026-07-18 12:20:00,42199.0
2026-07-18 12:21:00,42890.0
2026-07-18 12:22:00,42459.0
2026-07-18 12:23:00,42453.0
2026-07-18 12:24:00,42528.0
2026-07-18 12:25:00,42246.0
2026-07-18 12:26:00,43634.0
2026-07-18 12:27:00,40309.0
2026-07-18 12:28:00,40965.0
2026-07-18 12:29:00,41782.0
2026-07-18 12:30:00,40086.0
2026-07-18 12:31:00,41085.0
2026-07-18 12:32:00,38180.0
2026-07-18 12:33:00,37977.0
2026-07-18 12:34:00,39371.0
2026-07-18 12:35:00,36129.0
2026-07-18 12:36:00,38809.0
2026-07-18 12:37:00,36383.0
2026-07-18 12:38:00,36792.0
2026-07-18 12:39:00,38814.0
2026-07-18 12:40:00,37635.0
2026-07-18 12:41:00,36792.0
2026-07-18 12:42:00,35932.0
2026-07-18 12:43:00,38396.0
2026-07-18 12:44:00,39434.0
2026-07-18 12:45:00,36194.0
2026-07-18 12:46:00,35924.0
2026-07-18 12:47:00,38102.0
2026-07-18 12:48:00,38020.0
2026-07-18 12:49:00,37690.0
2026-07-18 12:50:00,38272.0
2026-07-18 12:51:00,39168.0
2026-07-18 12:52:00,38352.0
2026-07-18 12:53:00,37574.0
2026-07-18 12:54:00,38398.0
2026-07-18 12:55:00,37267.0
2026-07-18 12:56:00,35044.0
2026-07-18 12:57:00,37968.0
2026-07-18 12:58:00,41869.0
2026-07-18 12:59:00,42009.0
2026-07-18 13:00:00,40383.0
2026-07-18 13:01:00,40395.0
2026-07-18 13:02:00,41239.0
2026-07-18 13:03:00,40833.0
2026-07-18 13:04:00,39880.0
2026-07-18 13:05:00,40109.0
2026-07-18 13:06:00,40827.0
2026-07-18 13:07:00,42315.0
2026-07-18 13:08:00,42588.0
2026-07-18 13:09:00,38473.0
2026-07-18 13:10:00,41667.0
2026-07-18 13:11:00,42541.0
2026-07-18 13:12:00,41781.0
2026-07-18 13:13:00,41680.0
2026-07-18 13:14:00,42703.0
2026-07-18 13:15:00,41589.0
2026-07-18 13:16:00,40000.0
2026-07-18 13:17:00,41191.0
2026-07-18 13:18:00,41319.0
2026-07-18 13:19:00,40053.0
2026-07-18 13:20:00,40993.0
2026-07-18 13:21:00,36595.0
2026-07-18 13:22:00,40443.0
2026-07-18 13:23:00,39781.0
2026-07-18 13:24:00,39350.0
2026-07-18 13:25:00,37473.0
2026-07-18 13:26:00,39412.0
2026-07-18 13:27:00,35410.0
2026-07-18 13:28:00,37583.0
2026-07-18 13:29:00,39795.0
2026-07-18 13:30:00,37614.0
2026-07-18 13:31:00,36838.0
2026-07-18 13:32:00,35254.0
2026-07-18 13:33:00,37313.0
2026-07-18 13:34:00,38407.0
2026-07-18 13:35:00,35565.0
2026-07-18 13:36:00,34134.0
2026-07-18 13:37:00,36644.0
2026-07-18 13:38:00,38290.0
2026-07-18 13:39:00,38623.0
2026-07-18 13:40:00,39487.0
2026-07-18 13:41:00,38987.0
2026-07-18 13:42:00,40923.0
2026-07-18 13:43:00,38896.0
2026-07-18 13:44:00,38861.0
2026-07-18 13:45:00,38630.0
2026-07-18 13:46:00,37562.0
2026-07-18 13:47:00,35828.0
2026-07-18 13:48:00,35691.0
2026-07-18 13:49:00,36938.0
2026-07-18 13:50:00,37966.0
2026-07-18 13:51:00,36941.0
2026-07-18 13:52:00,38209.0
2026-07-18 13:53:00,37407.0
2026-07-18 13:54:00,35546.0
2026-07-18 13:55:00,35328.0
2026-07-18 13:56:00,36444.0
2026-07-18 13:57:00,35682.0
2026-07-18 13:58:00,34745.0
2026-07-18 13:59:00,37191.0
2026-07-18 14:00:00,35865.0
2026-07-18 14:01:00,36648.0
2026-07-18 14:02:00,35165.0
2026-07-18 14:03:00,36287.0
2026-07-18 14:04:00,35728.0
2026-07-18 14:05:00,37171.0
2026-07-18 14:06:00,36193.0
2026-07-18 14:07:00,37978.0
2026-07-18 14:08:00,38143.0
2026-07-18 14:09:00,38499.0
2026-07-18 14:10:00,37852.0
2026-07-18 14:11:00,36637.0
2026-07-18 14:12:00,36167.0
2026-07-18 14:13:00,35953.0
2026-07-18 14:14:00,37310.0
2026-07-18 14:15:00,35094.0
2026-07-18 14:16:00,36365.0
2026-07-18 14:17:00,38573.0
2026-07-18 14:18:00,35394.0
2026-07-18 14:19:00,38236.0
2026-07-18 14:20:00,36081.0
2026-07-18 14:21:00,39239.0
2026-07-18 14:22:00,37317.0
2026-07-18 14:23:00,34939.0
2026-07-18 14:24:00,37847.0
2026-07-18 14:25:00,38112.0
2026-07-18 14:26:00,35357.0
2026-07-18 14:27:00,35855.0
2026-07-18 14:28:00,39154.0
2026-07-18 14:29:00,39591.0
2026-07-18 14:30:00,39652.0
2026-07-18 14:31:00,38517.0
2026-07-18 14:32:00,38658.0
2026-07-18 14:33:00,41714.0
2026-07-18 14:34:00,38141.0
2026-07-18 14:35:00,38833.0
2026-07-18 14:36:00,39541.0
2026-07-18 14:37:00,37832.0
2026-07-18 14:38:00,38974.0
2026-07-18 14:39:00,37768.0
2026-07-18 14:40:00,35159.0
2026-07-18 14:41:00,37517.0
2026-07-18 14:42:00,39581.0
2026-07-18 14:43:00,40460.0
2026-07-18 14:44:00,39075.0
2026-07-18 14:45:00,38034.0
2026-07-18 14:46:00,38153.0
2026-07-18 14:47:00,37621.0
2026-07-18 14:48:00,35642.0
2026-07-18 14:49:00,38262.0
2026-07-18 14:50:00,36164.0
2026-07-18 14:51:00,39341.0
2026-07-18 14:52:00,37230.0
2026-07-18 14:53:00,37445.0
2026-07-18 14:54:00,39104.0
2026-07-18 14:55:00,40028.0
2026-07-18 14:56:00,36691.0
2026-07-18 14:57:00,37415.0
2026-07-18 14:58:00,39606.0
2026-07-18 14:59:00,40124.0
2026-07-18 15:00:00,35777.0
2026-07-18 15:01:00,36705.0
2026-07-18 15:02:00,37690.0
2026-07-18 15:03:00,37976.0
2026-07-18 15:04:00,39043.0
2026-07-18 15:05:00,39960.0
2026-07-18 15:06:00,43120.0
2026-07-18 15:07:00,43616.0
2026-07-18 15:08:00,41760.0
2026-07-18 15:09:00,38532.0
2026-07-18 15:10:00,39086.0
2026-07-18 15:11:00,38612.0
2026-07-18 15:12:00,37388.0
2026-07-18 15:13:00,38696.0
2026-07-18 15:14:00,39083.0
2026-07-18 15:15:00,38558.0
2026-07-18 15:16:00,39043.0
2026-07-18 15:17:00,39168.0
2026-07-18 15:18:00,39713.0
2026-07-18 15:19:00,40160.0
2026-07-18 15:20:00,42717.0
2026-07-18 15:21:00,38753.0
2026-07-18 15:22:00,36759.0
2026-07-18 15:23:00,35310.0
2026-07-18 15:24:00,37486.0
2026-07-18 15:25:00,37983.0
2026-07-18 15:26:00,40002.0
2026-07-18 15:27:00,38910.0
2026-07-18 15:28:00,36087.0
2026-07-18 15:29:00,40013.0
2026-07-18 15:30:00,38795.0
2026-07-18 15:31:00,41654.0
2026-07-18 15:32:00,38481.0
2026-07-18 15:33:00,35062.0
2026-07-18 15:34:00,34270.0
2026-07-18 15:35:00,38483.0
2026-07-18 15:36:00,38176.0
2026-07-18 15:37:00,37305.0
2026-07-18 15:38:00,36484.0
2026-07-18 15:39:00,39520.0
2026-07-18 15:40:00,39991.0
2026-07-18 15:41:00,39182.0
2026-07-18 15:42:00,39632.0
2026-07-18 15:43:00,38808.0
2026-07-18 15:44:00,38371.0
2026-07-18 15:45:00,38127.0
2026-07-18 15:46:00,37868.0
2026-07-18 15:47:00,38517.0
2026-07-18 15:48:00,36905.0
2026-07-18 15:49:00,36975.0
2026-07-18 15:50:00,37217.0
2026-07-18 15:51:00,37933.0
2026-07-18 15:52:00,37372.0
2026-07-18 15:53:00,37019.0
2026-07-18 15:54:00,37360.0
2026-07-18 15:55:00,36327.0
2026-07-18 15:56:00,38204.0
2026-07-18 15:57:00,38218.0
2026-07-18 15:58:00,37826.0
2026-07-18 15:59:00,37178.0
2026-07-18 16:00:00,36539.0
2026-07-18 16:01:00,36188.0
2026-07-18 16:02:00,35863.0
2026-07-18 16:03:00,35615.0
2026-07-18 16:04:00,35550.0
2026-07-18 16:05:00,35508.0
2026-07-18 16:06:00,35354.0
2026-07-18 16:07:00,35119.0
2026-07-18 16:08:00,34748.0
2026-07-18 16:09:00,34295.0
2026-07-18 16:10:00,34017.0
2026-07-18 16:11:00,33852.0
2026-07-18 16:12:00,33271.0
2026-07-18 16:13:00,32534.0
2026-07-18 16:14:00,31984.0
2026-07-18 16:15:00,33020.0
2026-07-18 16:16:00,33171.0
2026-07-18 16:17:00,33176.0
2026-07-18 16:18:00,32754.0
2026-07-18 16:19:00,32121.0
2026-07-18 16:20:00,31792.0
2026-07-18 16:21:00,31675.0
2026-07-18 16:22:00,31458.0
2026-07-18 16:23:00,31293.0
2026-07-18 16:24:00,31144.0
2026-07-18 16:25:00,31022.0
2026-07-18 16:26:00,31024.0
2026-07-18 16:27:00,30994.0
2026-07-18 16:28:00,30879.0
2026-07-18 16:29:00,30755.0
2026-07-18 16:30:00,30364.0
2026-07-18 16:31:00,29884.0
2026-07-18 16:32:00,29607.0
2026-07-18 16:33:00,29507.0
2026-07-18 16:34:00,29183.0
2026-07-18 16:35:00,28754.0
2026-07-18 16:36:00,28457.0
2026-07-18 16:37:00,28106.0
2026-07-18 16:38:00,27897.0
2026-07-18 16:39:00,27956.0
2026-07-18 16:40:00,28100.0
2026-07-18 16:41:00,28077.0
2026-07-18 16:42:00,27754.0
2026-07-18 16:43:00,27308.0
2026-07-18 16:44:00,27109.0
2026-07-18 16:45:00,26935.0
2026-07-18 16:46:00,26722.0
2026-07-18 16:47:00,26600.0
2026-07-18 16:48:00,26551.0
2026-07-18 16:49:00,26479.0
2026-07-18 16:50:00,26192.0
2026-07-18 16:51:00,25777.0
2026-07-18 16:52:00,25541.0
2026-07-18 16:53:00,25343.0
2026-07-18 16:54:00,24824.0
2026-07-18 16:55:00,25001.0
2026-07-18 16:56:00,24769.0
2026-07-18 16:57:00,24440.0
2026-07-18 16:58:00,24187.0
2026-07-18 16:59:00,23970.0
2026-07-18 17:00:00,23843.0
2026-07-18 17:01:00,23692.0
2026-07-18 17:02:00,23403.0
2026-07-18 17:03:00,23027.0
2026-07-18 17:04:00,22728.0
2026-07-18 17:05:00,22598.0
2026-07-18 17:06:00,22443.0
2026-07-18 17:07:00,22197.0
2026-07-18 17:08:00,22043.0
2026-07-18 17:09:00,21989.0
2026-07-18 17:10:00,21832.0
2026-07-18 17:11:00,21652.0
2026-07-18 17:12:00,21340.0
2026-07-18 17:13:00,20817.0
2026-07-18 17:14:00,20435.0
2026-07-18 17:15:00,20335.0
2026-07-18 17:16:00,20376.0
2026-07-18 17:17:00,20162.0
2026-07-18 17:18:00,19691.0
2026-07-18 17:19:00,19282.0
2026-07-18 17:20:00,19063.0
2026-07-18 17:21:00,18932.0
2026-07-18 17:22:00,18864.0
2026-07-18 17:23:00,18791.0
2026-07-18 17:24:00,18625.0
2026-07-18 17:25:00,18394.0
2026-07-18 17:26:00,17962.0
2026-07-18 17:27:00,17321.0
2026-07-18 17:28:00,17033.0
2026-07-18 17:29:00,16967.0
2026-07-18 17:30:00,16888.0
2026-07-18 17:31:00,16692.0
2026-07-18 17:32:00,16392.0
2026-07-18 17:33:00,16082.0
2026-07-18 17:34:00,15829.0
2026-07-18 17:35:00,15621.0
2026-07-18 17:36:00,15373.0
2026-07-18 17:37:00,15237.0
2026-07-18 17:38:00,15133.0
2026-07-18 17:39:00,14998.0
2026-07-18 17:40:00,14845.0
2026-07-18 17:41:00,14635.0
2026-07-18 17:42:00,14305.0
2026-07-18 17:43:00,13969.0
2026-07-18 17:44:00,13810.0
2026-07-18 17:45:00,13727.0
2026-07-18 17:46:00,13604.0
2026-07-18 17:47:00,13469.0
2026-07-18 17:48:00,13323.0
2026-07-18 17:49:00,13110.0
2026-07-18 17:50:00,12867.0
2026-07-18 17:51:00,12670.0
2026-07-18 17:52:00,12429.0
2026-07-18 17:53:00,12181.0
2026-07-18 17:54:00,11943.0
2026-07-18 17:55:00,11716.0
2026-07-18 17:56:00,11519.0
2026-07-18 17:57:00,11366.0
2026-07-18 17:58:00,11237.0
2026-07-18 17:59:00,11129.0
2026-07-18 18:00:00,10930.0
2026-07-18 18:01:00,10655.0
2026-07-18 18:02:00,10398.0
2026-07-18 18:03:00,10211.0
2026-07-18 18:04:00,10061.0
2026-07-18 18:05:00,9936.0
2026-07-18 18:06:00,9787.0
2026-07-18 18:07:00,9642.0
2026-07-18 18:08:00,9454.0
2026-07-18 18:09:00,9250.0
2026-07-18 18:10:00,9076.0
2026-07-18 18:11:00,8913.0
2026-07-18 18:12:00,4300.0
2026-07-18 18:13:00,0.0
2026-07-18 18:14:00,0.0
2026-07-18 18:15:00,0.0
2026-07-18 18:16:00,0.0
2026-07-18 18:17:00,0.0
2026-07-18 18:18:00,0.0
2026-07-18 18:19:00,0.0
2026-07-18 18:20:00,0.0
2026-07-18 18:21:00,0.0
2026-07-18 18:22:00,0.0
2026-07-18 18:23:00,0.0
2026-07-18 18:24:00,0.0
2026-07-18 18:25:00,0.0
2026-07-18 18:26:00,0.0
2026-07-18 18:27:00,0.0
2026-07-18 18:28:00,0.0
2026-07-18 18:29:00,0.0
2026-07-18 18:30:00,0.0
2026-07-18 18:31:00,0.0
2026-07-18 18:32:00,0.0
2026-07-18 18:33:00,0.0
2026-07-18 18:34:00,0.0
2026-07-18 18:35:00,0.0
2026-07-18 18:36:00,0.0
2026-07-18 18:37:00,0.0
2026-07-18 18:38:00,0.0
2026-07-18 18:39:00,0.0
2026-07-18 18:40:00,0.0
2026-07-18 18:41:00,0.0
2026-07-18 18:42:00,0.0
2026-07-18 18:43:00,0.0
2026-07-18 18:44:00,0.0
2026-07-18 18:45:00,0.0
2026-07-18 18:46:00,0.0
2026-07-18 18:47:00,0.0
2026-07-18 18:48:00,0.0
2026-07-18 18:49:00,0.0
2026-07-18 18:50:00,1476.0
2026-07-18 18:51:00,3217.0
2026-07-18 18:52:00,3153.0
2026-07-18 18:53:00,3095.0
2026-07-18 18:54:00,3034.0
2026-07-18 18:55:00,2967.0
2026-07-18 18:56:00,2898.0
2026-07-18 18:57:00,2825.0
2026-07-18 18:58:00,2751.0
2026-07-18 18:59:00,2680.0
2026-07-18 19:00:00,2600.0
2026-07-18 19:01:00,2513.0
2026-07-18 19:02:00,2424.0
2026-07-18 19:03:00,2344.0
2026-07-18 19:04:00,2252.0
2026-07-18 19:05:00,2167.0
2026-07-18 19:06:00,2086.0
2026-07-18 19:07:00,2001.0
2026-07-18 19:08:00,1922.0
2026-07-18 19:09:00,1835.0
2026-07-18 19:10:00,1755.0
2026-07-18 19:11:00,1664.0
2026-07-18 19:12:00,1573.0
2026-07-18 19:13:00,1488.0
2026-07-18 19:14:00,1409.0
2026-07-18 19:15:00,1333.0
2026-07-18 19:16:00,1266.0
2026-07-18 19:17:00,1200.0
2026-07-18 19:18:00,1139.0
2026-07-18 19:19:00,1082.0
2026-07-18 19:20:00,1027.0
2026-07-18 19:21:00,963.0
2026-07-18 19:22:00,901.0
2026-07-18 19:23:00,844.0
2026-07-18 19:24:00,784.0
2026-07-18 19:25:00,730.0
2026-07-18 19:26:00,681.0
2026-07-18 19:27:00,633.0
2026-07-18 19:28:00,596.0
2026-07-18 19:29:00,547.0
2026-07-18 19:30:00,510.0
2026-07-18 19:31:00,469.0
2026-07-18 19:32:00,427.0
2026-07-18 19:33:00,388.0
2026-07-18 19:34:00,349.0
2026-07-18 19:35:00,312.0
2026-07-18 19:36:00,271.0
2026-07-18 19:37:00,238.0
2026-07-18 19:38:00,211.0
2026-07-18 19:39:00,195.0
2026-07-18 19:40:00,182.0
2026-07-18 19:41:00,162.0
2026-07-18 19:42:00,148.0
2026-07-18 19:43:00,123.0
2026-07-18 19:44:00,107.0
2026-07-18 19:45:00,97.0
2026-07-18 19:46:00,84.0
2026-07-18 19:47:00,66.0
2026-07-18 19:48:00,44.0
2026-07-18 19:49:00,19.0
2026-07-18 19:50:00,0.0
2026-07-18 19:51:00,0.0
2026-07-18 19:52:00,0.0
2026-07-18 19:53:00,0.0
2026-07-18 19:54:00,0.0
2026-07-18 19:55:00,0.0
2026-07-18 19:56:00,0.0
2026-07-18 19:57:00,0.0
2026-07-18 19:58:00,0.0
2026-07-18 19:59:00,0.0
2026-07-18 20:00:00,0.0
2026-07-18 20:01:00,0.0
2026-07-18 20:02:00,0.0
2026-07-18 20:03:00,0.0
2026-07-18 20:04:00,0.0
2026-07-18 20:05:00,0.0
2026-07-18 20:06:00,0.0
2026-07-18 20:07:00,0.0
2026-07-18 20:08:00,0.0
2026-07-18 20:09:00,0.0
2026-07-18 20:10:00,0.0
2026-07-18 20:11:00,0.0
2026-07-18 20:12:00,0.0
2026-07-18 20:13:00,0.0
2026-07-18 20:14:00,0.0
2026-07-18 20:15:00,0.0
2026-07-18 20:16:00,0.0
2026-07-18 20:17:00,0.0
2026-07-18 20:18:00,0.0
2026-07-18 20:19:00,0.0
2026-07-18 20:20:00,0.0
2026-07-18 20:21:00,0.0
2026-07-18 20:22:00,0.0
2026-07-18 20:23:00,0.0
2026-07-18 20:24:00,0.0
2026-07-18 20:25:00,0.0
2026-07-18 20:26:00,0.0
2026-07-18 20:27:00,0.0
2026-07-18 20:28:00,0.0
2026-07-18 20:29:00,0.0
2026-07-18 20:30:00,0.0
2026-07-18 20:31:00,0.0
2026-07-18 20:32:00,0.0
2026-07-18 20:33:00,0.0
2026-07-18 20:34:00,0.0
2026-07-18 20:35:00,0.0
2026-07-18 20:36:00,0.0
2026-07-18 20:37:00,0.0
2026-07-18 20:38:00,0.0
2026-07-18 20:39:00,0.0
2026-07-18 20:40:00,0.0
2026-07-18 20:41:00,0.0
2026-07-18 20:42:00,0.0
2026-07-18 20:43:00,0.0
2026-07-18 20:44:00,0.0
2026-07-18 20:45:00,0.0
2026-07-18 20:46:00,0.0
2026-07-18 20:47:00,0.0
2026-07-18 20:48:00,0.0
2026-07-18 20:49:00,0.0
2026-07-18 20:50:00,0.0
2026-07-18 20:51:00,0.0
2026-07-18 20:52:00,0.0
2026-07-18 20:53:00,0.0
2026-07-18 20:54:00,0.0
2026-07-18 20:55:00,0.0
2026-07-18 20:56:00,0.0
2026-07-18 20:57:00,0.0
2026-07-18 20:58:00,0.0
2026-07-18 20:59:00,0.0
2026-07-18 21:00:00,0.0
2026-07-18 21:01:00,0.0
2026-07-18 21:02:00,0.0
2026-07-18 21:03:00,0.0
2026-07-18 21:04:00,0.0
2026-07-18 21:05:00,0.0
2026-07-18 21:06:00,0.0
2026-07-18 21:07:00,0.0
2026-07-18 21:08:00,0.0
2026-07-18 21:09:00,0.0
2026-07-18 21:10:00,0.0
2026-07-18 21:11:00,0.0
2026-07-18 21:12:00,0.0
2026-07-18 21:13:00,0.0
2026-07-18 21:14:00,0.0
2026-07-18 21:15:00,0.0
2026-07-18 21:16:00,0.0
2026-07-18 21:17:00,0.0
2026-07-18 21:18:00,0.0
2026-07-18 21:19:00,0.0
2026-07-18 21:20:00,0.0
2026-07-18 21:21:00,0.0
2026-07-18 21:22:00,0.0
2026-07-18 21:23:00,0.0
2026-07-18 21:24:00,0.0
2026-07-18 21:25:00,0.0
2026-07-18 21:26:00,0.0
2026-07-18 21:27:00,0.0
2026-07-18 21:28:00,0.0
2026-07-18 21:29:00,0.0
2026-07-18 21:30:00,0.0
2026-07-18 21:31:00,0.0
2026-07-18 21:32:00,0.0
2026-07-18 21:33:00,0.0
2026-07-18 21:34:00,0.0
2026-07-18 21:35:00,0.0
2026-07-18 21:36:00,0.0
2026-07-18 21:37:00,0.0
2026-07-18 21:38:00,0.0
2026-07-18 21:39:00,0.0
2026-07-18 21:40:00,0.0
2026-07-18 21:41:00,0.0
2026-07-18 21:42:00,0.0
2026-07-18 21:43:00,0.0
2026-07-18 21:44:00,0.0
2026-07-18 21:45:00,0.0
2026-07-18 21:46:00,0.0
2026-07-18 21:47:00,0.0
2026-07-18 21:48:00,0.0
2026-07-18 21:49:00,0.0
2026-07-18 21:50:00,0.0
2026-07-18 21:51:00,0.0
2026-07-18 21:52:00,0.0
2026-07-18 21:53:00,0.0
2026-07-18 21:54:00,0.0
2026-07-18 21:55:00,0.0
2026-07-18 21:56:00,0.0
2026-07-18 21:57:00,0.0
2026-07-18 21:58:00,0.0
2026-07-18 21:59:00,0.0
2026-07-18 22:00:00,0.0
2026-07-18 22:01:00,0.0
2026-07-18 22:02:00,0.0
2026-07-18 22:03:00,0.0
2026-07-18 22:04:00,0.0
2026-07-18 22:05:00,0.0
2026-07-18 22:06:00,0.0
2026-07-18 22:07:00,0.0
2026-07-18 22:08:00,0.0
2026-07-18 22:09:00,0.0
2026-07-18 22:10:00,0.0
2026-07-18 22:11:00,0.0
2026-07-18 22:12:00,0.0
2026-07-18 22:13:00,0.0
2026-07-18 22:14:00,0.0
2026-07-18 22:15:00,0.0
2026-07-18 22:16:00,0.0
2026-07-18 22:17:00,0.0
2026-07-18 22:18:00,0.0
2026-07-18 22:19:00,0.0
2026-07-18 22:20:00,0.0
2026-07-18 22:21:00,0.0
2026-07-18 22:22:00,0.0
2026-07-18 22:23:00,0.0
2026-07-18 22:24:00,0.0
2026-07-18 22:25:00,0.0
2026-07-18 22:26:00,0.0
2026-07-18 22:27:00,0.0
2026-07-18 22:28:00,0.0
2026-07-18 22:29:00,0.0
2026-07-18 22:30:00,0.0
2026-07-18 22:31:00,0.0
2026-07-18 22:32:00,0.0
2026-07-18 22:33:00,0.0
2026-07-18 22:34:00,0.0
2026-07-18 22:35:00,0.0
2026-07-18 22:36:00,0.0
2026-07-18 22:37:00,0.0
2026-07-18 22:38:00,0.0
2026-07-18 22:39:00,0.0
2026-07-18 22:40:00,0.0
2026-07-18 22:41:00,0.0
2026-07-18 22:42:00,0.0
2026-07-18 22:43:00,0.0
2026-07-18 22:44:00,0.0
2026-07-18 22:45:00,0.0
2026-07-18 22:46:00,0.0
2026-07-18 22:47:00,0.0
2026-07-18 22:48:00,0.0
2026-07-18 22:49:00,0.0
2026-07-18 22:50:00,0.0
2026-07-18 22:51:00,0.0
2026-07-18 22:52:00,0.0
2026-07-18 22:53:00,0.0
2026-07-18 22:54:00,0.0
2026-07-18 22:55:00,0.0
2026-07-18 22:56:00,0.0
2026-07-18 22:57:00,0.0
2026-07-18 22:58:00,0.0
2026-07-18 22:59:00,0.0
2026-07-18 23:00:00,0.0
2026-07-18 23:01:00,0.0
2026-07-18 23:02:00,0.0
2026-07-18 23:03:00,0.0
2026-07-18 23:04:00,0.0
2026-07-18 23:05:00,0.0
2026-07-18 23:06:00,0.0
2026-07-18 23:07:00,0.0
2026-07-18 23:08:00,0.0
2026-07-18 23:09:00,0.0
2026-07-18 23:10:00,0.0
2026-07-18 23:11:00,0.0
2026-07-18 23:12:00,0.0
2026-07-18 23:13:00,0.0
2026-07-18 23:14:00,0.0
2026-07-18 23:15:00,0.0
2026-07-18 23:16:00,0.0
2026-07-18 23:17:00,0.0
2026-07-18 23:18:00,0.0
2026-07-18 23:19:00,0.0
2026-07-18 23:20:00,0.0
2026-07-18 23:21:00,0.0
2026-07-18 23:22:00,0.0
2026-07-18 23:23:00,0.0
2026-07-18 23:24:00,0.0
2026-07-18 23:25:00,0.0
2026-07-18 23:26:00,0.0
2026-07-18 23:27:00,0.0
2026-07-18 23:28:00,0.0
2026-07-18 23:29:00,0.0
2026-07-18 23:30:00,0.0
2026-07-18 23:31:00,0.0
2026-07-18 23:32:00,0.0
2026-07-18 23:33:00,0.0
2026-07-18 23:34:00,0.0
2026-07-18 23:35:00,0.0
2026-07-18 23:36:00,0.0
2026-07-18 23:37:00,0.0
2026-07-18 23:38:00,0.0
2026-07-18 23:39:00,0.0
2026-07-18 23:40:00,0.0
2026-07-18 23:41:00,0.0
2026-07-18 23:42:00,0.0
2026-07-18 23:43:00,0.0
2026-07-18 23:44:00,0.0
2026-07-18 23:45:00,0.0
2026-07-18 23:46:00,0.0
2026-07-18 23:47:00,0.0
2026-07-18 23:48:00,0.0
2026-07-18 23:49:00,0.0
2026-07-18 23:50:00,0.0
2026-07-18 23:51:00,0.0
2026-07-18 23:52:00,0.0
2026-07-18 23:53:00,0.0
2026-07-18 23:54:00,0.0
2026-07-18 23:55:00,0.0
2026-07-18 23:56:00,0.0
2026-07-18 23:57:00,0.0
2026-07-18 23:58:00,0.0
2026-07-18 23:59:00,0.0
