timestamp,load_kw
2025-01-01 00:00:00,952.0275138470836
2025-01-01 01:00:00,964.174199341669
2025-01-01 02:00:00,1124.5777876272002
2025-01-01 03:00:00,960.9648593196024
2025-01-01 04:00:00,690.8119591435903
2025-01-01 05:00:00,1051.6702704534002
2025-01-01 06:00:00,933.4027251937732
2025-01-01 07:00:00,943.3387186702691
2025-01-01 08:00:00,1008.9840084704816
2025-01-01 09:00:00,1031.9436352083496
2025-01-01 10:00:00,1215.6122370492906
2025-01-01 11:00:00,1115.634150309085
2025-01-01 12:00:00,1007.9234056675716
2025-01-01 13:00:00,840.5125470488076
2025-01-01 14:00:00,786.0110434882695
2025-01-01 15:00:00,1034.7135634666422
2025-01-01 16:00:00,1244.7073959458758
2025-01-01 17:00:00,994.3443537074728
2025-01-01 18:00:00,965.1588620692876
2025-01-01 19:00:00,1091.008491694582
2025-01-01 20:00:00,699.4520459835813
2025-01-01 21:00:00,924.5394336168526
2025-01-01 22:00:00,1082.8406477200608
2025-01-01 23:00:00,1158.38634903073
2025-01-02 00:00:00,1050.0169929754054
2025-01-02 01:00:00,1024.9439142569408
2025-01-02 02:00:00,1129.252979141682
2025-01-02 03:00:00,759.0638749811479
2025-01-02 04:00:00,1087.4452250085178
2025-01-02 05:00:00,680.6928009426002
2025-01-02 06:00:00,464.8100689213241
2025-01-02 07:00:00,857.9473103125873
2025-01-02 08:00:00,797.6172612039392
2025-01-02 09:00:00,1147.5491701639187
2025-01-02 10:00:00,1106.196407328718
2025-01-02 11:00:00,738.3915253418702
2025-01-02 12:00:00,1141.9538407090236
2025-01-02 13:00:00,780.7452812824764
2025-01-02 14:00:00,959.6264546909176
2025-01-02 15:00:00,919.0725242099148
2025-01-02 16:00:00,998.8148459415672
2025-01-02 17:00:00,1136.344002463236
2025-01-02 18:00:00,1101.1476489536906
2025-01-02 19:00:00,1044.799764734491
2025-01-02 20:00:00,1103.4002284063297
2025-01-02 21:00:00,1069.915910911195
2025-01-02 22:00:00,854.022931356549
2025-01-02 23:00:00,836.3711721700747
2025-01-03 00:00:00,1048.7468194386522
2025-01-03 01:00:00,905.8247910481894
2025-01-03 02:00:00,1398.9620453048828
2025-01-03 03:00:00,797.2801267088347
2025-01-03 04:00:00,743.9625433451711
2025-01-03 05:00:00,1100.0744112661598
2025-01-03 06:00:00,1224.6763062221992
2025-01-03 07:00:00,1049.9609002702052
2025-01-03 08:00:00,1112.9171892539232
2025-01-03 09:00:00,1225.533522637193
2025-01-03 10:00:00,935.5915081409324
2025-01-03 11:00:00,682.1581715074597
2025-01-03 12:00:00,852.0535367822268
2025-01-03 13:00:00,1135.2445803897624
2025-01-03 14:00:00,678.2068727913726
2025-01-03 15:00:00,959.917556950758
2025-01-03 16:00:00,1001.8165082706572
2025-01-03 17:00:00,893.3381036774318
2025-01-03 18:00:00,1091.5229255751135
2025-01-03 19:00:00,1064.2803459358622
2025-01-03 20:00:00,1396.2262533180435
2025-01-03 21:00:00,1071.753682648992
2025-01-03 22:00:00,837.3069395894055
2025-01-03 23:00:00,846.3855970907841
2025-01-04 00:00:00,1092.0540747106058
2025-01-04 01:00:00,813.346063141084
2025-01-04 02:00:00,904.4513420360256
2025-01-04 03:00:00,1054.815322085755
2025-01-04 04:00:00,784.6093798911937
2025-01-04 05:00:00,863.4650182260966
2025-01-04 06:00:00,579.5241381006576
2025-01-04 07:00:00,718.7413588862454
2025-01-04 08:00:00,813.1802852500465
2025-01-04 09:00:00,993.6209745291636
2025-01-04 10:00:00,1136.310268151337
2025-01-04 11:00:00,913.953896829804
2025-01-04 12:00:00,965.294058127053
2025-01-04 13:00:00,948.1590437984224
2025-01-04 14:00:00,1116.3576841236052
2025-01-04 15:00:00,1081.244417586569
2025-01-04 16:00:00,967.5560466080284
2025-01-04 17:00:00,731.8656449326389
2025-01-04 18:00:00,1083.0846267953193
2025-01-04 19:00:00,987.2520782589356
2025-01-04 20:00:00,1142.4469698870162
2025-01-04 21:00:00,911.8550588462442
2025-01-04 22:00:00,1275.6742646572206
2025-01-04 23:00:00,851.499507348614
2025-01-05 00:00:00,1186.644557733472
2025-01-05 01:00:00,1040.1703278091627
2025-01-05 02:00:00,898.1523765791625
2025-01-05 03:00:00,1124.9011484281148
2025-01-05 04:00:00,1490.13131055115
2025-01-05 05:00:00,1349.3271963192713
2025-01-05 06:00:00,1319.750940938157
2025-01-05 07:00:00,608.7652206363592
2025-01-05 08:00:00,1324.873307748197
2025-01-05 09:00:00,1288.8892833763327
2025-01-05 10:00:00,1032.3622547984603
2025-01-05 11:00:00,1014.3929344985636
2025-01-05 12:00:00,1159.4023785871077
2025-01-05 13:00:00,1560.0884088584426
2025-01-05 14:00:00,915.1680167961024
2025-01-05 15:00:00,1060.6928795756037
2025-01-05 16:00:00,1475.8556529971415
2025-01-05 17:00:00,1056.4368882789847
2025-01-05 18:00:00,1075.4365219361996
2025-01-05 19:00:00,1182.6212824076615
2025-01-05 20:00:00,871.9745384605974
2025-01-05 21:00:00,1210.9630038958717
2025-01-05 22:00:00,879.3220009870774
2025-01-05 23:00:00,1365.2934728532966
2025-01-06 00:00:00,1457.944429193867
2025-01-06 01:00:00,1057.0803121040462
2025-01-06 02:00:00,1274.237503681913
2025-01-06 03:00:00,739.9857777432414
2025-01-06 04:00:00,976.4147301813136
2025-01-06 05:00:00,1065.548647966654
2025-01-06 06:00:00,1350.3094356830843
2025-01-06 07:00:00,664.3901490958644
2025-01-06 08:00:00,1199.1587522105797
2025-01-06 09:00:00,1119.2366500871049
2025-01-06 10:00:00,1307.8378402151452
2025-01-06 11:00:00,1143.4638578531276
2025-01-06 12:00:00,1011.286928934472
2025-01-06 13:00:00,896.44365761803
2025-01-06 14:00:00,751.0121437409703
2025-01-06 15:00:00,1039.982007364939
2025-01-06 16:00:00,962.491229776364
2025-01-06 17:00:00,1405.2661446177678
2025-01-06 18:00:00,878.5531834871655
2025-01-06 19:00:00,1064.997410513483
2025-01-06 20:00:00,686.7923848153921
2025-01-06 21:00:00,921.7028695197536
2025-01-06 22:00:00,1053.138383721718
2025-01-06 23:00:00,1165.7980300562288
2025-01-07 00:00:00,1135.3208258394538
2025-01-07 01:00:00,889.488408305939
2025-01-07 02:00:00,1250.3221329707417
2025-01-07 03:00:00,1263.8695771330458
2025-01-07 04:00:00,1258.067090553415
2025-01-07 05:00:00,985.0078440459308
2025-01-07 06:00:00,1405.0781353469729
2025-01-07 07:00:00,1165.570398970242
2025-01-07 08:00:00,1305.7552620436438
2025-01-07 09:00:00,1437.3081088298711
2025-01-07 10:00:00,1285.0109143550387
2025-01-07 11:00:00,1211.071669664299
2025-01-07 12:00:00,1638.611823418065
2025-01-07 13:00:00,1201.263774372463
2025-01-07 14:00:00,1077.6330612870966
2025-01-07 15:00:00,1171.084779220476
2025-01-07 16:00:00,1485.1175015407782
2025-01-07 17:00:00,1172.630073419475
2025-01-07 18:00:00,1264.4172224082245
2025-01-07 19:00:00,1419.3610272849703
2025-01-07 20:00:00,1027.9453965841858
2025-01-07 21:00:00,749.9000464759869
2025-01-07 22:00:00,1214.028522989761
2025-01-07 23:00:00,1198.063831828311
2025-01-08 00:00:00,1103.4251963128604
2025-01-08 01:00:00,1053.898841237657
2025-01-08 02:00:00,752.7101436798347
2025-01-08 03:00:00,1037.1064015600884
2025-01-08 04:00:00,902.8548525372152
2025-01-08 05:00:00,660.9881510480989
2025-01-08 06:00:00,1024.839747007225
2025-01-08 07:00:00,931.2135213847204
2025-01-08 08:00:00,799.6411136746971
2025-01-08 09:00:00,1037.9948314377837
2025-01-08 10:00:00,1031.4446089238038
2025-01-08 11:00:00,831.1676211662493
2025-01-08 12:00:00,1014.9543524415506
2025-01-08 13:00:00,1130.4848502117109
2025-01-08 14:00:00,805.7710876904578
2025-01-08 15:00:00,1011.296589672953
2025-01-08 16:00:00,940.2291820990066
2025-01-08 17:00:00,1365.5903410533208
2025-01-08 18:00:00,589.705845858231
2025-01-08 19:00:00,1070.384488015976
2025-01-08 20:00:00,882.1548814570168
2025-01-08 21:00:00,920.8799071726036
2025-01-08 22:00:00,1297.1001748034687
2025-01-08 23:00:00,938.1000027925752
2025-01-09 00:00:00,1116.456833111565
2025-01-09 01:00:00,1310.6208108291096
2025-01-09 02:00:00,1104.5277644152231
2025-01-09 03:00:00,1055.5763499590814
2025-01-09 04:00:00,1240.0674344294805
2025-01-09 05:00:00,1155.545466433057
2025-01-09 06:00:00,1274.3628433023634
2025-01-09 07:00:00,709.1303961209379
2025-01-09 08:00:00,1715.2713252352164
2025-01-09 09:00:00,1183.85574711401
2025-01-09 10:00:00,1651.690943526557
2025-01-09 11:00:00,978.0675012766636
2025-01-09 12:00:00,1296.419367541507
2025-01-09 13:00:00,2000.0222323981768
2025-01-09 14:00:00,1011.7197840409186
2025-01-09 15:00:00,858.4847613807964
2025-01-09 16:00:00,1090.8932152120076
2025-01-09 17:00:00,1340.4992203444017
2025-01-09 18:00:00,1394.5973547890385
2025-01-09 19:00:00,1540.8404701000995
2025-01-09 20:00:00,1161.8062361380885
2025-01-09 21:00:00,832.286859680759
2025-01-09 22:00:00,1118.2004437769897
2025-01-09 23:00:00,1528.5575781929515
2025-01-10 00:00:00,637.3004626605373
2025-01-10 01:00:00,1039.796358180327
2025-01-10 02:00:00,1339.9518436180938
2025-01-10 03:00:00,1492.4945982103068
2025-01-10 04:00:00,1164.769690151389
2025-01-10 05:00:00,1111.913491614974
2025-01-10 06:00:00,787.4040311070246
2025-01-10 07:00:00,870.5389253612007
2025-01-10 08:00:00,1056.9625729312995
2025-01-10 09:00:00,1152.520511081827
2025-01-10 10:00:00,1168.6435848349793
2025-01-10 11:00:00,946.987121395321
2025-01-10 12:00:00,805.8888156386894
2025-01-10 13:00:00,884.2482606621976
2025-01-10 14:00:00,804.8349421246729
2025-01-10 15:00:00,1181.8846317889231
2025-01-10 16:00:00,562.8820368076791
2025-01-10 17:00:00,977.3395484433828
2025-01-10 18:00:00,1141.3539648165608
2025-01-10 19:00:00,1365.8883058056035
2025-01-10 20:00:00,1062.0692129581416
2025-01-10 21:00:00,1256.833419199197
2025-01-10 22:00:00,963.5747120895504
2025-01-10 23:00:00,891.2384986687343
2025-01-11 00:00:00,1218.091395441611
2025-01-11 01:00:00,1118.6048093313525
2025-01-11 02:00:00,1024.0245669789529
2025-01-11 03:00:00,1554.543716374168
2025-01-11 04:00:00,927.0340046539044
2025-01-11 05:00:00,1048.8352029128696
2025-01-11 06:00:00,990.4702035730718
2025-01-11 07:00:00,891.6624058829098
2025-01-11 08:00:00,1365.2990537129022
2025-01-11 09:00:00,1214.22270723283
2025-01-11 10:00:00,671.9070418196155
2025-01-11 11:00:00,858.4524834879611
2025-01-11 12:00:00,1013.0028927393632
2025-01-11 13:00:00,1079.2222045688247
2025-01-11 14:00:00,681.4304262686418
2025-01-11 15:00:00,512.1502750689116
2025-01-11 16:00:00,577.3148344005162
2025-01-11 17:00:00,919.7989679405692
2025-01-11 18:00:00,913.8102086575497
2025-01-11 19:00:00,997.4920773718496
2025-01-11 20:00:00,789.4373639046593
2025-01-11 21:00:00,704.6096220396057
2025-01-11 22:00:00,555.5410846235682
2025-01-11 23:00:00,994.5002805562864
2025-01-12 00:00:00,1243.6313129017797
2025-01-12 01:00:00,1201.6723594770842
2025-01-12 02:00:00,997.9948294926976
2025-01-12 03:00:00,1317.5618366031854
2025-01-12 04:00:00,1009.2729503803674
2025-01-12 05:00:00,900.4380846373547
2025-01-12 06:00:00,929.543600079302
2025-01-12 07:00:00,916.2142984005144
2025-01-12 08:00:00,588.1498894404612
2025-01-12 09:00:00,1070.010898016471
2025-01-12 10:00:00,1089.4258312606892
2025-01-12 11:00:00,962.3957200274888
2025-01-12 12:00:00,889.438776855109
2025-01-12 13:00:00,1114.7255962873785
2025-01-12 14:00:00,1393.8460553867858
2025-01-12 15:00:00,1045.5095090517636
2025-01-12 16:00:00,932.2298374411632
2025-01-12 17:00:00,914.8373259206476
2025-01-12 18:00:00,1023.0955697624076
2025-01-12 19:00:00,775.1142004136213
2025-01-12 20:00:00,1011.5776494771956
2025-01-12 21:00:00,1050.2672104205246
2025-01-12 22:00:00,1420.3680516072125
2025-01-12 23:00:00,1233.355228960701
2025-01-13 00:00:00,946.5850478530078
2025-01-13 01:00:00,1251.9240804035608
2025-01-13 02:00:00,852.4280289388805
2025-01-13 03:00:00,1172.885984335655
2025-01-13 04:00:00,1196.4623513690365
2025-01-13 05:00:00,934.7808357108732
2025-01-13 06:00:00,1545.4697316623783
2025-01-13 07:00:00,1229.2814106602038
2025-01-13 08:00:00,683.8805425419636
2025-01-13 09:00:00,1226.076755053016
2025-01-13 10:00:00,1014.0478473052528
2025-01-13 11:00:00,1104.3086349593923
2025-01-13 12:00:00,1206.84607492148
2025-01-13 13:00:00,1190.2347503308604
2025-01-13 14:00:00,653.7582052625347
2025-01-13 15:00:00,848.2466618816647
2025-01-13 16:00:00,1274.600915749878
2025-01-13 17:00:00,1391.3119035239365
2025-01-13 18:00:00,1524.2227363497843
2025-01-13 19:00:00,1502.1460307800296
2025-01-13 20:00:00,650.1403238863728
2025-01-13 21:00:00,1273.9071508448917
2025-01-13 22:00:00,680.8860624898367
2025-01-13 23:00:00,1460.2893438822448
2025-01-14 00:00:00,791.7505121497071
2025-01-14 01:00:00,1438.283345404096
2025-01-14 02:00:00,1158.023396615005
2025-01-14 03:00:00,637.8704649482376
2025-01-14 04:00:00,1086.107648344235
2025-01-14 05:00:00,875.8797622116025
2025-01-14 06:00:00,1048.7296778895338
2025-01-14 07:00:00,930.4461089768124
2025-01-14 08:00:00,1307.7060828454314
2025-01-14 09:00:00,733.8659501730062
2025-01-14 10:00:00,1091.019024662493
2025-01-14 11:00:00,1398.1272598150874
2025-01-14 12:00:00,856.2194454675954
2025-01-14 13:00:00,1069.1148514211666
2025-01-14 14:00:00,1067.3406627875418
2025-01-14 15:00:00,884.3819052878628
2025-01-14 16:00:00,1158.8282624176215
2025-01-14 17:00:00,1045.8068646542763
2025-01-14 18:00:00,832.2530784658578
2025-01-14 19:00:00,1387.4226210095185
2025-01-14 20:00:00,1188.3168471937338
2025-01-14 21:00:00,991.6073912538895
2025-01-14 22:00:00,895.2620101103872
2025-01-14 23:00:00,864.9595873752883
2025-01-15 00:00:00,1090.7869651637754
2025-01-15 01:00:00,1226.9614349466262
2025-01-15 02:00:00,1082.25163390207
2025-01-15 03:00:00,1262.239366947441
2025-01-15 04:00:00,1097.641374632265
2025-01-15 05:00:00,1295.3762189653178
2025-01-15 06:00:00,1082.5316146516525
2025-01-15 07:00:00,1310.149236629468
2025-01-15 08:00:00,1274.8191822098483
2025-01-15 09:00:00,1097.499636893679
2025-01-15 10:00:00,930.4791937179176
2025-01-15 11:00:00,912.4228567304236
2025-01-15 12:00:00,957.2324967935236
2025-01-15 13:00:00,902.4516111847228
2025-01-15 14:00:00,1318.2869235577753
2025-01-15 15:00:00,1113.2332133004384
2025-01-15 16:00:00,1476.573270392552
2025-01-15 17:00:00,1635.966309597252
2025-01-15 18:00:00,1129.1504697743412
2025-01-15 19:00:00,775.8032252889234
2025-01-15 20:00:00,1037.9783030234642
2025-01-15 21:00:00,1106.7727753956383
2025-01-15 22:00:00,789.1921582772186
2025-01-15 23:00:00,1067.4104855044634
2025-01-16 00:00:00,934.681975498036
2025-01-16 01:00:00,871.0743676930057
2025-01-16 02:00:00,873.0647760369997
2025-01-16 03:00:00,1397.046614678345
2025-01-16 04:00:00,996.3923951716332
2025-01-16 05:00:00,858.41365941255
2025-01-16 06:00:00,952.4941629642962
2025-01-16 07:00:00,1225.7084682971592
2025-01-16 08:00:00,888.3119059140333
2025-01-16 09:00:00,1128.444543750685
2025-01-16 10:00:00,1179.0916734974462
2025-01-16 11:00:00,1183.4624868305043
2025-01-16 12:00:00,1317.3844738594942
2025-01-16 13:00:00,915.938377899046
2025-01-16 14:00:00,1262.4300798800098
2025-01-16 15:00:00,866.0459024408439
2025-01-16 16:00:00,947.6275359459544
2025-01-16 17:00:00,1275.4716372966266
2025-01-16 18:00:00,1198.5426416610342
2025-01-16 19:00:00,1029.6875067411254
2025-01-16 20:00:00,784.0018236379387
2025-01-16 21:00:00,1144.8740418940658
2025-01-16 22:00:00,899.4927817668818
2025-01-16 23:00:00,839.0729740822632
2025-01-17 00:00:00,981.8253941950494
2025-01-17 01:00:00,538.7681309580286
2025-01-17 02:00:00,1003.2096398204492
2025-01-17 03:00:00,968.2419942285244
2025-01-17 04:00:00,826.30878306828
2025-01-17 05:00:00,1129.746545891668
2025-01-17 06:00:00,1050.1212169677265
2025-01-17 07:00:00,822.237053554639
2025-01-17 08:00:00,810.310200460734
2025-01-17 09:00:00,1065.7868473442566
2025-01-17 10:00:00,651.9796696343483
2025-01-17 11:00:00,873.4499244472142
2025-01-17 12:00:00,817.6030379067016
2025-01-17 13:00:00,948.7734898838156
2025-01-17 14:00:00,975.2067405653012
2025-01-17 15:00:00,942.5811298892672
2025-01-17 16:00:00,1148.0713758468626
2025-01-17 17:00:00,978.3762281661795
2025-01-17 18:00:00,876.7492242958502
2025-01-17 19:00:00,709.0980845029436
2025-01-17 20:00:00,1070.783153397294
2025-01-17 21:00:00,1034.5336562417654
2025-01-17 22:00:00,1207.2001942873885
2025-01-17 23:00:00,795.8184651931215
2025-01-18 00:00:00,991.4127163139084
2025-01-18 01:00:00,985.6106417932951
2025-01-18 02:00:00,1005.2733548439056
2025-01-18 03:00:00,659.1873625621477
2025-01-18 04:00:00,1168.7119171814309
2025-01-18 05:00:00,1134.246434349447
2025-01-18 06:00:00,1230.004311546488
2025-01-18 07:00:00,1454.5381970690505
2025-01-18 08:00:00,939.1918303588056
2025-01-18 09:00:00,995.9370012165156
2025-01-18 10:00:00,1005.1516387222568
2025-01-18 11:00:00,1392.8643805436768
2025-01-18 12:00:00,655.8406784655344
2025-01-18 13:00:00,1100.6520727344594
2025-01-18 14:00:00,708.0844088818541
2025-01-18 15:00:00,485.2281660241375
2025-01-18 16:00:00,597.7333676669097
2025-01-18 17:00:00,725.9537699043467
2025-01-18 18:00:00,1217.675531603648
2025-01-18 19:00:00,828.962817960572
2025-01-18 20:00:00,957.552096270357
2025-01-18 21:00:00,769.7441188653959
2025-01-18 22:00:00,1125.7684078889306
2025-01-18 23:00:00,782.0936195182617
2025-01-19 00:00:00,907.4674850462294
2025-01-19 01:00:00,959.167083476326
2025-01-19 02:00:00,1160.1804922862354
2025-01-19 03:00:00,1137.9790401484724
2025-01-19 04:00:00,1455.0413624060643
2025-01-19 05:00:00,1159.6519510853554
2025-01-19 06:00:00,858.8364399385409
2025-01-19 07:00:00,1005.479754224066
2025-01-19 08:00:00,1002.660423105094
2025-01-19 09:00:00,1296.5875580286609
2025-01-19 10:00:00,1219.3026288019712
2025-01-19 11:00:00,1105.343267479876
2025-01-19 12:00:00,1329.3281338399972
2025-01-19 13:00:00,1012.690507288807
2025-01-19 14:00:00,1101.5287859051164
2025-01-19 15:00:00,1173.3205139679765
2025-01-19 16:00:00,1478.4796864110947
2025-01-19 17:00:00,1110.0670788113396
2025-01-19 18:00:00,1052.9348180794664
2025-01-19 19:00:00,895.5250112211295
2025-01-19 20:00:00,1287.7572305017968
2025-01-19 21:00:00,999.2946581677876
2025-01-19 22:00:00,1210.219111156639
2025-01-19 23:00:00,701.7125657539607
2025-01-20 00:00:00,810.58382504387
2025-01-20 01:00:00,933.1406509171547
2025-01-20 02:00:00,1338.8507500687967
2025-01-20 03:00:00,810.0240791211561
2025-01-20 04:00:00,1087.362728996122
2025-01-20 05:00:00,1121.3304582345925
2025-01-20 06:00:00,884.2557510715426
2025-01-20 07:00:00,1401.6880219543118
2025-01-20 08:00:00,1436.1273722233475
2025-01-20 09:00:00,669.2247056794977
2025-01-20 10:00:00,784.7170646077718
2025-01-20 11:00:00,1283.527589677256
2025-01-20 12:00:00,816.9732812318109
2025-01-20 13:00:00,1019.038319467218
2025-01-20 14:00:00,1133.550002569992
2025-01-20 15:00:00,1257.808979093541
2025-01-20 16:00:00,1055.5857393856868
2025-01-20 17:00:00,1125.9633565027937
2025-01-20 18:00:00,933.2753289081268
2025-01-20 19:00:00,1390.5125405194756
2025-01-20 20:00:00,995.464496929322
2025-01-20 21:00:00,1179.9966399017346
2025-01-20 22:00:00,991.857099971711
2025-01-20 23:00:00,1128.4168493404188
2025-01-21 00:00:00,951.756109017178
2025-01-21 01:00:00,784.264665861261
2025-01-21 02:00:00,1140.4093908460504
2025-01-21 03:00:00,1261.924308186672
2025-01-21 04:00:00,1031.5578859821835
2025-01-21 05:00:00,1127.802523684703
2025-01-21 06:00:00,1148.6047788360388
2025-01-21 07:00:00,1166.29558546344
2025-01-21 08:00:00,1043.4035768240644
2025-01-21 09:00:00,1025.4803031810293
2025-01-21 10:00:00,1153.70819822385
2025-01-21 11:00:00,997.2623051428682
2025-01-21 12:00:00,792.1073662364231
2025-01-21 13:00:00,988.4119790956252
2025-01-21 14:00:00,612.1855764703026
2025-01-21 15:00:00,982.5591221189728
2025-01-21 16:00:00,1065.0484821572163
2025-01-21 17:00:00,1226.8917502758222
2025-01-21 18:00:00,1013.4828540567656
2025-01-21 19:00:00,1166.3258919454788
2025-01-21 20:00:00,983.6142059561744
2025-01-21 21:00:00,782.3571368825872
2025-01-21 22:00:00,706.0394791346976
2025-01-21 23:00:00,792.9305461724672
2025-01-22 00:00:00,973.3426325928124
2025-01-22 01:00:00,827.9863093914367
2025-01-22 02:00:00,962.3901596910688
2025-01-22 03:00:00,876.5429926931446
2025-01-22 04:00:00,1044.2378790743503
2025-01-22 05:00:00,1047.0269675842571
2025-01-22 06:00:00,752.3603122703269
2025-01-22 07:00:00,816.4622479687274
2025-01-22 08:00:00,771.7987034175607
2025-01-22 09:00:00,583.740071284376
2025-01-22 10:00:00,980.5142514714852
2025-01-22 11:00:00,1069.2456929465477
2025-01-22 12:00:00,862.7455131063871
2025-01-22 13:00:00,778.6467275590394
2025-01-22 14:00:00,1052.3331587453642
2025-01-22 15:00:00,458.7141332423248
2025-01-22 16:00:00,894.5187622237084
2025-01-22 17:00:00,888.6115027434805
2025-01-22 18:00:00,765.228478237445
2025-01-22 19:00:00,1104.2801986582074
2025-01-22 20:00:00,1031.5713073450995
2025-01-22 21:00:00,818.7356950526522
2025-01-22 22:00:00,848.8775812693387
2025-01-22 23:00:00,796.8167764030193
2025-01-23 00:00:00,700.9292357061081
2025-01-23 01:00:00,1211.3040535521095
2025-01-23 02:00:00,1144.482760300266
2025-01-23 03:00:00,1100.8462577796267
2025-01-23 04:00:00,741.533692086041
2025-01-23 05:00:00,1344.37707651476
2025-01-23 06:00:00,1325.2618797781154
2025-01-23 07:00:00,985.0102590139832
2025-01-23 08:00:00,777.6291865874629
2025-01-23 09:00:00,784.8041456421273
2025-01-23 10:00:00,1028.771622348137
2025-01-23 11:00:00,775.9596452262374
2025-01-23 12:00:00,942.8102011544918
2025-01-23 13:00:00,1155.9968032861304
2025-01-23 14:00:00,663.2182986677725
2025-01-23 15:00:00,1330.1153808139018
2025-01-23 16:00:00,1246.7625047508593
2025-01-23 17:00:00,714.4310328811395
2025-01-23 18:00:00,680.9100213425
2025-01-23 19:00:00,895.4947315238294
2025-01-23 20:00:00,753.5315315374808
2025-01-23 21:00:00,899.2351901830488
2025-01-23 22:00:00,459.2387017158405
2025-01-23 23:00:00,905.88389282208
2025-01-24 00:00:00,917.20551649457
2025-01-24 01:00:00,1116.4344189811177
2025-01-24 02:00:00,829.1047567351205
2025-01-24 03:00:00,1331.6721183959105
2025-01-24 04:00:00,1127.712211742387
2025-01-24 05:00:00,1639.303178590419
2025-01-24 06:00:00,1229.781980760869
2025-01-24 07:00:00,1093.025768719483
2025-01-24 08:00:00,1310.896020078626
2025-01-24 09:00:00,1061.3655253765644
2025-01-24 10:00:00,864.6037368616913
2025-01-24 11:00:00,1252.245224967861
2025-01-24 12:00:00,1139.6278819864249
2025-01-24 13:00:00,1220.210691121987
2025-01-24 14:00:00,1269.6071460894836
2025-01-24 15:00:00,1060.3991206616774
2025-01-24 16:00:00,1280.4998123402752
2025-01-24 17:00:00,1591.348826383725
2025-01-24 18:00:00,919.2828117417788
2025-01-24 19:00:00,1591.2848044421562
2025-01-24 20:00:00,1123.5827231505157
2025-01-24 21:00:00,999.8630311766902
2025-01-24 22:00:00,1754.204661917808
2025-01-24 23:00:00,1217.5433453854064
2025-01-25 00:00:00,1323.689422143016
2025-01-25 01:00:00,755.2712231110269
2025-01-25 02:00:00,1165.150826051686
2025-01-25 03:00:00,1018.1333823415296
2025-01-25 04:00:00,832.3596052730516
2025-01-25 05:00:00,734.5392853236937
2025-01-25 06:00:00,1160.9348030527535
2025-01-25 07:00:00,1271.9619951236728
2025-01-25 08:00:00,1226.5500410620305
2025-01-25 09:00:00,1068.0746765657254
2025-01-25 10:00:00,955.9722457592204
2025-01-25 11:00:00,913.1178943560838
2025-01-25 12:00:00,1011.3436346000984
2025-01-25 13:00:00,902.6072717346972
2025-01-25 14:00:00,1091.4089814551703
2025-01-25 15:00:00,1132.452943078155
2025-01-25 16:00:00,933.7944224787202
2025-01-25 17:00:00,1084.8616354115904
2025-01-25 18:00:00,964.6632759040926
2025-01-25 19:00:00,1136.6428735580082
2025-01-25 20:00:00,1253.0392192982126
2025-01-25 21:00:00,1178.189697469926
2025-01-25 22:00:00,1245.0899682875786
2025-01-25 23:00:00,761.774146766597
2025-01-26 00:00:00,1015.9360523242048
2025-01-26 01:00:00,1086.0988027927583
2025-01-26 02:00:00,654.9899070094556
2025-01-26 03:00:00,993.301888574239
2025-01-26 04:00:00,1194.928542527171
2025-01-26 05:00:00,928.2670351343778
2025-01-26 06:00:00,944.4112593275604
2025-01-26 07:00:00,1049.382062056559
2025-01-26 08:00:00,1010.2330536534756
2025-01-26 09:00:00,1092.5437578774086
2025-01-26 10:00:00,976.59705149692
2025-01-26 11:00:00,992.0153609279116
2025-01-26 12:00:00,812.0103046748461
2025-01-26 13:00:00,929.8405593459636
2025-01-26 14:00:00,1203.920008871097
2025-01-26 15:00:00,923.3461230884448
2025-01-26 16:00:00,930.2012819899668
2025-01-26 17:00:00,868.025486808643
2025-01-26 18:00:00,1114.2128423852123
2025-01-26 19:00:00,798.1028951377486
2025-01-26 20:00:00,1137.9550587194128
2025-01-26 21:00:00,782.2586858327277
2025-01-26 22:00:00,758.9994493154641
2025-01-26 23:00:00,1002.3048720354705
2025-01-27 00:00:00,1073.8895491002754
2025-01-27 01:00:00,1228.9617426982095
2025-01-27 02:00:00,929.9517414609072
2025-01-27 03:00:00,1103.3715353872833
2025-01-27 04:00:00,829.1377027961441
2025-01-27 05:00:00,1268.821802686613
2025-01-27 06:00:00,1141.778776827296
2025-01-27 07:00:00,1122.3304063417688
2025-01-27 08:00:00,1051.6561077404654
2025-01-27 09:00:00,854.3184063505296
2025-01-27 10:00:00,947.2076581218548
2025-01-27 11:00:00,1115.2882597696578
2025-01-27 12:00:00,1009.6815973995666
2025-01-27 13:00:00,1038.6552764905723
2025-01-27 14:00:00,737.9159044226519
2025-01-27 15:00:00,1050.2807916263605
2025-01-27 16:00:00,873.3070522636476
2025-01-27 17:00:00,793.9628968006766
2025-01-27 18:00:00,982.2135797072982
2025-01-27 19:00:00,637.2309042961958
2025-01-27 20:00:00,1155.1804742219508
2025-01-27 21:00:00,1186.2855147324774
2025-01-27 22:00:00,1002.7382382354764
2025-01-27 23:00:00,812.1168319822227
2025-01-28 00:00:00,878.5747975455371
2025-01-28 01:00:00,466.79728945896846
2025-01-28 02:00:00,938.6578358385432
2025-01-28 03:00:00,1026.3463629940877
2025-01-28 04:00:00,849.4443310803008
2025-01-28 05:00:00,816.3755380406174
2025-01-28 06:00:00,938.9278971785392
2025-01-28 07:00:00,969.4906840851526
2025-01-28 08:00:00,1104.2078816697997
2025-01-28 09:00:00,909.2903150690432
2025-01-28 10:00:00,780.9788411694944
2025-01-28 11:00:00,822.379736033496
2025-01-28 12:00:00,938.9239985360102
2025-01-28 13:00:00,1187.9271181032786
2025-01-28 14:00:00,847.9262268669047
2025-01-28 15:00:00,715.2482171183023
2025-01-28 16:00:00,748.3011592399458
2025-01-28 17:00:00,526.1191949410431
2025-01-28 18:00:00,965.7128308486692
2025-01-28 19:00:00,659.2967425507371
2025-01-28 20:00:00,682.4556780311556
2025-01-28 21:00:00,547.920142632205
2025-01-28 22:00:00,703.3871164573023
2025-01-28 23:00:00,1008.9488093164656
2025-01-29 00:00:00,565.1322130725508
2025-01-29 01:00:00,900.3327042580709
2025-01-29 02:00:00,810.0198355296228
2025-01-29 03:00:00,944.482386928632
2025-01-29 04:00:00,998.0979334948436
2025-01-29 05:00:00,867.8608135417177
2025-01-29 06:00:00,643.6998122261143
2025-01-29 07:00:00,847.8136884569709
2025-01-29 08:00:00,956.3174685733028
2025-01-29 09:00:00,767.9755536057686
2025-01-29 10:00:00,619.4104211950014
2025-01-29 11:00:00,1061.0471267406851
2025-01-29 12:00:00,797.1403501468494
2025-01-29 13:00:00,798.1866217719023
2025-01-29 14:00:00,872.1138213175448
2025-01-29 15:00:00,1048.504362393694
2025-01-29 16:00:00,915.173463159294
2025-01-29 17:00:00,811.4012670196794
2025-01-29 18:00:00,987.9394593020762
2025-01-29 19:00:00,1242.636714769455
2025-01-29 20:00:00,1110.6297086864386
2025-01-29 21:00:00,986.3291097707774
2025-01-29 22:00:00,674.2101765786616
2025-01-29 23:00:00,1521.7003292624397
2025-01-30 00:00:00,815.1313553794841
2025-01-30 01:00:00,757.3478562647275
2025-01-30 02:00:00,1167.1472135756485
2025-01-30 03:00:00,954.62823797289
2025-01-30 04:00:00,629.2650055558656
2025-01-30 05:00:00,927.7425714314048
2025-01-30 06:00:00,976.9369456270148
2025-01-30 07:00:00,824.5222056641113
2025-01-30 08:00:00,665.711022215535
2025-01-30 09:00:00,752.9193834179284
2025-01-30 10:00:00,803.6752468192375
2025-01-30 11:00:00,884.6178919228054
2025-01-30 12:00:00,789.046317345168
2025-01-30 13:00:00,1010.103477457027
2025-01-30 14:00:00,713.3068701375029
2025-01-30 15:00:00,575.6775255118679
2025-01-30 16:00:00,750.3902544423391
2025-01-30 17:00:00,1118.1848417121364
2025-01-30 18:00:00,779.6684160553854
2025-01-30 19:00:00,1292.8843291563446
2025-01-30 20:00:00,967.1759637079432
2025-01-30 21:00:00,675.5322895146414
2025-01-30 22:00:00,733.6774704605966
2025-01-30 23:00:00,923.477807938764
2025-01-31 00:00:00,1301.9329169883972
2025-01-31 01:00:00,707.7816246506577
2025-01-31 02:00:00,1002.9328633997992
2025-01-31 03:00:00,1140.493057009135
2025-01-31 04:00:00,863.4382084861855
2025-01-31 05:00:00,706.9041433188377
2025-01-31 06:00:00,834.5087651730646
2025-01-31 07:00:00,946.6637165782822
2025-01-31 08:00:00,1037.3250353245778
2025-01-31 09:00:00,892.7298142192609
2025-01-31 10:00:00,635.5168393960417
2025-01-31 11:00:00,890.1888204058965
2025-01-31 12:00:00,763.839899403475
2025-01-31 13:00:00,497.2810183726986
2025-01-31 14:00:00,759.5671939966679
2025-01-31 15:00:00,629.8271559642208
2025-01-31 16:00:00,986.322066312825
2025-01-31 17:00:00,1225.946199727647
2025-01-31 18:00:00,1210.86743736607
2025-01-31 19:00:00,781.5206160787579
2025-01-31 20:00:00,800.2014415708153
2025-01-31 21:00:00,1004.3167062088464
2025-01-31 22:00:00,1070.0797467773664
2025-01-31 23:00:00,808.7912972539526
2025-02-01 00:00:00,1421.6015048390816
2025-02-01 01:00:00,965.0787382931144
2025-02-01 02:00:00,890.5420770162017
2025-02-01 03:00:00,1009.927678141983
2025-02-01 04:00:00,1100.6231489546
2025-02-01 05:00:00,784.7502935812247
2025-02-01 06:00:00,937.275418502936
2025-02-01 07:00:00,756.2038212683116
2025-02-01 08:00:00,931.3852422580086
2025-02-01 09:00:00,1356.5064655348249
2025-02-01 10:00:00,1132.5823376528062
2025-02-01 11:00:00,968.0194659506516
2025-02-01 12:00:00,802.2132290110407
2025-02-01 13:00:00,924.8473486373784
2025-02-01 14:00:00,1193.5362742405157
2025-02-01 15:00:00,875.4786405898841
2025-02-01 16:00:00,1272.37652394269
2025-02-01 17:00:00,715.3176845086551
2025-02-01 18:00:00,929.0610401190036
2025-02-01 19:00:00,1330.0427211901033
2025-02-01 20:00:00,590.2182056404401
2025-02-01 21:00:00,1220.6942833550231
2025-02-01 22:00:00,621.0810279953855
2025-02-01 23:00:00,968.5053841787905
2025-02-02 00:00:00,1145.3852390150928
2025-02-02 01:00:00,362.9211067469842
2025-02-02 02:00:00,606.1327695500238
2025-02-02 03:00:00,871.9717671172284
2025-02-02 04:00:00,990.538206702806
2025-02-02 05:00:00,807.625646310566
2025-02-02 06:00:00,939.8476277122884
2025-02-02 07:00:00,750.0138799428973
2025-02-02 08:00:00,904.3696149492772
2025-02-02 09:00:00,816.7604800572539
2025-02-02 10:00:00,1031.2709345503545
2025-02-02 11:00:00,1097.622556179353
2025-02-02 12:00:00,1265.077583968937
2025-02-02 13:00:00,854.1935757020066
2025-02-02 14:00:00,920.7473941941424
2025-02-02 15:00:00,992.6720059898432
2025-02-02 16:00:00,925.2847625970084
2025-02-02 17:00:00,973.0582771789756
2025-02-02 18:00:00,676.0699378255384
2025-02-02 19:00:00,1056.3905634799178
2025-02-02 20:00:00,803.3041773215107
2025-02-02 21:00:00,795.0898333286964
2025-02-02 22:00:00,670.9671979382523
2025-02-02 23:00:00,1211.601087163814
2025-02-03 00:00:00,1213.2663105665576
2025-02-03 01:00:00,1040.2007235814108
2025-02-03 02:00:00,650.41163362482
2025-02-03 03:00:00,772.6685709911078
2025-02-03 04:00:00,1136.0133328952531
2025-02-03 05:00:00,835.4112056478133
2025-02-03 06:00:00,771.3570267263292
2025-02-03 07:00:00,951.0861899550988
2025-02-03 08:00:00,951.5620595897344
2025-02-03 09:00:00,786.8401065675685
2025-02-03 10:00:00,922.129912209624
2025-02-03 11:00:00,892.0724716999775
2025-02-03 12:00:00,475.48389189959056
2025-02-03 13:00:00,1085.6500495918465
2025-02-03 14:00:00,826.3963357428886
2025-02-03 15:00:00,1243.836723908836
2025-02-03 16:00:00,759.5626725930962
2025-02-03 17:00:00,674.8294113370401
2025-02-03 18:00:00,1220.789570131049
2025-02-03 19:00:00,673.7528225611876
2025-02-03 20:00:00,860.9626224923803
2025-02-03 21:00:00,1104.328632169024
2025-02-03 22:00:00,921.4392118019484
2025-02-03 23:00:00,659.8599033049654
2025-02-04 00:00:00,979.742250803096
2025-02-04 01:00:00,1281.1011206936118
2025-02-04 02:00:00,1139.3679548609796
2025-02-04 03:00:00,1638.2558935438656
2025-02-04 04:00:00,683.8077685786545
2025-02-04 05:00:00,1014.9403491497558
2025-02-04 06:00:00,801.8984028492077
2025-02-04 07:00:00,1254.780335290129
2025-02-04 08:00:00,1186.9088452477158
2025-02-04 09:00:00,1173.0863033839971
2025-02-04 10:00:00,860.8831215202689
2025-02-04 11:00:00,867.4437951834387
2025-02-04 12:00:00,605.5646392120638
2025-02-04 13:00:00,1367.8781676942835
2025-02-04 14:00:00,1122.9708258709068
2025-02-04 15:00:00,966.177221882518
2025-02-04 16:00:00,1209.676715767524
2025-02-04 17:00:00,1172.4497563805037
2025-02-04 18:00:00,1218.18813105523
2025-02-04 19:00:00,688.365648096309
2025-02-04 20:00:00,873.828170910911
2025-02-04 21:00:00,1059.204338194225
2025-02-04 22:00:00,1091.819585423996
2025-02-04 23:00:00,1214.5124580355507
2025-02-05 00:00:00,922.5150225738274
2025-02-05 01:00:00,1296.4259775702178
2025-02-05 02:00:00,1024.121191980117
2025-02-05 03:00:00,1056.2632239365314
2025-02-05 04:00:00,896.1745944284862
2025-02-05 05:00:00,1037.7424488080571
2025-02-05 06:00:00,1224.2104087130035
2025-02-05 07:00:00,918.814470680448
2025-02-05 08:00:00,1119.8516437651251
2025-02-05 09:00:00,742.1670910514221
2025-02-05 10:00:00,1005.800612637986
2025-02-05 11:00:00,1062.318394892985
2025-02-05 12:00:00,764.3223817673857
2025-02-05 13:00:00,1097.2072786004967
2025-02-05 14:00:00,778.1328747148061
2025-02-05 15:00:00,754.7438964444416
2025-02-05 16:00:00,899.4123369931413
2025-02-05 17:00:00,1247.2408487494822
2025-02-05 18:00:00,955.2513319917248
2025-02-05 19:00:00,1067.9982983334446
2025-02-05 20:00:00,767.9578923355103
2025-02-05 21:00:00,913.5706299393162
2025-02-05 22:00:00,687.9345260247632
2025-02-05 23:00:00,796.8703432567037
2025-02-06 00:00:00,1075.829360665574
2025-02-06 01:00:00,1398.8411501593314
2025-02-06 02:00:00,1040.2649246665967
2025-02-06 03:00:00,1041.236439019449
2025-02-06 04:00:00,1360.9792466140937
2025-02-06 05:00:00,943.5149106868444
2025-02-06 06:00:00,754.6229817081698
2025-02-06 07:00:00,1366.312286379776
2025-02-06 08:00:00,1173.9638661592835
2025-02-06 09:00:00,614.6736639739122
2025-02-06 10:00:00,1093.810425637862
2025-02-06 11:00:00,996.6015416837814
2025-02-06 12:00:00,1462.4904464806991
2025-02-06 13:00:00,926.0871376881177
2025-02-06 14:00:00,958.2265591132438
2025-02-06 15:00:00,886.7519506756556
2025-02-06 16:00:00,855.6030337875295
2025-02-06 17:00:00,932.265844328082
2025-02-06 18:00:00,772.8021226982781
2025-02-06 19:00:00,860.5595101358533
2025-02-06 20:00:00,735.7975759888492
2025-02-06 21:00:00,759.4986194061427
2025-02-06 22:00:00,745.9691635533118
2025-02-06 23:00:00,971.1516655732352
2025-02-07 00:00:00,703.4910451188109
2025-02-07 01:00:00,1021.30231094595
2025-02-07 02:00:00,923.176611956764
2025-02-07 03:00:00,851.6069436129895
2025-02-07 04:00:00,845.6417505262498
2025-02-07 05:00:00,1229.0964221483734
2025-02-07 06:00:00,976.8473263533904
2025-02-07 07:00:00,1020.7630594102524
2025-02-07 08:00:00,450.0294052804516
2025-02-07 09:00:00,810.2649743364512
2025-02-07 10:00:00,527.4031487416933
2025-02-07 11:00:00,852.6829353662486
2025-02-07 12:00:00,1001.734707006392
2025-02-07 13:00:00,806.4314064995353
2025-02-07 14:00:00,1028.8224295796888
2025-02-07 15:00:00,741.4702073619719
2025-02-07 16:00:00,1039.4850437091077
2025-02-07 17:00:00,642.5032342041177
2025-02-07 18:00:00,883.353315183402
2025-02-07 19:00:00,1010.4030528069686
2025-02-07 20:00:00,1032.0498608422724
2025-02-07 21:00:00,908.413859344378
2025-02-07 22:00:00,1293.7560742381124
2025-02-07 23:00:00,854.8798926451908
2025-02-08 00:00:00,428.1228436088239
2025-02-08 01:00:00,1293.436667477608
2025-02-08 02:00:00,884.9115049269819
2025-02-08 03:00:00,730.7032247589973
2025-02-08 04:00:00,1207.8253083096283
2025-02-08 05:00:00,1191.5070333901308
2025-02-08 06:00:00,976.1205890893788
2025-02-08 07:00:00,681.2303510654874
2025-02-08 08:00:00,1035.4809939397437
2025-02-08 09:00:00,836.6830436725687
2025-02-08 10:00:00,731.7052133269639
2025-02-08 11:00:00,1154.793297971038
2025-02-08 12:00:00,547.9165009247037
2025-02-08 13:00:00,1063.7972356743603
2025-02-08 14:00:00,1043.196793737058
2025-02-08 15:00:00,1347.3371364035436
2025-02-08 16:00:00,1017.5568669177644
2025-02-08 17:00:00,562.0874229089363
2025-02-08 18:00:00,795.6517131490862
2025-02-08 19:00:00,967.778098363936
2025-02-08 20:00:00,1023.3638814186048
2025-02-08 21:00:00,1142.839775835899
2025-02-08 22:00:00,580.9580876892918
2025-02-08 23:00:00,892.3730782715227
2025-02-09 00:00:00,1436.51187975808
2025-02-09 01:00:00,1506.1105930234182
2025-02-09 02:00:00,1011.9247370774216
2025-02-09 03:00:00,1338.5273255932468
2025-02-09 04:00:00,1473.3342015051176
2025-02-09 05:00:00,1360.5809287177815
2025-02-09 06:00:00,1256.445572304734
2025-02-09 07:00:00,1279.2998411022354
2025-02-09 08:00:00,924.1914908683962
2025-02-09 09:00:00,779.8886714341749
2025-02-09 10:00:00,1313.3361541692404
2025-02-09 11:00:00,1021.3974107936298
2025-02-09 12:00:00,1091.4086401702643
2025-02-09 13:00:00,970.5456118528284
2025-02-09 14:00:00,1011.334749335666
2025-02-09 15:00:00,1148.676858866838
2025-02-09 16:00:00,873.2690472096288
2025-02-09 17:00:00,1112.6213456290657
2025-02-09 18:00:00,1151.597636539009
2025-02-09 19:00:00,1080.6036150534392
2025-02-09 20:00:00,934.3451355960582
2025-02-09 21:00:00,1270.2607779279956
2025-02-09 22:00:00,1508.6598735168045
2025-02-09 23:00:00,965.6014532206074
2025-02-10 00:00:00,1323.9761235383423
2025-02-10 01:00:00,527.5767331845017
2025-02-10 02:00:00,952.9336344057658
2025-02-10 03:00:00,981.1146482612328
2025-02-10 04:00:00,1299.810537944212
2025-02-10 05:00:00,1166.4333612173243
2025-02-10 06:00:00,1230.709353196903
2025-02-10 07:00:00,1267.102064290579
2025-02-10 08:00:00,921.971963820432
2025-02-10 09:00:00,956.2258119505486
2025-02-10 10:00:00,849.139175792466
2025-02-10 11:00:00,1085.7802172176184
2025-02-10 12:00:00,1097.283251487487
2025-02-10 13:00:00,1162.5480389309494
2025-02-10 14:00:00,960.5517139897048
2025-02-10 15:00:00,1327.8564965535163
2025-02-10 16:00:00,1330.2364033573415
2025-02-10 17:00:00,1471.7347545852338
2025-02-10 18:00:00,1283.969475908824
2025-02-10 19:00:00,1165.76417680839
2025-02-10 20:00:00,1275.2279108303928
2025-02-10 21:00:00,1261.1384636837756
2025-02-10 22:00:00,977.5233705439624
2025-02-10 23:00:00,1413.9281139954785
2025-02-11 00:00:00,1636.0829507170918
2025-02-11 01:00:00,1180.7513570127303
2025-02-11 02:00:00,1248.5318264347663
2025-02-11 03:00:00,1270.1264013966909
2025-02-11 04:00:00,1171.894061721753
2025-02-11 05:00:00,1317.7130916361402
2025-02-11 06:00:00,1144.0745350164998
2025-02-11 07:00:00,1127.049132658688
2025-02-11 08:00:00,1584.9691412477353
2025-02-11 09:00:00,1211.1164656020276
2025-02-11 10:00:00,1188.204763129177
2025-02-11 11:00:00,1379.3229230723834
2025-02-11 12:00:00,1207.7438005517165
2025-02-11 13:00:00,1240.875885617825
2025-02-11 14:00:00,1157.5853068426857
2025-02-11 15:00:00,886.3055230697371
2025-02-11 16:00:00,1165.228180156745
2025-02-11 17:00:00,905.893563315424
2025-02-11 18:00:00,1221.771075509756
2025-02-11 19:00:00,895.4458592593339
2025-02-11 20:00:00,1387.457631457449
2025-02-11 21:00:00,1348.185194373582
2025-02-11 22:00:00,1238.2509116235033
2025-02-11 23:00:00,1149.0097777949698
2025-02-12 00:00:00,632.6147002008822
2025-02-12 01:00:00,813.577515028287
2025-02-12 02:00:00,1011.1963660596928
2025-02-12 03:00:00,1114.164033436344
2025-02-12 04:00:00,1025.6490487596357
2025-02-12 05:00:00,832.7976852600033
2025-02-12 06:00:00,1070.0137215923023
2025-02-12 07:00:00,947.6291165076314
2025-02-12 08:00:00,819.4602768399653
2025-02-12 09:00:00,1110.879562565521
2025-02-12 10:00:00,998.4304912026782
2025-02-12 11:00:00,1291.5928167735076
2025-02-12 12:00:00,1180.9215507239276
2025-02-12 13:00:00,1195.332915677699
2025-02-12 14:00:00,1109.2463562464557
2025-02-12 15:00:00,866.0296699638802
2025-02-12 16:00:00,847.1764772162429
2025-02-12 17:00:00,735.5505894743696
2025-02-12 18:00:00,1642.298648535919
2025-02-12 19:00:00,817.1991764546635
2025-02-12 20:00:00,998.4610009142906
2025-02-12 21:00:00,967.078882752384
2025-02-12 22:00:00,983.6063848481097
2025-02-12 23:00:00,920.458989965144
2025-02-13 00:00:00,651.1811576692422
2025-02-13 01:00:00,587.3167863566676
2025-02-13 02:00:00,792.9792447089465
2025-02-13 03:00:00,702.2748836751912
2025-02-13 04:00:00,701.7898337919979
2025-02-13 05:00:00,848.737310765433
2025-02-13 06:00:00,718.7772064260541
2025-02-13 07:00:00,965.2810940680324
2025-02-13 08:00:00,750.7691754540506
2025-02-13 09:00:00,850.2469595209074
2025-02-13 10:00:00,597.9543686616192
2025-02-13 11:00:00,920.4966160034244
2025-02-13 12:00:00,747.6768742254505
2025-02-13 13:00:00,880.1229043066012
2025-02-13 14:00:00,867.3080873646755
2025-02-13 15:00:00,785.3860649987975
2025-02-13 16:00:00,848.9911357401547
2025-02-13 17:00:00,750.9129158227286
2025-02-13 18:00:00,1032.6504640268683
2025-02-13 19:00:00,965.6382225551243
2025-02-13 20:00:00,892.1213885615563
2025-02-13 21:00:00,621.5744650020481
2025-02-13 22:00:00,634.7280433615053
2025-02-13 23:00:00,705.584293152501
2025-02-14 00:00:00,1063.487333667144
2025-02-14 01:00:00,801.0219293216181
2025-02-14 02:00:00,1205.8041740574297
2025-02-14 03:00:00,976.7335565105044
2025-02-14 04:00:00,583.124010378267
2025-02-14 05:00:00,883.2468978589835
2025-02-14 06:00:00,471.3872020825287
2025-02-14 07:00:00,829.2895954608903
2025-02-14 08:00:00,868.8385723304414
2025-02-14 09:00:00,856.8758802311962
2025-02-14 10:00:00,912.5402619917456
2025-02-14 11:00:00,899.1006409755729
2025-02-14 12:00:00,860.1310988128961
2025-02-14 13:00:00,1269.3287837871408
2025-02-14 14:00:00,1213.1884748346704
2025-02-14 15:00:00,753.1372598887405
2025-02-14 16:00:00,1220.8010644956646
2025-02-14 17:00:00,659.5305715782771
2025-02-14 18:00:00,817.0143432822072
2025-02-14 19:00:00,1273.7591550082354
2025-02-14 20:00:00,538.8567578690644
2025-02-14 21:00:00,1088.2336433401306
2025-02-14 22:00:00,731.3417938989327
2025-02-14 23:00:00,947.9220827056404
2025-02-15 00:00:00,1316.0211093867504
2025-02-15 01:00:00,823.2292360092716
2025-02-15 02:00:00,968.9535967219712
2025-02-15 03:00:00,1105.7266026479183
2025-02-15 04:00:00,933.0402442229024
2025-02-15 05:00:00,820.9765474918527
2025-02-15 06:00:00,970.8823535070752
2025-02-15 07:00:00,1000.8905842496508
2025-02-15 08:00:00,1156.2348877301106
2025-02-15 09:00:00,797.202621286625
2025-02-15 10:00:00,894.2597718383203
2025-02-15 11:00:00,1045.9745174302564
2025-02-15 12:00:00,949.6663786181156
2025-02-15 13:00:00,946.1071592734374
2025-02-15 14:00:00,979.174129493179
2025-02-15 15:00:00,845.7807038001678
2025-02-15 16:00:00,825.373681714875
2025-02-15 17:00:00,1069.1201192601784
2025-02-15 18:00:00,767.3247739627203
2025-02-15 19:00:00,1211.516782104508
2025-02-15 20:00:00,1025.216371314163
2025-02-15 21:00:00,731.6710628094303
2025-02-15 22:00:00,1038.1309615242492
2025-02-15 23:00:00,1015.3860475979236
2025-02-16 00:00:00,1326.3737253593436
2025-02-16 01:00:00,997.8908995285964
2025-02-16 02:00:00,924.378928417334
2025-02-16 03:00:00,946.2985840041546
2025-02-16 04:00:00,865.5153288610395
2025-02-16 05:00:00,916.0490249392028
2025-02-16 06:00:00,1138.0737754803347
2025-02-16 07:00:00,1080.0908062807412
2025-02-16 08:00:00,970.9841964593238
2025-02-16 09:00:00,917.8119145208638
2025-02-16 10:00:00,1151.7241574655138
2025-02-16 11:00:00,968.778471702282
2025-02-16 12:00:00,852.794339536651
2025-02-16 13:00:00,1044.1383582849658
2025-02-16 14:00:00,1019.8416432301652
2025-02-16 15:00:00,846.3583839444553
2025-02-16 16:00:00,1254.944372616809
2025-02-16 17:00:00,1259.0009212971452
2025-02-16 18:00:00,1085.6100408800291
2025-02-16 19:00:00,1105.0240876463392
2025-02-16 20:00:00,1190.36455590415
2025-02-16 21:00:00,1070.143668095586
2025-02-16 22:00:00,1268.752410747133
2025-02-16 23:00:00,1433.4421821622034
2025-02-17 00:00:00,1097.4069806871744
2025-02-17 01:00:00,1184.7916556132884
2025-02-17 02:00:00,940.4091994934928
2025-02-17 03:00:00,780.9977438188217
2025-02-17 04:00:00,1191.3574639997316
2025-02-17 05:00:00,692.1482610890307
2025-02-17 06:00:00,1369.4429640980231
2025-02-17 07:00:00,1184.1828168468703
2025-02-17 08:00:00,1046.4601663552855
2025-02-17 09:00:00,1018.9061990313738
2025-02-17 10:00:00,1361.8827587559003
2025-02-17 11:00:00,817.7265995658227
2025-02-17 12:00:00,774.5651117202369
2025-02-17 13:00:00,887.9432606883358
2025-02-17 14:00:00,955.789392820185
2025-02-17 15:00:00,805.5743348028008
2025-02-17 16:00:00,1039.6359652477497
2025-02-17 17:00:00,1036.0219273606442
2025-02-17 18:00:00,844.4280128026876
2025-02-17 19:00:00,1331.9666401384934
2025-02-17 20:00:00,727.7902214501358
2025-02-17 21:00:00,751.0588216233714
2025-02-17 22:00:00,1084.470003880097
2025-02-17 23:00:00,966.7457245122196
2025-02-18 00:00:00,913.3052312030684
2025-02-18 01:00:00,826.9224462304765
2025-02-18 02:00:00,907.7656368777028
2025-02-18 03:00:00,899.8330403612401
2025-02-18 04:00:00,1151.7858750055068
2025-02-18 05:00:00,942.284865812764
2025-02-18 06:00:00,1201.0749181739757
2025-02-18 07:00:00,1164.9359098278808
2025-02-18 08:00:00,1259.2721373297384
2025-02-18 09:00:00,1230.1121701309162
2025-02-18 10:00:00,1205.8535189223485
2025-02-18 11:00:00,1202.8307605180296
2025-02-18 12:00:00,934.6270132096524
2025-02-18 13:00:00,987.7464004409576
2025-02-18 14:00:00,660.8176340711776
2025-02-18 15:00:00,1103.161620758815
2025-02-18 16:00:00,901.8821561667608
2025-02-18 17:00:00,1126.0503644987018
2025-02-18 18:00:00,1152.3045584871031
2025-02-18 19:00:00,760.472394559662
2025-02-18 20:00:00,830.9876616789765
2025-02-18 21:00:00,969.5133158366726
2025-02-18 22:00:00,934.4376436089613
2025-02-18 23:00:00,1077.1593056317092
2025-02-19 00:00:00,893.2900421977591
2025-02-19 01:00:00,586.0983494966517
2025-02-19 02:00:00,503.5113522389328
2025-02-19 03:00:00,1011.7809135672172
2025-02-19 04:00:00,653.9152080655005
2025-02-19 05:00:00,785.8413230755663
2025-02-19 06:00:00,634.0837994431248
2025-02-19 07:00:00,635.5868075909968
2025-02-19 08:00:00,814.3472149104741
2025-02-19 09:00:00,812.3522390701719
2025-02-19 10:00:00,1058.8461830127558
2025-02-19 11:00:00,964.4982788051672
2025-02-19 12:00:00,838.7251932011922
2025-02-19 13:00:00,1019.0409424009504
2025-02-19 14:00:00,1082.5567507093028
2025-02-19 15:00:00,957.7348539042096
2025-02-19 16:00:00,813.0269590321111
2025-02-19 17:00:00,1065.220626348533
2025-02-19 18:00:00,1197.9471639590065
2025-02-19 19:00:00,1001.8466968383514
2025-02-19 20:00:00,1198.3285667981804
2025-02-19 21:00:00,1048.9369401962451
2025-02-19 22:00:00,1035.1778333737886
2025-02-19 23:00:00,691.990108140642
2025-02-20 00:00:00,880.3303213475657
2025-02-20 01:00:00,592.2568623910734
2025-02-20 02:00:00,783.6871918285339
2025-02-20 03:00:00,1043.3648686337624
2025-02-20 04:00:00,770.8478725453101
2025-02-20 05:00:00,983.9449706797092
2025-02-20 06:00:00,648.8422896475746
2025-02-20 07:00:00,801.3475844711113
2025-02-20 08:00:00,1071.1240397686165
2025-02-20 09:00:00,926.2086921844666
2025-02-20 10:00:00,940.7495364864452
2025-02-20 11:00:00,1192.2739105971812
2025-02-20 12:00:00,1119.7350889824447
2025-02-20 13:00:00,733.2018540138788
2025-02-20 14:00:00,1123.4863477536803
2025-02-20 15:00:00,779.7233962524645
2025-02-20 16:00:00,886.0018404261999
2025-02-20 17:00:00,891.8350504640609
2025-02-20 18:00:00,1079.9441746181278
2025-02-20 19:00:00,688.3168520868304
2025-02-20 20:00:00,969.4823619159714
2025-02-20 21:00:00,982.3132149959184
2025-02-20 22:00:00,1033.437891004962
2025-02-20 23:00:00,851.7177141231736
2025-02-21 00:00:00,944.2677492913782
2025-02-21 01:00:00,1353.510286350073
2025-02-21 02:00:00,1178.5005513777537
2025-02-21 03:00:00,792.6595509575498
2025-02-21 04:00:00,1190.7606722573096
2025-02-21 05:00:00,1140.4221649100457
2025-02-21 06:00:00,1022.6300365899232
2025-02-21 07:00:00,938.8269805715408
2025-02-21 08:00:00,1048.0537211993512
2025-02-21 09:00:00,783.3953242095951
2025-02-21 10:00:00,1473.2180040546225
2025-02-21 11:00:00,852.5076266718698
2025-02-21 12:00:00,955.3346063879958
2025-02-21 13:00:00,1353.034746008023
2025-02-21 14:00:00,1229.7583300442363
2025-02-21 15:00:00,1259.5309837573118
2025-02-21 16:00:00,1434.9028186009946
2025-02-21 17:00:00,1032.2112232199495
2025-02-21 18:00:00,870.5154786854674
2025-02-21 19:00:00,1286.839306149845
2025-02-21 20:00:00,1276.2725413200542
2025-02-21 21:00:00,1028.964175881118
2025-02-21 22:00:00,822.2755297360376
2025-02-21 23:00:00,1373.787822361135
2025-02-22 00:00:00,767.4901197428579
2025-02-22 01:00:00,1223.2250233296386
2025-02-22 02:00:00,753.204201087421
2025-02-22 03:00:00,956.0213903448558
2025-02-22 04:00:00,820.4330065859983
2025-02-22 05:00:00,923.1760268954168
2025-02-22 06:00:00,881.8060498291313
2025-02-22 07:00:00,928.3652004210574
2025-02-22 08:00:00,1211.4392503447802
2025-02-22 09:00:00,1120.5065584921367
2025-02-22 10:00:00,1191.2215155666076
2025-02-22 11:00:00,1289.3364848167305
2025-02-22 12:00:00,979.2856943945108
2025-02-22 13:00:00,1075.069886314467
2025-02-22 14:00:00,1172.0521556095252
2025-02-22 15:00:00,1419.3626294169194
2025-02-22 16:00:00,1248.435604015501
2025-02-22 17:00:00,1350.5424625797295
2025-02-22 18:00:00,1273.8074557698162
2025-02-22 19:00:00,1281.91312020825
2025-02-22 20:00:00,680.4677054790161
2025-02-22 21:00:00,1244.579862296497
2025-02-22 22:00:00,1103.2233681541095
2025-02-22 23:00:00,1069.6351030272483
2025-02-23 00:00:00,867.1769657361305
2025-02-23 01:00:00,1026.681654670422
2025-02-23 02:00:00,1107.0154910458978
2025-02-23 03:00:00,663.8735750381351
2025-02-23 04:00:00,989.1345439105232
2025-02-23 05:00:00,841.5083734236199
2025-02-23 06:00:00,767.5586758318412
2025-02-23 07:00:00,1022.2159539296034
2025-02-23 08:00:00,885.4799972611216
2025-02-23 09:00:00,822.8653397032273
2025-02-23 10:00:00,801.9896031001864
2025-02-23 11:00:00,1001.1136818013516
2025-02-23 12:00:00,945.888331348979
2025-02-23 13:00:00,740.8617471100252
2025-02-23 14:00:00,788.3731435788627
2025-02-23 15:00:00,913.195562952072
2025-02-23 16:00:00,1024.590272193262
2025-02-23 17:00:00,748.8091411404837
2025-02-23 18:00:00,1040.3157925369935
2025-02-23 19:00:00,791.5946677809991
2025-02-23 20:00:00,1464.8576172111234
2025-02-23 21:00:00,769.4163283603007
2025-02-23 22:00:00,798.0163670070386
2025-02-23 23:00:00,984.5661059703422
2025-02-24 00:00:00,1060.929735532457
2025-02-24 01:00:00,1238.20889834559
2025-02-24 02:00:00,839.69130985898
2025-02-24 03:00:00,941.71137389498
2025-02-24 04:00:00,815.9991364707076
2025-02-24 05:00:00,910.2528654358435
2025-02-24 06:00:00,1170.9077025675087
2025-02-24 07:00:00,1073.0570985439308
2025-02-24 08:00:00,745.6425065605308
2025-02-24 09:00:00,1191.6925268946738
2025-02-24 10:00:00,1121.8132784000366
2025-02-24 11:00:00,998.8022678684011
2025-02-24 12:00:00,790.2465232054153
2025-02-24 13:00:00,922.2202894707198
2025-02-24 14:00:00,765.4422579045378
2025-02-24 15:00:00,995.386515322173
2025-02-24 16:00:00,852.6440473651628
2025-02-24 17:00:00,503.3796558947653
2025-02-24 18:00:00,1078.8748965771665
2025-02-24 19:00:00,945.112461710644
2025-02-24 20:00:00,1106.5977203753728
2025-02-24 21:00:00,885.4663833722957
2025-02-24 22:00:00,944.5687793208606
2025-02-24 23:00:00,1113.305062113946
2025-02-25 00:00:00,1099.2130071695292
2025-02-25 01:00:00,1707.5193736607655
2025-02-25 02:00:00,1004.2163559701378
2025-02-25 03:00:00,1074.5148172252498
2025-02-25 04:00:00,1399.7975637345694
2025-02-25 05:00:00,872.0099452890936
2025-02-25 06:00:00,822.9549617502572
2025-02-25 07:00:00,741.6638421869732
2025-02-25 08:00:00,1150.278321173614
2025-02-25 09:00:00,1169.3957006144751
2025-02-25 10:00:00,1193.4787890730076
2025-02-25 11:00:00,757.9827682298762
2025-02-25 12:00:00,1248.433499861735
2025-02-25 13:00:00,1288.2210735273295
2025-02-25 14:00:00,1019.1182675382814
2025-02-25 15:00:00,1046.1158677790752
2025-02-25 16:00:00,1179.7818951631275
2025-02-25 17:00:00,1115.664148328401
2025-02-25 18:00:00,1172.7920598876317
2025-02-25 19:00:00,813.5823953011068
2025-02-25 20:00:00,1003.0476744748938
2025-02-25 21:00:00,787.3103603929422
2025-02-25 22:00:00,1170.5693735503437
2025-02-25 23:00:00,1149.5620043125855
2025-02-26 00:00:00,1049.4638915364803
2025-02-26 01:00:00,682.2633040671984
2025-02-26 02:00:00,1160.6407526565783
2025-02-26 03:00:00,898.0773361820145
2025-02-26 04:00:00,1016.2276505669314
2025-02-26 05:00:00,1211.6486628053833
2025-02-26 06:00:00,840.7717930189194
2025-02-26 07:00:00,1227.868477370033
2025-02-26 08:00:00,1015.2418058415024
2025-02-26 09:00:00,996.2439162684036
2025-02-26 10:00:00,1100.828812115928
2025-02-26 11:00:00,743.583240835755
2025-02-26 12:00:00,1108.369825719275
2025-02-26 13:00:00,1002.8455268018268
2025-02-26 14:00:00,1195.97787969634
2025-02-26 15:00:00,947.7022045756454
2025-02-26 16:00:00,918.6738453481414
2025-02-26 17:00:00,1063.895591990794
2025-02-26 18:00:00,978.8959102543292
2025-02-26 19:00:00,758.0581309634476
2025-02-26 20:00:00,952.2293757705296
2025-02-26 21:00:00,1241.816256660214
2025-02-26 22:00:00,972.2117520756168
2025-02-26 23:00:00,818.192831581209
2025-02-27 00:00:00,674.7338153799105
2025-02-27 01:00:00,617.5173305826228
2025-02-27 02:00:00,1071.2882206757492
2025-02-27 03:00:00,1110.975009471406
2025-02-27 04:00:00,1119.4396377369744
2025-02-27 05:00:00,880.7337228447773
2025-02-27 06:00:00,1039.9057099600516
2025-02-27 07:00:00,772.2399342511125
2025-02-27 08:00:00,1119.2601763484563
2025-02-27 09:00:00,725.7962622563463
2025-02-27 10:00:00,1040.1752294941728
2025-02-27 11:00:00,1128.2701186647555
2025-02-27 12:00:00,695.495038769506
2025-02-27 13:00:00,960.1349436785488
2025-02-27 14:00:00,1241.1848356012845
2025-02-27 15:00:00,1404.332109090534
2025-02-27 16:00:00,749.675507520133
2025-02-27 17:00:00,1145.0688237287743
2025-02-27 18:00:00,807.146598867
2025-02-27 19:00:00,783.7069336103935
2025-02-27 20:00:00,1414.4333030103007
2025-02-27 21:00:00,1215.4602764086362
2025-02-27 22:00:00,899.7302745261987
2025-02-27 23:00:00,1119.1455300818036
2025-02-28 00:00:00,1103.3822703171927
2025-02-28 01:00:00,1543.3443744930742
2025-02-28 02:00:00,1193.7787972689775
2025-02-28 03:00:00,427.4046349201398
2025-02-28 04:00:00,1002.9755938044372
2025-02-28 05:00:00,907.917487776535
2025-02-28 06:00:00,1021.3010087133382
2025-02-28 07:00:00,1067.6427196198135
2025-02-28 08:00:00,926.1109359863052
2025-02-28 09:00:00,833.7364412423007
2025-02-28 10:00:00,1355.1191301428526
2025-02-28 11:00:00,1191.9820644382587
2025-02-28 12:00:00,921.9377791001994
2025-02-28 13:00:00,1209.5098935361846
2025-02-28 14:00:00,1208.5581790497492
2025-02-28 15:00:00,1334.6545724887103
2025-02-28 16:00:00,840.0408210958773
2025-02-28 17:00:00,1230.8547957611752
2025-02-28 18:00:00,935.343511656861
2025-02-28 19:00:00,1310.747626786086
2025-02-28 20:00:00,1023.7920762520343
2025-02-28 21:00:00,580.9883023114886
2025-02-28 22:00:00,1072.303895531351
2025-02-28 23:00:00,684.828727644066
2025-03-01 00:00:00,967.4268439356742
2025-03-01 01:00:00,900.2576874429345
2025-03-01 02:00:00,687.7336702555874
2025-03-01 03:00:00,760.3994010063162
2025-03-01 04:00:00,813.4784477519688
2025-03-01 05:00:00,930.2479872068556
2025-03-01 06:00:00,1231.0601787709927
2025-03-01 07:00:00,1117.631863959828
2025-03-01 08:00:00,886.3799539446528
2025-03-01 09:00:00,1228.1977069104455
2025-03-01 10:00:00,711.0016379734574
2025-03-01 11:00:00,1112.9209833570617
2025-03-01 12:00:00,944.5140558754504
2025-03-01 13:00:00,1025.0824772968174
2025-03-01 14:00:00,1103.806395824778
2025-03-01 15:00:00,845.782513883722
2025-03-01 16:00:00,1135.656359914852
2025-03-01 17:00:00,976.9960969329726
2025-03-01 18:00:00,1450.9614058607094
2025-03-01 19:00:00,919.2553693597672
2025-03-01 20:00:00,1227.2770557548438
2025-03-01 21:00:00,1105.495490604619
2025-03-01 22:00:00,748.9672867229368
2025-03-01 23:00:00,1245.179140490484
2025-03-02 00:00:00,495.16645845655614
2025-03-02 01:00:00,1047.0955713147182
2025-03-02 02:00:00,1085.6708493336678
2025-03-02 03:00:00,903.753350788144
2025-03-02 04:00:00,847.7529587013471
2025-03-02 05:00:00,1177.750257288668
2025-03-02 06:00:00,1021.7921063590928
2025-03-02 07:00:00,777.1191229839895
2025-03-02 08:00:00,1025.309947687113
2025-03-02 09:00:00,672.0349470713436
2025-03-02 10:00:00,794.4531362994989
2025-03-02 11:00:00,706.4106015777371
2025-03-02 12:00:00,500.8869431263451
2025-03-02 13:00:00,683.8414769865817
2025-03-02 14:00:00,1113.1079101291832
2025-03-02 15:00:00,698.0579296089076
2025-03-02 16:00:00,796.0516746108879
2025-03-02 17:00:00,686.7607472396753
2025-03-02 18:00:00,1049.2943946755342
2025-03-02 19:00:00,894.6607325077247
2025-03-02 20:00:00,982.2356060261562
2025-03-02 21:00:00,875.5402871879363
2025-03-02 22:00:00,684.9623222760307
2025-03-02 23:00:00,720.218572640457
2025-03-03 00:00:00,1071.8682841277564
2025-03-03 01:00:00,1252.257195497475
2025-03-03 02:00:00,398.46596517295694
2025-03-03 03:00:00,1325.0598143319585
2025-03-03 04:00:00,977.194229717363
2025-03-03 05:00:00,1555.5312192112094
2025-03-03 06:00:00,973.5535476136716
2025-03-03 07:00:00,1090.4481909793678
2025-03-03 08:00:00,1227.529534183158
2025-03-03 09:00:00,894.3896640049917
2025-03-03 10:00:00,1273.5827411664582
2025-03-03 11:00:00,944.3938968817214
2025-03-03 12:00:00,1363.8771633841243
2025-03-03 13:00:00,1256.335220697316
2025-03-03 14:00:00,1191.8032214517712
2025-03-03 15:00:00,927.266389641798
2025-03-03 16:00:00,1038.65249419179
2025-03-03 17:00:00,1149.3575966545393
2025-03-03 18:00:00,643.3597972554894
2025-03-03 19:00:00,964.6633973793446
2025-03-03 20:00:00,1287.7516448435586
2025-03-03 21:00:00,809.2955308536193
2025-03-03 22:00:00,1361.681467599922
2025-03-03 23:00:00,948.059047038406
2025-03-04 00:00:00,795.8069784676538
2025-03-04 01:00:00,1132.950585077553
2025-03-04 02:00:00,1128.4781282839924
2025-03-04 03:00:00,1267.6383958829222
2025-03-04 04:00:00,1312.6095783475273
2025-03-04 05:00:00,1291.8389257108622
2025-03-04 06:00:00,1076.046823496728
2025-03-04 07:00:00,779.5905686919286
2025-03-04 08:00:00,1306.349235250893
2025-03-04 09:00:00,763.4835730778735
2025-03-04 10:00:00,942.2611127951012
2025-03-04 11:00:00,1185.1590539304052
2025-03-04 12:00:00,1124.5179625681155
2025-03-04 13:00:00,1361.98068836353
2025-03-04 14:00:00,1032.051459696838
2025-03-04 15:00:00,683.7581422521617
2025-03-04 16:00:00,976.0265424288428
2025-03-04 17:00:00,1068.845833761624
2025-03-04 18:00:00,960.460779444526
2025-03-04 19:00:00,1324.6703004222843
2025-03-04 20:00:00,981.7375484950004
2025-03-04 21:00:00,736.2746864170093
2025-03-04 22:00:00,1129.3171303919196
2025-03-04 23:00:00,795.8025644812241
2025-03-05 00:00:00,1233.8633295673822
2025-03-05 01:00:00,842.0827624182704
2025-03-05 02:00:00,1423.340522909611
2025-03-05 03:00:00,1725.3283772591449
2025-03-05 04:00:00,701.4268113561658
2025-03-05 05:00:00,1382.0599123013062
2025-03-05 06:00:00,1283.9505835771342
2025-03-05 07:00:00,1211.7586281840463
2025-03-05 08:00:00,1251.0093253108028
2025-03-05 09:00:00,1285.7903613745868
2025-03-05 10:00:00,1008.3773055673742
2025-03-05 11:00:00,1500.9760661066534
2025-03-05 12:00:00,854.6694040340574
2025-03-05 13:00:00,1629.1769815599837
2025-03-05 14:00:00,1528.2978956405827
2025-03-05 15:00:00,892.9229586928067
2025-03-05 16:00:00,1169.3630862701089
2025-03-05 17:00:00,1503.0525598699755
2025-03-05 18:00:00,1055.6730876425656
2025-03-05 19:00:00,1132.6034162118094
2025-03-05 20:00:00,1076.4205935256723
2025-03-05 21:00:00,1443.9625248100456
2025-03-05 22:00:00,1028.3533789290111
2025-03-05 23:00:00,1168.3269725054022
2025-03-06 00:00:00,1010.8092415807712
2025-03-06 01:00:00,871.8493254278181
2025-03-06 02:00:00,771.637969233116
2025-03-06 03:00:00,734.3668779584093
2025-03-06 04:00:00,805.7529730275348
2025-03-06 05:00:00,691.6993578049083
2025-03-06 06:00:00,901.2841115525658
2025-03-06 07:00:00,1117.917540569238
2025-03-06 08:00:00,1066.0062039189731
2025-03-06 09:00:00,880.2435850652521
2025-03-06 10:00:00,839.8766124676891
2025-03-06 11:00:00,845.0716373447746
2025-03-06 12:00:00,761.8619824147988
2025-03-06 13:00:00,793.9260266411502
2025-03-06 14:00:00,1205.2690827052736
2025-03-06 15:00:00,758.3367862067171
2025-03-06 16:00:00,1058.248693659663
2025-03-06 17:00:00,924.236968261515
2025-03-06 18:00:00,1566.6967731015186
2025-03-06 19:00:00,675.589663225591
2025-03-06 20:00:00,1095.3673261345225
2025-03-06 21:00:00,984.20200903277
2025-03-06 22:00:00,891.9501786301493
2025-03-06 23:00:00,1121.0809395062167
2025-03-07 00:00:00,798.8868333000905
2025-03-07 01:00:00,1102.741530476225
2025-03-07 02:00:00,1095.2001922185973
2025-03-07 03:00:00,1282.2260712062143
2025-03-07 04:00:00,892.1525279582611
2025-03-07 05:00:00,1314.9397516429008
2025-03-07 06:00:00,976.1146781110644
2025-03-07 07:00:00,614.5422630747704
2025-03-07 08:00:00,1122.4172141390222
2025-03-07 09:00:00,999.5314253637566
2025-03-07 10:00:00,836.7988417354327
2025-03-07 11:00:00,1205.7678044781958
2025-03-07 12:00:00,920.2669207904066
2025-03-07 13:00:00,1222.7664022597912
2025-03-07 14:00:00,999.3056612758708
2025-03-07 15:00:00,1168.5946317032506
2025-03-07 16:00:00,1154.1975436310624
2025-03-07 17:00:00,1112.2707455918155
2025-03-07 18:00:00,806.3779664058409
2025-03-07 19:00:00,1203.0187395002804
2025-03-07 20:00:00,1020.534861035032
2025-03-07 21:00:00,1423.0167851152355
2025-03-07 22:00:00,1113.3888691173397
2025-03-07 23:00:00,1168.7581238241153
2025-03-08 00:00:00,848.9582886448381
2025-03-08 01:00:00,941.8881898070076
2025-03-08 02:00:00,707.7070759602863
2025-03-08 03:00:00,707.7437911078828
2025-03-08 04:00:00,903.9480184852736
2025-03-08 05:00:00,909.6236031884628
2025-03-08 06:00:00,961.3584475042658
2025-03-08 07:00:00,1130.4584923177113
2025-03-08 08:00:00,850.0309258840373
2025-03-08 09:00:00,1049.8422208320956
2025-03-08 10:00:00,897.2853979549498
2025-03-08 11:00:00,888.1604638684594
2025-03-08 12:00:00,971.521343122512
2025-03-08 13:00:00,541.8922752689396
2025-03-08 14:00:00,936.2773654215216
2025-03-08 15:00:00,806.0626026944756
2025-03-08 16:00:00,752.1775807050344
2025-03-08 17:00:00,575.2929673580667
2025-03-08 18:00:00,842.1668740271825
2025-03-08 19:00:00,577.0588227742719
2025-03-08 20:00:00,1084.8156956431444
2025-03-08 21:00:00,879.7897423904874
2025-03-08 22:00:00,613.1627082708972
2025-03-08 23:00:00,799.5450853900346
2025-03-09 00:00:00,948.0533173573776
2025-03-09 01:00:00,1015.559311323356
2025-03-09 02:00:00,996.6277129803244
2025-03-09 03:00:00,1048.4748735884186
2025-03-09 04:00:00,710.2642527023746
2025-03-09 05:00:00,1066.2983267122097
2025-03-09 06:00:00,955.9712945223482
2025-03-09 07:00:00,1711.7837315065417
2025-03-09 08:00:00,1030.2390984116255
2025-03-09 09:00:00,978.0241108692808
2025-03-09 10:00:00,1288.8184568192582
2025-03-09 11:00:00,1042.5013132519605
2025-03-09 12:00:00,1130.6053889001585
2025-03-09 13:00:00,887.9579042890252
2025-03-09 14:00:00,1410.7925798112246
2025-03-09 15:00:00,940.9961115234456
2025-03-09 16:00:00,1156.863531079135
2025-03-09 17:00:00,1319.7839050517018
2025-03-09 18:00:00,1010.5475416504304
2025-03-09 19:00:00,1076.0499169226418
2025-03-09 20:00:00,1202.3092897428126
2025-03-09 21:00:00,1223.0063379616906
2025-03-09 22:00:00,841.4750320336889
2025-03-09 23:00:00,1115.1401621166845
2025-03-10 00:00:00,770.9023062889423
2025-03-10 01:00:00,788.4740719007284
2025-03-10 02:00:00,1126.2816960748594
2025-03-10 03:00:00,1195.2430474114994
2025-03-10 04:00:00,1378.0425628048392
2025-03-10 05:00:00,895.7105243196137
2025-03-10 06:00:00,753.5012870672368
2025-03-10 07:00:00,730.2952192754424
2025-03-10 08:00:00,1197.2186596052527
2025-03-10 09:00:00,627.2160820167508
2025-03-10 10:00:00,848.5249983093317
2025-03-10 11:00:00,803.3912207281971
2025-03-10 12:00:00,1223.041057911186
2025-03-10 13:00:00,722.3477428962005
2025-03-10 14:00:00,1105.5688900639825
2025-03-10 15:00:00,1143.925248761272
2025-03-10 16:00:00,875.7396797933553
2025-03-10 17:00:00,990.300715181108
2025-03-10 18:00:00,627.155177745136
2025-03-10 19:00:00,889.9744770485925
2025-03-10 20:00:00,866.9959214237869
2025-03-10 21:00:00,438.558796333799
2025-03-10 22:00:00,981.2197057426088
2025-03-10 23:00:00,970.310071910039
2025-03-11 00:00:00,596.3626139621265
2025-03-11 01:00:00,706.5663121969169
2025-03-11 02:00:00,743.1532392158222
2025-03-11 03:00:00,780.1903853609638
2025-03-11 04:00:00,671.8530979932349
2025-03-11 05:00:00,663.5863415218248
2025-03-11 06:00:00,882.065052533998
2025-03-11 07:00:00,752.1182729148532
2025-03-11 08:00:00,813.3627458451053
2025-03-11 09:00:00,792.9373740690019
2025-03-11 10:00:00,907.1127230004588
2025-03-11 11:00:00,805.4714243448194
2025-03-11 12:00:00,974.3232292548498
2025-03-11 13:00:00,848.2362067024948
2025-03-11 14:00:00,978.8935048684108
2025-03-11 15:00:00,1038.4093392060508
2025-03-11 16:00:00,588.3507227984624
2025-03-11 17:00:00,984.3723548565868
2025-03-11 18:00:00,1127.4616871345995
2025-03-11 19:00:00,669.4586714689068
2025-03-11 20:00:00,825.8178250103393
2025-03-11 21:00:00,771.7399027323858
2025-03-11 22:00:00,904.39225299706
2025-03-11 23:00:00,917.5501308917572
2025-03-12 00:00:00,1178.6545145848593
2025-03-12 01:00:00,773.6234676656545
2025-03-12 02:00:00,907.7530305493368
2025-03-12 03:00:00,1124.7003038920202
2025-03-12 04:00:00,1298.3172402834446
2025-03-12 05:00:00,837.8585028438488
2025-03-12 06:00:00,1079.6461980031129
2025-03-12 07:00:00,974.6646544521298
2025-03-12 08:00:00,638.1120224264089
2025-03-12 09:00:00,755.2305634194253
2025-03-12 10:00:00,708.6295469794552
2025-03-12 11:00:00,839.6020906520807
2025-03-12 12:00:00,855.7584082576226
2025-03-12 13:00:00,938.7978585002066
2025-03-12 14:00:00,1172.1451154027588
2025-03-12 15:00:00,1012.4623847240306
2025-03-12 16:00:00,1428.948290285076
2025-03-12 17:00:00,888.1275138920968
2025-03-12 18:00:00,1080.9454248302334
2025-03-12 19:00:00,1010.956617205495
2025-03-12 20:00:00,1214.8792932751971
2025-03-12 21:00:00,862.867075413579
2025-03-12 22:00:00,1091.4024334240996
2025-03-12 23:00:00,1237.7531203147907
2025-03-13 00:00:00,914.5222985492836
2025-03-13 01:00:00,1022.0669410396962
2025-03-13 02:00:00,847.6928322321926
2025-03-13 03:00:00,765.9051740835092
2025-03-13 04:00:00,1268.7358085789947
2025-03-13 05:00:00,885.7822683322296
2025-03-13 06:00:00,1250.4198610939436
2025-03-13 07:00:00,834.017902009329
2025-03-13 08:00:00,889.9715415961479
2025-03-13 09:00:00,1076.4415976281507
2025-03-13 10:00:00,890.1701819964379
2025-03-13 11:00:00,761.51853808359
2025-03-13 12:00:00,794.7481555037209
2025-03-13 13:00:00,979.0559988196233
2025-03-13 14:00:00,804.7374804132008
2025-03-13 15:00:00,944.777698664892
2025-03-13 16:00:00,509.2807893344431
2025-03-13 17:00:00,824.7899236673
2025-03-13 18:00:00,894.9436578374361
2025-03-13 19:00:00,833.2349819099918
2025-03-13 20:00:00,743.9307411219545
2025-03-13 21:00:00,764.3713209137152
2025-03-13 22:00:00,941.5195100015472
2025-03-13 23:00:00,1204.5494412707549
2025-03-14 00:00:00,813.0751581329364
2025-03-14 01:00:00,1028.8014934901826
2025-03-14 02:00:00,918.1951920949734
2025-03-14 03:00:00,844.4885133313795
2025-03-14 04:00:00,783.0474864701162
2025-03-14 05:00:00,862.9092374471559
2025-03-14 06:00:00,843.2308393265218
2025-03-14 07:00:00,484.2811310132317
2025-03-14 08:00:00,737.422123468203
2025-03-14 09:00:00,525.0529414830405
2025-03-14 10:00:00,1082.850031504844
2025-03-14 11:00:00,1002.2251575267122
2025-03-14 12:00:00,724.9514968840045
2025-03-14 13:00:00,999.1663631199042
2025-03-14 14:00:00,1282.1007309212634
2025-03-14 15:00:00,753.3793046876747
2025-03-14 16:00:00,1084.2646570942418
2025-03-14 17:00:00,923.0228356266358
2025-03-14 18:00:00,819.8846056652395
2025-03-14 19:00:00,670.2713392525948
2025-03-14 20:00:00,764.9377614689735
2025-03-14 21:00:00,792.6520935625208
2025-03-14 22:00:00,462.02294160967153
2025-03-14 23:00:00,951.9324434381437
2025-03-15 00:00:00,1057.2970283648972
2025-03-15 01:00:00,887.1626270487943
2025-03-15 02:00:00,1549.033101949195
2025-03-15 03:00:00,647.3868690910273
2025-03-15 04:00:00,787.648249867501
2025-03-15 05:00:00,1104.932573359645
2025-03-15 06:00:00,1425.1214575894726
2025-03-15 07:00:00,776.1520883206138
2025-03-15 08:00:00,1322.6205547110671
2025-03-15 09:00:00,790.75280401436
2025-03-15 10:00:00,1218.8424064034666
2025-03-15 11:00:00,982.9564974682268
2025-03-15 12:00:00,1400.2407051534212
2025-03-15 13:00:00,1313.4735477353054
2025-03-15 14:00:00,842.9096966017141
2025-03-15 15:00:00,1536.9148628511905
2025-03-15 16:00:00,750.6378456967934
2025-03-15 17:00:00,907.6155450456604
2025-03-15 18:00:00,1318.4930863298805
2025-03-15 19:00:00,826.0486192668154
2025-03-15 20:00:00,844.1436353851774
2025-03-15 21:00:00,993.6540768494816
2025-03-15 22:00:00,1055.988288095897
2025-03-15 23:00:00,1043.3407302290138
2025-03-16 00:00:00,962.3971535522278
2025-03-16 01:00:00,1043.977936091545
2025-03-16 02:00:00,1204.454549122613
2025-03-16 03:00:00,986.7060912366428
2025-03-16 04:00:00,693.8995213167086
2025-03-16 05:00:00,931.1975840030524
2025-03-16 06:00:00,811.0091667711919
2025-03-16 07:00:00,1170.2024182519986
2025-03-16 08:00:00,615.6685558970307
2025-03-16 09:00:00,1029.5903371792965
2025-03-16 10:00:00,728.6374807329177
2025-03-16 11:00:00,1161.50348365761
2025-03-16 12:00:00,1068.7442380168332
2025-03-16 13:00:00,966.5523103738934
2025-03-16 14:00:00,1019.4431212890884
2025-03-16 15:00:00,863.5492194002397
2025-03-16 16:00:00,1051.0802066450976
2025-03-16 17:00:00,916.74481602315
2025-03-16 18:00:00,1061.3445139621876
2025-03-16 19:00:00,936.782597898475
2025-03-16 20:00:00,466.45060891214473
2025-03-16 21:00:00,830.8123038539896
2025-03-16 22:00:00,1206.9549172068612
2025-03-16 23:00:00,1194.9266071852514
2025-03-17 00:00:00,985.5219138449496
2025-03-17 01:00:00,943.2184762930664
2025-03-17 02:00:00,1138.506234553072
2025-03-17 03:00:00,1128.088185182253
2025-03-17 04:00:00,813.0325002756266
2025-03-17 05:00:00,1144.7925166027471
2025-03-17 06:00:00,1260.2992440159778
2025-03-17 07:00:00,817.9312325750635
2025-03-17 08:00:00,973.2265119444618
2025-03-17 09:00:00,1104.7394281525924
2025-03-17 10:00:00,1157.1475814041526
2025-03-17 11:00:00,925.9733494159816
2025-03-17 12:00:00,904.1068071624333
2025-03-17 13:00:00,917.2078767695124
2025-03-17 14:00:00,1088.9005581915644
2025-03-17 15:00:00,1097.7744608293578
2025-03-17 16:00:00,1007.0798050994068
2025-03-17 17:00:00,735.1583198573408
2025-03-17 18:00:00,790.60940242984
2025-03-17 19:00:00,1139.7726468896783
2025-03-17 20:00:00,764.1005403195574
2025-03-17 21:00:00,1056.7757232358526
2025-03-17 22:00:00,938.0523398843584
2025-03-17 23:00:00,889.2347226345304
2025-03-18 00:00:00,1339.5656410464674
2025-03-18 01:00:00,1061.1658699787497
2025-03-18 02:00:00,943.8933822744148
2025-03-18 03:00:00,707.5945334091057
2025-03-18 04:00:00,1105.993973385475
2025-03-18 05:00:00,1231.2887112051017
2025-03-18 06:00:00,1125.0827077430883
2025-03-18 07:00:00,1237.157680348462
2025-03-18 08:00:00,1098.8429981887973
2025-03-18 09:00:00,741.7233217338686
2025-03-18 10:00:00,994.197873234157
2025-03-18 11:00:00,1108.5280136278186
2025-03-18 12:00:00,1147.8829107379534
2025-03-18 13:00:00,904.284235596931
2025-03-18 14:00:00,990.5029086222704
2025-03-18 15:00:00,1076.6260540122107
2025-03-18 16:00:00,1258.2932319161755
2025-03-18 17:00:00,1204.911223266652
2025-03-18 18:00:00,1132.8962159784742
2025-03-18 19:00:00,1082.716165606263
2025-03-18 20:00:00,797.5008569272118
2025-03-18 21:00:00,782.3164795211328
2025-03-18 22:00:00,984.7867182817428
2025-03-18 23:00:00,1212.203521765039
2025-03-19 00:00:00,1156.8217879063914
2025-03-19 01:00:00,727.7479820138243
2025-03-19 02:00:00,736.0484471478784
2025-03-19 03:00:00,1273.061107439527
2025-03-19 04:00:00,1032.8968458156305
2025-03-19 05:00:00,766.8283784776492
2025-03-19 06:00:00,1223.611230215835
2025-03-19 07:00:00,1093.7791514097637
2025-03-19 08:00:00,1654.0673323209205
2025-03-19 09:00:00,1300.1280279992643
2025-03-19 10:00:00,1112.2224882317594
2025-03-19 11:00:00,1008.6684662454012
2025-03-19 12:00:00,1088.4245686426748
2025-03-19 13:00:00,1018.74859517952
2025-03-19 14:00:00,740.803179692621
2025-03-19 15:00:00,1233.0459348566203
2025-03-19 16:00:00,1097.2783378158897
2025-03-19 17:00:00,467.0669489270345
2025-03-19 18:00:00,907.9005082273876
2025-03-19 19:00:00,867.7070814150458
2025-03-19 20:00:00,1244.147584372399
2025-03-19 21:00:00,1030.9379666232428
2025-03-19 22:00:00,1349.513420316229
2025-03-19 23:00:00,709.0336947113228
2025-03-20 00:00:00,1083.471632274532
2025-03-20 01:00:00,775.8976547380654
2025-03-20 02:00:00,703.8558534459249
2025-03-20 03:00:00,798.8543141548664
2025-03-20 04:00:00,757.2174945877778
2025-03-20 05:00:00,989.222198199264
2025-03-20 06:00:00,1092.5923469611912
2025-03-20 07:00:00,609.5135283358475
2025-03-20 08:00:00,840.9808115082171
2025-03-20 09:00:00,895.4518471859882
2025-03-20 10:00:00,907.586425187922
2025-03-20 11:00:00,1041.712290074952
2025-03-20 12:00:00,914.3106435311456
2025-03-20 13:00:00,789.365923125906
2025-03-20 14:00:00,694.3443941358969
2025-03-20 15:00:00,567.0485952627458
2025-03-20 16:00:00,826.6343797546384
2025-03-20 17:00:00,895.4814908832818
2025-03-20 18:00:00,1057.5112839486455
2025-03-20 19:00:00,825.4455280710134
2025-03-20 20:00:00,1307.879049744756
2025-03-20 21:00:00,879.2503027488918
2025-03-20 22:00:00,806.5918353277516
2025-03-20 23:00:00,960.87547430168
2025-03-21 00:00:00,941.1836420636532
2025-03-21 01:00:00,530.4804755316932
2025-03-21 02:00:00,1025.5982353043603
2025-03-21 03:00:00,915.4845953708164
2025-03-21 04:00:00,941.4840783182314
2025-03-21 05:00:00,931.4085874603164
2025-03-21 06:00:00,673.2850352269534
2025-03-21 07:00:00,741.0671149137365
2025-03-21 08:00:00,1186.4697295457363
2025-03-21 09:00:00,992.8041196784068
2025-03-21 10:00:00,795.5187052796681
2025-03-21 11:00:00,979.520525180002
2025-03-21 12:00:00,977.1047982333153
2025-03-21 13:00:00,1256.5871702759462
2025-03-21 14:00:00,1104.0629351495827
2025-03-21 15:00:00,977.7295776386176
2025-03-21 16:00:00,822.2745293652871
2025-03-21 17:00:00,1225.7267608270442
2025-03-21 18:00:00,885.0880536740246
2025-03-21 19:00:00,746.1461400316678
2025-03-21 20:00:00,682.9535384864729
2025-03-21 21:00:00,747.6124870756154
2025-03-21 22:00:00,837.6510200529954
2025-03-21 23:00:00,1041.7349515046717
2025-03-22 00:00:00,1343.2875873144749
2025-03-22 01:00:00,1125.321265327462
2025-03-22 02:00:00,1273.4974250981484
2025-03-22 03:00:00,1585.3093605414772
2025-03-22 04:00:00,1290.705307405034
2025-03-22 05:00:00,1441.9557109227662
2025-03-22 06:00:00,762.0163787450751
2025-03-22 07:00:00,929.9176915627304
2025-03-22 08:00:00,927.8832366853658
2025-03-22 09:00:00,507.2956699834595
2025-03-22 10:00:00,1108.003857117168
2025-03-22 11:00:00,1396.0006448569657
2025-03-22 12:00:00,975.0098159842564
2025-03-22 13:00:00,1134.5950061997803
2025-03-22 14:00:00,905.4030812541096
2025-03-22 15:00:00,984.5289531505564
2025-03-22 16:00:00,1154.220543131612
2025-03-22 17:00:00,830.7769810299659
2025-03-22 18:00:00,1348.3023646285994
2025-03-22 19:00:00,672.8898671127588
2025-03-22 20:00:00,1162.2841617356548
2025-03-22 21:00:00,984.5826473911932
2025-03-22 22:00:00,1417.1173299686195
2025-03-22 23:00:00,1258.2876254381074
2025-03-23 00:00:00,408.3005477331713
2025-03-23 01:00:00,633.3978191406595
2025-03-23 02:00:00,712.461598465396
2025-03-23 03:00:00,762.0765500970018
2025-03-23 04:00:00,796.8068171507155
2025-03-23 05:00:00,898.7155929759268
2025-03-23 06:00:00,575.6385898378068
2025-03-23 07:00:00,506.8035516442853
2025-03-23 08:00:00,832.0065445683201
2025-03-23 09:00:00,734.8353122108927
2025-03-23 10:00:00,775.6411850920136
2025-03-23 11:00:00,690.3479664994195
2025-03-23 12:00:00,764.5790313231782
2025-03-23 13:00:00,1027.4832539393012
2025-03-23 14:00:00,534.8846885361302
2025-03-23 15:00:00,597.8879409823855
2025-03-23 16:00:00,893.6475761322649
2025-03-23 17:00:00,1040.2982070683336
2025-03-23 18:00:00,759.4404098269251
2025-03-23 19:00:00,591.9976543138644
2025-03-23 20:00:00,475.03210628701015
2025-03-23 21:00:00,833.2865980069892
2025-03-23 22:00:00,594.1141798320893
2025-03-23 23:00:00,1136.634446391857
2025-03-24 00:00:00,1290.7224000391868
2025-03-24 01:00:00,1354.7263916839113
2025-03-24 02:00:00,1205.7129944739995
2025-03-24 03:00:00,1516.819025861592
2025-03-24 04:00:00,1234.0752099746226
2025-03-24 05:00:00,1250.4805240490298
2025-03-24 06:00:00,1570.807824378289
2025-03-24 07:00:00,1389.479748210102
2025-03-24 08:00:00,1761.1149378937114
2025-03-24 09:00:00,830.5911166998387
2025-03-24 10:00:00,1097.623157616666
2025-03-24 11:00:00,1011.5988272300708
2025-03-24 12:00:00,1442.7249419626564
2025-03-24 13:00:00,1112.9331336239084
2025-03-24 14:00:00,1383.5894609605489
2025-03-24 15:00:00,946.1324146875515
2025-03-24 16:00:00,1211.534406853544
2025-03-24 17:00:00,1802.114906636317
2025-03-24 18:00:00,1639.4559139312366
2025-03-24 19:00:00,770.8986772590007
2025-03-24 20:00:00,1324.8742328233998
2025-03-24 21:00:00,1438.9151722504846
2025-03-24 22:00:00,1112.9783154353302
2025-03-24 23:00:00,962.5822862782002
2025-03-25 00:00:00,1088.2920464991212
2025-03-25 01:00:00,1184.6682753604566
2025-03-25 02:00:00,1033.0590969871855
2025-03-25 03:00:00,1564.1485616504435
2025-03-25 04:00:00,871.8067915197171
2025-03-25 05:00:00,960.9559901162704
2025-03-25 06:00:00,1176.634264820172
2025-03-25 07:00:00,1222.9018733331095
2025-03-25 08:00:00,772.6234131629737
2025-03-25 09:00:00,1343.5698662249242
2025-03-25 10:00:00,755.6819144256764
2025-03-25 11:00:00,1068.1457228881095
2025-03-25 12:00:00,1001.2743353800172
2025-03-25 13:00:00,915.8042836175704
2025-03-25 14:00:00,1308.5661827195124
2025-03-25 15:00:00,566.0223809343031
2025-03-25 16:00:00,910.8633835529336
2025-03-25 17:00:00,874.1701857432257
2025-03-25 18:00:00,1253.4449981651994
2025-03-25 19:00:00,1397.5721218399146
2025-03-25 20:00:00,1232.2312961352209
2025-03-25 21:00:00,1364.4728525115909
2025-03-25 22:00:00,592.1581931715866
2025-03-25 23:00:00,1101.685406744759
2025-03-26 00:00:00,797.5101338337893
2025-03-26 01:00:00,904.3562132978354
2025-03-26 02:00:00,878.4831008099507
2025-03-26 03:00:00,1099.3924780909294
2025-03-26 04:00:00,520.983978724576
2025-03-26 05:00:00,718.0578438003682
2025-03-26 06:00:00,606.8567019733853
2025-03-26 07:00:00,579.5845060474857
2025-03-26 08:00:00,1035.5965662757787
2025-03-26 09:00:00,893.6217536737674
2025-03-26 10:00:00,1130.578768585951
2025-03-26 11:00:00,1066.5357446059863
2025-03-26 12:00:00,873.9180396417017
2025-03-26 13:00:00,694.972481009119
2025-03-26 14:00:00,1033.1846300205093
2025-03-26 15:00:00,742.9112436417599
2025-03-26 16:00:00,655.346019139837
2025-03-26 17:00:00,663.7976157916851
2025-03-26 18:00:00,883.1788934748155
2025-03-26 19:00:00,1080.3861949511686
2025-03-26 20:00:00,871.2381790733466
2025-03-26 21:00:00,1073.298958356424
2025-03-26 22:00:00,877.9170825646668
2025-03-26 23:00:00,788.6326831538182
2025-03-27 00:00:00,1736.3804283980749
2025-03-27 01:00:00,1322.93632277343
2025-03-27 02:00:00,1060.9658786114944
2025-03-27 03:00:00,863.2130852586027
2025-03-27 04:00:00,1374.9817401233718
2025-03-27 05:00:00,1207.7675996159778
2025-03-27 06:00:00,1391.6920158017922
2025-03-27 07:00:00,1355.0453387646207
2025-03-27 08:00:00,1383.8706848230577
2025-03-27 09:00:00,1563.579268492569
2025-03-27 10:00:00,1352.799757186848
2025-03-27 11:00:00,1088.6497001665373
2025-03-27 12:00:00,1076.6586658528308
2025-03-27 13:00:00,1421.2533249406492
2025-03-27 14:00:00,999.964560541334
2025-03-27 15:00:00,1455.6740434291687
2025-03-27 16:00:00,1454.617919431133
2025-03-27 17:00:00,1261.6401597360623
2025-03-27 18:00:00,1073.8903735372276
2025-03-27 19:00:00,820.6224591509989
2025-03-27 20:00:00,986.6921920399664
2025-03-27 21:00:00,858.9108458371552
2025-03-27 22:00:00,1279.6006925989195
2025-03-27 23:00:00,1160.221529713589
2025-03-28 00:00:00,1066.9691064588046
2025-03-28 01:00:00,931.92611316867
2025-03-28 02:00:00,917.074940862958
2025-03-28 03:00:00,1009.8309726819878
2025-03-28 04:00:00,1096.7377775580694
2025-03-28 05:00:00,617.2186898099337
2025-03-28 06:00:00,1036.8227743019388
2025-03-28 07:00:00,579.7709157828051
2025-03-28 08:00:00,764.1008505605897
2025-03-28 09:00:00,1092.3215645322089
2025-03-28 10:00:00,1034.014393611999
2025-03-28 11:00:00,1029.20306192181
2025-03-28 12:00:00,941.5113153307116
2025-03-28 13:00:00,1165.1468670722973
2025-03-28 14:00:00,628.48742594334
2025-03-28 15:00:00,852.9866794440934
2025-03-28 16:00:00,917.0317219931252
2025-03-28 17:00:00,1278.2115120872652
2025-03-28 18:00:00,1094.938626521886
2025-03-28 19:00:00,1097.0966463836585
2025-03-28 20:00:00,770.1033911994917
2025-03-28 21:00:00,1317.160662123198
2025-03-28 22:00:00,994.1499569135874
2025-03-28 23:00:00,725.6668720725158
2025-03-29 00:00:00,882.7032397162164
2025-03-29 01:00:00,1020.6040947437436
2025-03-29 02:00:00,1177.401235868136
2025-03-29 03:00:00,993.0045817519946
2025-03-29 04:00:00,1365.452530904962
2025-03-29 05:00:00,1303.5812652469667
2025-03-29 06:00:00,1263.2506023427702
2025-03-29 07:00:00,1703.058857644232
2025-03-29 08:00:00,831.5505154947969
2025-03-29 09:00:00,1572.763777480058
2025-03-29 10:00:00,1031.4857754212796
2025-03-29 11:00:00,1596.4249859652882
2025-03-29 12:00:00,1705.876904030005
2025-03-29 13:00:00,1803.7892387776087
2025-03-29 14:00:00,1188.1442939512228
2025-03-29 15:00:00,947.835514541796
2025-03-29 16:00:00,1316.2207697065262
2025-03-29 17:00:00,1222.0250263588912
2025-03-29 18:00:00,799.7117068016574
2025-03-29 19:00:00,1416.919698288891
2025-03-29 20:00:00,1007.2692155747798
2025-03-29 21:00:00,1591.4458378370846
2025-03-29 22:00:00,1473.645106118002
2025-03-29 23:00:00,1165.70718427639
2025-03-30 00:00:00,955.4483995680764
2025-03-30 01:00:00,912.3042863717424
2025-03-30 02:00:00,1626.406161801524
2025-03-30 03:00:00,816.1448371927498
2025-03-30 04:00:00,1015.2774513323355
2025-03-30 05:00:00,1203.2838320547842
2025-03-30 06:00:00,926.9759711916691
2025-03-30 07:00:00,877.9318609777064
2025-03-30 08:00:00,737.2368051463486
2025-03-30 09:00:00,1243.5636079957678
2025-03-30 10:00:00,1147.1573838886975
2025-03-30 11:00:00,1098.5419195547486
2025-03-30 12:00:00,701.1481951023785
2025-03-30 13:00:00,1105.2997865776813
2025-03-30 14:00:00,1061.4623245486512
2025-03-30 15:00:00,936.269565587016
2025-03-30 16:00:00,727.6691824787675
2025-03-30 17:00:00,992.7801249172536
2025-03-30 18:00:00,829.2702246931791
2025-03-30 19:00:00,1020.2374558213132
2025-03-30 20:00:00,1016.884610518938
2025-03-30 21:00:00,936.2505893171032
2025-03-30 22:00:00,1181.3030654991044
2025-03-30 23:00:00,990.8987339912748
2025-03-31 00:00:00,1141.6389439656623
2025-03-31 01:00:00,1265.901648893979
2025-03-31 02:00:00,850.3588963606009
2025-03-31 03:00:00,980.7284387881598
2025-03-31 04:00:00,1247.7441027640923
2025-03-31 05:00:00,1085.8318419277118
2025-03-31 06:00:00,1290.6863336381382
2025-03-31 07:00:00,1210.5031182052237
2025-03-31 08:00:00,959.7904155996224
2025-03-31 09:00:00,1239.003656201686
2025-03-31 10:00:00,999.2316263235682
2025-03-31 11:00:00,1255.0363094466431
2025-03-31 12:00:00,1444.0648565284614
2025-03-31 13:00:00,1283.478245821597
2025-03-31 14:00:00,1535.873052588654
2025-03-31 15:00:00,726.5699586149506
2025-03-31 16:00:00,937.9422816843633
2025-03-31 17:00:00,997.3650967912016
2025-03-31 18:00:00,969.1431398581324
2025-03-31 19:00:00,1131.9565308748813
2025-03-31 20:00:00,975.923777506056
2025-03-31 21:00:00,1286.536068256648
2025-03-31 22:00:00,1260.968680715513
2025-03-31 23:00:00,1140.6004371449185
2025-04-01 00:00:00,997.7161458376308
2025-04-01 01:00:00,1020.5425107807316
2025-04-01 02:00:00,962.9165348193884
2025-04-01 03:00:00,904.66579123617
2025-04-01 04:00:00,1151.124423168099
2025-04-01 05:00:00,800.6405457896607
2025-04-01 06:00:00,833.3169757278133
2025-04-01 07:00:00,1019.2414207458374
2025-04-01 08:00:00,994.7337239311468
2025-04-01 09:00:00,1052.6117904755731
2025-04-01 10:00:00,848.1884903040385
2025-04-01 11:00:00,662.8140442003483
2025-04-01 12:00:00,676.6850762598268
2025-04-01 13:00:00,821.4510788196393
2025-04-01 14:00:00,1041.7895641544126
2025-04-01 15:00:00,1041.7606108028206
2025-04-01 16:00:00,572.6704035660229
2025-04-01 17:00:00,995.2920752731144
2025-04-01 18:00:00,883.5808738902168
2025-04-01 19:00:00,711.8422218935876
2025-04-01 20:00:00,1293.288073881184
2025-04-01 21:00:00,946.7427260785274
2025-04-01 22:00:00,1048.0826586833557
2025-04-01 23:00:00,1361.0480584313066
2025-04-02 00:00:00,867.6146455286372
2025-04-02 01:00:00,1223.052013123352
2025-04-02 02:00:00,695.9315071428242
2025-04-02 03:00:00,956.3428854787091
2025-04-02 04:00:00,951.1124405806536
2025-04-02 05:00:00,1125.2618764409035
2025-04-02 06:00:00,1018.8100261201706
2025-04-02 07:00:00,770.2853333509009
2025-04-02 08:00:00,1125.6511428065576
2025-04-02 09:00:00,1101.6958705946142
2025-04-02 10:00:00,744.3081730198106
2025-04-02 11:00:00,812.7644101008198
2025-04-02 12:00:00,843.2974176032623
2025-04-02 13:00:00,725.7737716723358
2025-04-02 14:00:00,1143.0705875448934
2025-04-02 15:00:00,881.3637981909577
2025-04-02 16:00:00,890.0362710371473
2025-04-02 17:00:00,746.8052296701853
2025-04-02 18:00:00,868.0389783825659
2025-04-02 19:00:00,1222.2860234039006
2025-04-02 20:00:00,1083.4394450706789
2025-04-02 21:00:00,637.5541949287394
2025-04-02 22:00:00,755.8614179377928
2025-04-02 23:00:00,1062.20011308149
2025-04-03 00:00:00,845.5124210284717
2025-04-03 01:00:00,787.0910402985012
2025-04-03 02:00:00,697.6149636616556
2025-04-03 03:00:00,968.8244983823244
2025-04-03 04:00:00,878.4006998209117
2025-04-03 05:00:00,1167.538892240116
2025-04-03 06:00:00,938.0221328988202
2025-04-03 07:00:00,767.187251243739
2025-04-03 08:00:00,1082.6270805858824
2025-04-03 09:00:00,1206.6641441289046
2025-04-03 10:00:00,810.812152686697
2025-04-03 11:00:00,626.9762150128231
2025-04-03 12:00:00,859.6348764903726
2025-04-03 13:00:00,694.0325730719095
2025-04-03 14:00:00,1262.8452550171364
2025-04-03 15:00:00,686.8386283916037
2025-04-03 16:00:00,888.3977639202966
2025-04-03 17:00:00,1230.8832544750808
2025-04-03 18:00:00,1116.359467718124
2025-04-03 19:00:00,853.0378714900893
2025-04-03 20:00:00,801.8133146467825
2025-04-03 21:00:00,916.196083803604
2025-04-03 22:00:00,905.0426601530684
2025-04-03 23:00:00,1235.2330966261716
2025-04-04 00:00:00,719.1073863181293
2025-04-04 01:00:00,1179.2816416973328
2025-04-04 02:00:00,1189.2820585033703
2025-04-04 03:00:00,940.3884558609828
2025-04-04 04:00:00,1137.189983980722
2025-04-04 05:00:00,995.166765327036
2025-04-04 06:00:00,747.3141901251785
2025-04-04 07:00:00,969.0976234213308
2025-04-04 08:00:00,759.5527793895174
2025-04-04 09:00:00,860.1329822693377
2025-04-04 10:00:00,800.0943807259301
2025-04-04 11:00:00,1050.6456009975657
2025-04-04 12:00:00,1021.8103872452592
2025-04-04 13:00:00,725.0750368411767
2025-04-04 14:00:00,803.8460660522443
2025-04-04 15:00:00,984.5400984288494
2025-04-04 16:00:00,1076.5574956863693
2025-04-04 17:00:00,999.3029960555128
2025-04-04 18:00:00,550.3008462642292
2025-04-04 19:00:00,1238.6088828896895
2025-04-04 20:00:00,1334.240851591023
2025-04-04 21:00:00,1297.099951040885
2025-04-04 22:00:00,1092.266616596315
2025-04-04 23:00:00,1117.461160436676
2025-04-05 00:00:00,970.358150360021
2025-04-05 01:00:00,723.6424224872026
2025-04-05 02:00:00,957.8619144644816
2025-04-05 03:00:00,667.7120646306953
2025-04-05 04:00:00,1044.5338509932456
2025-04-05 05:00:00,868.7821393683446
2025-04-05 06:00:00,1078.5462874886716
2025-04-05 07:00:00,969.2351236743964
2025-04-05 08:00:00,849.1446070750854
2025-04-05 09:00:00,1092.8077506822094
2025-04-05 10:00:00,715.6426015997085
2025-04-05 11:00:00,885.55833147321
2025-04-05 12:00:00,834.5600164743682
2025-04-05 13:00:00,1074.226837546924
2025-04-05 14:00:00,920.9678032630987
2025-04-05 15:00:00,985.5889193887122
2025-04-05 16:00:00,1033.3631206637926
2025-04-05 17:00:00,496.3244544405809
2025-04-05 18:00:00,761.8522595776968
2025-04-05 19:00:00,956.7715266490854
2025-04-05 20:00:00,1124.441849281423
2025-04-05 21:00:00,1042.174803280487
2025-04-05 22:00:00,1180.2275300433855
2025-04-05 23:00:00,893.6428485812324
2025-04-06 00:00:00,909.5977073635562
2025-04-06 01:00:00,922.5592486621754
2025-04-06 02:00:00,842.7679296969305
2025-04-06 03:00:00,900.8090425783772
2025-04-06 04:00:00,972.1208183318986
2025-04-06 05:00:00,878.924398628962
2025-04-06 06:00:00,1015.9903972399322
2025-04-06 07:00:00,643.029748365122
2025-04-06 08:00:00,1097.1145821408456
2025-04-06 09:00:00,1046.4872285314505
2025-04-06 10:00:00,1100.8124339842143
2025-04-06 11:00:00,916.9352187542676
2025-04-06 12:00:00,907.8956817652404
2025-04-06 13:00:00,1209.1774996741606
2025-04-06 14:00:00,979.3900981390584
2025-04-06 15:00:00,1412.1478798598334
2025-04-06 16:00:00,726.4091336480992
2025-04-06 17:00:00,960.6206607372708
2025-04-06 18:00:00,782.7499524249416
2025-04-06 19:00:00,851.5991770030207
2025-04-06 20:00:00,850.9428745632574
2025-04-06 21:00:00,913.4515455471834
2025-04-06 22:00:00,1168.8499970659395
2025-04-06 23:00:00,779.4107714155896
2025-04-07 00:00:00,755.656395765147
2025-04-07 01:00:00,975.4803086722732
2025-04-07 02:00:00,1341.7965045113615
2025-04-07 03:00:00,1159.6789546131342
2025-04-07 04:00:00,1119.3893537453407
2025-04-07 05:00:00,1195.3614442641394
2025-04-07 06:00:00,1183.8685864902889
2025-04-07 07:00:00,1194.9155202391928
2025-04-07 08:00:00,1359.5999778724045
2025-04-07 09:00:00,841.0994349505223
2025-04-07 10:00:00,1046.5608183446443
2025-04-07 11:00:00,1196.8822520778988
2025-04-07 12:00:00,1220.7409227995572
2025-04-07 13:00:00,1180.0644989998837
2025-04-07 14:00:00,1338.9784792902203
2025-04-07 15:00:00,955.2105928016476
2025-04-07 16:00:00,775.0127254285617
2025-04-07 17:00:00,1331.7279605937542
2025-04-07 18:00:00,1061.4093895894227
2025-04-07 19:00:00,945.084998615306
2025-04-07 20:00:00,1069.1722223047975
2025-04-07 21:00:00,969.8007422182776
2025-04-07 22:00:00,1275.213918200717
2025-04-07 23:00:00,1250.576471275781
2025-04-08 00:00:00,1143.3426251379583
2025-04-08 01:00:00,1038.4642196791574
2025-04-08 02:00:00,1243.5529223876656
2025-04-08 03:00:00,544.0714772807635
2025-04-08 04:00:00,790.682000209951
2025-04-08 05:00:00,1023.4961781182616
2025-04-08 06:00:00,946.4158502995074
2025-04-08 07:00:00,835.5995586133796
2025-04-08 08:00:00,1159.6644719728058
2025-04-08 09:00:00,829.8490488195339
2025-04-08 10:00:00,1076.5876069190142
2025-04-08 11:00:00,1057.3825561740289
2025-04-08 12:00:00,1043.641333539319
2025-04-08 13:00:00,860.6358128997921
2025-04-08 14:00:00,991.8765625175288
2025-04-08 15:00:00,1284.9106651863494
2025-04-08 16:00:00,1143.8902201701965
2025-04-08 17:00:00,1230.4147498265393
2025-04-08 18:00:00,1015.2110408877052
2025-04-08 19:00:00,680.474469884196
2025-04-08 20:00:00,935.481352655137
2025-04-08 21:00:00,1000.6437663685392
2025-04-08 22:00:00,1300.298223841148
2025-04-08 23:00:00,1266.1365688345725
2025-04-09 00:00:00,864.3723602301188
2025-04-09 01:00:00,1069.8485835397255
2025-04-09 02:00:00,988.453159101486
2025-04-09 03:00:00,992.254719725266
2025-04-09 04:00:00,785.7273121416767
2025-04-09 05:00:00,1139.8285696443795
2025-04-09 06:00:00,1036.8276125651084
2025-04-09 07:00:00,1210.855724425065
2025-04-09 08:00:00,738.1423381702241
2025-04-09 09:00:00,807.9527628940145
2025-04-09 10:00:00,1803.7042888005835
2025-04-09 11:00:00,859.4653214323744
2025-04-09 12:00:00,1103.045953638362
2025-04-09 13:00:00,1134.3734983311883
2025-04-09 14:00:00,838.158789786272
2025-04-09 15:00:00,1403.4503295709246
2025-04-09 16:00:00,1029.3640763887893
2025-04-09 17:00:00,1074.236254501561
2025-04-09 18:00:00,1422.3878411768935
2025-04-09 19:00:00,878.0377597228212
2025-04-09 20:00:00,941.3260400460946
2025-04-09 21:00:00,970.975488484386
2025-04-09 22:00:00,756.7045010758343
2025-04-09 23:00:00,1100.5961738298604
2025-04-10 00:00:00,1086.2959758651582
2025-04-10 01:00:00,1185.3224959728916
2025-04-10 02:00:00,1229.2963718918718
2025-04-10 03:00:00,1118.8603871471655
2025-04-10 04:00:00,997.2765407431208
2025-04-10 05:00:00,1303.6458530061818
2025-04-10 06:00:00,901.8730768024532
2025-04-10 07:00:00,1340.51872430182
2025-04-10 08:00:00,1007.4377406064124
2025-04-10 09:00:00,1208.160425535399
2025-04-10 10:00:00,1430.6768635158192
2025-04-10 11:00:00,573.2309314175714
2025-04-10 12:00:00,1007.583603681041
2025-04-10 13:00:00,963.219025480374
2025-04-10 14:00:00,1405.702724763154
2025-04-10 15:00:00,962.6166971896224
2025-04-10 16:00:00,1619.8117902254498
2025-04-10 17:00:00,727.665884682385
2025-04-10 18:00:00,1121.124375008094
2025-04-10 19:00:00,966.9172947984144
2025-04-10 20:00:00,1153.7311073112642
2025-04-10 21:00:00,929.4364605575691
2025-04-10 22:00:00,953.351478948636
2025-04-10 23:00:00,665.8568532956053
2025-04-11 00:00:00,708.3784174828247
2025-04-11 01:00:00,746.457069605916
2025-04-11 02:00:00,1028.9402443583156
2025-04-11 03:00:00,986.8229601989748
2025-04-11 04:00:00,1219.1220326897749
2025-04-11 05:00:00,737.6661213426489
2025-04-11 06:00:00,1096.5283871223
2025-04-11 07:00:00,1076.6020195473563
2025-04-11 08:00:00,950.2069584244942
2025-04-11 09:00:00,848.8143585272596
2025-04-11 10:00:00,995.3703909680164
2025-04-11 11:00:00,1190.1758456085704
2025-04-11 12:00:00,935.7677361826188
2025-04-11 13:00:00,1182.7542420194918
2025-04-11 14:00:00,955.9845060424166
2025-04-11 15:00:00,1360.249562043196
2025-04-11 16:00:00,1016.7903531704816
2025-04-11 17:00:00,975.8610949532242
2025-04-11 18:00:00,685.5405113483391
2025-04-11 19:00:00,722.6933760813447
2025-04-11 20:00:00,1088.4937170241435
2025-04-11 21:00:00,965.361579452907
2025-04-11 22:00:00,1068.263580801013
2025-04-11 23:00:00,872.8836303007284
2025-04-12 00:00:00,862.5639935019569
2025-04-12 01:00:00,1043.6766754856988
2025-04-12 02:00:00,942.4935640141614
2025-04-12 03:00:00,1353.0137927250346
2025-04-12 04:00:00,849.8743157811407
2025-04-12 05:00:00,1206.0093484361369
2025-04-12 06:00:00,777.6542435996734
2025-04-12 07:00:00,893.7770580430263
2025-04-12 08:00:00,819.626228639814
2025-04-12 09:00:00,1233.7662577160204
2025-04-12 10:00:00,1071.6234582557286
2025-04-12 11:00:00,1012.5300682520104
2025-04-12 12:00:00,1031.7041819473131
2025-04-12 13:00:00,771.7658430380405
2025-04-12 14:00:00,1262.0057236196178
2025-04-12 15:00:00,1259.3677310354858
2025-04-12 16:00:00,978.7329770539344
2025-04-12 17:00:00,988.1070794057124
2025-04-12 18:00:00,1113.4371801063908
2025-04-12 19:00:00,950.951026465246
2025-04-12 20:00:00,946.0388917807398
2025-04-12 21:00:00,888.362305343769
2025-04-12 22:00:00,917.3188102676512
2025-04-12 23:00:00,891.6625929129922
2025-04-13 00:00:00,1003.0805960666822
2025-04-13 01:00:00,981.5946409582352
2025-04-13 02:00:00,938.9829327283504
2025-04-13 03:00:00,751.6074469609457
2025-04-13 04:00:00,1408.5635797194254
2025-04-13 05:00:00,1182.7732932338588
2025-04-13 06:00:00,1259.6204863737792
2025-04-13 07:00:00,959.7940774444633
2025-04-13 08:00:00,1386.4520715724927
2025-04-13 09:00:00,1104.7476384735603
2025-04-13 10:00:00,1385.4720974109084
2025-04-13 11:00:00,1070.699073525209
2025-04-13 12:00:00,1063.9803988620197
2025-04-13 13:00:00,960.2112618349646
2025-04-13 14:00:00,1090.2080828727053
2025-04-13 15:00:00,1121.877807479034
2025-04-13 16:00:00,1394.0735411078294
2025-04-13 17:00:00,1404.168635165566
2025-04-13 18:00:00,1092.883403500287
2025-04-13 19:00:00,1335.3152981213268
2025-04-13 20:00:00,490.0524561552905
2025-04-13 21:00:00,972.5921296565976
2025-04-13 22:00:00,1127.187108924681
2025-04-13 23:00:00,1264.0480800715454
2025-04-14 00:00:00,1031.187280391457
2025-04-14 01:00:00,946.6214070669228
2025-04-14 02:00:00,876.0669025754323
2025-04-14 03:00:00,1439.5813792383535
2025-04-14 04:00:00,1276.9476630785389
2025-04-14 05:00:00,1315.64917345176
2025-04-14 06:00:00,1045.0907280084368
2025-04-14 07:00:00,931.401281907168
2025-04-14 08:00:00,1158.5743497316894
2025-04-14 09:00:00,1037.743174108716
2025-04-14 10:00:00,1016.1647270471504
2025-04-14 11:00:00,1037.6941927250164
2025-04-14 12:00:00,910.8603430303872
2025-04-14 13:00:00,861.1225154138405
2025-04-14 14:00:00,992.3189043487296
2025-04-14 15:00:00,753.9132827287589
2025-04-14 16:00:00,1167.658987681505
2025-04-14 17:00:00,1217.7799398227817
2025-04-14 18:00:00,882.3714611957987
2025-04-14 19:00:00,661.7210919754234
2025-04-14 20:00:00,1124.9697447234118
2025-04-14 21:00:00,1092.6098328933097
2025-04-14 22:00:00,1047.1558807095212
2025-04-14 23:00:00,764.5493079648415
2025-04-15 00:00:00,1085.4830383843723
2025-04-15 01:00:00,773.6664074316758
2025-04-15 02:00:00,890.244962557028
2025-04-15 03:00:00,797.224193759921
2025-04-15 04:00:00,875.5500239440323
2025-04-15 05:00:00,601.9285439610678
2025-04-15 06:00:00,736.5807111358357
2025-04-15 07:00:00,589.4593690849227
2025-04-15 08:00:00,632.8379033348995
2025-04-15 09:00:00,693.9946173724056
2025-04-15 10:00:00,516.4874767217882
2025-04-15 11:00:00,734.0754787662839
2025-04-15 12:00:00,693.6923454442355
2025-04-15 13:00:00,616.8162738775825
2025-04-15 14:00:00,787.1822794155714
2025-04-15 15:00:00,806.8326269171631
2025-04-15 16:00:00,673.300255798279
2025-04-15 17:00:00,1134.06970042978
2025-04-15 18:00:00,924.8248910415948
2025-04-15 19:00:00,990.07607881135
2025-04-15 20:00:00,755.5562562802304
2025-04-15 21:00:00,953.1916298160731
2025-04-15 22:00:00,932.4858324126992
2025-04-15 23:00:00,643.9402323638674
2025-04-16 00:00:00,1475.85214967415
2025-04-16 01:00:00,855.6126384208163
2025-04-16 02:00:00,1023.0661343802806
2025-04-16 03:00:00,892.2731673485279
2025-04-16 04:00:00,1087.3074339969985
2025-04-16 05:00:00,746.8393990078505
2025-04-16 06:00:00,744.8429834192203
2025-04-16 07:00:00,1143.7934924851886
2025-04-16 08:00:00,969.3050878053588
2025-04-16 09:00:00,470.3163730904565
2025-04-16 10:00:00,936.653017713278
2025-04-16 11:00:00,898.3580035612797
2025-04-16 12:00:00,1064.7966225986863
2025-04-16 13:00:00,992.1501668807042
2025-04-16 14:00:00,996.0923639357952
2025-04-16 15:00:00,948.595643504255
2025-04-16 16:00:00,986.4472999687748
2025-04-16 17:00:00,717.3719933631364
2025-04-16 18:00:00,780.3431156377358
2025-04-16 19:00:00,773.3676097516302
2025-04-16 20:00:00,682.2180528949646
2025-04-16 21:00:00,1079.2630456513948
2025-04-16 22:00:00,1133.2107864449677
2025-04-16 23:00:00,1046.7712549793227
2025-04-17 00:00:00,839.3675358589213
2025-04-17 01:00:00,857.6587714123856
2025-04-17 02:00:00,1149.70101359349
2025-04-17 03:00:00,1039.4365091242946
2025-04-17 04:00:00,1267.4400311928812
2025-04-17 05:00:00,758.03333555697
2025-04-17 06:00:00,897.9523072601388
2025-04-17 07:00:00,703.2834405212816
2025-04-17 08:00:00,673.8376110849371
2025-04-17 09:00:00,911.1885137166792
2025-04-17 10:00:00,877.2505823465277
2025-04-17 11:00:00,843.9399194890223
2025-04-17 12:00:00,651.7418440469356
2025-04-17 13:00:00,977.3975043262786
2025-04-17 14:00:00,886.9998531349537
2025-04-17 15:00:00,1112.455432670422
2025-04-17 16:00:00,1043.926810187524
2025-04-17 17:00:00,693.6798433610548
2025-04-17 18:00:00,1014.8103504744008
2025-04-17 19:00:00,827.7555825762338
2025-04-17 20:00:00,1228.619898600654
2025-04-17 21:00:00,934.8245318351348
2025-04-17 22:00:00,845.6897122381007
2025-04-17 23:00:00,863.9280518994389
2025-04-18 00:00:00,1067.126790205441
2025-04-18 01:00:00,1210.8226507936315
2025-04-18 02:00:00,556.1790467744993
2025-04-18 03:00:00,807.5502267191914
2025-04-18 04:00:00,831.596808872359
2025-04-18 05:00:00,749.3023343553377
2025-04-18 06:00:00,1057.4461138523322
2025-04-18 07:00:00,1062.5317781825347
2025-04-18 08:00:00,808.6471047643976
2025-04-18 09:00:00,1202.6467040634654
2025-04-18 10:00:00,855.9473442557726
2025-04-18 11:00:00,809.2320662576417
2025-04-18 12:00:00,897.961394092707
2025-04-18 13:00:00,723.4924826195212
2025-04-18 14:00:00,1097.515112064188
2025-04-18 15:00:00,955.2481265844932
2025-04-18 16:00:00,790.0065002771614
2025-04-18 17:00:00,818.8218060051724
2025-04-18 18:00:00,695.984718114071
2025-04-18 19:00:00,895.020074727467
2025-04-18 20:00:00,630.35867802855
2025-04-18 21:00:00,850.9129850513551
2025-04-18 22:00:00,762.4102647439785
2025-04-18 23:00:00,946.8157507330664
2025-04-19 00:00:00,1278.750284271532
2025-04-19 01:00:00,1077.774491901863
2025-04-19 02:00:00,948.052271981975
2025-04-19 03:00:00,1038.6422498973066
2025-04-19 04:00:00,1101.183749136224
2025-04-19 05:00:00,1212.6754271695236
2025-04-19 06:00:00,979.3085277747076
2025-04-19 07:00:00,891.117670674686
2025-04-19 08:00:00,1143.1815451794082
2025-04-19 09:00:00,1405.116142777786
2025-04-19 10:00:00,1518.5901247664142
2025-04-19 11:00:00,1280.13394133085
2025-04-19 12:00:00,886.0387125849288
2025-04-19 13:00:00,1416.1185208200936
2025-04-19 14:00:00,917.99205562668
2025-04-19 15:00:00,934.5844458432616
2025-04-19 16:00:00,1199.3490561460017
2025-04-19 17:00:00,799.8461374644949
2025-04-19 18:00:00,1282.007871667066
2025-04-19 19:00:00,1093.0085893201158
2025-04-19 20:00:00,1193.0540459292936
2025-04-19 21:00:00,922.9044921683324
2025-04-19 22:00:00,1291.8957361087923
2025-04-19 23:00:00,1218.2449991215772
2025-04-20 00:00:00,1146.479461736578
2025-04-20 01:00:00,451.1870566129948
2025-04-20 02:00:00,1034.060413065953
2025-04-20 03:00:00,943.4553755981108
2025-04-20 04:00:00,810.886348188612
2025-04-20 05:00:00,998.365595302916
2025-04-20 06:00:00,1060.5736440101696
2025-04-20 07:00:00,822.078021611739
2025-04-20 08:00:00,941.1434653127014
2025-04-20 09:00:00,956.2054285433612
2025-04-20 10:00:00,1039.9574300533216
2025-04-20 11:00:00,1200.7622307227314
2025-04-20 12:00:00,874.7253544222857
2025-04-20 13:00:00,1218.1453261790607
2025-04-20 14:00:00,712.6885053675571
2025-04-20 15:00:00,1022.1942053823764
2025-04-20 16:00:00,632.5859225926416
2025-04-20 17:00:00,978.0341603400811
2025-04-20 18:00:00,1103.4712563179546
2025-04-20 19:00:00,1354.2992553488505
2025-04-20 20:00:00,973.7106585266188
2025-04-20 21:00:00,819.8888308589907
2025-04-20 22:00:00,1162.1407853390087
2025-04-20 23:00:00,972.1294861925008
2025-04-21 00:00:00,1195.6927228606266
2025-04-21 01:00:00,1231.2041722527565
2025-04-21 02:00:00,660.3612884934281
2025-04-21 03:00:00,1020.8016540572684
2025-04-21 04:00:00,1007.0713962677728
2025-04-21 05:00:00,794.2491851596928
2025-04-21 06:00:00,682.2319436462489
2025-04-21 07:00:00,996.876518871956
2025-04-21 08:00:00,916.675023275704
2025-04-21 09:00:00,863.9398340128143
2025-04-21 10:00:00,982.6256279133706
2025-04-21 11:00:00,939.450705875284
2025-04-21 12:00:00,1013.9402204757638
2025-04-21 13:00:00,1329.0176615123517
2025-04-21 14:00:00,1004.2962159840184
2025-04-21 15:00:00,1390.3640207424155
2025-04-21 16:00:00,1261.7882162422818
2025-04-21 17:00:00,1205.9107760318232
2025-04-21 18:00:00,863.1706838368221
2025-04-21 19:00:00,951.0881228052148
2025-04-21 20:00:00,824.5294656830614
2025-04-21 21:00:00,1094.423311877621
2025-04-21 22:00:00,996.8330762005028
2025-04-21 23:00:00,1099.641590629367
2025-04-22 00:00:00,1065.418203901474
2025-04-22 01:00:00,957.2330156904236
2025-04-22 02:00:00,830.219640630289
2025-04-22 03:00:00,939.7552952221748
2025-04-22 04:00:00,1178.554048802462
2025-04-22 05:00:00,997.0279068019116
2025-04-22 06:00:00,1018.4394974087402
2025-04-22 07:00:00,1209.724803252128
2025-04-22 08:00:00,1131.33452924419
2025-04-22 09:00:00,726.7637610614909
2025-04-22 10:00:00,1014.2362247675436
2025-04-22 11:00:00,851.1857886590478
2025-04-22 12:00:00,1019.6438341446056
2025-04-22 13:00:00,1111.2738127980251
2025-04-22 14:00:00,1135.836819218171
2025-04-22 15:00:00,1373.8250107232268
2025-04-22 16:00:00,927.5645395396316
2025-04-22 17:00:00,970.0079760466056
2025-04-22 18:00:00,1149.157652995465
2025-04-22 19:00:00,1229.140203464651
2025-04-22 20:00:00,818.1730144383312
2025-04-22 21:00:00,1172.3899733544654
2025-04-22 22:00:00,1168.0114465843228
2025-04-22 23:00:00,999.8164293554852
2025-04-23 00:00:00,1114.9081933542225
2025-04-23 01:00:00,1055.4976556729691
2025-04-23 02:00:00,1050.350235882904
2025-04-23 03:00:00,830.0978867882525
2025-04-23 04:00:00,637.4595236100276
2025-04-23 05:00:00,954.1378033146824
2025-04-23 06:00:00,919.69553039366
2025-04-23 07:00:00,1061.5224093137554
2025-04-23 08:00:00,823.734392509747
2025-04-23 09:00:00,1095.8583229538174
2025-04-23 10:00:00,1052.082327217886
2025-04-23 11:00:00,828.4766392133066
2025-04-23 12:00:00,1156.2129156823223
2025-04-23 13:00:00,905.7281559039616
2025-04-23 14:00:00,836.9678218566619
2025-04-23 15:00:00,1021.2095597306754
2025-04-23 16:00:00,969.5585250189888
2025-04-23 17:00:00,796.4015330359606
2025-04-23 18:00:00,1093.0270726222757
2025-04-23 19:00:00,970.6394765243546
2025-04-23 20:00:00,824.9595810518698
2025-04-23 21:00:00,631.3016547692042
2025-04-23 22:00:00,1055.351272188614
2025-04-23 23:00:00,991.67846499137
2025-04-24 00:00:00,1291.2944988107795
2025-04-24 01:00:00,508.1455942208251
2025-04-24 02:00:00,1269.5022340362127
2025-04-24 03:00:00,1288.6568575257145
2025-04-24 04:00:00,814.0267777336894
2025-04-24 05:00:00,1217.9598821197876
2025-04-24 06:00:00,848.0698960948488
2025-04-24 07:00:00,801.3848424205858
2025-04-24 08:00:00,991.9578319499236
2025-04-24 09:00:00,1382.586045418857
2025-04-24 10:00:00,1085.7271775948966
2025-04-24 11:00:00,1022.585044772885
2025-04-24 12:00:00,1191.8383552893854
2025-04-24 13:00:00,886.4356639278072
2025-04-24 14:00:00,1315.7340062555377
2025-04-24 15:00:00,1330.5378344627495
2025-04-24 16:00:00,1099.4044953920643
2025-04-24 17:00:00,852.8676248158264
2025-04-24 18:00:00,1229.5712716719204
2025-04-24 19:00:00,1072.1647931992106
2025-04-24 20:00:00,1142.8309923382114
2025-04-24 21:00:00,1242.6428310599792
2025-04-24 22:00:00,1100.8674200943449
2025-04-24 23:00:00,829.7281448767612
2025-04-25 00:00:00,1213.87256380515
2025-04-25 01:00:00,1224.1929534790477
2025-04-25 02:00:00,1291.0887452789104
2025-04-25 03:00:00,1221.3361736158486
2025-04-25 04:00:00,1321.6359388925582
2025-04-25 05:00:00,1195.0608781810683
2025-04-25 06:00:00,1108.825395593931
2025-04-25 07:00:00,1023.1542841837512
2025-04-25 08:00:00,1032.0889149089644
2025-04-25 09:00:00,1083.3999452358116
2025-04-25 10:00:00,1377.1623160737531
2025-04-25 11:00:00,1072.1964492868651
2025-04-25 12:00:00,1124.1187030556928
2025-04-25 13:00:00,1126.421458446254
2025-04-25 14:00:00,1272.411988507259
2025-04-25 15:00:00,1298.8802134963898
2025-04-25 16:00:00,1603.6466524829511
2025-04-25 17:00:00,829.3493357871977
2025-04-25 18:00:00,1097.2459915721397
2025-04-25 19:00:00,1281.4149862453514
2025-04-25 20:00:00,762.1957759254168
2025-04-25 21:00:00,1550.048353874863
2025-04-25 22:00:00,1122.961845484695
2025-04-25 23:00:00,967.093503759926
2025-04-26 00:00:00,615.1347582066674
2025-04-26 01:00:00,1144.2678632362108
2025-04-26 02:00:00,880.0053730992271
2025-04-26 03:00:00,1094.4004691869743
2025-04-26 04:00:00,1179.7925535568902
2025-04-26 05:00:00,1271.6622120770123
2025-04-26 06:00:00,1187.9746035904764
2025-04-26 07:00:00,1555.708830912133
2025-04-26 08:00:00,1111.2799967814838
2025-04-26 09:00:00,1022.6088524181304
2025-04-26 10:00:00,1366.8494720798224
2025-04-26 11:00:00,1083.3374165839548
2025-04-26 12:00:00,1189.486453549721
2025-04-26 13:00:00,233.30517892225956
2025-04-26 14:00:00,1197.176488455396
2025-04-26 15:00:00,1081.2597299866354
2025-04-26 16:00:00,1002.1980092114508
2025-04-26 17:00:00,953.5830504018631
2025-04-26 18:00:00,1295.946984769054
2025-04-26 19:00:00,649.4566787981213
2025-04-26 20:00:00,1789.0249107103034
2025-04-26 21:00:00,1351.0434880088997
2025-04-26 22:00:00,1178.8583614085674
2025-04-26 23:00:00,1514.872056534787
2025-04-27 00:00:00,844.0158069467122
2025-04-27 01:00:00,1239.1990964488728
2025-04-27 02:00:00,691.6482093905558
2025-04-27 03:00:00,1151.4025451029984
2025-04-27 04:00:00,1274.361757567341
2025-04-27 05:00:00,1138.0177355075302
2025-04-27 06:00:00,729.6506500112781
2025-04-27 07:00:00,1070.199335907125
2025-04-27 08:00:00,1002.7185127112988
2025-04-27 09:00:00,875.4235216028356
2025-04-27 10:00:00,552.6711344425863
2025-04-27 11:00:00,784.2811942395946
2025-04-27 12:00:00,925.072494204108
2025-04-27 13:00:00,1259.4456174228037
2025-04-27 14:00:00,1594.0889271816773
2025-04-27 15:00:00,1204.1863571780575
2025-04-27 16:00:00,865.9558433700103
2025-04-27 17:00:00,941.4584735360944
2025-04-27 18:00:00,1250.5292435939307
2025-04-27 19:00:00,1154.2245074312025
2025-04-27 20:00:00,1108.4005669738178
2025-04-27 21:00:00,1076.9789939966374
2025-04-27 22:00:00,1274.6066420821571
2025-04-27 23:00:00,1487.7478535098714
2025-04-28 00:00:00,1033.3099916110505
2025-04-28 01:00:00,1102.5420162648295
2025-04-28 02:00:00,908.935543208003
2025-04-28 03:00:00,562.3200924825167
2025-04-28 04:00:00,1100.4010711807275
2025-04-28 05:00:00,854.5694051097914
2025-04-28 06:00:00,1265.2234428040565
2025-04-28 07:00:00,1038.0467160361457
2025-04-28 08:00:00,1301.4421356373844
2025-04-28 09:00:00,829.7360965711333
2025-04-28 10:00:00,1228.085128464546
2025-04-28 11:00:00,674.688485426918
2025-04-28 12:00:00,1189.3218350363393
2025-04-28 13:00:00,953.9855561302344
2025-04-28 14:00:00,1189.274922677418
2025-04-28 15:00:00,929.7756024887472
2025-04-28 16:00:00,1138.2047777922
2025-04-28 17:00:00,1102.1844660094896
2025-04-28 18:00:00,1078.2526326907453
2025-04-28 19:00:00,1090.1753553674246
2025-04-28 20:00:00,1338.0996006524083
2025-04-28 21:00:00,889.0774220103959
2025-04-28 22:00:00,1282.611403256796
2025-04-28 23:00:00,930.5758534564416
2025-04-29 00:00:00,1646.0147611487662
2025-04-29 01:00:00,942.2735644946335
2025-04-29 02:00:00,637.7916162880776
2025-04-29 03:00:00,1158.0235572259023
2025-04-29 04:00:00,966.1870585450836
2025-04-29 05:00:00,1003.2369962027456
2025-04-29 06:00:00,1047.4651651654017
2025-04-29 07:00:00,1001.5981415201462
2025-04-29 08:00:00,1442.2248901146093
2025-04-29 09:00:00,1373.6880046202546
2025-04-29 10:00:00,1381.2479955635754
2025-04-29 11:00:00,1639.82849907302
2025-04-29 12:00:00,948.4520406077002
2025-04-29 13:00:00,561.3749011325838
2025-04-29 14:00:00,1575.109806892212
2025-04-29 15:00:00,1177.4775810246044
2025-04-29 16:00:00,1108.8185699580038
2025-04-29 17:00:00,716.9823078345732
2025-04-29 18:00:00,818.1732824597552
2025-04-29 19:00:00,1276.4732387471777
2025-04-29 20:00:00,1089.2048821791454
2025-04-29 21:00:00,638.5008272514026
2025-04-29 22:00:00,910.392907069238
2025-04-29 23:00:00,1356.5857805761812
2025-04-30 00:00:00,1176.8168480516297
2025-04-30 01:00:00,1768.1054427084166
2025-04-30 02:00:00,1360.2105090223874
2025-04-30 03:00:00,1537.052776844845
2025-04-30 04:00:00,1429.4020028114337
2025-04-30 05:00:00,1316.0898861476655
2025-04-30 06:00:00,826.2292405141413
2025-04-30 07:00:00,767.2868462656103
2025-04-30 08:00:00,961.1623391014864
2025-04-30 09:00:00,1186.7926279984806
2025-04-30 10:00:00,1128.7263068041268
2025-04-30 11:00:00,1213.0518064988132
2025-04-30 12:00:00,1123.968881607381
2025-04-30 13:00:00,1236.311397770634
2025-04-30 14:00:00,1351.3686108296465
2025-04-30 15:00:00,1130.2765540970863
2025-04-30 16:00:00,1063.485136074161
2025-04-30 17:00:00,536.865596072205
2025-04-30 18:00:00,1325.3385809437336
2025-04-30 19:00:00,953.9429356285824
2025-04-30 20:00:00,923.2920520947814
2025-04-30 21:00:00,1324.3163130990374
2025-04-30 22:00:00,1335.7714873616892
2025-04-30 23:00:00,1281.948213557691
2025-05-01 00:00:00,856.1023081097809
2025-05-01 01:00:00,1045.6627404140656
2025-05-01 02:00:00,975.34730801999
2025-05-01 03:00:00,1475.045144795476
2025-05-01 04:00:00,1285.2262889669255
2025-05-01 05:00:00,1042.4311467892437
2025-05-01 06:00:00,1280.328056830053
2025-05-01 07:00:00,1178.0257746307584
2025-05-01 08:00:00,1070.1583614334156
2025-05-01 09:00:00,1198.2290135381595
2025-05-01 10:00:00,1282.329089501673
2025-05-01 11:00:00,1064.7413845739245
2025-05-01 12:00:00,821.8163853261983
2025-05-01 13:00:00,1173.6154505484376
2025-05-01 14:00:00,1038.0215907624054
2025-05-01 15:00:00,844.8605090308022
2025-05-01 16:00:00,927.5193410070827
2025-05-01 17:00:00,1041.22201417803
2025-05-01 18:00:00,1101.8521439571562
2025-05-01 19:00:00,1219.008811533845
2025-05-01 20:00:00,1049.3274781376708
2025-05-01 21:00:00,1194.508629402758
2025-05-01 22:00:00,1014.0626703457408
2025-05-01 23:00:00,1215.4956821141443
2025-05-02 00:00:00,1159.3617057513266
2025-05-02 01:00:00,1340.0523683071226
2025-05-02 02:00:00,981.9953422932008
2025-05-02 03:00:00,709.1977990483965
2025-05-02 04:00:00,1024.6635000973715
2025-05-02 05:00:00,1209.3779509961075
2025-05-02 06:00:00,1046.06632098007
2025-05-02 07:00:00,1107.098235494693
2025-05-02 08:00:00,682.2604375221675
2025-05-02 09:00:00,867.2269506412922
2025-05-02 10:00:00,1153.0220415640083
2025-05-02 11:00:00,1202.790027789849
2025-05-02 12:00:00,884.6546105374782
2025-05-02 13:00:00,1117.2770982082748
2025-05-02 14:00:00,892.8608812427645
2025-05-02 15:00:00,800.9645146226085
2025-05-02 16:00:00,1055.656856669401
2025-05-02 17:00:00,1086.0553285313854
2025-05-02 18:00:00,1123.392850131789
2025-05-02 19:00:00,1192.8516899795525
2025-05-02 20:00:00,1390.00787265208
2025-05-02 21:00:00,1238.3805335007596
2025-05-02 22:00:00,965.754977115422
2025-05-02 23:00:00,1236.4942736227683
2025-05-03 00:00:00,870.9061437777186
2025-05-03 01:00:00,1033.5874280810876
2025-05-03 02:00:00,969.6756070020434
2025-05-03 03:00:00,995.1297418670435
2025-05-03 04:00:00,1179.838978999674
2025-05-03 05:00:00,727.2372649205814
2025-05-03 06:00:00,989.4160662945668
2025-05-03 07:00:00,837.776921605156
2025-05-03 08:00:00,1044.034875445246
2025-05-03 09:00:00,873.7963125907485
2025-05-03 10:00:00,987.2483523957204
2025-05-03 11:00:00,1117.813290421661
2025-05-03 12:00:00,961.4378770021372
2025-05-03 13:00:00,817.8891147977247
2025-05-03 14:00:00,790.9354697554767
2025-05-03 15:00:00,735.2119925633372
2025-05-03 16:00:00,1030.964101224147
2025-05-03 17:00:00,1077.7820514935006
2025-05-03 18:00:00,811.9988915541277
2025-05-03 19:00:00,544.7772295684885
2025-05-03 20:00:00,745.5457088070739
2025-05-03 21:00:00,927.8139784936236
2025-05-03 22:00:00,692.057413035617
2025-05-03 23:00:00,519.3148069872584
2025-05-04 00:00:00,565.9623665667606
2025-05-04 01:00:00,1018.308176970436
2025-05-04 02:00:00,879.3867788375146
2025-05-04 03:00:00,967.6025537935368
2025-05-04 04:00:00,1204.0196330573092
2025-05-04 05:00:00,782.4669421874759
2025-05-04 06:00:00,545.3657140706499
2025-05-04 07:00:00,950.655180936034
2025-05-04 08:00:00,1045.7515973819663
2025-05-04 09:00:00,682.7273665794174
2025-05-04 10:00:00,885.6234930402447
2025-05-04 11:00:00,889.6889587385629
2025-05-04 12:00:00,961.398099174054
2025-05-04 13:00:00,838.3861366141924
2025-05-04 14:00:00,1465.3744688765703
2025-05-04 15:00:00,905.8945963547656
2025-05-04 16:00:00,991.7448484785236
2025-05-04 17:00:00,863.3863727383882
2025-05-04 18:00:00,450.6750858065403
2025-05-04 19:00:00,1220.1290008123265
2025-05-04 20:00:00,352.4488395190755
2025-05-04 21:00:00,1215.5235278149391
2025-05-04 22:00:00,703.4008736421463
2025-05-04 23:00:00,696.2313608347915
2025-05-05 00:00:00,1424.284457898425
2025-05-05 01:00:00,1052.9085249904408
2025-05-05 02:00:00,951.793786320906
2025-05-05 03:00:00,837.6923186615028
2025-05-05 04:00:00,1118.4471384728663
2025-05-05 05:00:00,916.3976700688694
2025-05-05 06:00:00,1130.9327011944076
2025-05-05 07:00:00,601.0187518818508
2025-05-05 08:00:00,1094.244034788993
2025-05-05 09:00:00,1052.589618427822
2025-05-05 10:00:00,720.4205828823486
2025-05-05 11:00:00,785.2602605209682
2025-05-05 12:00:00,960.4794087173838
2025-05-05 13:00:00,893.3548345546874
2025-05-05 14:00:00,1047.0544258655043
2025-05-05 15:00:00,705.683761085243
2025-05-05 16:00:00,814.5678500523769
2025-05-05 17:00:00,1408.074576322675
2025-05-05 18:00:00,822.9180024879753
2025-05-05 19:00:00,905.3102148786832
2025-05-05 20:00:00,954.6009237166096
2025-05-05 21:00:00,934.5282903074516
2025-05-05 22:00:00,1228.531064478902
2025-05-05 23:00:00,876.3996205380038
2025-05-06 00:00:00,900.2662071755433
2025-05-06 01:00:00,1254.0107924653053
2025-05-06 02:00:00,1039.5836276580026
2025-05-06 03:00:00,1048.1237487814317
2025-05-06 04:00:00,1066.835452272545
2025-05-06 05:00:00,1205.6081074831425
2025-05-06 06:00:00,826.8446276334779
2025-05-06 07:00:00,875.2866203050334
2025-05-06 08:00:00,1528.6051009668204
2025-05-06 09:00:00,1196.1036061336465
2025-05-06 10:00:00,1007.695378227622
2025-05-06 11:00:00,1225.5575984811012
2025-05-06 12:00:00,1073.0221519016409
2025-05-06 13:00:00,597.0415324639207
2025-05-06 14:00:00,1121.1286187595315
2025-05-06 15:00:00,1059.6117940923073
2025-05-06 16:00:00,1161.922959794898
2025-05-06 17:00:00,917.8010460173722
2025-05-06 18:00:00,1038.1992297544746
2025-05-06 19:00:00,1334.1740411566552
2025-05-06 20:00:00,1053.319002219827
2025-05-06 21:00:00,992.9068789109832
2025-05-06 22:00:00,1165.380817722932
2025-05-06 23:00:00,1000.465327452572
2025-05-07 00:00:00,1068.74061289601
2025-05-07 01:00:00,1187.8683398439705
2025-05-07 02:00:00,951.4411360453054
2025-05-07 03:00:00,831.0300365182705
2025-05-07 04:00:00,1266.700559369642
2025-05-07 05:00:00,1165.415467315291
2025-05-07 06:00:00,1248.5681945750648
2025-05-07 07:00:00,1270.5483935072448
2025-05-07 08:00:00,781.9807434918932
2025-05-07 09:00:00,1133.9195237289307
2025-05-07 10:00:00,663.1451713540047
2025-05-07 11:00:00,1222.4165669531797
2025-05-07 12:00:00,866.9468518749034
2025-05-07 13:00:00,1210.8877858458202
2025-05-07 14:00:00,1268.1726057579308
2025-05-07 15:00:00,987.9099081279828
2025-05-07 16:00:00,1102.285288299624
2025-05-07 17:00:00,1378.105762100325
2025-05-07 18:00:00,741.0878420066916
2025-05-07 19:00:00,1249.9403080494603
2025-05-07 20:00:00,1133.6075081805502
2025-05-07 21:00:00,1317.3829754546696
2025-05-07 22:00:00,741.5322466079248
2025-05-07 23:00:00,1108.1729558776226
2025-05-08 00:00:00,1413.038498890215
2025-05-08 01:00:00,940.0931275427588
2025-05-08 02:00:00,1048.9109558051716
2025-05-08 03:00:00,1520.196468254945
2025-05-08 04:00:00,795.5356119441516
2025-05-08 05:00:00,1100.859884048934
2025-05-08 06:00:00,1150.4500410377568
2025-05-08 07:00:00,1149.895543992489
2025-05-08 08:00:00,903.4310671921976
2025-05-08 09:00:00,1325.3354942599997
2025-05-08 10:00:00,1308.4619103124544
2025-05-08 11:00:00,1514.58056394592
2025-05-08 12:00:00,934.8238353606406
2025-05-08 13:00:00,1003.9904562840484
2025-05-08 14:00:00,1354.6939465054943
2025-05-08 15:00:00,1514.400527209739
2025-05-08 16:00:00,1108.8090034156414
2025-05-08 17:00:00,771.490137116879
2025-05-08 18:00:00,1063.011081200845
2025-05-08 19:00:00,1325.389662876525
2025-05-08 20:00:00,1261.7029045708628
2025-05-08 21:00:00,1358.327540561388
2025-05-08 22:00:00,1538.7536879133286
2025-05-08 23:00:00,1015.184176717864
2025-05-09 00:00:00,691.1468487089704
2025-05-09 01:00:00,887.7045914159636
2025-05-09 02:00:00,1095.5351028611738
2025-05-09 03:00:00,1224.4173837905046
2025-05-09 04:00:00,949.8708655876148
2025-05-09 05:00:00,912.7336498965666
2025-05-09 06:00:00,885.8656730605106
2025-05-09 07:00:00,1133.2675865838903
2025-05-09 08:00:00,771.3590524948571
2025-05-09 09:00:00,890.9541095289895
2025-05-09 10:00:00,895.9661709779507
2025-05-09 11:00:00,905.1087045673848
2025-05-09 12:00:00,1239.1667696971704
2025-05-09 13:00:00,747.7040469129499
2025-05-09 14:00:00,1356.9375102256718
2025-05-09 15:00:00,790.7801136090185
2025-05-09 16:00:00,760.7147438850384
2025-05-09 17:00:00,789.7670198769226
2025-05-09 18:00:00,1028.1276655037052
2025-05-09 19:00:00,907.4892917824798
2025-05-09 20:00:00,1114.1261822227857
2025-05-09 21:00:00,760.136599006605
2025-05-09 22:00:00,605.5093437968405
2025-05-09 23:00:00,842.538315756163
2025-05-10 00:00:00,726.1983829400292
2025-05-10 01:00:00,1006.62773723855
2025-05-10 02:00:00,1138.7112472280105
2025-05-10 03:00:00,862.6024517515359
2025-05-10 04:00:00,859.0389995056365
2025-05-10 05:00:00,803.2522906803154
2025-05-10 06:00:00,999.0286694442613
2025-05-10 07:00:00,1122.4079142093383
2025-05-10 08:00:00,1593.731201838364
2025-05-10 09:00:00,1268.2311122982155
2025-05-10 10:00:00,768.9955350184417
2025-05-10 11:00:00,712.4071369255031
2025-05-10 12:00:00,1005.8527716322528
2025-05-10 13:00:00,1351.9078810176995
2025-05-10 14:00:00,1163.716287234292
2025-05-10 15:00:00,920.063812612234
2025-05-10 16:00:00,1234.583043214475
2025-05-10 17:00:00,1311.8698650148938
2025-05-10 18:00:00,1329.2292159103806
2025-05-10 19:00:00,809.1685136402594
2025-05-10 20:00:00,1118.5186134901517
2025-05-10 21:00:00,764.990405672613
2025-05-10 22:00:00,862.8482465360909
2025-05-10 23:00:00,765.5195731728531
2025-05-11 00:00:00,694.5045866509857
2025-05-11 01:00:00,1125.3432871792463
2025-05-11 02:00:00,971.9343570667556
2025-05-11 03:00:00,805.8806167949191
2025-05-11 04:00:00,1068.931821383674
2025-05-11 05:00:00,1272.628117649864
2025-05-11 06:00:00,1041.6401496570418
2025-05-11 07:00:00,860.5996722426042
2025-05-11 08:00:00,919.0219907574756
2025-05-11 09:00:00,954.046391707696
2025-05-11 10:00:00,837.6298710708336
2025-05-11 11:00:00,640.7760943381609
2025-05-11 12:00:00,900.5790086112819
2025-05-11 13:00:00,1216.501407219411
2025-05-11 14:00:00,813.1339302234542
2025-05-11 15:00:00,598.1768680913677
2025-05-11 16:00:00,957.035220919926
2025-05-11 17:00:00,1189.2368226820372
2025-05-11 18:00:00,638.6911046414353
2025-05-11 19:00:00,1011.3678633569868
2025-05-11 20:00:00,1054.5131538807627
2025-05-11 21:00:00,1078.95158331241
2025-05-11 22:00:00,1082.8954718162183
2025-05-11 23:00:00,1092.8420691143117
2025-05-12 00:00:00,945.81724984378
2025-05-12 01:00:00,1074.056150806292
2025-05-12 02:00:00,804.7355714582028
2025-05-12 03:00:00,904.61688715878
2025-05-12 04:00:00,671.2241335196535
2025-05-12 05:00:00,1061.5037168459107
2025-05-12 06:00:00,737.9216117040777
2025-05-12 07:00:00,1119.8594685658577
2025-05-12 08:00:00,778.077719389887
2025-05-12 09:00:00,956.209470497619
2025-05-12 10:00:00,752.2303800385256
2025-05-12 11:00:00,1158.3029563654195
2025-05-12 12:00:00,509.93189040520986
2025-05-12 13:00:00,904.2630056396082
2025-05-12 14:00:00,491.8590867460377
2025-05-12 15:00:00,639.1649854451497
2025-05-12 16:00:00,1160.7012617146556
2025-05-12 17:00:00,994.9875365093536
2025-05-12 18:00:00,503.4637478060423
2025-05-12 19:00:00,841.0493602116013
2025-05-12 20:00:00,737.7046759383511
2025-05-12 21:00:00,938.0260991521328
2025-05-12 22:00:00,1153.69760875632
2025-05-12 23:00:00,952.18922542475
2025-05-13 00:00:00,1150.1169046816922
2025-05-13 01:00:00,815.9108127599716
2025-05-13 02:00:00,1190.4361882840349
2025-05-13 03:00:00,1236.3655637219551
2025-05-13 04:00:00,916.1702145230572
2025-05-13 05:00:00,909.8793888272594
2025-05-13 06:00:00,1346.800302982654
2025-05-13 07:00:00,1087.7007629230336
2025-05-13 08:00:00,806.5545885408245
2025-05-13 09:00:00,955.4825226793072
2025-05-13 10:00:00,948.5014378166976
2025-05-13 11:00:00,1030.56350718799
2025-05-13 12:00:00,1028.8512938680956
2025-05-13 13:00:00,991.9837805387034
2025-05-13 14:00:00,1393.5638284535355
2025-05-13 15:00:00,1217.8203594424397
2025-05-13 16:00:00,1353.6929213900764
2025-05-13 17:00:00,690.1793075541427
2025-05-13 18:00:00,1067.241233765172
2025-05-13 19:00:00,1289.3358801093846
2025-05-13 20:00:00,1195.5054263264258
2025-05-13 21:00:00,902.1819013812492
2025-05-13 22:00:00,886.1839353050211
2025-05-13 23:00:00,1244.4929420018411
2025-05-14 00:00:00,1106.2565262689068
2025-05-14 01:00:00,1009.9563945292948
2025-05-14 02:00:00,956.2420681831628
2025-05-14 03:00:00,1002.879151418836
2025-05-14 04:00:00,816.7994653209751
2025-05-14 05:00:00,1312.470148245671
2025-05-14 06:00:00,1086.6470083131603
2025-05-14 07:00:00,1253.3517771185343
2025-05-14 08:00:00,875.635776682144
2025-05-14 09:00:00,873.4149939951868
2025-05-14 10:00:00,916.7564555427824
2025-05-14 11:00:00,810.5342407735308
2025-05-14 12:00:00,1112.10314108565
2025-05-14 13:00:00,1118.8314836295358
2025-05-14 14:00:00,878.7818107316799
2025-05-14 15:00:00,916.6740932708356
2025-05-14 16:00:00,1053.042414996987
2025-05-14 17:00:00,831.8829096410417
2025-05-14 18:00:00,899.1128488515448
2025-05-14 19:00:00,1284.914025885832
2025-05-14 20:00:00,833.0606131443901
2025-05-14 21:00:00,878.0594251813104
2025-05-14 22:00:00,1469.850064077737
2025-05-14 23:00:00,562.8186798658293
2025-05-15 00:00:00,1199.1031171848858
2025-05-15 01:00:00,809.795571530481
2025-05-15 02:00:00,970.217722526365
2025-05-15 03:00:00,1255.9692943321506
2025-05-15 04:00:00,755.5518517200371
2025-05-15 05:00:00,777.6965063645438
2025-05-15 06:00:00,954.509668185152
2025-05-15 07:00:00,868.6675527893494
2025-05-15 08:00:00,789.4416252696602
2025-05-15 09:00:00,858.5239199530323
2025-05-15 10:00:00,647.7501313024494
2025-05-15 11:00:00,964.2010920792198
2025-05-15 12:00:00,1029.255413589555
2025-05-15 13:00:00,853.5619760180344
2025-05-15 14:00:00,842.5608738026617
2025-05-15 15:00:00,978.8535264880928
2025-05-15 16:00:00,787.0937708795699
2025-05-15 17:00:00,827.6864656227862
2025-05-15 18:00:00,869.9887270565163
2025-05-15 19:00:00,1141.7189990289082
2025-05-15 20:00:00,873.3604715686779
2025-05-15 21:00:00,861.9808330201353
2025-05-15 22:00:00,853.0862918445282
2025-05-15 23:00:00,814.3387023649376
2025-05-16 00:00:00,737.8250788506593
2025-05-16 01:00:00,1059.552591759276
2025-05-16 02:00:00,801.1066433419088
2025-05-16 03:00:00,920.6980936438398
2025-05-16 04:00:00,817.8913436089978
2025-05-16 05:00:00,663.9138322635624
2025-05-16 06:00:00,819.9736736950429
2025-05-16 07:00:00,1156.567894195075
2025-05-16 08:00:00,829.0444873201542
2025-05-16 09:00:00,781.7125091988813
2025-05-16 10:00:00,826.6406131346306
2025-05-16 11:00:00,843.498736267676
2025-05-16 12:00:00,945.3154835160282
2025-05-16 13:00:00,829.5747148495064
2025-05-16 14:00:00,886.3553051043804
2025-05-16 15:00:00,815.2430703877301
2025-05-16 16:00:00,968.6371816517434
2025-05-16 17:00:00,960.2766004505556
2025-05-16 18:00:00,942.2734898214646
2025-05-16 19:00:00,1018.4705084368268
2025-05-16 20:00:00,886.0566178012718
2025-05-16 21:00:00,1123.3019366997307
2025-05-16 22:00:00,988.2886064502025
2025-05-16 23:00:00,1173.0018559695309
2025-05-17 00:00:00,1046.590698130661
2025-05-17 01:00:00,857.1474778436982
2025-05-17 02:00:00,995.6722145009134
2025-05-17 03:00:00,1154.9599207019303
2025-05-17 04:00:00,920.013626866785
2025-05-17 05:00:00,1288.7877188060188
2025-05-17 06:00:00,997.666396346592
2025-05-17 07:00:00,1306.8526299426176
2025-05-17 08:00:00,784.3678564131992
2025-05-17 09:00:00,937.6089710299124
2025-05-17 10:00:00,894.0355317420739
2025-05-17 11:00:00,1193.1944709877712
2025-05-17 12:00:00,1120.0363791287905
2025-05-17 13:00:00,977.4006593189532
2025-05-17 14:00:00,902.0877029700129
2025-05-17 15:00:00,987.2423752143088
2025-05-17 16:00:00,1136.410470210122
2025-05-17 17:00:00,1158.4761891784042
2025-05-17 18:00:00,980.735084541634
2025-05-17 19:00:00,903.818723625252
2025-05-17 20:00:00,1012.8317463211868
2025-05-17 21:00:00,1018.2321738667428
2025-05-17 22:00:00,1042.7024718780572
2025-05-17 23:00:00,902.5448993977146
2025-05-18 00:00:00,1026.9604976360758
2025-05-18 01:00:00,1530.0237847716303
2025-05-18 02:00:00,1502.1114655355482
2025-05-18 03:00:00,1397.2000260917982
2025-05-18 04:00:00,1614.9754142072004
2025-05-18 05:00:00,1305.274574425509
2025-05-18 06:00:00,1100.286170193421
2025-05-18 07:00:00,1051.798442688909
2025-05-18 08:00:00,1017.0264723824818
2025-05-18 09:00:00,1371.411408594911
2025-05-18 10:00:00,826.8384995801663
2025-05-18 11:00:00,840.5228969717903
2025-05-18 12:00:00,1534.723827927441
2025-05-18 13:00:00,1412.6514090775695
2025-05-18 14:00:00,1272.029462371067
2025-05-18 15:00:00,1391.6170638470728
2025-05-18 16:00:00,1356.5980790752797
2025-05-18 17:00:00,1130.7849139394298
2025-05-18 18:00:00,829.6496555178322
2025-05-18 19:00:00,1476.133554696369
2025-05-18 20:00:00,1279.515670122653
2025-05-18 21:00:00,851.3625972729983
2025-05-18 22:00:00,1208.1183243685596
2025-05-18 23:00:00,1064.5673136115147
2025-05-19 00:00:00,924.1302747357424
2025-05-19 01:00:00,1098.0324891851442
2025-05-19 02:00:00,947.778461572557
2025-05-19 03:00:00,760.552548198531
2025-05-19 04:00:00,1122.1247756794123
2025-05-19 05:00:00,1085.0947469453006
2025-05-19 06:00:00,706.9829250754481
2025-05-19 07:00:00,1069.9292396935928
2025-05-19 08:00:00,1164.5761239937335
2025-05-19 09:00:00,958.8387794207468
2025-05-19 10:00:00,1026.1260688447132
2025-05-19 11:00:00,837.8181720608513
2025-05-19 12:00:00,642.8377677381254
2025-05-19 13:00:00,1092.22151929927
2025-05-19 14:00:00,971.6191980424852
2025-05-19 15:00:00,1073.978755338666
2025-05-19 16:00:00,942.5636500956508
2025-05-19 17:00:00,937.5044216931994
2025-05-19 18:00:00,1021.105171038906
2025-05-19 19:00:00,976.4781209012016
2025-05-19 20:00:00,1160.3536369632363
2025-05-19 21:00:00,905.1575085890192
2025-05-19 22:00:00,703.3003893584892
2025-05-19 23:00:00,1017.5087274107644
2025-05-20 00:00:00,429.1643866261417
2025-05-20 01:00:00,679.2805510467127
2025-05-20 02:00:00,793.8261202257393
2025-05-20 03:00:00,731.635122918839
2025-05-20 04:00:00,602.726280478546
2025-05-20 05:00:00,831.0588197648224
2025-05-20 06:00:00,1081.8565650394587
2025-05-20 07:00:00,1014.4982530460612
2025-05-20 08:00:00,871.5873415560181
2025-05-20 09:00:00,1030.4572895149245
2025-05-20 10:00:00,793.5120236750242
2025-05-20 11:00:00,716.6593999448373
2025-05-20 12:00:00,988.2269532611904
2025-05-20 13:00:00,681.5780842329872
2025-05-20 14:00:00,928.2823031934772
2025-05-20 15:00:00,865.6863915980784
2025-05-20 16:00:00,807.0248155631427
2025-05-20 17:00:00,790.4375307239131
2025-05-20 18:00:00,1068.0651561980028
2025-05-20 19:00:00,593.5556900970477
2025-05-20 20:00:00,916.9678666157232
2025-05-20 21:00:00,819.934116048654
2025-05-20 22:00:00,741.123907279871
2025-05-20 23:00:00,876.9314200607222
2025-05-21 00:00:00,1019.7687450700716
2025-05-21 01:00:00,1082.7258055840528
2025-05-21 02:00:00,1324.2065627880825
2025-05-21 03:00:00,908.1007157617166
2025-05-21 04:00:00,1118.419766823385
2025-05-21 05:00:00,673.2467332237544
2025-05-21 06:00:00,1126.4713996117882
2025-05-21 07:00:00,646.7531017118393
2025-05-21 08:00:00,1162.4741573352978
2025-05-21 09:00:00,934.0533335438467
2025-05-21 10:00:00,1066.0242494197917
2025-05-21 11:00:00,731.6893858266593
2025-05-21 12:00:00,1037.1020566461118
2025-05-21 13:00:00,1202.2428518052643
2025-05-21 14:00:00,1160.0972716178962
2025-05-21 15:00:00,1028.5820881504535
2025-05-21 16:00:00,1030.8068684463135
2025-05-21 17:00:00,1268.5940774827975
2025-05-21 18:00:00,1184.072448848553
2025-05-21 19:00:00,903.174248257813
2025-05-21 20:00:00,912.4495330084986
2025-05-21 21:00:00,891.7991586041364
2025-05-21 22:00:00,1024.783992114652
2025-05-21 23:00:00,792.547811388977
2025-05-22 00:00:00,750.3341747294461
2025-05-22 01:00:00,824.2722961063928
2025-05-22 02:00:00,813.8440320836372
2025-05-22 03:00:00,954.8451494336426
2025-05-22 04:00:00,581.7733142271966
2025-05-22 05:00:00,704.0670706709166
2025-05-22 06:00:00,558.247783750511
2025-05-22 07:00:00,823.1656641894139
2025-05-22 08:00:00,768.1795782417119
2025-05-22 09:00:00,709.1405284164053
2025-05-22 10:00:00,791.0935325530038
2025-05-22 11:00:00,673.6670703219713
2025-05-22 12:00:00,624.2157000618464
2025-05-22 13:00:00,1032.6008347564496
2025-05-22 14:00:00,911.7484033105376
2025-05-22 15:00:00,755.6919319444283
2025-05-22 16:00:00,542.7102232044609
2025-05-22 17:00:00,750.9639076099033
2025-05-22 18:00:00,874.7009392001042
2025-05-22 19:00:00,811.248444864672
2025-05-22 20:00:00,942.9433618101002
2025-05-22 21:00:00,977.109948280237
2025-05-22 22:00:00,771.3233756531297
2025-05-22 23:00:00,711.1396542977013
2025-05-23 00:00:00,872.4298159448923
2025-05-23 01:00:00,1123.1388135494594
2025-05-23 02:00:00,870.3994037305383
2025-05-23 03:00:00,631.3684695915053
2025-05-23 04:00:00,1039.5230989257864
2025-05-23 05:00:00,932.2606917266496
2025-05-23 06:00:00,862.2124096974105
2025-05-23 07:00:00,577.5888878501814
2025-05-23 08:00:00,1173.6416633290114
2025-05-23 09:00:00,1083.5360573586818
2025-05-23 10:00:00,734.8261704745285
2025-05-23 11:00:00,979.9488933133974
2025-05-23 12:00:00,744.9362171135837
2025-05-23 13:00:00,692.2709177856459
2025-05-23 14:00:00,551.8723400330113
2025-05-23 15:00:00,1099.3208584008312
2025-05-23 16:00:00,1118.4531516887373
2025-05-23 17:00:00,892.142685979398
2025-05-23 18:00:00,939.6965286846016
2025-05-23 19:00:00,1284.8955373072993
2025-05-23 20:00:00,807.390943551004
2025-05-23 21:00:00,725.7204055245902
2025-05-23 22:00:00,975.340071765336
2025-05-23 23:00:00,1055.6026380968242
2025-05-24 00:00:00,693.9404107460551
2025-05-24 01:00:00,821.8725679063589
2025-05-24 02:00:00,1103.847066395222
2025-05-24 03:00:00,1109.622997011337
2025-05-24 04:00:00,646.446027289754
2025-05-24 05:00:00,733.4495482984704
2025-05-24 06:00:00,779.5558989633511
2025-05-24 07:00:00,965.8998074078552
2025-05-24 08:00:00,1399.334602943283
2025-05-24 09:00:00,915.3433064003192
2025-05-24 10:00:00,982.8995905705448
2025-05-24 11:00:00,816.0605507394591
2025-05-24 12:00:00,1472.8265942115308
2025-05-24 13:00:00,853.9665773857673
2025-05-24 14:00:00,871.4755406653194
2025-05-24 15:00:00,1001.1734003144774
2025-05-24 16:00:00,713.6913915204451
2025-05-24 17:00:00,1127.877071718326
2025-05-24 18:00:00,969.2233548842707
2025-05-24 19:00:00,807.2113155732354
2025-05-24 20:00:00,855.1537920814767
2025-05-24 21:00:00,603.0793279710147
2025-05-24 22:00:00,862.9697107030207
2025-05-24 23:00:00,529.181264149245
2025-05-25 00:00:00,860.772856288116
2025-05-25 01:00:00,842.923352339455
2025-05-25 02:00:00,844.09456540203
2025-05-25 03:00:00,794.5765995421668
2025-05-25 04:00:00,1191.2916976121098
2025-05-25 05:00:00,1230.5042938546478
2025-05-25 06:00:00,923.0723808117614
2025-05-25 07:00:00,1174.0245256587014
2025-05-25 08:00:00,896.9040692347792
2025-05-25 09:00:00,897.681170250993
2025-05-25 10:00:00,797.0989148111119
2025-05-25 11:00:00,1088.7569488378645
2025-05-25 12:00:00,1073.583295697587
2025-05-25 13:00:00,708.8719026053245
2025-05-25 14:00:00,986.0454981686272
2025-05-25 15:00:00,856.673771421233
2025-05-25 16:00:00,783.1219226036842
2025-05-25 17:00:00,950.5639124641658
2025-05-25 18:00:00,588.7940732258411
2025-05-25 19:00:00,872.5508346100238
2025-05-25 20:00:00,1316.5513721858265
2025-05-25 21:00:00,1038.729450087814
2025-05-25 22:00:00,738.4715772513214
2025-05-25 23:00:00,1061.2208446856537
2025-05-26 00:00:00,944.645716343976
2025-05-26 01:00:00,891.1557344732743
2025-05-26 02:00:00,1009.5508591853812
2025-05-26 03:00:00,889.8172425082658
2025-05-26 04:00:00,974.4461966635472
2025-05-26 05:00:00,1158.7042362498644
2025-05-26 06:00:00,1174.0901637883596
2025-05-26 07:00:00,747.6787142555124
2025-05-26 08:00:00,914.8521618804804
2025-05-26 09:00:00,1333.8186282416914
2025-05-26 10:00:00,1372.1024187289015
2025-05-26 11:00:00,1084.0614090790305
2025-05-26 12:00:00,1334.3564541236371
2025-05-26 13:00:00,1253.3233280837908
2025-05-26 14:00:00,982.7656601062336
2025-05-26 15:00:00,606.3951075620047
2025-05-26 16:00:00,997.0624850950256
2025-05-26 17:00:00,750.5609391961508
2025-05-26 18:00:00,1036.943477792017
2025-05-26 19:00:00,1361.9380921081283
2025-05-26 20:00:00,1059.6209596875676
2025-05-26 21:00:00,850.9006327585857
2025-05-26 22:00:00,773.343943950425
2025-05-26 23:00:00,613.1262164796808
2025-05-27 00:00:00,1073.3229345636569
2025-05-27 01:00:00,948.476724588874
2025-05-27 02:00:00,788.6151000931575
2025-05-27 03:00:00,785.0632219829246
2025-05-27 04:00:00,801.4216568614137
2025-05-27 05:00:00,807.9390486204683
2025-05-27 06:00:00,1035.3172049869286
2025-05-27 07:00:00,873.0265502259463
2025-05-27 08:00:00,488.7478346579163
2025-05-27 09:00:00,981.6325924795228
2025-05-27 10:00:00,497.2710533033547
2025-05-27 11:00:00,744.048803187274
2025-05-27 12:00:00,585.3416898762149
2025-05-27 13:00:00,816.3759241669351
2025-05-27 14:00:00,606.2229994564447
2025-05-27 15:00:00,586.6816310494752
2025-05-27 16:00:00,640.3347791855588
2025-05-27 17:00:00,941.6504338516968
2025-05-27 18:00:00,779.7576008656839
2025-05-27 19:00:00,917.902292769598
2025-05-27 20:00:00,1030.1638140943078
2025-05-27 21:00:00,848.4431425762423
2025-05-27 22:00:00,902.1774051492704
2025-05-27 23:00:00,652.8135383469329
2025-05-28 00:00:00,764.1345585908866
2025-05-28 01:00:00,1101.972003913077
2025-05-28 02:00:00,1171.8941806860107
2025-05-28 03:00:00,1183.7228184285843
2025-05-28 04:00:00,986.4830709691754
2025-05-28 05:00:00,1169.758073633376
2025-05-28 06:00:00,963.2484537619988
2025-05-28 07:00:00,880.6782197825287
2025-05-28 08:00:00,1091.7009775396791
2025-05-28 09:00:00,1136.1272224601255
2025-05-28 10:00:00,1429.3285969841284
2025-05-28 11:00:00,1136.7566932751886
2025-05-28 12:00:00,773.6402611620848
2025-05-28 13:00:00,798.0102348537165
2025-05-28 14:00:00,733.8038168259004
2025-05-28 15:00:00,1007.4369539995552
2025-05-28 16:00:00,773.888621894488
2025-05-28 17:00:00,1262.3937337008765
2025-05-28 18:00:00,934.2446614796364
2025-05-28 19:00:00,1119.4196554964117
2025-05-28 20:00:00,1022.1833882286576
2025-05-28 21:00:00,1060.3045517635876
2025-05-28 22:00:00,786.4237048837664
2025-05-28 23:00:00,985.4400218759782
2025-05-29 00:00:00,938.383501899735
2025-05-29 01:00:00,981.6703893107052
2025-05-29 02:00:00,1088.3264108335086
2025-05-29 03:00:00,868.6045720678575
2025-05-29 04:00:00,1115.5527387698255
2025-05-29 05:00:00,1020.8523930611312
2025-05-29 06:00:00,1271.7025095116303
2025-05-29 07:00:00,323.2342148566682
2025-05-29 08:00:00,834.6755275121253
2025-05-29 09:00:00,1198.8746010497168
2025-05-29 10:00:00,474.8226155982712
2025-05-29 11:00:00,1242.1778748396673
2025-05-29 12:00:00,973.5326603020956
2025-05-29 13:00:00,566.5818227966346
2025-05-29 14:00:00,1096.7773921353696
2025-05-29 15:00:00,756.1574414701795
2025-05-29 16:00:00,782.9301391273492
2025-05-29 17:00:00,1238.3486730000595
2025-05-29 18:00:00,883.6722732854028
2025-05-29 19:00:00,774.0142249441673
2025-05-29 20:00:00,1342.4245001709924
2025-05-29 21:00:00,1135.7562290324158
2025-05-29 22:00:00,893.6963174635783
2025-05-29 23:00:00,806.5544345889107
2025-05-30 00:00:00,1289.331235019848
2025-05-30 01:00:00,787.5399120061456
2025-05-30 02:00:00,730.4229608619675
2025-05-30 03:00:00,1229.985397394238
2025-05-30 04:00:00,924.834580690979
2025-05-30 05:00:00,999.8305832967042
2025-05-30 06:00:00,1083.0290413522864
2025-05-30 07:00:00,903.6730487200784
2025-05-30 08:00:00,504.9512938112474
2025-05-30 09:00:00,938.5473674932268
2025-05-30 10:00:00,1223.4177090840722
2025-05-30 11:00:00,1405.9982335737336
2025-05-30 12:00:00,957.03266465267
2025-05-30 13:00:00,974.5181898875912
2025-05-30 14:00:00,1247.8073787178218
2025-05-30 15:00:00,1096.912396728131
2025-05-30 16:00:00,1038.0481396994012
2025-05-30 17:00:00,592.1737685203872
2025-05-30 18:00:00,898.5221379283873
2025-05-30 19:00:00,1022.2358054811646
2025-05-30 20:00:00,683.34414005898
2025-05-30 21:00:00,908.3827706331996
2025-05-30 22:00:00,1315.0544615047836
2025-05-30 23:00:00,929.729821600167
2025-05-31 00:00:00,533.5702033248374
2025-05-31 01:00:00,855.0963785871651
2025-05-31 02:00:00,758.0057498226806
2025-05-31 03:00:00,708.1619304037207
2025-05-31 04:00:00,896.0276939426728
2025-05-31 05:00:00,905.8485141929812
2025-05-31 06:00:00,886.9552820332641
2025-05-31 07:00:00,917.1073365499976
2025-05-31 08:00:00,646.3737563760367
2025-05-31 09:00:00,747.2451221293434
2025-05-31 10:00:00,801.12512663118
2025-05-31 11:00:00,847.8055112982616
2025-05-31 12:00:00,1026.6501885844382
2025-05-31 13:00:00,732.2144192321933
2025-05-31 14:00:00,723.7506938487595
2025-05-31 15:00:00,1111.9780502155925
2025-05-31 16:00:00,884.1904646126238
2025-05-31 17:00:00,617.39819624137
2025-05-31 18:00:00,803.728609980367
2025-05-31 19:00:00,645.140598249023
2025-05-31 20:00:00,662.1484185940996
2025-05-31 21:00:00,628.3302418499449
2025-05-31 22:00:00,720.5958542974304
2025-05-31 23:00:00,1210.07944972343
2025-06-01 00:00:00,1406.0717327298582
2025-06-01 01:00:00,1341.2816651970736
2025-06-01 02:00:00,1071.930348773378
2025-06-01 03:00:00,1190.5380517358835
2025-06-01 04:00:00,1124.3029074205017
2025-06-01 05:00:00,866.3201033838471
2025-06-01 06:00:00,845.5303851670419
2025-06-01 07:00:00,1300.022537572275
2025-06-01 08:00:00,833.20014415901
2025-06-01 09:00:00,1145.9188071364656
2025-06-01 10:00:00,1245.3261447218888
2025-06-01 11:00:00,1267.498847644867
2025-06-01 12:00:00,1183.0086590510068
2025-06-01 13:00:00,837.0926986233418
2025-06-01 14:00:00,1220.714206655144
2025-06-01 15:00:00,1071.1848245582864
2025-06-01 16:00:00,886.2650324985188
2025-06-01 17:00:00,663.4670457325279
2025-06-01 18:00:00,1201.0630942773855
2025-06-01 19:00:00,759.5991376943078
2025-06-01 20:00:00,725.473450229628
2025-06-01 21:00:00,1486.7666069797249
2025-06-01 22:00:00,836.9507242917643
2025-06-01 23:00:00,1009.1150033872968
2025-06-02 00:00:00,1021.8810823769936
2025-06-02 01:00:00,802.2915904383024
2025-06-02 02:00:00,864.9687495497029
2025-06-02 03:00:00,1170.104773218132
2025-06-02 04:00:00,951.5409212419504
2025-06-02 05:00:00,1003.0635767906148
2025-06-02 06:00:00,571.865374526527
2025-06-02 07:00:00,892.1025463528708
2025-06-02 08:00:00,1180.5365391233215
2025-06-02 09:00:00,860.761037459781
2025-06-02 10:00:00,815.9518868432376
2025-06-02 11:00:00,1083.2889413739017
2025-06-02 12:00:00,1128.3857409381485
2025-06-02 13:00:00,1074.9926679693726
2025-06-02 14:00:00,893.5801334014577
2025-06-02 15:00:00,1158.8125564443592
2025-06-02 16:00:00,1336.040575651441
2025-06-02 17:00:00,1243.530289904826
2025-06-02 18:00:00,692.6456229742921
2025-06-02 19:00:00,1598.1559947106225
2025-06-02 20:00:00,740.5592080113995
2025-06-02 21:00:00,760.6506525245986
2025-06-02 22:00:00,1069.0781973748417
2025-06-02 23:00:00,988.7108430628796
2025-06-03 00:00:00,1308.656109591847
2025-06-03 01:00:00,1229.632674841822
2025-06-03 02:00:00,851.4463996624709
2025-06-03 03:00:00,1051.6426207136617
2025-06-03 04:00:00,1246.364132063415
2025-06-03 05:00:00,1255.0109809509936
2025-06-03 06:00:00,1269.844497506594
2025-06-03 07:00:00,1206.1903091886584
2025-06-03 08:00:00,1183.476637098801
2025-06-03 09:00:00,930.2278599709108
2025-06-03 10:00:00,763.3891658218
2025-06-03 11:00:00,1124.2794995926422
2025-06-03 12:00:00,942.5619113831424
2025-06-03 13:00:00,1294.7377870007974
2025-06-03 14:00:00,855.7835864933105
2025-06-03 15:00:00,957.66446953541
2025-06-03 16:00:00,947.9381375528922
2025-06-03 17:00:00,1237.1926381423134
2025-06-03 18:00:00,1192.5048293823318
2025-06-03 19:00:00,1041.431808586498
2025-06-03 20:00:00,1097.2472980560708
2025-06-03 21:00:00,1371.5051911059354
2025-06-03 22:00:00,671.2296070323655
2025-06-03 23:00:00,1191.798135060721
2025-06-04 00:00:00,1377.831268560025
2025-06-04 01:00:00,1286.5326806879095
2025-06-04 02:00:00,937.0094809149432
2025-06-04 03:00:00,989.0857271971034
2025-06-04 04:00:00,1255.4204499429852
2025-06-04 05:00:00,977.9425335428732
2025-06-04 06:00:00,1064.6254634738466
2025-06-04 07:00:00,774.8574532600093
2025-06-04 08:00:00,844.212449217864
2025-06-04 09:00:00,1185.463146282379
2025-06-04 10:00:00,1014.1486105338964
2025-06-04 11:00:00,940.3717536233206
2025-06-04 12:00:00,1066.9613941912355
2025-06-04 13:00:00,1175.4264315468974
2025-06-04 14:00:00,1050.6777101984585
2025-06-04 15:00:00,1146.8660815271564
2025-06-04 16:00:00,1128.2197621921475
2025-06-04 17:00:00,1052.8387303360491
2025-06-04 18:00:00,1106.0851458835466
2025-06-04 19:00:00,911.8767414431404
2025-06-04 20:00:00,997.388190578483
2025-06-04 21:00:00,701.2856310704983
2025-06-04 22:00:00,849.9807663241797
2025-06-04 23:00:00,845.4084641362072
2025-06-05 00:00:00,1177.8009749853927
2025-06-05 01:00:00,958.899893288084
2025-06-05 02:00:00,989.5439067513475
2025-06-05 03:00:00,779.5663367168097
2025-06-05 04:00:00,1015.797227606063
2025-06-05 05:00:00,1286.439846004893
2025-06-05 06:00:00,943.8739526096188
2025-06-05 07:00:00,802.1816071604587
2025-06-05 08:00:00,736.6392383141571
2025-06-05 09:00:00,1011.1461995704656
2025-06-05 10:00:00,779.7846143745112
2025-06-05 11:00:00,1097.6963886564636
2025-06-05 12:00:00,766.1418258850076
2025-06-05 13:00:00,642.4503511093052
2025-06-05 14:00:00,1052.8472305145804
2025-06-05 15:00:00,712.079951450558
2025-06-05 16:00:00,1077.090184697953
2025-06-05 17:00:00,1159.9533097652147
2025-06-05 18:00:00,846.7399163099459
2025-06-05 19:00:00,1000.6563071813322
2025-06-05 20:00:00,1228.1065707794344
2025-06-05 21:00:00,871.3288768354305
2025-06-05 22:00:00,1267.7415887829986
2025-06-05 23:00:00,897.5105616191403
2025-06-06 00:00:00,924.4124715756576
2025-06-06 01:00:00,947.5489290207476
2025-06-06 02:00:00,1112.434228518601
2025-06-06 03:00:00,1067.4699173568754
2025-06-06 04:00:00,973.734521846302
2025-06-06 05:00:00,1025.7187828060582
2025-06-06 06:00:00,939.524822481142
2025-06-06 07:00:00,1050.3675213834142
2025-06-06 08:00:00,812.6586071082664
2025-06-06 09:00:00,710.6416326641482
2025-06-06 10:00:00,944.5440666785224
2025-06-06 11:00:00,1394.387595177138
2025-06-06 12:00:00,1053.191866059482
2025-06-06 13:00:00,779.7791937442616
2025-06-06 14:00:00,1159.5016968137118
2025-06-06 15:00:00,568.6084498211231
2025-06-06 16:00:00,861.0430043411877
2025-06-06 17:00:00,978.7937774567994
2025-06-06 18:00:00,784.6353981746304
2025-06-06 19:00:00,798.9707763732424
2025-06-06 20:00:00,875.8949414784205
2025-06-06 21:00:00,808.3435655672655
2025-06-06 22:00:00,764.5223677510461
2025-06-06 23:00:00,710.1056256018534
2025-06-07 00:00:00,681.23650065667
2025-06-07 01:00:00,827.3036381771979
2025-06-07 02:00:00,1014.421618765613
2025-06-07 03:00:00,732.4130367317039
2025-06-07 04:00:00,639.8106202768087
2025-06-07 05:00:00,1115.6000339406214
2025-06-07 06:00:00,651.3688440739223
2025-06-07 07:00:00,860.4304272731049
2025-06-07 08:00:00,686.3087490223332
2025-06-07 09:00:00,723.0350582111142
2025-06-07 10:00:00,909.7419792602118
2025-06-07 11:00:00,922.3399549122352
2025-06-07 12:00:00,1059.1170168248548
2025-06-07 13:00:00,957.4024095011504
2025-06-07 14:00:00,870.469277689942
2025-06-07 15:00:00,949.9392261560188
2025-06-07 16:00:00,670.4560489501177
2025-06-07 17:00:00,1048.9004328943142
2025-06-07 18:00:00,934.417083109772
2025-06-07 19:00:00,927.1761029378376
2025-06-07 20:00:00,945.537181512891
2025-06-07 21:00:00,594.5447604645988
2025-06-07 22:00:00,652.94394333355
2025-06-07 23:00:00,866.7961454501738
2025-06-08 00:00:00,1131.7853066894395
2025-06-08 01:00:00,1036.6832182133248
2025-06-08 02:00:00,977.5892606671424
2025-06-08 03:00:00,1270.3892186941969
2025-06-08 04:00:00,1086.0130913419357
2025-06-08 05:00:00,1166.6260650133877
2025-06-08 06:00:00,1257.6853528445722
2025-06-08 07:00:00,1271.642926472851
2025-06-08 08:00:00,1079.540940239037
2025-06-08 09:00:00,1162.386821961893
2025-06-08 10:00:00,1069.0483350384616
2025-06-08 11:00:00,1232.7793502902528
2025-06-08 12:00:00,1478.0351917008604
2025-06-08 13:00:00,802.923628284715
2025-06-08 14:00:00,862.2348488901031
2025-06-08 15:00:00,1336.549836110612
2025-06-08 16:00:00,1052.833205372553
2025-06-08 17:00:00,927.7726596816
2025-06-08 18:00:00,874.1329436066179
2025-06-08 19:00:00,1205.3540400615343
2025-06-08 20:00:00,1128.8057017403469
2025-06-08 21:00:00,1422.6385596465611
2025-06-08 22:00:00,996.5333908579836
2025-06-08 23:00:00,1198.0759734988085
2025-06-09 00:00:00,831.6282808613755
2025-06-09 01:00:00,920.3686851027986
2025-06-09 02:00:00,1229.3218692178104
2025-06-09 03:00:00,1032.4993686370865
2025-06-09 04:00:00,1067.7327563190931
2025-06-09 05:00:00,1011.8943537614828
2025-06-09 06:00:00,1131.5284144294308
2025-06-09 07:00:00,955.2015676828336
2025-06-09 08:00:00,867.5820901042513
2025-06-09 09:00:00,1255.8498925275755
2025-06-09 10:00:00,1195.1341715832689
2025-06-09 11:00:00,1394.3020806129246
2025-06-09 12:00:00,1287.745712180271
2025-06-09 13:00:00,1264.892619424838
2025-06-09 14:00:00,1341.6025136012895
2025-06-09 15:00:00,952.675370466872
2025-06-09 16:00:00,1049.7828816993904
2025-06-09 17:00:00,1230.124181626478
2025-06-09 18:00:00,1384.042523078488
2025-06-09 19:00:00,1316.804419355838
2025-06-09 20:00:00,1116.5903908703017
2025-06-09 21:00:00,1122.5813086925723
2025-06-09 22:00:00,1224.293697473541
2025-06-09 23:00:00,896.3501152625288
2025-06-10 00:00:00,1253.1042831739114
2025-06-10 01:00:00,1287.1331606440351
2025-06-10 02:00:00,1301.1121214279883
2025-06-10 03:00:00,1302.078736927131
2025-06-10 04:00:00,676.438707285216
2025-06-10 05:00:00,1134.3527181910852
2025-06-10 06:00:00,775.0393710308239
2025-06-10 07:00:00,878.627239506806
2025-06-10 08:00:00,1056.6169568130017
2025-06-10 09:00:00,1342.2751691041262
2025-06-10 10:00:00,1157.337932845629
2025-06-10 11:00:00,1135.6899763213426
2025-06-10 12:00:00,1473.0879725740174
2025-06-10 13:00:00,1137.771337424367
2025-06-10 14:00:00,879.273060108283
2025-06-10 15:00:00,782.8518093417542
2025-06-10 16:00:00,895.9437419309137
2025-06-10 17:00:00,1109.7397285204083
2025-06-10 18:00:00,750.9893589439587
2025-06-10 19:00:00,1180.5854329778372
2025-06-10 20:00:00,1152.5055605219682
2025-06-10 21:00:00,929.1397381263042
2025-06-10 22:00:00,1108.0534091390953
2025-06-10 23:00:00,1197.5712428684888
2025-06-11 00:00:00,1074.690969067142
2025-06-11 01:00:00,802.9590258229189
2025-06-11 02:00:00,1047.4550586721414
2025-06-11 03:00:00,1210.571031506062
2025-06-11 04:00:00,997.6897091526356
2025-06-11 05:00:00,698.5882783789276
2025-06-11 06:00:00,953.9473555869962
2025-06-11 07:00:00,952.512350752742
2025-06-11 08:00:00,775.871378234577
2025-06-11 09:00:00,701.2081430265291
2025-06-11 10:00:00,865.7760862951092
2025-06-11 11:00:00,1100.1019615981356
2025-06-11 12:00:00,1090.6407869671218
2025-06-11 13:00:00,1162.2522852394889
2025-06-11 14:00:00,928.9092918863164
2025-06-11 15:00:00,1305.6105828900645
2025-06-11 16:00:00,778.694522149032
2025-06-11 17:00:00,1019.953559173922
2025-06-11 18:00:00,892.0254167612618
2025-06-11 19:00:00,1216.9007783623304
2025-06-11 20:00:00,943.3631855703774
2025-06-11 21:00:00,743.8390141117652
2025-06-11 22:00:00,982.6538331742478
2025-06-11 23:00:00,726.9835673051681
2025-06-12 00:00:00,1082.4774517715375
2025-06-12 01:00:00,909.5630300346768
2025-06-12 02:00:00,1069.550842167399
2025-06-12 03:00:00,753.6971149146713
2025-06-12 04:00:00,1150.1370277316732
2025-06-12 05:00:00,881.2497997003162
2025-06-12 06:00:00,555.7507285141432
2025-06-12 07:00:00,749.667439650485
2025-06-12 08:00:00,658.021430085321
2025-06-12 09:00:00,645.9004462984799
2025-06-12 10:00:00,1006.517331834509
2025-06-12 11:00:00,980.062247977289
2025-06-12 12:00:00,1021.1873554051236
2025-06-12 13:00:00,778.6046519846685
2025-06-12 14:00:00,1010.3921317510632
2025-06-12 15:00:00,645.1225577862975
2025-06-12 16:00:00,825.0711030709098
2025-06-12 17:00:00,884.2750110792015
2025-06-12 18:00:00,809.1022396768994
2025-06-12 19:00:00,931.622577776312
2025-06-12 20:00:00,909.1194276153597
2025-06-12 21:00:00,999.3248478240852
2025-06-12 22:00:00,968.712423420905
2025-06-12 23:00:00,1087.7596504000464
2025-06-13 00:00:00,1076.6081086299791
2025-06-13 01:00:00,1005.3542804624796
2025-06-13 02:00:00,998.8032654919213
2025-06-13 03:00:00,977.9682390265572
2025-06-13 04:00:00,541.6878673227542
2025-06-13 05:00:00,1317.7736560875803
2025-06-13 06:00:00,778.1281182731975
2025-06-13 07:00:00,800.7725860510716
2025-06-13 08:00:00,891.0974365678751
2025-06-13 09:00:00,702.9407461935033
2025-06-13 10:00:00,1285.084154151156
2025-06-13 11:00:00,834.4426446876435
2025-06-13 12:00:00,822.2288588659708
2025-06-13 13:00:00,794.4421488897772
2025-06-13 14:00:00,1035.7505208009898
2025-06-13 15:00:00,1218.4012587284926
2025-06-13 16:00:00,1004.453645700788
2025-06-13 17:00:00,805.0125715337147
2025-06-13 18:00:00,1204.4833899783978
2025-06-13 19:00:00,1006.5137092666974
2025-06-13 20:00:00,814.8750500100422
2025-06-13 21:00:00,938.7759008856808
2025-06-13 22:00:00,977.5148421066868
2025-06-13 23:00:00,997.6577229755952
2025-06-14 00:00:00,1005.493956553643
2025-06-14 01:00:00,1373.5320534969094
2025-06-14 02:00:00,1567.8497222814517
2025-06-14 03:00:00,1035.3346078850443
2025-06-14 04:00:00,817.1350047505263
2025-06-14 05:00:00,790.5125551571762
2025-06-14 06:00:00,1163.4483862740651
2025-06-14 07:00:00,675.6647537796256
2025-06-14 08:00:00,964.3204023786918
2025-06-14 09:00:00,1079.7519606196545
2025-06-14 10:00:00,1037.0673854350812
2025-06-14 11:00:00,919.7184981618086
2025-06-14 12:00:00,1368.521289682867
2025-06-14 13:00:00,1160.0706768679963
2025-06-14 14:00:00,906.4720619227128
2025-06-14 15:00:00,1157.4697239383638
2025-06-14 16:00:00,963.8914467321356
2025-06-14 17:00:00,897.3824250064445
2025-06-14 18:00:00,919.1330705168548
2025-06-14 19:00:00,1237.3786132594814
2025-06-14 20:00:00,888.8179156251886
2025-06-14 21:00:00,986.4360817634172
2025-06-14 22:00:00,1204.8604616178898
2025-06-14 23:00:00,1061.5723040542523
2025-06-15 00:00:00,888.2642390149884
2025-06-15 01:00:00,1502.237363731588
2025-06-15 02:00:00,1192.2844406746929
2025-06-15 03:00:00,539.2363967113577
2025-06-15 04:00:00,1291.8526046915738
2025-06-15 05:00:00,761.0582566034576
2025-06-15 06:00:00,743.4420145073417
2025-06-15 07:00:00,881.5785930317032
2025-06-15 08:00:00,1282.3592247493916
2025-06-15 09:00:00,968.7753368339958
2025-06-15 10:00:00,1067.759840293453
2025-06-15 11:00:00,682.3816043484004
2025-06-15 12:00:00,1244.9903274045212
2025-06-15 13:00:00,969.837372432261
2025-06-15 14:00:00,760.3982924374902
2025-06-15 15:00:00,1091.1613333726316
2025-06-15 16:00:00,1124.9838735301842
2025-06-15 17:00:00,1042.0222325761542
2025-06-15 18:00:00,1289.2375417644714
2025-06-15 19:00:00,1144.1967095536595
2025-06-15 20:00:00,1332.434116289162
2025-06-15 21:00:00,1013.3723133472
2025-06-15 22:00:00,1047.049668557412
2025-06-15 23:00:00,1201.6867349221277
2025-06-16 00:00:00,1042.0933969545488
2025-06-16 01:00:00,1537.5711855606676
2025-06-16 02:00:00,1142.2315578691955
2025-06-16 03:00:00,1117.5537049426364
2025-06-16 04:00:00,1215.1342006919465
2025-06-16 05:00:00,925.3970655651076
2025-06-16 06:00:00,748.9297354455132
2025-06-16 07:00:00,1575.5149321854142
2025-06-16 08:00:00,1354.1169640031203
2025-06-16 09:00:00,910.1601238619004
2025-06-16 10:00:00,1147.086588570882
2025-06-16 11:00:00,1255.703626916457
2025-06-16 12:00:00,1007.5143793838794
2025-06-16 13:00:00,1436.4823187607108
2025-06-16 14:00:00,1006.0514823275456
2025-06-16 15:00:00,1338.0708079435165
2025-06-16 16:00:00,975.7019310595592
2025-06-16 17:00:00,1229.722537868629
2025-06-16 18:00:00,1462.5491988205188
2025-06-16 19:00:00,1222.4108645582692
2025-06-16 20:00:00,1007.4874898206258
2025-06-16 21:00:00,1165.970518484074
2025-06-16 22:00:00,1278.33003514425
2025-06-16 23:00:00,1020.891605669461
2025-06-17 00:00:00,1299.700452751727
2025-06-17 01:00:00,1229.5355742214626
2025-06-17 02:00:00,833.5482738710708
2025-06-17 03:00:00,707.6435462643377
2025-06-17 04:00:00,714.3496729058832
2025-06-17 05:00:00,746.7626665430249
2025-06-17 06:00:00,906.4531831524451
2025-06-17 07:00:00,946.478014480748
2025-06-17 08:00:00,695.0646023450345
2025-06-17 09:00:00,990.7461446322692
2025-06-17 10:00:00,403.016324242897
2025-06-17 11:00:00,987.9076422819028
2025-06-17 12:00:00,1270.0653052947582
2025-06-17 13:00:00,727.4797214055824
2025-06-17 14:00:00,407.53909762961314
2025-06-17 15:00:00,993.0431960152076
2025-06-17 16:00:00,1095.705389381333
2025-06-17 17:00:00,882.5310809255752
2025-06-17 18:00:00,1004.9954092035372
2025-06-17 19:00:00,1209.1833801992125
2025-06-17 20:00:00,1285.7385989956542
2025-06-17 21:00:00,1075.9737819765007
2025-06-17 22:00:00,723.4643161739464
2025-06-17 23:00:00,993.5941958574368
2025-06-18 00:00:00,897.6602935717154
2025-06-18 01:00:00,856.9890855806798
2025-06-18 02:00:00,797.6375456311223
2025-06-18 03:00:00,1176.212045280215
2025-06-18 04:00:00,859.4605951102636
2025-06-18 05:00:00,633.7535191699744
2025-06-18 06:00:00,968.8152230084482
2025-06-18 07:00:00,1024.02503769472
2025-06-18 08:00:00,909.6557278352916
2025-06-18 09:00:00,760.9155199024616
2025-06-18 10:00:00,822.5905305774126
2025-06-18 11:00:00,794.4211146427666
2025-06-18 12:00:00,809.573623654927
2025-06-18 13:00:00,774.0762139454971
2025-06-18 14:00:00,860.6544745138685
2025-06-18 15:00:00,656.2925404885985
2025-06-18 16:00:00,944.9042825896654
2025-06-18 17:00:00,759.5650250465637
2025-06-18 18:00:00,1058.4200739133885
2025-06-18 19:00:00,969.122616741334
2025-06-18 20:00:00,1171.6403205625547
2025-06-18 21:00:00,654.7650304801539
2025-06-18 22:00:00,1154.6095197457842
2025-06-18 23:00:00,879.4687847734261
2025-06-19 00:00:00,1251.5367664114524
2025-06-19 01:00:00,1266.71576951914
2025-06-19 02:00:00,1075.5571708066916
2025-06-19 03:00:00,1159.0640716601808
2025-06-19 04:00:00,1042.9869985519504
2025-06-19 05:00:00,1217.0885868153782
2025-06-19 06:00:00,872.9729517480957
2025-06-19 07:00:00,1148.434189803722
2025-06-19 08:00:00,1389.5821911626228
2025-06-19 09:00:00,1488.8286993226534
2025-06-19 10:00:00,1289.4324343583144
2025-06-19 11:00:00,1372.9989328834044
2025-06-19 12:00:00,1173.7330922511917
2025-06-19 13:00:00,1286.3985198845808
2025-06-19 14:00:00,1475.7787709634938
2025-06-19 15:00:00,1050.9410627458085
2025-06-19 16:00:00,725.0836692011634
2025-06-19 17:00:00,1026.279440981495
2025-06-19 18:00:00,1101.989402032171
2025-06-19 19:00:00,887.3897864671673
2025-06-19 20:00:00,807.9323917522646
2025-06-19 21:00:00,957.7136802268644
2025-06-19 22:00:00,801.1004012904781
2025-06-19 23:00:00,1256.4049785574657
2025-06-20 00:00:00,1329.294477726491
2025-06-20 01:00:00,844.4636454400676
2025-06-20 02:00:00,1219.6073564450294
2025-06-20 03:00:00,970.0779976619332
2025-06-20 04:00:00,1236.6269137380943
2025-06-20 05:00:00,978.3091201156828
2025-06-20 06:00:00,1401.3102387605002
2025-06-20 07:00:00,1335.6053449634749
2025-06-20 08:00:00,1096.0148083137906
2025-06-20 09:00:00,1289.2630334489495
2025-06-20 10:00:00,1185.908625921868
2025-06-20 11:00:00,1575.7066459881846
2025-06-20 12:00:00,725.7176987132865
2025-06-20 13:00:00,1267.814397324001
2025-06-20 14:00:00,1462.244639919594
2025-06-20 15:00:00,1085.1959955277944
2025-06-20 16:00:00,1054.2086467298654
2025-06-20 17:00:00,1212.633721424029
2025-06-20 18:00:00,955.6846591408886
2025-06-20 19:00:00,1045.42664889737
2025-06-20 20:00:00,931.2194646203516
2025-06-20 21:00:00,1129.5252810578838
2025-06-20 22:00:00,681.1210286489294
2025-06-20 23:00:00,1029.9235572296477
2025-06-21 00:00:00,976.441773368892
2025-06-21 01:00:00,969.3942396998292
2025-06-21 02:00:00,1246.3590719032288
2025-06-21 03:00:00,1389.7849242556567
2025-06-21 04:00:00,900.6567498036609
2025-06-21 05:00:00,1311.0077267918832
2025-06-21 06:00:00,686.5704695627772
2025-06-21 07:00:00,877.7120032747291
2025-06-21 08:00:00,1169.6268150651065
2025-06-21 09:00:00,1110.8643667543688
2025-06-21 10:00:00,1081.5876282441145
2025-06-21 11:00:00,1239.1523367501345
2025-06-21 12:00:00,1013.5901210244116
2025-06-21 13:00:00,1217.5269091937396
2025-06-21 14:00:00,953.1077757405852
2025-06-21 15:00:00,923.843109872711
2025-06-21 16:00:00,660.2838900459894
2025-06-21 17:00:00,1199.3257820311337
2025-06-21 18:00:00,873.0653307752634
2025-06-21 19:00:00,1269.2971959685142
2025-06-21 20:00:00,1269.7524146858552
2025-06-21 21:00:00,1009.4763539836032
2025-06-21 22:00:00,1074.8565231451994
2025-06-21 23:00:00,1098.2171881166162
2025-06-22 00:00:00,694.135924434997
2025-06-22 01:00:00,1263.404585260413
2025-06-22 02:00:00,868.7338039280037
2025-06-22 03:00:00,1083.809233754567
2025-06-22 04:00:00,1037.138091919424
2025-06-22 05:00:00,1036.8051285348447
2025-06-22 06:00:00,1022.9427627856436
2025-06-22 07:00:00,1158.8037101727157
2025-06-22 08:00:00,809.3616480192368
2025-06-22 09:00:00,1174.482094358756
2025-06-22 10:00:00,1012.5399931146572
2025-06-22 11:00:00,987.7190179618376
2025-06-22 12:00:00,898.668677787005
2025-06-22 13:00:00,971.1301299684978
2025-06-22 14:00:00,1093.548606943179
2025-06-22 15:00:00,750.3206565003837
2025-06-22 16:00:00,642.786186247662
2025-06-22 17:00:00,926.173089452094
2025-06-22 18:00:00,1117.644350912942
2025-06-22 19:00:00,921.4155535918568
2025-06-22 20:00:00,1248.7901399104005
2025-06-22 21:00:00,1234.0587262494007
2025-06-22 22:00:00,1254.9306579094236
2025-06-22 23:00:00,1264.6876088430984
2025-06-23 00:00:00,1143.3559102869867
2025-06-23 01:00:00,886.8240967194372
2025-06-23 02:00:00,475.35772795488936
2025-06-23 03:00:00,1110.1753979835971
2025-06-23 04:00:00,868.4132664380521
2025-06-23 05:00:00,985.597874858482
2025-06-23 06:00:00,516.4542927000506
2025-06-23 07:00:00,1211.2540046580757
2025-06-23 08:00:00,985.4790247741014
2025-06-23 09:00:00,905.5850727963178
2025-06-23 10:00:00,789.713458600807
2025-06-23 11:00:00,860.0193847846718
2025-06-23 12:00:00,852.9761023821219
2025-06-23 13:00:00,827.4800867212249
2025-06-23 14:00:00,736.7017723034418
2025-06-23 15:00:00,983.8242599473576
2025-06-23 16:00:00,957.4668828429404
2025-06-23 17:00:00,1203.4168797649056
2025-06-23 18:00:00,667.1860045804658
2025-06-23 19:00:00,935.3513477467992
2025-06-23 20:00:00,843.8465186269156
2025-06-23 21:00:00,1096.932796841851
2025-06-23 22:00:00,1016.1563634320412
2025-06-23 23:00:00,1201.2897868400096
2025-06-24 00:00:00,1184.7164226106895
2025-06-24 01:00:00,1310.015885758255
2025-06-24 02:00:00,1006.8822203251992
2025-06-24 03:00:00,1154.4186043894515
2025-06-24 04:00:00,1190.352252238118
2025-06-24 05:00:00,1691.144406463329
2025-06-24 06:00:00,914.51014267279
2025-06-24 07:00:00,1152.7070777029244
2025-06-24 08:00:00,1189.0715738278273
2025-06-24 09:00:00,1005.768469599418
2025-06-24 10:00:00,1267.955162346171
2025-06-24 11:00:00,1187.8213996247223
2025-06-24 12:00:00,1212.7795589287116
2025-06-24 13:00:00,1013.3855661547386
2025-06-24 14:00:00,1358.4825198968986
2025-06-24 15:00:00,964.0463630612676
2025-06-24 16:00:00,1096.3050142627244
2025-06-24 17:00:00,1385.1963785973803
2025-06-24 18:00:00,1515.612871832737
2025-06-24 19:00:00,1006.7395645697912
2025-06-24 20:00:00,1332.0112548876582
2025-06-24 21:00:00,1164.2486947608118
2025-06-24 22:00:00,1431.7767727813568
2025-06-24 23:00:00,1210.8681099754394
2025-06-25 00:00:00,1529.0797512404415
2025-06-25 01:00:00,942.5381134332192
2025-06-25 02:00:00,1093.8528095458223
2025-06-25 03:00:00,994.6745097746928
2025-06-25 04:00:00,1151.4270451975626
2025-06-25 05:00:00,744.9799743261033
2025-06-25 06:00:00,778.5863399434596
2025-06-25 07:00:00,1409.047017170492
2025-06-25 08:00:00,1250.0998995045584
2025-06-25 09:00:00,1346.7102044148994
2025-06-25 10:00:00,958.58588656242
2025-06-25 11:00:00,924.314398876304
2025-06-25 12:00:00,1125.0358338155163
2025-06-25 13:00:00,1494.0229119887647
2025-06-25 14:00:00,1187.9939152163554
2025-06-25 15:00:00,1213.1757417424035
2025-06-25 16:00:00,1446.0238814277768
2025-06-25 17:00:00,1259.2133228018615
2025-06-25 18:00:00,1212.9365485095109
2025-06-25 19:00:00,1270.3832613165937
2025-06-25 20:00:00,1125.7096654401998
2025-06-25 21:00:00,1538.62393663459
2025-06-25 22:00:00,1145.9157160767688
2025-06-25 23:00:00,1001.6917699828066
2025-06-26 00:00:00,1271.093285551918
2025-06-26 01:00:00,967.9063801441772
2025-06-26 02:00:00,1223.493411438434
2025-06-26 03:00:00,1298.8514152602952
2025-06-26 04:00:00,352.31651289108663
2025-06-26 05:00:00,700.0961257611541
2025-06-26 06:00:00,1154.3508244961656
2025-06-26 07:00:00,869.8376558170949
2025-06-26 08:00:00,1429.2155747331587
2025-06-26 09:00:00,1138.0107734191515
2025-06-26 10:00:00,1047.0250927670863
2025-06-26 11:00:00,1081.9452968039998
2025-06-26 12:00:00,987.544908279168
2025-06-26 13:00:00,931.5405868748284
2025-06-26 14:00:00,1094.7847482925215
2025-06-26 15:00:00,1283.115974694497
2025-06-26 16:00:00,738.0586678338661
2025-06-26 17:00:00,1120.2105658351777
2025-06-26 18:00:00,972.6388115570206
2025-06-26 19:00:00,1087.1440335209602
2025-06-26 20:00:00,908.0490312096714
2025-06-26 21:00:00,1099.488970377366
2025-06-26 22:00:00,839.5681303564155
2025-06-26 23:00:00,1064.4060329268286
2025-06-27 00:00:00,649.9419770707852
2025-06-27 01:00:00,1056.0217214198706
2025-06-27 02:00:00,426.4694356296896
2025-06-27 03:00:00,901.2797793657696
2025-06-27 04:00:00,683.985235335711
2025-06-27 05:00:00,1024.5919518514672
2025-06-27 06:00:00,909.0048430264516
2025-06-27 07:00:00,1133.726833196739
2025-06-27 08:00:00,935.11032222622
2025-06-27 09:00:00,932.9931488214836
2025-06-27 10:00:00,1192.9060679540412
2025-06-27 11:00:00,883.9074455415306
2025-06-27 12:00:00,968.7141315274652
2025-06-27 13:00:00,1252.4791760898356
2025-06-27 14:00:00,1103.5064914178215
2025-06-27 15:00:00,1360.9656402238743
2025-06-27 16:00:00,1063.9722752213718
2025-06-27 17:00:00,871.2734823161923
2025-06-27 18:00:00,1183.8335629620108
2025-06-27 19:00:00,1154.264761687835
2025-06-27 20:00:00,921.2696418325778
2025-06-27 21:00:00,1079.7675688444324
2025-06-27 22:00:00,958.4372896476232
2025-06-27 23:00:00,1071.575632395839
2025-06-28 00:00:00,977.7275088808811
2025-06-28 01:00:00,1342.849611222813
2025-06-28 02:00:00,1095.400509173816
2025-06-28 03:00:00,736.6900478462778
2025-06-28 04:00:00,1045.6501462943052
2025-06-28 05:00:00,943.7478652862806
2025-06-28 06:00:00,1066.6502937441494
2025-06-28 07:00:00,1051.976632089334
2025-06-28 08:00:00,1077.337201910087
2025-06-28 09:00:00,662.8337731116125
2025-06-28 10:00:00,689.0321736631727
2025-06-28 11:00:00,1284.9932818307234
2025-06-28 12:00:00,998.4599560641198
2025-06-28 13:00:00,1272.447664439926
2025-06-28 14:00:00,1109.7313564929457
2025-06-28 15:00:00,896.7826139135504
2025-06-28 16:00:00,664.8173492946466
2025-06-28 17:00:00,1106.5878196160122
2025-06-28 18:00:00,1107.6621301774564
2025-06-28 19:00:00,1355.3781767757632
2025-06-28 20:00:00,963.150559412781
2025-06-28 21:00:00,1019.0926549851746
2025-06-28 22:00:00,640.8175172960554
2025-06-28 23:00:00,881.9725643090942
2025-06-29 00:00:00,953.2293097246136
2025-06-29 01:00:00,845.9657173824008
2025-06-29 02:00:00,1315.8362068025106
2025-06-29 03:00:00,1353.7519524269749
2025-06-29 04:00:00,806.1500328179679
2025-06-29 05:00:00,1045.4358543867506
2025-06-29 06:00:00,937.2989451315254
2025-06-29 07:00:00,1329.586751626838
2025-06-29 08:00:00,1073.8387524138843
2025-06-29 09:00:00,1147.6144525369932
2025-06-29 10:00:00,833.4424988531678
2025-06-29 11:00:00,1297.3311848222172
2025-06-29 12:00:00,963.858920851151
2025-06-29 13:00:00,1407.1096771104285
2025-06-29 14:00:00,1249.1402354240756
2025-06-29 15:00:00,891.6867170048662
2025-06-29 16:00:00,1133.187893729886
2025-06-29 17:00:00,1075.0621728673889
2025-06-29 18:00:00,979.7801936615012
2025-06-29 19:00:00,1178.900284516862
2025-06-29 20:00:00,1019.9307501251636
2025-06-29 21:00:00,1030.9210126785918
2025-06-29 22:00:00,895.6679549895999
2025-06-29 23:00:00,872.5267614339282
2025-06-30 00:00:00,1044.2394312979532
2025-06-30 01:00:00,1225.1521714245043
2025-06-30 02:00:00,735.0721654084085
2025-06-30 03:00:00,1030.8922670713062
2025-06-30 04:00:00,1329.6042887415674
2025-06-30 05:00:00,871.4900420219261
2025-06-30 06:00:00,797.8065478904289
2025-06-30 07:00:00,821.3731039576478
2025-06-30 08:00:00,1167.8034288730294
2025-06-30 09:00:00,752.8987280422903
2025-06-30 10:00:00,1012.1424439841333
2025-06-30 11:00:00,873.2736614924634
2025-06-30 12:00:00,892.1705790384941
2025-06-30 13:00:00,946.4485382916528
2025-06-30 14:00:00,932.6837872268452
2025-06-30 15:00:00,934.0945608147036
2025-06-30 16:00:00,997.3292462526392
2025-06-30 17:00:00,1062.4420883153211
2025-06-30 18:00:00,916.7638103356684
2025-06-30 19:00:00,1103.1046113284706
2025-06-30 20:00:00,911.5019562981342
2025-06-30 21:00:00,916.646175108716
2025-06-30 22:00:00,1016.6510589143336
2025-06-30 23:00:00,662.1463510752443
2025-07-01 00:00:00,795.707021947461
2025-07-01 01:00:00,730.5340175204395
2025-07-01 02:00:00,875.8691385043622
2025-07-01 03:00:00,783.7219571695538
2025-07-01 04:00:00,751.0321865799174
2025-07-01 05:00:00,1105.024823542895
2025-07-01 06:00:00,1300.9121241131274
2025-07-01 07:00:00,1100.9708023095227
2025-07-01 08:00:00,973.1607071020828
2025-07-01 09:00:00,1124.8580406542324
2025-07-01 10:00:00,976.1131063156204
2025-07-01 11:00:00,870.5202954400488
2025-07-01 12:00:00,938.88681431797
2025-07-01 13:00:00,856.7117708506705
2025-07-01 14:00:00,513.4213786325791
2025-07-01 15:00:00,763.8600532981903
2025-07-01 16:00:00,766.131246899035
2025-07-01 17:00:00,1007.230971784812
2025-07-01 18:00:00,830.048861254371
2025-07-01 19:00:00,587.824134244522
2025-07-01 20:00:00,913.1537328062396
2025-07-01 21:00:00,971.0623312991534
2025-07-01 22:00:00,1059.7095021104751
2025-07-01 23:00:00,985.3186251906488
2025-07-02 00:00:00,1024.6658031124884
2025-07-02 01:00:00,1566.3231834798369
2025-07-02 02:00:00,1468.099724956705
2025-07-02 03:00:00,1082.1953034669282
2025-07-02 04:00:00,1207.9751377321688
2025-07-02 05:00:00,1054.7335141580922
2025-07-02 06:00:00,1209.0114916588682
2025-07-02 07:00:00,1129.8793776541177
2025-07-02 08:00:00,1129.4297270304394
2025-07-02 09:00:00,1238.4348538267002
2025-07-02 10:00:00,982.9103559386928
2025-07-02 11:00:00,1518.56092935401
2025-07-02 12:00:00,1457.4609676005364
2025-07-02 13:00:00,1067.3432033962783
2025-07-02 14:00:00,1453.63570393968
2025-07-02 15:00:00,979.0432838024376
2025-07-02 16:00:00,797.393510081966
2025-07-02 17:00:00,1317.8120892428697
2025-07-02 18:00:00,1375.248911994474
2025-07-02 19:00:00,1056.416521058027
2025-07-02 20:00:00,1370.2024122815983
2025-07-02 21:00:00,1725.831165171532
2025-07-02 22:00:00,1986.644679795584
2025-07-02 23:00:00,1023.2914383177072
2025-07-03 00:00:00,779.350034662653
2025-07-03 01:00:00,1618.342550819817
2025-07-03 02:00:00,943.1648201538856
2025-07-03 03:00:00,1210.941779947274
2025-07-03 04:00:00,1052.747863854063
2025-07-03 05:00:00,814.791100570482
2025-07-03 06:00:00,990.4866828469668
2025-07-03 07:00:00,753.5064423632714
2025-07-03 08:00:00,900.9867372977365
2025-07-03 09:00:00,977.8234418677554
2025-07-03 10:00:00,1079.7123336893965
2025-07-03 11:00:00,563.7852997809782
2025-07-03 12:00:00,1019.6707768898416
2025-07-03 13:00:00,1560.7939929028612
2025-07-03 14:00:00,836.5567609348592
2025-07-03 15:00:00,1100.5644017276363
2025-07-03 16:00:00,945.7854252799244
2025-07-03 17:00:00,450.0293886177088
2025-07-03 18:00:00,827.5298000351646
2025-07-03 19:00:00,891.9897880125394
2025-07-03 20:00:00,1208.2547038547357
2025-07-03 21:00:00,1025.9792639740433
2025-07-03 22:00:00,987.7029301243458
2025-07-03 23:00:00,1172.347296716579
2025-07-04 00:00:00,980.0347644100464
2025-07-04 01:00:00,1148.909631418225
2025-07-04 02:00:00,734.5115072652303
2025-07-04 03:00:00,971.6625526105008
2025-07-04 04:00:00,1267.5070905540308
2025-07-04 05:00:00,579.6764414249666
2025-07-04 06:00:00,853.2064032438191
2025-07-04 07:00:00,1045.1503270164433
2025-07-04 08:00:00,1059.9086990924295
2025-07-04 09:00:00,945.2951006191512
2025-07-04 10:00:00,1100.6082521458156
2025-07-04 11:00:00,833.768601815206
2025-07-04 12:00:00,1211.9941726697837
2025-07-04 13:00:00,1052.9297710058795
2025-07-04 14:00:00,1381.391984078329
2025-07-04 15:00:00,1185.065691914993
2025-07-04 16:00:00,1125.2701203529998
2025-07-04 17:00:00,1300.4999834389846
2025-07-04 18:00:00,850.6564878770491
2025-07-04 19:00:00,954.031108237902
2025-07-04 20:00:00,658.7145446312833
2025-07-04 21:00:00,1189.9081591143058
2025-07-04 22:00:00,1348.754661954571
2025-07-04 23:00:00,915.0612526228412
2025-07-05 00:00:00,1076.457895167552
2025-07-05 01:00:00,749.1808368649911
2025-07-05 02:00:00,790.1104288460724
2025-07-05 03:00:00,1149.3371489804265
2025-07-05 04:00:00,815.7151107208637
2025-07-05 05:00:00,845.9960275782217
2025-07-05 06:00:00,1162.052190985631
2025-07-05 07:00:00,982.6135188252084
2025-07-05 08:00:00,691.757839339831
2025-07-05 09:00:00,1143.325124570195
2025-07-05 10:00:00,572.7162975713744
2025-07-05 11:00:00,1055.8334124356693
2025-07-05 12:00:00,964.9154767882814
2025-07-05 13:00:00,786.776135988622
2025-07-05 14:00:00,741.8708934867213
2025-07-05 15:00:00,683.2564806034038
2025-07-05 16:00:00,1182.6413270910352
2025-07-05 17:00:00,900.6339984093232
2025-07-05 18:00:00,767.9309134760102
2025-07-05 19:00:00,979.6319635902012
2025-07-05 20:00:00,1090.4784389941804
2025-07-05 21:00:00,934.8030118888828
2025-07-05 22:00:00,1001.2614271259946
2025-07-05 23:00:00,1046.4348126986029
2025-07-06 00:00:00,1070.148587138212
2025-07-06 01:00:00,983.200461899519
2025-07-06 02:00:00,806.6791725428299
2025-07-06 03:00:00,751.3926392039685
2025-07-06 04:00:00,1097.1266871278306
2025-07-06 05:00:00,863.8331020832884
2025-07-06 06:00:00,1002.1853647982456
2025-07-06 07:00:00,956.562063208937
2025-07-06 08:00:00,1201.7271248541542
2025-07-06 09:00:00,1062.7760956778302
2025-07-06 10:00:00,1068.1116140127408
2025-07-06 11:00:00,948.7524828438555
2025-07-06 12:00:00,978.64536311788
2025-07-06 13:00:00,938.0065346635556
2025-07-06 14:00:00,1056.664880107534
2025-07-06 15:00:00,659.3897123742239
2025-07-06 16:00:00,1002.448304940665
2025-07-06 17:00:00,1080.4073039413167
2025-07-06 18:00:00,1085.5813412704254
2025-07-06 19:00:00,789.5411424791347
2025-07-06 20:00:00,921.6613733582184
2025-07-06 21:00:00,929.7795509779024
2025-07-06 22:00:00,897.7356689887264
2025-07-06 23:00:00,761.4872577543802
2025-07-07 00:00:00,893.4651299525548
2025-07-07 01:00:00,960.60104147111
2025-07-07 02:00:00,918.240274128784
2025-07-07 03:00:00,736.3977741859477
2025-07-07 04:00:00,960.5119170542608
2025-07-07 05:00:00,856.3846444966359
2025-07-07 06:00:00,803.4562858892454
2025-07-07 07:00:00,726.8011577163508
2025-07-07 08:00:00,800.9899108076769
2025-07-07 09:00:00,1019.7289634788395
2025-07-07 10:00:00,859.0280024989893
2025-07-07 11:00:00,869.8787651221797
2025-07-07 12:00:00,713.2911245321148
2025-07-07 13:00:00,1389.5665443746511
2025-07-07 14:00:00,487.8470883254551
2025-07-07 15:00:00,530.1267468277489
2025-07-07 16:00:00,798.2279515385599
2025-07-07 17:00:00,927.41211881493
2025-07-07 18:00:00,1208.1854719586622
2025-07-07 19:00:00,983.485085529727
2025-07-07 20:00:00,945.5002211644984
2025-07-07 21:00:00,1055.8783840549113
2025-07-07 22:00:00,908.80195807857
2025-07-07 23:00:00,543.1152938441306
2025-07-08 00:00:00,1070.6352683559126
2025-07-08 01:00:00,1471.2760512221275
2025-07-08 02:00:00,878.0959007449825
2025-07-08 03:00:00,1284.0678526274442
2025-07-08 04:00:00,746.9224886831289
2025-07-08 05:00:00,1340.583718040874
2025-07-08 06:00:00,1053.2523192221947
2025-07-08 07:00:00,1197.800368645125
2025-07-08 08:00:00,1170.4717844294803
2025-07-08 09:00:00,1165.1355512016803
2025-07-08 10:00:00,1046.0604631746394
2025-07-08 11:00:00,891.430375562923
2025-07-08 12:00:00,993.2732034300705
2025-07-08 13:00:00,868.9702096551214
2025-07-08 14:00:00,1002.9169050161688
2025-07-08 15:00:00,695.891090465566
2025-07-08 16:00:00,1061.387872535527
2025-07-08 17:00:00,1226.5905364545945
2025-07-08 18:00:00,1272.6852575588098
2025-07-08 19:00:00,1295.6499524107985
2025-07-08 20:00:00,1057.3327108101137
2025-07-08 21:00:00,994.4099703132932
2025-07-08 22:00:00,973.6656405318922
2025-07-08 23:00:00,1106.558993996491
2025-07-09 00:00:00,1144.812722628955
2025-07-09 01:00:00,783.758515384909
2025-07-09 02:00:00,1367.831159710776
2025-07-09 03:00:00,1174.6954787460347
2025-07-09 04:00:00,1284.7568649993416
2025-07-09 05:00:00,1083.4310061558967
2025-07-09 06:00:00,1016.3228214324794
2025-07-09 07:00:00,1487.8197885062195
2025-07-09 08:00:00,842.8599010770216
2025-07-09 09:00:00,710.2585202212923
2025-07-09 10:00:00,1500.3119060365857
2025-07-09 11:00:00,1123.8499014059378
2025-07-09 12:00:00,980.4275339532824
2025-07-09 13:00:00,946.8290272698677
2025-07-09 14:00:00,642.0731465892791
2025-07-09 15:00:00,1472.7483820405748
2025-07-09 16:00:00,1223.624024657704
2025-07-09 17:00:00,1181.667374050753
2025-07-09 18:00:00,1249.1537565087187
2025-07-09 19:00:00,876.1370343034692
2025-07-09 20:00:00,1170.6020414825266
2025-07-09 21:00:00,1305.1363409862602
2025-07-09 22:00:00,599.4294078963613
2025-07-09 23:00:00,1200.1051222231222
2025-07-10 00:00:00,1097.1189632260478
2025-07-10 01:00:00,884.844911271981
2025-07-10 02:00:00,1039.688280019672
2025-07-10 03:00:00,976.7568610821628
2025-07-10 04:00:00,1153.3262275048178
2025-07-10 05:00:00,960.8625820214158
2025-07-10 06:00:00,1239.6890531996723
2025-07-10 07:00:00,963.8208478793332
2025-07-10 08:00:00,963.4968318772326
2025-07-10 09:00:00,1326.5971780939085
2025-07-10 10:00:00,1040.7262417954214
2025-07-10 11:00:00,1189.6224002709196
2025-07-10 12:00:00,796.2743312736927
2025-07-10 13:00:00,1402.371807468797
2025-07-10 14:00:00,762.9913165143795
2025-07-10 15:00:00,1096.1402006927349
2025-07-10 16:00:00,1027.00299544996
2025-07-10 17:00:00,911.191543919119
2025-07-10 18:00:00,1016.2839854374228
2025-07-10 19:00:00,1340.9176240032343
2025-07-10 20:00:00,1449.269377151648
2025-07-10 21:00:00,1024.4018243873163
2025-07-10 22:00:00,998.4177231419076
2025-07-10 23:00:00,671.4273829633077
2025-07-11 00:00:00,922.230947330428
2025-07-11 01:00:00,958.839180800828
2025-07-11 02:00:00,1196.7214743800685
2025-07-11 03:00:00,1344.2355627744853
2025-07-11 04:00:00,1529.2490276062213
2025-07-11 05:00:00,1681.9447939028423
2025-07-11 06:00:00,1348.8725972902685
2025-07-11 07:00:00,1059.5870239830529
2025-07-11 08:00:00,1018.1763921901472
2025-07-11 09:00:00,1130.304842245161
2025-07-11 10:00:00,1360.737463910404
2025-07-11 11:00:00,1396.0059323806745
2025-07-11 12:00:00,1316.7769704723032
2025-07-11 13:00:00,728.0346157031936
2025-07-11 14:00:00,1039.424436781833
2025-07-11 15:00:00,1513.6424007223618
2025-07-11 16:00:00,1047.17910068151
2025-07-11 17:00:00,1153.3175220147532
2025-07-11 18:00:00,1811.3945540504053
2025-07-11 19:00:00,1154.8185432483106
2025-07-11 20:00:00,1505.8462564638703
2025-07-11 21:00:00,1603.2000382232725
2025-07-11 22:00:00,1349.8898321520387
2025-07-11 23:00:00,1070.1952157192848
2025-07-12 00:00:00,639.7266708165547
2025-07-12 01:00:00,871.800015947338
2025-07-12 02:00:00,863.8666814137453
2025-07-12 03:00:00,953.515081004802
2025-07-12 04:00:00,601.5807374747229
2025-07-12 05:00:00,803.2297589396021
2025-07-12 06:00:00,455.7099951586218
2025-07-12 07:00:00,636.038874891208
2025-07-12 08:00:00,854.1871541781053
2025-07-12 09:00:00,435.2972583220685
2025-07-12 10:00:00,898.5861262312101
2025-07-12 11:00:00,1055.2229453243351
2025-07-12 12:00:00,550.5663319214541
2025-07-12 13:00:00,732.4271181432555
2025-07-12 14:00:00,1037.8943448257935
2025-07-12 15:00:00,849.7584797498116
2025-07-12 16:00:00,833.8003252788159
2025-07-12 17:00:00,789.0266056053354
2025-07-12 18:00:00,560.4970144194823
2025-07-12 19:00:00,751.2794799237718
2025-07-12 20:00:00,971.1873287176112
2025-07-12 21:00:00,785.8547020591301
2025-07-12 22:00:00,883.9082818364894
2025-07-12 23:00:00,716.5345756535181
2025-07-13 00:00:00,834.5830437636643
2025-07-13 01:00:00,720.9955874223848
2025-07-13 02:00:00,664.4999902081827
2025-07-13 03:00:00,909.7189629077968
2025-07-13 04:00:00,871.5632443121962
2025-07-13 05:00:00,741.5713478827053
2025-07-13 06:00:00,1040.5054435521909
2025-07-13 07:00:00,743.1802540692083
2025-07-13 08:00:00,991.0963677491612
2025-07-13 09:00:00,1004.3933637502538
2025-07-13 10:00:00,1217.6759567978254
2025-07-13 11:00:00,975.8368838447676
2025-07-13 12:00:00,1057.589021867363
2025-07-13 13:00:00,927.0012048404902
2025-07-13 14:00:00,656.3020255804319
2025-07-13 15:00:00,1069.6694617928651
2025-07-13 16:00:00,1220.1290581333153
2025-07-13 17:00:00,890.6515220235635
2025-07-13 18:00:00,1295.8257643944414
2025-07-13 19:00:00,1082.116494103454
2025-07-13 20:00:00,1278.8746390414535
2025-07-13 21:00:00,880.2558608025865
2025-07-13 22:00:00,751.7504193485454
2025-07-13 23:00:00,923.5793780297524
2025-07-14 00:00:00,964.7107712025374
2025-07-14 01:00:00,883.0400154739382
2025-07-14 02:00:00,958.4115712171916
2025-07-14 03:00:00,911.1717468856206
2025-07-14 04:00:00,747.0834965512535
2025-07-14 05:00:00,829.6367566884821
2025-07-14 06:00:00,1163.4017236761442
2025-07-14 07:00:00,916.0973572604956
2025-07-14 08:00:00,679.0563183338194
2025-07-14 09:00:00,553.6111012101087
2025-07-14 10:00:00,868.0475060720103
2025-07-14 11:00:00,979.6206332558124
2025-07-14 12:00:00,708.8613423270735
2025-07-14 13:00:00,596.1968329754947
2025-07-14 14:00:00,1031.9565365518436
2025-07-14 15:00:00,1520.6340797755622
2025-07-14 16:00:00,1089.7041070693404
2025-07-14 17:00:00,742.9346762066159
2025-07-14 18:00:00,906.0478747505078
2025-07-14 19:00:00,905.826830563668
2025-07-14 20:00:00,691.8704797289057
2025-07-14 21:00:00,667.3053502216118
2025-07-14 22:00:00,901.3878751861984
2025-07-14 23:00:00,1074.517742481426
2025-07-15 00:00:00,885.6551771176771
2025-07-15 01:00:00,1130.3642882758247
2025-07-15 02:00:00,1132.7933494345275
2025-07-15 03:00:00,824.2314211486912
2025-07-15 04:00:00,775.9862166815793
2025-07-15 05:00:00,1158.217550574749
2025-07-15 06:00:00,1258.96434569944
2025-07-15 07:00:00,1109.0251250499095
2025-07-15 08:00:00,1267.7891058787357
2025-07-15 09:00:00,1326.829647024946
2025-07-15 10:00:00,712.2768731588785
2025-07-15 11:00:00,1124.0459833500431
2025-07-15 12:00:00,1295.8422985034158
2025-07-15 13:00:00,1258.4222785447123
2025-07-15 14:00:00,1318.668913727321
2025-07-15 15:00:00,905.2937589337344
2025-07-15 16:00:00,1165.717120829854
2025-07-15 17:00:00,1185.1161235859104
2025-07-15 18:00:00,903.1206552995004
2025-07-15 19:00:00,1064.9693968833728
2025-07-15 20:00:00,752.619498621821
2025-07-15 21:00:00,851.6909002685968
2025-07-15 22:00:00,1093.0543072682435
2025-07-15 23:00:00,1241.5653599949255
2025-07-16 00:00:00,1307.4299565322335
2025-07-16 01:00:00,1298.4697402257193
2025-07-16 02:00:00,803.8082783107928
2025-07-16 03:00:00,980.181250584004
2025-07-16 04:00:00,899.729369148472
2025-07-16 05:00:00,1165.1932407535564
2025-07-16 06:00:00,1144.163591318921
2025-07-16 07:00:00,841.650606682043
2025-07-16 08:00:00,1185.3695194889635
2025-07-16 09:00:00,736.2103135342567
2025-07-16 10:00:00,1236.1456388101606
2025-07-16 11:00:00,512.404272233804
2025-07-16 12:00:00,964.6257194362972
2025-07-16 13:00:00,858.8160603729195
2025-07-16 14:00:00,1135.7148420457002
2025-07-16 15:00:00,1050.9996298163835
2025-07-16 16:00:00,561.9555679121704
2025-07-16 17:00:00,731.2596685288659
2025-07-16 18:00:00,882.9815357785997
2025-07-16 19:00:00,1237.331870632962
2025-07-16 20:00:00,1326.8707229967035
2025-07-16 21:00:00,1136.9309650736805
2025-07-16 22:00:00,1285.1886943010002
2025-07-16 23:00:00,849.7743330001715
2025-07-17 00:00:00,1068.6974686349322
2025-07-17 01:00:00,817.1469666924339
2025-07-17 02:00:00,969.191011254653
2025-07-17 03:00:00,967.8452355072476
2025-07-17 04:00:00,1137.2980843848206
2025-07-17 05:00:00,1145.4912698193737
2025-07-17 06:00:00,927.9091473753374
2025-07-17 07:00:00,931.3612902338584
2025-07-17 08:00:00,646.0513706534514
2025-07-17 09:00:00,1147.5593148186
2025-07-17 10:00:00,1020.6731529734416
2025-07-17 11:00:00,1036.1858088046004
2025-07-17 12:00:00,1155.9994761732548
2025-07-17 13:00:00,938.9702030224634
2025-07-17 14:00:00,841.3222680388351
2025-07-17 15:00:00,916.73506311483
2025-07-17 16:00:00,970.5936849090008
2025-07-17 17:00:00,1087.5942319947735
2025-07-17 18:00:00,915.943797162946
2025-07-17 19:00:00,950.3535201559804
2025-07-17 20:00:00,765.0813582790993
2025-07-17 21:00:00,957.2689059205018
2025-07-17 22:00:00,678.0619474044945
2025-07-17 23:00:00,904.4943592503912
2025-07-18 00:00:00,1090.7217112331336
2025-07-18 01:00:00,1021.6279901940212
2025-07-18 02:00:00,1007.2079355265956
2025-07-18 03:00:00,1244.4531982279575
2025-07-18 04:00:00,806.0233004231706
2025-07-18 05:00:00,1147.8466270622976
2025-07-18 06:00:00,903.4584338053572
2025-07-18 07:00:00,1113.256055095564
2025-07-18 08:00:00,1022.4936003070508
2025-07-18 09:00:00,939.9970883277016
2025-07-18 10:00:00,1120.442483283813
2025-07-18 11:00:00,918.2746948471116
2025-07-18 12:00:00,798.7456724889365
2025-07-18 13:00:00,952.6956099076456
2025-07-18 14:00:00,789.9369227592474
2025-07-18 15:00:00,1085.189131014807
2025-07-18 16:00:00,926.3563014144164
2025-07-18 17:00:00,788.0018132931253
2025-07-18 18:00:00,1131.4037183716953
2025-07-18 19:00:00,1139.318814037512
2025-07-18 20:00:00,1015.6504856616006
2025-07-18 21:00:00,992.9257194976954
2025-07-18 22:00:00,1247.1983122515967
2025-07-18 23:00:00,997.3781931030584
2025-07-19 00:00:00,793.382488395497
2025-07-19 01:00:00,1140.8235018720875
2025-07-19 02:00:00,997.0245584963326
2025-07-19 03:00:00,1132.746355272577
2025-07-19 04:00:00,970.3013512734396
2025-07-19 05:00:00,871.8009363119927
2025-07-19 06:00:00,779.6254545203117
2025-07-19 07:00:00,984.0171231192992
2025-07-19 08:00:00,932.063945813505
2025-07-19 09:00:00,760.0854687970681
2025-07-19 10:00:00,1283.1417663654204
2025-07-19 11:00:00,1236.9000463871696
2025-07-19 12:00:00,608.7118095111401
2025-07-19 13:00:00,587.2905806745543
2025-07-19 14:00:00,714.4318728060874
2025-07-19 15:00:00,1058.4985936494322
2025-07-19 16:00:00,1576.4384492374525
2025-07-19 17:00:00,783.7667562473736
2025-07-19 18:00:00,961.2460058092736
2025-07-19 19:00:00,1299.9777961359025
2025-07-19 20:00:00,924.6891219973112
2025-07-19 21:00:00,1255.4257889807177
2025-07-19 22:00:00,1218.118527216
2025-07-19 23:00:00,1020.3693629900564
2025-07-20 00:00:00,1292.604634006071
2025-07-20 01:00:00,783.307441446041
2025-07-20 02:00:00,1050.7807350818289
2025-07-20 03:00:00,951.8018907487408
2025-07-20 04:00:00,1095.256626743523
2025-07-20 05:00:00,824.5020349993462
2025-07-20 06:00:00,871.8107397110437
2025-07-20 07:00:00,1100.9454547736912
2025-07-20 08:00:00,1087.2078704962971
2025-07-20 09:00:00,1390.5242954209498
2025-07-20 10:00:00,1134.6212264489027
2025-07-20 11:00:00,1400.7083234112347
2025-07-20 12:00:00,1374.1435676829
2025-07-20 13:00:00,1336.5773130481923
2025-07-20 14:00:00,319.0561744642102
2025-07-20 15:00:00,920.4730337798972
2025-07-20 16:00:00,1189.721708592961
2025-07-20 17:00:00,800.6631741634773
2025-07-20 18:00:00,973.8473872223684
2025-07-20 19:00:00,1234.3894615446395
2025-07-20 20:00:00,1099.1515680115797
2025-07-20 21:00:00,1012.828993778961
2025-07-20 22:00:00,1466.061962555517
2025-07-20 23:00:00,996.880530023278
2025-07-21 00:00:00,1100.6925430103786
2025-07-21 01:00:00,1133.7863238913958
2025-07-21 02:00:00,1032.0200790045517
2025-07-21 03:00:00,924.8325465662248
2025-07-21 04:00:00,1062.463961729973
2025-07-21 05:00:00,808.0833583797116
2025-07-21 06:00:00,1247.6232794844443
2025-07-21 07:00:00,1136.8801826035046
2025-07-21 08:00:00,1013.8858811912562
2025-07-21 09:00:00,1288.3774182728007
2025-07-21 10:00:00,880.0018303058519
2025-07-21 11:00:00,674.2433761159141
2025-07-21 12:00:00,1205.4432952913987
2025-07-21 13:00:00,805.467649036611
2025-07-21 14:00:00,801.496351665041
2025-07-21 15:00:00,1147.9734768401838
2025-07-21 16:00:00,1326.5949494600377
2025-07-21 17:00:00,938.6258858363556
2025-07-21 18:00:00,913.3597760894784
2025-07-21 19:00:00,1446.653231280542
2025-07-21 20:00:00,797.6745548288535
2025-07-21 21:00:00,1300.2757178940362
2025-07-21 22:00:00,1207.3160812216838
2025-07-21 23:00:00,950.3718916133206
2025-07-22 00:00:00,817.1586522018882
2025-07-22 01:00:00,855.4206873623909
2025-07-22 02:00:00,956.7400886631056
2025-07-22 03:00:00,847.3671495393255
2025-07-22 04:00:00,661.6999359322931
2025-07-22 05:00:00,1127.5024057551
2025-07-22 06:00:00,867.6165686196005
2025-07-22 07:00:00,1144.1313081383023
2025-07-22 08:00:00,956.5076311167225
2025-07-22 09:00:00,1542.0844942979188
2025-07-22 10:00:00,1097.0525947359977
2025-07-22 11:00:00,721.15612507617
2025-07-22 12:00:00,716.0622817048404
2025-07-22 13:00:00,809.9709976957706
2025-07-22 14:00:00,902.3055126849396
2025-07-22 15:00:00,660.7106424996509
2025-07-22 16:00:00,764.6458797461379
2025-07-22 17:00:00,989.8833956489348
2025-07-22 18:00:00,678.3828881506346
2025-07-22 19:00:00,967.1681580645704
2025-07-22 20:00:00,1032.8862301035692
2025-07-22 21:00:00,788.5551781956257
2025-07-22 22:00:00,1106.1066463283607
2025-07-22 23:00:00,1003.6876080196348
2025-07-23 00:00:00,1257.4960612299371
2025-07-23 01:00:00,1062.7381201908377
2025-07-23 02:00:00,1074.9697785671997
2025-07-23 03:00:00,1212.455992097595
2025-07-23 04:00:00,1193.7966326037804
2025-07-23 05:00:00,734.1581848895272
2025-07-23 06:00:00,1315.6189883420636
2025-07-23 07:00:00,985.4103803243756
2025-07-23 08:00:00,1361.6801559579171
2025-07-23 09:00:00,1149.7048061058993
2025-07-23 10:00:00,965.7380227476768
2025-07-23 11:00:00,1109.8894079488457
2025-07-23 12:00:00,1429.7069472007424
2025-07-23 13:00:00,943.5432675262094
2025-07-23 14:00:00,730.4317507106383
2025-07-23 15:00:00,1053.1798547868946
2025-07-23 16:00:00,1389.5065500901037
2025-07-23 17:00:00,1462.4913123783413
2025-07-23 18:00:00,1339.193302611868
2025-07-23 19:00:00,639.2687415173949
2025-07-23 20:00:00,1057.299408159226
2025-07-23 21:00:00,1003.8128797338944
2025-07-23 22:00:00,1070.7686103257242
2025-07-23 23:00:00,866.8747893539795
2025-07-24 00:00:00,742.5952589364133
2025-07-24 01:00:00,1424.5312448890754
2025-07-24 02:00:00,984.6893606808216
2025-07-24 03:00:00,872.3164931623131
2025-07-24 04:00:00,731.810848567062
2025-07-24 05:00:00,1159.437328679308
2025-07-24 06:00:00,1086.5774520062826
2025-07-24 07:00:00,1199.155089422203
2025-07-24 08:00:00,1040.4834419956492
2025-07-24 09:00:00,881.8572919519711
2025-07-24 10:00:00,831.3725982289025
2025-07-24 11:00:00,824.2773251278543
2025-07-24 12:00:00,894.1967489530653
2025-07-24 13:00:00,1106.3912718476272
2025-07-24 14:00:00,865.6807960974288
2025-07-24 15:00:00,1028.3470946423386
2025-07-24 16:00:00,1119.5535265183523
2025-07-24 17:00:00,884.6623019089214
2025-07-24 18:00:00,1163.447071843427
2025-07-24 19:00:00,1054.8160882099623
2025-07-24 20:00:00,1047.5912116920665
2025-07-24 21:00:00,967.9781518631272
2025-07-24 22:00:00,1006.7765277009592
2025-07-24 23:00:00,805.5869445505795
2025-07-25 00:00:00,962.5320601979204
2025-07-25 01:00:00,1080.619640662585
2025-07-25 02:00:00,874.3986785631984
2025-07-25 03:00:00,1008.7108361525349
2025-07-25 04:00:00,874.3250330326582
2025-07-25 05:00:00,773.138477656136
2025-07-25 06:00:00,918.9438255884256
2025-07-25 07:00:00,987.0999517754176
2025-07-25 08:00:00,790.3818094510457
2025-07-25 09:00:00,807.7560532694226
2025-07-25 10:00:00,825.8730865821017
2025-07-25 11:00:00,950.2090247955168
2025-07-25 12:00:00,646.2374161853276
2025-07-25 13:00:00,966.9426886738672
2025-07-25 14:00:00,964.6097909403144
2025-07-25 15:00:00,954.3013592487854
2025-07-25 16:00:00,813.5873615041406
2025-07-25 17:00:00,967.9766275252364
2025-07-25 18:00:00,714.3862025959744
2025-07-25 19:00:00,777.0990721164848
2025-07-25 20:00:00,1063.1408274167682
2025-07-25 21:00:00,673.0742234528965
2025-07-25 22:00:00,798.4918791741478
2025-07-25 23:00:00,810.731556097245
2025-07-26 00:00:00,758.6449940965856
2025-07-26 01:00:00,940.0234927660332
2025-07-26 02:00:00,834.2390702700253
2025-07-26 03:00:00,1418.4696061884645
2025-07-26 04:00:00,1006.6415891127498
2025-07-26 05:00:00,954.8623908430916
2025-07-26 06:00:00,1089.7725814643
2025-07-26 07:00:00,1249.668153942563
2025-07-26 08:00:00,623.7748417601084
2025-07-26 09:00:00,835.1860864780917
2025-07-26 10:00:00,1112.074429031024
2025-07-26 11:00:00,931.321639057182
2025-07-26 12:00:00,758.1493432994458
2025-07-26 13:00:00,914.4578979367858
2025-07-26 14:00:00,1098.916246891457
2025-07-26 15:00:00,1134.9459668072884
2025-07-26 16:00:00,1483.2473561533045
2025-07-26 17:00:00,716.2164382517394
2025-07-26 18:00:00,749.9113727810455
2025-07-26 19:00:00,808.146418677303
2025-07-26 20:00:00,1272.8775841044155
2025-07-26 21:00:00,874.6088300433673
2025-07-26 22:00:00,741.8549621310448
2025-07-26 23:00:00,1238.6600585585695
2025-07-27 00:00:00,1133.1616849921486
2025-07-27 01:00:00,966.2756531265804
2025-07-27 02:00:00,803.856202448247
2025-07-27 03:00:00,1092.1225510167478
2025-07-27 04:00:00,1077.6791886091762
2025-07-27 05:00:00,1204.807707066953
2025-07-27 06:00:00,849.8516462456272
2025-07-27 07:00:00,867.4752735118251
2025-07-27 08:00:00,1199.2746310834636
2025-07-27 09:00:00,1132.4648792974522
2025-07-27 10:00:00,974.1493597902472
2025-07-27 11:00:00,768.9889936783388
2025-07-27 12:00:00,732.4406665791768
2025-07-27 13:00:00,661.3284282220628
2025-07-27 14:00:00,742.9081129753822
2025-07-27 15:00:00,888.181750092994
2025-07-27 16:00:00,705.6553527853063
2025-07-27 17:00:00,1060.0370011533955
2025-07-27 18:00:00,448.6895175508746
2025-07-27 19:00:00,778.0270706223527
2025-07-27 20:00:00,800.4577862109998
2025-07-27 21:00:00,1039.291575894137
2025-07-27 22:00:00,1023.3466900434736
2025-07-27 23:00:00,698.4389554482634
2025-07-28 00:00:00,809.6545824706446
2025-07-28 01:00:00,1083.0853753037825
2025-07-28 02:00:00,773.7559620545028
2025-07-28 03:00:00,1049.6472018869308
2025-07-28 04:00:00,1324.023059175743
2025-07-28 05:00:00,1441.0310138225998
2025-07-28 06:00:00,1245.865555687622
2025-07-28 07:00:00,812.2813739987793
2025-07-28 08:00:00,917.1978716349035
2025-07-28 09:00:00,832.417983974187
2025-07-28 10:00:00,898.536854077711
2025-07-28 11:00:00,665.67656670609
2025-07-28 12:00:00,894.4087672484328
2025-07-28 13:00:00,1252.225990691701
2025-07-28 14:00:00,1480.7753070575093
2025-07-28 15:00:00,1112.403339902952
2025-07-28 16:00:00,1065.0306210875488
2025-07-28 17:00:00,1161.1829373151998
2025-07-28 18:00:00,699.9134067951354
2025-07-28 19:00:00,850.3171661008305
2025-07-28 20:00:00,1188.2392645244197
2025-07-28 21:00:00,975.7282202104386
2025-07-28 22:00:00,948.09114659252
2025-07-28 23:00:00,1198.276450628478
2025-07-29 00:00:00,998.8043021973472
2025-07-29 01:00:00,678.2456391565357
2025-07-29 02:00:00,901.0006491863264
2025-07-29 03:00:00,809.8722276659927
2025-07-29 04:00:00,927.744109086834
2025-07-29 05:00:00,970.4788319679658
2025-07-29 06:00:00,645.8784796384267
2025-07-29 07:00:00,945.3766421902126
2025-07-29 08:00:00,891.7886452371048
2025-07-29 09:00:00,1040.6210008747028
2025-07-29 10:00:00,724.2354274141139
2025-07-29 11:00:00,1002.0968142023733
2025-07-29 12:00:00,927.7750253521843
2025-07-29 13:00:00,738.1672219491112
2025-07-29 14:00:00,971.9037078771232
2025-07-29 15:00:00,749.4682483933653
2025-07-29 16:00:00,957.6615484743056
2025-07-29 17:00:00,793.5143244998633
2025-07-29 18:00:00,827.2765687576573
2025-07-29 19:00:00,820.7690856755585
2025-07-29 20:00:00,973.9852640631308
2025-07-29 21:00:00,795.7220963646625
2025-07-29 22:00:00,903.8131035368338
2025-07-29 23:00:00,906.8830478542584
2025-07-30 00:00:00,1083.5875406478967
2025-07-30 01:00:00,1183.9954658001827
2025-07-30 02:00:00,1008.00594809929
2025-07-30 03:00:00,988.7948194154689
2025-07-30 04:00:00,758.7668198039462
2025-07-30 05:00:00,1150.408628209849
2025-07-30 06:00:00,634.0082434043331
2025-07-30 07:00:00,940.9389480349602
2025-07-30 08:00:00,1198.0653933536753
2025-07-30 09:00:00,788.5456704515217
2025-07-30 10:00:00,1013.2638486752326
2025-07-30 11:00:00,781.7212318702286
2025-07-30 12:00:00,1035.0205354123852
2025-07-30 13:00:00,655.7417037072295
2025-07-30 14:00:00,839.1671048919956
2025-07-30 15:00:00,797.9158390488267
2025-07-30 16:00:00,933.14807763437
2025-07-30 17:00:00,603.3974907360663
2025-07-30 18:00:00,1190.3242687161016
2025-07-30 19:00:00,971.2901542667398
2025-07-30 20:00:00,825.1586693831571
2025-07-30 21:00:00,1186.9371687776368
2025-07-30 22:00:00,910.2206700816184
2025-07-30 23:00:00,961.4913512280658
2025-07-31 00:00:00,1356.9047814167752
2025-07-31 01:00:00,1061.819394231264
2025-07-31 02:00:00,809.5710731827667
2025-07-31 03:00:00,1047.8004342966851
2025-07-31 04:00:00,1115.8242277255947
2025-07-31 05:00:00,1024.070621027595
2025-07-31 06:00:00,895.6441488039604
2025-07-31 07:00:00,862.9994591888585
2025-07-31 08:00:00,680.0262640246018
2025-07-31 09:00:00,1128.4454319575032
2025-07-31 10:00:00,857.5855159460431
2025-07-31 11:00:00,897.1084002050691
2025-07-31 12:00:00,1134.2886817009737
2025-07-31 13:00:00,1251.5764256466837
2025-07-31 14:00:00,816.1859688508806
2025-07-31 15:00:00,957.066700093145
2025-07-31 16:00:00,948.2855347410558
2025-07-31 17:00:00,1133.5333922981652
2025-07-31 18:00:00,815.2765859192107
2025-07-31 19:00:00,864.224222388596
2025-07-31 20:00:00,1115.8667495752154
2025-07-31 21:00:00,905.1947647923856
2025-07-31 22:00:00,817.6273773030946
2025-07-31 23:00:00,1027.0896089700295
2025-08-01 00:00:00,859.1445818338932
2025-08-01 01:00:00,1142.2213365375871
2025-08-01 02:00:00,876.7468544242043
2025-08-01 03:00:00,883.9451128749779
2025-08-01 04:00:00,823.332475911435
2025-08-01 05:00:00,632.3446958431213
2025-08-01 06:00:00,941.091986131527
2025-08-01 07:00:00,1093.7094935272407
2025-08-01 08:00:00,1138.367689633345
2025-08-01 09:00:00,1427.535643426217
2025-08-01 10:00:00,855.1571611213305
2025-08-01 11:00:00,945.5356724621232
2025-08-01 12:00:00,708.9097534215075
2025-08-01 13:00:00,1245.5021405596626
2025-08-01 14:00:00,1089.098205687022
2025-08-01 15:00:00,1083.5012042846895
2025-08-01 16:00:00,1017.3147646839152
2025-08-01 17:00:00,884.7422738933374
2025-08-01 18:00:00,447.546750831428
2025-08-01 19:00:00,1136.0896932330293
2025-08-01 20:00:00,1030.2387944638292
2025-08-01 21:00:00,955.6960347156744
2025-08-01 22:00:00,758.638334184534
2025-08-01 23:00:00,1066.5534623408423
2025-08-02 00:00:00,1071.7629009324537
2025-08-02 01:00:00,802.3100957309231
2025-08-02 02:00:00,799.2043415640934
2025-08-02 03:00:00,1011.9943244802272
2025-08-02 04:00:00,1008.557759608211
2025-08-02 05:00:00,816.091535798647
2025-08-02 06:00:00,1387.9054456668614
2025-08-02 07:00:00,940.037204480226
2025-08-02 08:00:00,1016.9515182196072
2025-08-02 09:00:00,1084.0339832249997
2025-08-02 10:00:00,1333.8155033392577
2025-08-02 11:00:00,870.6852725993318
2025-08-02 12:00:00,992.158687756586
2025-08-02 13:00:00,767.7705821778382
2025-08-02 14:00:00,1246.5890341608554
2025-08-02 15:00:00,1118.249178873153
2025-08-02 16:00:00,1063.0944002112683
2025-08-02 17:00:00,1089.040006949246
2025-08-02 18:00:00,1404.6774856993966
2025-08-02 19:00:00,1007.7462361346222
2025-08-02 20:00:00,910.1010200044552
2025-08-02 21:00:00,911.1293742348688
2025-08-02 22:00:00,1242.8989141571906
2025-08-02 23:00:00,1151.6384156195345
2025-08-03 00:00:00,912.5999096220628
2025-08-03 01:00:00,1163.1981393635992
2025-08-03 02:00:00,1174.6044276389491
2025-08-03 03:00:00,1070.8303545576728
2025-08-03 04:00:00,1020.9553438764642
2025-08-03 05:00:00,1147.8870124846535
2025-08-03 06:00:00,1132.3770203570746
2025-08-03 07:00:00,947.9448357006784
2025-08-03 08:00:00,983.1369139441756
2025-08-03 09:00:00,688.8815217460105
2025-08-03 10:00:00,1173.8868105029303
2025-08-03 11:00:00,1025.5749954258024
2025-08-03 12:00:00,1373.555406952164
2025-08-03 13:00:00,674.3826826244451
2025-08-03 14:00:00,1084.1553892931
2025-08-03 15:00:00,1172.949075966162
2025-08-03 16:00:00,902.0796093902584
2025-08-03 17:00:00,1149.8798285206742
2025-08-03 18:00:00,1107.9792762419977
2025-08-03 19:00:00,1159.6373141189224
2025-08-03 20:00:00,999.6552138395846
2025-08-03 21:00:00,382.3638134981156
2025-08-03 22:00:00,1065.5534042617887
2025-08-03 23:00:00,1068.3208555628644
2025-08-04 00:00:00,681.5749698231455
2025-08-04 01:00:00,1024.3809833690725
2025-08-04 02:00:00,1000.917410139224
2025-08-04 03:00:00,1220.3051436961964
2025-08-04 04:00:00,777.7992128566738
2025-08-04 05:00:00,1147.274526457194
2025-08-04 06:00:00,930.5602787548104
2025-08-04 07:00:00,835.3391208148851
2025-08-04 08:00:00,1019.9805590135816
2025-08-04 09:00:00,1089.9587220198162
2025-08-04 10:00:00,829.9723106867982
2025-08-04 11:00:00,1218.6625764656012
2025-08-04 12:00:00,930.8764525161602
2025-08-04 13:00:00,698.6817430551824
2025-08-04 14:00:00,716.1896752761776
2025-08-04 15:00:00,1126.2132226083097
2025-08-04 16:00:00,824.831490806035
2025-08-04 17:00:00,943.9018217374248
2025-08-04 18:00:00,947.0393944973684
2025-08-04 19:00:00,906.5331116184648
2025-08-04 20:00:00,1109.0376324841643
2025-08-04 21:00:00,838.0047719972424
2025-08-04 22:00:00,721.564908214577
2025-08-04 23:00:00,500.5280746398108
2025-08-05 00:00:00,936.4762656498684
2025-08-05 01:00:00,1233.542080936581
2025-08-05 02:00:00,849.4630173124539
2025-08-05 03:00:00,1191.02022233927
2025-08-05 04:00:00,931.5375137149975
2025-08-05 05:00:00,1328.9366705054167
2025-08-05 06:00:00,796.1514371880049
2025-08-05 07:00:00,909.3681718354208
2025-08-05 08:00:00,1122.8819542430697
2025-08-05 09:00:00,1223.6904862875872
2025-08-05 10:00:00,1155.5708877501422
2025-08-05 11:00:00,724.6871488407444
2025-08-05 12:00:00,1203.889947697904
2025-08-05 13:00:00,986.8523010478158
2025-08-05 14:00:00,666.7487424455337
2025-08-05 15:00:00,878.1926251735201
2025-08-05 16:00:00,919.8028406859084
2025-08-05 17:00:00,830.6561761855965
2025-08-05 18:00:00,1246.9210695291804
2025-08-05 19:00:00,1094.8532307141902
2025-08-05 20:00:00,1213.9906160442213
2025-08-05 21:00:00,814.6411592543651
2025-08-05 22:00:00,658.4547717495695
2025-08-05 23:00:00,1078.1018471683926
2025-08-06 00:00:00,1177.2811859917565
2025-08-06 01:00:00,1136.5039177500405
2025-08-06 02:00:00,1035.251300698289
2025-08-06 03:00:00,1164.8211862697062
2025-08-06 04:00:00,1019.3472170718234
2025-08-06 05:00:00,1045.1472917188723
2025-08-06 06:00:00,1401.2085080714828
2025-08-06 07:00:00,1262.9090146480278
2025-08-06 08:00:00,792.7337045362653
2025-08-06 09:00:00,686.3077438802103
2025-08-06 10:00:00,1276.4824632083305
2025-08-06 11:00:00,916.326235216195
2025-08-06 12:00:00,977.5185825926752
2025-08-06 13:00:00,905.937523948766
2025-08-06 14:00:00,1069.630672240923
2025-08-06 15:00:00,920.8441541860168
2025-08-06 16:00:00,764.9416976019752
2025-08-06 17:00:00,645.5431667948018
2025-08-06 18:00:00,523.6800195490806
2025-08-06 19:00:00,792.2793023328645
2025-08-06 20:00:00,1249.861354760024
2025-08-06 21:00:00,815.6719260047138
2025-08-06 22:00:00,999.2316401893942
2025-08-06 23:00:00,1229.13719321102
2025-08-07 00:00:00,1005.8957169947402
2025-08-07 01:00:00,1293.0490154052316
2025-08-07 02:00:00,1046.9891957489715
2025-08-07 03:00:00,693.1436876696558
2025-08-07 04:00:00,1348.7697826555714
2025-08-07 05:00:00,1156.9381844066484
2025-08-07 06:00:00,933.437609480688
2025-08-07 07:00:00,1178.6436131091148
2025-08-07 08:00:00,1207.5424106333028
2025-08-07 09:00:00,1169.7022252920267
2025-08-07 10:00:00,912.8051052700528
2025-08-07 11:00:00,1092.457360441109
2025-08-07 12:00:00,1201.182381312605
2025-08-07 13:00:00,1302.6705422394805
2025-08-07 14:00:00,1083.1253268268797
2025-08-07 15:00:00,886.7620530564076
2025-08-07 16:00:00,1228.0800678022792
2025-08-07 17:00:00,1412.0552118219136
2025-08-07 18:00:00,997.1718088858096
2025-08-07 19:00:00,1246.534060381034
2025-08-07 20:00:00,1369.3340361752269
2025-08-07 21:00:00,1371.6154748679824
2025-08-07 22:00:00,1436.4315484937706
2025-08-07 23:00:00,1196.1565153810302
2025-08-08 00:00:00,1450.0951259817816
2025-08-08 01:00:00,952.5115746806836
2025-08-08 02:00:00,1212.166292870813
2025-08-08 03:00:00,1195.0804965938928
2025-08-08 04:00:00,985.1300542989926
2025-08-08 05:00:00,1066.2423830183575
2025-08-08 06:00:00,683.014426683589
2025-08-08 07:00:00,1303.5556373000095
2025-08-08 08:00:00,1335.1775920962823
2025-08-08 09:00:00,1404.1163388920124
2025-08-08 10:00:00,1449.2684452763087
2025-08-08 11:00:00,1003.2979671796206
2025-08-08 12:00:00,1104.872494588422
2025-08-08 13:00:00,1493.7653527395516
2025-08-08 14:00:00,1387.8575895027498
2025-08-08 15:00:00,973.028817393096
2025-08-08 16:00:00,602.564435789196
2025-08-08 17:00:00,1089.150247764513
2025-08-08 18:00:00,897.4784968634984
2025-08-08 19:00:00,1155.693776812042
2025-08-08 20:00:00,1363.0243599686462
2025-08-08 21:00:00,811.0444164424489
2025-08-08 22:00:00,1204.128529175517
2025-08-08 23:00:00,863.8592999283251
2025-08-09 00:00:00,1261.808565649694
2025-08-09 01:00:00,1367.612042316725
2025-08-09 02:00:00,988.1356605734608
2025-08-09 03:00:00,716.1925148148173
2025-08-09 04:00:00,1009.41631623721
2025-08-09 05:00:00,1009.9454148837428
2025-08-09 06:00:00,1541.824009961869
2025-08-09 07:00:00,962.2782825947066
2025-08-09 08:00:00,1455.4925729294368
2025-08-09 09:00:00,1354.200436237356
2025-08-09 10:00:00,1221.0593212505405
2025-08-09 11:00:00,627.8446834160022
2025-08-09 12:00:00,1111.6245927704088
2025-08-09 13:00:00,1491.3975035331837
2025-08-09 14:00:00,1383.1313967843946
2025-08-09 15:00:00,1286.2833762827422
2025-08-09 16:00:00,890.0049820498589
2025-08-09 17:00:00,1280.4031213014227
2025-08-09 18:00:00,1312.292680562902
2025-08-09 19:00:00,1127.4956919283904
2025-08-09 20:00:00,1357.111625049332
2025-08-09 21:00:00,1071.502032981631
2025-08-09 22:00:00,747.4146912452422
2025-08-09 23:00:00,1088.2536522870732
2025-08-10 00:00:00,1158.5718707874485
2025-08-10 01:00:00,1065.5157511227087
2025-08-10 02:00:00,922.0574607063046
2025-08-10 03:00:00,829.616242923638
2025-08-10 04:00:00,1035.4737260174925
2025-08-10 05:00:00,1209.8272921660164
2025-08-10 06:00:00,751.317974971629
2025-08-10 07:00:00,812.4114756475817
2025-08-10 08:00:00,1145.8584025800303
2025-08-10 09:00:00,1021.0550080610984
2025-08-10 10:00:00,849.794719586098
2025-08-10 11:00:00,1146.6975127777569
2025-08-10 12:00:00,1034.2372761740987
2025-08-10 13:00:00,755.8353200483787
2025-08-10 14:00:00,982.6455725081198
2025-08-10 15:00:00,930.1370208631832
2025-08-10 16:00:00,1239.3616589415276
2025-08-10 17:00:00,1044.6319624073842
2025-08-10 18:00:00,1021.552445392982
2025-08-10 19:00:00,956.3101678369528
2025-08-10 20:00:00,1028.5301624510114
2025-08-10 21:00:00,672.6856390842994
2025-08-10 22:00:00,660.5274216188401
2025-08-10 23:00:00,1004.0099358158732
2025-08-11 00:00:00,956.5718424007669
2025-08-11 01:00:00,624.721878538406
2025-08-11 02:00:00,814.1629718882152
2025-08-11 03:00:00,1152.4633235904791
2025-08-11 04:00:00,1066.9477233119148
2025-08-11 05:00:00,907.0673906066976
2025-08-11 06:00:00,847.2096969485241
2025-08-11 07:00:00,1095.996535551831
2025-08-11 08:00:00,1009.1469070710124
2025-08-11 09:00:00,1007.3792644241896
2025-08-11 10:00:00,935.5800691668776
2025-08-11 11:00:00,1071.8089954040795
2025-08-11 12:00:00,1099.3726011348624
2025-08-11 13:00:00,910.1943229866872
2025-08-11 14:00:00,1386.5577581358054
2025-08-11 15:00:00,918.010102048682
2025-08-11 16:00:00,1075.1509524974406
2025-08-11 17:00:00,717.6462194415947
2025-08-11 18:00:00,832.6460284747493
2025-08-11 19:00:00,1232.0951276327542
2025-08-11 20:00:00,1191.7083489492409
2025-08-11 21:00:00,1085.21500689553
2025-08-11 22:00:00,900.579327187251
2025-08-11 23:00:00,1114.133758603905
2025-08-12 00:00:00,1094.061287183682
2025-08-12 01:00:00,427.3592001137708
2025-08-12 02:00:00,831.8045389330996
2025-08-12 03:00:00,757.5029950460789
2025-08-12 04:00:00,1134.5841687367972
2025-08-12 05:00:00,865.5138895107311
2025-08-12 06:00:00,1124.2216812818024
2025-08-12 07:00:00,1161.7592440250728
2025-08-12 08:00:00,983.1633325933876
2025-08-12 09:00:00,605.9690570997386
2025-08-12 10:00:00,765.3239645020524
2025-08-12 11:00:00,811.228201206549
2025-08-12 12:00:00,973.382741071664
2025-08-12 13:00:00,969.6230390828982
2025-08-12 14:00:00,661.5511538902038
2025-08-12 15:00:00,1042.610005417965
2025-08-12 16:00:00,718.3075555030159
2025-08-12 17:00:00,837.4124106321194
2025-08-12 18:00:00,947.5917471559064
2025-08-12 19:00:00,877.8055028766976
2025-08-12 20:00:00,1183.9666108577374
2025-08-12 21:00:00,1106.5539436205047
2025-08-12 22:00:00,663.4550046875758
2025-08-12 23:00:00,698.2972512775387
2025-08-13 00:00:00,1140.8616629222172
2025-08-13 01:00:00,1255.7852217890093
2025-08-13 02:00:00,1121.1826601623286
2025-08-13 03:00:00,1390.1438394798336
2025-08-13 04:00:00,1287.7548307365178
2025-08-13 05:00:00,1291.0598647059426
2025-08-13 06:00:00,964.5991485810944
2025-08-13 07:00:00,1251.1144626781795
2025-08-13 08:00:00,756.3197240702776
2025-08-13 09:00:00,1061.8689070074229
2025-08-13 10:00:00,973.8090146918372
2025-08-13 11:00:00,942.2897087270188
2025-08-13 12:00:00,906.5731636314616
2025-08-13 13:00:00,667.6549930317107
2025-08-13 14:00:00,1391.8967627913505
2025-08-13 15:00:00,1068.1101466584232
2025-08-13 16:00:00,1076.0395501431954
2025-08-13 17:00:00,1227.4199873432262
2025-08-13 18:00:00,1353.2467067743928
2025-08-13 19:00:00,1413.8556335153298
2025-08-13 20:00:00,1019.2900143690348
2025-08-13 21:00:00,1157.5277445296706
2025-08-13 22:00:00,913.589915721402
2025-08-13 23:00:00,1279.0854002364044
2025-08-14 00:00:00,1184.9537569408174
2025-08-14 01:00:00,1168.5501565801974
2025-08-14 02:00:00,1159.405366429837
2025-08-14 03:00:00,1110.168773211669
2025-08-14 04:00:00,1020.1038413638854
2025-08-14 05:00:00,753.4543935310729
2025-08-14 06:00:00,1068.6406518592669
2025-08-14 07:00:00,1340.2305163894052
2025-08-14 08:00:00,915.6407964972522
2025-08-14 09:00:00,866.8173860203054
2025-08-14 10:00:00,1126.5899606439052
2025-08-14 11:00:00,1338.4002140755474
2025-08-14 12:00:00,793.88901404447
2025-08-14 13:00:00,518.1957402911505
2025-08-14 14:00:00,879.3595731866758
2025-08-14 15:00:00,1022.645378857359
2025-08-14 16:00:00,974.0164205963596
2025-08-14 17:00:00,950.4538577819028
2025-08-14 18:00:00,901.8501456566156
2025-08-14 19:00:00,872.9335870075802
2025-08-14 20:00:00,836.7763783707044
2025-08-14 21:00:00,1074.838521665636
2025-08-14 22:00:00,1117.451673173675
2025-08-14 23:00:00,684.7446219091277
2025-08-15 00:00:00,1261.1479060822849
2025-08-15 01:00:00,1287.212716515974
2025-08-15 02:00:00,1093.2633012448662
2025-08-15 03:00:00,1217.8771982270491
2025-08-15 04:00:00,898.4105325133157
2025-08-15 05:00:00,1525.7983926273068
2025-08-15 06:00:00,1486.745891262338
2025-08-15 07:00:00,1103.3070054171294
2025-08-15 08:00:00,853.1860339199143
2025-08-15 09:00:00,1087.9387468015495
2025-08-15 10:00:00,1295.8631851713935
2025-08-15 11:00:00,1067.5535793168226
2025-08-15 12:00:00,974.42211912387
2025-08-15 13:00:00,1196.105570987107
2025-08-15 14:00:00,956.3015240088788
2025-08-15 15:00:00,1468.2859940119426
2025-08-15 16:00:00,1377.9598785220287
2025-08-15 17:00:00,1312.665682411515
2025-08-15 18:00:00,994.7612184728034
2025-08-15 19:00:00,1206.7607068370855
2025-08-15 20:00:00,1415.9362076565242
2025-08-15 21:00:00,673.7123117384278
2025-08-15 22:00:00,1206.5008806013336
2025-08-15 23:00:00,1484.7352261549088
2025-08-16 00:00:00,957.1225227577283
2025-08-16 01:00:00,1247.0830369227374
2025-08-16 02:00:00,1428.630465674257
2025-08-16 03:00:00,1466.8064739950655
2025-08-16 04:00:00,746.9758946875431
2025-08-16 05:00:00,706.8139785741498
2025-08-16 06:00:00,1218.2641410703866
2025-08-16 07:00:00,1299.5769050907588
2025-08-16 08:00:00,1152.3522847631816
2025-08-16 09:00:00,1104.3028009068526
2025-08-16 10:00:00,1483.8689887929654
2025-08-16 11:00:00,1531.01765475177
2025-08-16 12:00:00,1041.8263247123589
2025-08-16 13:00:00,1219.0687596042517
2025-08-16 14:00:00,908.3570740533472
2025-08-16 15:00:00,1591.995149433773
2025-08-16 16:00:00,849.8905774995561
2025-08-16 17:00:00,928.8697329855662
2025-08-16 18:00:00,971.4804620847584
2025-08-16 19:00:00,933.978413977419
2025-08-16 20:00:00,1483.758580440728
2025-08-16 21:00:00,1730.5372608092737
2025-08-16 22:00:00,1243.4103904722367
2025-08-16 23:00:00,1102.366260356786
2025-08-17 00:00:00,878.1568338412139
2025-08-17 01:00:00,1359.7780910718825
2025-08-17 02:00:00,1064.938889631092
2025-08-17 03:00:00,1162.9910260010777
2025-08-17 04:00:00,924.4488789647578
2025-08-17 05:00:00,1028.9004836097736
2025-08-17 06:00:00,725.2664118686673
2025-08-17 07:00:00,1076.775701178091
2025-08-17 08:00:00,1263.765080766162
2025-08-17 09:00:00,675.5080958647605
2025-08-17 10:00:00,856.097963223331
2025-08-17 11:00:00,970.5999083819617
2025-08-17 12:00:00,1006.3205286051336
2025-08-17 13:00:00,1053.39114840333
2025-08-17 14:00:00,1063.089273563393
2025-08-17 15:00:00,1133.6354886198494
2025-08-17 16:00:00,1065.1408222785226
2025-08-17 17:00:00,711.9000845697475
2025-08-17 18:00:00,1140.0649721374828
2025-08-17 19:00:00,1330.9563779649309
2025-08-17 20:00:00,1128.128306241104
2025-08-17 21:00:00,692.2594026928512
2025-08-17 22:00:00,1122.6038315684434
2025-08-17 23:00:00,1174.7464151985475
2025-08-18 00:00:00,915.3043256108824
2025-08-18 01:00:00,1131.724948414802
2025-08-18 02:00:00,1193.2027268892737
2025-08-18 03:00:00,924.3767379364236
2025-08-18 04:00:00,993.0664822955844
2025-08-18 05:00:00,871.7942574189417
2025-08-18 06:00:00,827.6650587428273
2025-08-18 07:00:00,1151.3005427462908
2025-08-18 08:00:00,1075.1106081812188
2025-08-18 09:00:00,1012.820006996186
2025-08-18 10:00:00,806.6234403185142
2025-08-18 11:00:00,1166.1327078635427
2025-08-18 12:00:00,1089.1761915360737
2025-08-18 13:00:00,668.659817427942
2025-08-18 14:00:00,1097.853672445962
2025-08-18 15:00:00,931.9142018235974
2025-08-18 16:00:00,951.7796616049474
2025-08-18 17:00:00,537.8624818090927
2025-08-18 18:00:00,637.7413712273334
2025-08-18 19:00:00,1079.9898425121746
2025-08-18 20:00:00,763.2680436730396
2025-08-18 21:00:00,1048.061789067675
2025-08-18 22:00:00,662.2619726377058
2025-08-18 23:00:00,635.56017695089
2025-08-19 00:00:00,1408.4757525756454
2025-08-19 01:00:00,1161.1312376737674
2025-08-19 02:00:00,1245.045372177735
2025-08-19 03:00:00,1022.8350011899724
2025-08-19 04:00:00,1276.5764314891303
2025-08-19 05:00:00,1472.8364492580108
2025-08-19 06:00:00,1092.6992288442411
2025-08-19 07:00:00,1307.4726620836886
2025-08-19 08:00:00,788.393775679911
2025-08-19 09:00:00,1621.110872745537
2025-08-19 10:00:00,1431.1625898076445
2025-08-19 11:00:00,1184.574663081709
2025-08-19 12:00:00,1112.0158813609385
2025-08-19 13:00:00,1528.031145469827
2025-08-19 14:00:00,1071.416133402127
2025-08-19 15:00:00,1279.8540560884946
2025-08-19 16:00:00,1116.912452932684
2025-08-19 17:00:00,971.7964302810452
2025-08-19 18:00:00,1439.3261861187225
2025-08-19 19:00:00,1093.4768047192226
2025-08-19 20:00:00,1302.363098263065
2025-08-19 21:00:00,1108.9432720022278
2025-08-19 22:00:00,1159.6750617615164
2025-08-19 23:00:00,1150.9561075912254
2025-08-20 00:00:00,1072.1563063815108
2025-08-20 01:00:00,918.7941283579448
2025-08-20 02:00:00,1096.3600997530516
2025-08-20 03:00:00,1074.6828608330443
2025-08-20 04:00:00,1163.5961315269665
2025-08-20 05:00:00,843.1065715291272
2025-08-20 06:00:00,1059.1398454397904
2025-08-20 07:00:00,902.4096644166736
2025-08-20 08:00:00,930.8388850255824
2025-08-20 09:00:00,801.4214049561022
2025-08-20 10:00:00,846.2997693652958
2025-08-20 11:00:00,1052.865569388803
2025-08-20 12:00:00,871.0685832862819
2025-08-20 13:00:00,798.6083231908932
2025-08-20 14:00:00,1093.6595853753963
2025-08-20 15:00:00,1001.7499905936126
2025-08-20 16:00:00,707.1535962971543
2025-08-20 17:00:00,954.7924366551692
2025-08-20 18:00:00,1146.0059322763937
2025-08-20 19:00:00,1140.0187464173537
2025-08-20 20:00:00,834.5724384494367
2025-08-20 21:00:00,727.3139571452737
2025-08-20 22:00:00,866.6619972408447
2025-08-20 23:00:00,1186.372423304156
2025-08-21 00:00:00,581.8339057599508
2025-08-21 01:00:00,1259.5837482143245
2025-08-21 02:00:00,598.1434439824666
2025-08-21 03:00:00,1490.4461422125073
2025-08-21 04:00:00,1256.7051428999964
2025-08-21 05:00:00,990.127404841406
2025-08-21 06:00:00,1097.9527336147953
2025-08-21 07:00:00,1217.0727027194669
2025-08-21 08:00:00,968.879131271311
2025-08-21 09:00:00,1174.6145026748734
2025-08-21 10:00:00,1047.1084975716435
2025-08-21 11:00:00,1021.0378229529008
2025-08-21 12:00:00,1402.8261894107688
2025-08-21 13:00:00,636.641637064216
2025-08-21 14:00:00,1085.0720739044195
2025-08-21 15:00:00,775.4585058835903
2025-08-21 16:00:00,1035.8083323882197
2025-08-21 17:00:00,922.7219510783372
2025-08-21 18:00:00,1622.3889094506733
2025-08-21 19:00:00,964.4056395676809
2025-08-21 20:00:00,1045.50912114317
2025-08-21 21:00:00,942.0034133052832
2025-08-21 22:00:00,1266.172132739891
2025-08-21 23:00:00,965.2825363757752
2025-08-22 00:00:00,1284.7781435603024
2025-08-22 01:00:00,1081.0479116275308
2025-08-22 02:00:00,985.3083731113076
2025-08-22 03:00:00,1386.1315301654568
2025-08-22 04:00:00,816.6380208342407
2025-08-22 05:00:00,783.0531470331866
2025-08-22 06:00:00,786.626040924911
2025-08-22 07:00:00,1160.0029664298388
2025-08-22 08:00:00,819.2897446704907
2025-08-22 09:00:00,1157.5905223372322
2025-08-22 10:00:00,817.3088427695556
2025-08-22 11:00:00,595.6654672129512
2025-08-22 12:00:00,785.1059711300488
2025-08-22 13:00:00,988.707368575726
2025-08-22 14:00:00,1157.9758081917046
2025-08-22 15:00:00,1178.3645105477492
2025-08-22 16:00:00,1003.5308849337252
2025-08-22 17:00:00,1062.9361418749916
2025-08-22 18:00:00,440.49760361406896
2025-08-22 19:00:00,984.1299371883024
2025-08-22 20:00:00,942.2177113843724
2025-08-22 21:00:00,877.2320262016304
2025-08-22 22:00:00,810.4860869385043
2025-08-22 23:00:00,1099.5216439772253
2025-08-23 00:00:00,1552.452945929591
2025-08-23 01:00:00,1071.1203495404354
2025-08-23 02:00:00,937.0872228979458
2025-08-23 03:00:00,1534.767628590732
2025-08-23 04:00:00,1043.110363465555
2025-08-23 05:00:00,998.4870312148836
2025-08-23 06:00:00,805.316545124296
2025-08-23 07:00:00,1208.18020614989
2025-08-23 08:00:00,1249.547533625639
2025-08-23 09:00:00,1302.575286719427
2025-08-23 10:00:00,1164.267144381521
2025-08-23 11:00:00,1235.8220213799166
2025-08-23 12:00:00,1238.0889405524497
2025-08-23 13:00:00,1229.193253828317
2025-08-23 14:00:00,1377.2140793435185
2025-08-23 15:00:00,1304.5551693986872
2025-08-23 16:00:00,1156.6186420395484
2025-08-23 17:00:00,994.7822637468668
2025-08-23 18:00:00,1293.5171435032662
2025-08-23 19:00:00,985.8841500588538
2025-08-23 20:00:00,1081.6167396991357
2025-08-23 21:00:00,954.8843489011532
2025-08-23 22:00:00,1589.9767191610783
2025-08-23 23:00:00,898.0526403271882
2025-08-24 00:00:00,1211.289850456372
2025-08-24 01:00:00,1253.9545252579394
2025-08-24 02:00:00,1058.519647613837
2025-08-24 03:00:00,1084.8754020542965
2025-08-24 04:00:00,1024.972286375492
2025-08-24 05:00:00,486.9602451890912
2025-08-24 06:00:00,903.8896400655198
2025-08-24 07:00:00,1358.0493980845226
2025-08-24 08:00:00,892.7900226567584
2025-08-24 09:00:00,1095.7849749981804
2025-08-24 10:00:00,1629.821256168556
2025-08-24 11:00:00,860.3701920278043
2025-08-24 12:00:00,959.2879826753114
2025-08-24 13:00:00,1013.1850853463632
2025-08-24 14:00:00,640.51169596401
2025-08-24 15:00:00,881.6900510986832
2025-08-24 16:00:00,762.1065153237862
2025-08-24 17:00:00,1183.037545499658
2025-08-24 18:00:00,1014.2447921097836
2025-08-24 19:00:00,611.9068209651031
2025-08-24 20:00:00,1239.852418405121
2025-08-24 21:00:00,1274.413145686388
2025-08-24 22:00:00,989.7894429892148
2025-08-24 23:00:00,1268.997326601081
2025-08-25 00:00:00,865.5928052324958
2025-08-25 01:00:00,1118.9001069749163
2025-08-25 02:00:00,1098.4448353036012
2025-08-25 03:00:00,882.3808048141735
2025-08-25 04:00:00,841.8105768647254
2025-08-25 05:00:00,1145.7348465768284
2025-08-25 06:00:00,1548.0211471144833
2025-08-25 07:00:00,1051.415456991475
2025-08-25 08:00:00,1103.8679759935897
2025-08-25 09:00:00,835.9163298023601
2025-08-25 10:00:00,1004.3251532788628
2025-08-25 11:00:00,1016.4476607487184
2025-08-25 12:00:00,979.4993070466728
2025-08-25 13:00:00,920.3718526417664
2025-08-25 14:00:00,1049.005158835621
2025-08-25 15:00:00,940.0440454700132
2025-08-25 16:00:00,1322.332632663917
2025-08-25 17:00:00,1493.6096909584412
2025-08-25 18:00:00,898.0154067650794
2025-08-25 19:00:00,982.27923982495
2025-08-25 20:00:00,1151.175858576799
2025-08-25 21:00:00,1182.848431200713
2025-08-25 22:00:00,897.5603662859485
2025-08-25 23:00:00,938.3753165151708
2025-08-26 00:00:00,712.1630029009375
2025-08-26 01:00:00,1528.492951414709
2025-08-26 02:00:00,1123.099608412682
2025-08-26 03:00:00,994.8146524079184
2025-08-26 04:00:00,1027.3903438039006
2025-08-26 05:00:00,831.8433351309957
2025-08-26 06:00:00,1441.0957462293954
2025-08-26 07:00:00,1041.4642573226483
2025-08-26 08:00:00,967.0663336504967
2025-08-26 09:00:00,1431.4594274050432
2025-08-26 10:00:00,1277.853593548327
2025-08-26 11:00:00,1018.0487227313556
2025-08-26 12:00:00,1151.6564958057536
2025-08-26 13:00:00,988.8715774217568
2025-08-26 14:00:00,982.5052646863668
2025-08-26 15:00:00,1012.4282430794264
2025-08-26 16:00:00,1122.2483365438777
2025-08-26 17:00:00,1291.1877369872789
2025-08-26 18:00:00,1478.1750126488705
2025-08-26 19:00:00,598.983403942831
2025-08-26 20:00:00,1551.219245104116
2025-08-26 21:00:00,1276.245133360827
2025-08-26 22:00:00,1062.7401161301605
2025-08-26 23:00:00,968.1340086679884
2025-08-27 00:00:00,1007.9998370870288
2025-08-27 01:00:00,635.5169925260742
2025-08-27 02:00:00,919.7092563997792
2025-08-27 03:00:00,746.1477495859152
2025-08-27 04:00:00,549.0854719413388
2025-08-27 05:00:00,881.7227663779385
2025-08-27 06:00:00,892.7768120749214
2025-08-27 07:00:00,661.3555168271217
2025-08-27 08:00:00,953.4817615257206
2025-08-27 09:00:00,1107.424640582758
2025-08-27 10:00:00,893.477124601584
2025-08-27 11:00:00,883.8342276425035
2025-08-27 12:00:00,694.2255900446157
2025-08-27 13:00:00,644.5018101430339
2025-08-27 14:00:00,747.552688331641
2025-08-27 15:00:00,824.8636187702787
2025-08-27 16:00:00,815.5468194512742
2025-08-27 17:00:00,781.269755188854
2025-08-27 18:00:00,1219.1089311397138
2025-08-27 19:00:00,906.574305902702
2025-08-27 20:00:00,654.763765854972
2025-08-27 21:00:00,618.2682371935957
2025-08-27 22:00:00,530.7235319325549
2025-08-27 23:00:00,649.3548833525767
2025-08-28 00:00:00,998.0664944484336
2025-08-28 01:00:00,911.7785430447808
2025-08-28 02:00:00,1183.2669915258562
2025-08-28 03:00:00,1174.7121118158502
2025-08-28 04:00:00,1137.070190593602
2025-08-28 05:00:00,1055.648675877427
2025-08-28 06:00:00,1050.6699201680751
2025-08-28 07:00:00,779.3129604848625
2025-08-28 08:00:00,667.8346923255741
2025-08-28 09:00:00,887.73835073199
2025-08-28 10:00:00,891.4942269075241
2025-08-28 11:00:00,885.087091218487
2025-08-28 12:00:00,1021.7823040998584
2025-08-28 13:00:00,958.0987822069856
2025-08-28 14:00:00,782.2782029461184
2025-08-28 15:00:00,1036.669014294985
2025-08-28 16:00:00,1129.5774596283345
2025-08-28 17:00:00,954.182591584894
2025-08-28 18:00:00,1231.837935823562
2025-08-28 19:00:00,1125.2283879825752
2025-08-28 20:00:00,1140.891236295081
2025-08-28 21:00:00,979.3743863918788
2025-08-28 22:00:00,1145.9774312400937
2025-08-28 23:00:00,1202.9252501810545
2025-08-29 00:00:00,980.0490331772244
2025-08-29 01:00:00,724.9642889076639
2025-08-29 02:00:00,912.593186696194
2025-08-29 03:00:00,435.0349870823994
2025-08-29 04:00:00,737.4015100174146
2025-08-29 05:00:00,533.1208433114549
2025-08-29 06:00:00,783.5486574999993
2025-08-29 07:00:00,836.8225232414485
2025-08-29 08:00:00,873.2438102435702
2025-08-29 09:00:00,810.8574051372502
2025-08-29 10:00:00,605.2282996816158
2025-08-29 11:00:00,1017.9114080496826
2025-08-29 12:00:00,590.2499818598124
2025-08-29 13:00:00,753.2008057245499
2025-08-29 14:00:00,682.0717227802099
2025-08-29 15:00:00,710.2048473614212
2025-08-29 16:00:00,580.9116505786047
2025-08-29 17:00:00,982.8447334685876
2025-08-29 18:00:00,928.0162980570884
2025-08-29 19:00:00,819.0843285247001
2025-08-29 20:00:00,784.2056571257699
2025-08-29 21:00:00,652.4777110011836
2025-08-29 22:00:00,789.7381503584432
2025-08-29 23:00:00,660.8669915195011
2025-08-30 00:00:00,1088.6611788743728
2025-08-30 01:00:00,959.308962629696
2025-08-30 02:00:00,1089.7249698541295
2025-08-30 03:00:00,1126.9828975212772
2025-08-30 04:00:00,1171.6058299809772
2025-08-30 05:00:00,1407.772715004653
2025-08-30 06:00:00,721.0294444642271
2025-08-30 07:00:00,760.15630969293
2025-08-30 08:00:00,763.656264291685
2025-08-30 09:00:00,969.2695912836554
2025-08-30 10:00:00,687.3664490716333
2025-08-30 11:00:00,902.1308052096148
2025-08-30 12:00:00,1178.3487849750252
2025-08-30 13:00:00,1156.3830302024369
2025-08-30 14:00:00,1340.1140970601944
2025-08-30 15:00:00,1181.4892023945822
2025-08-30 16:00:00,1213.65612021309
2025-08-30 17:00:00,902.4252004823444
2025-08-30 18:00:00,936.9215258970012
2025-08-30 19:00:00,1186.5810899926846
2025-08-30 20:00:00,1182.4877018154043
2025-08-30 21:00:00,622.3982510477631
2025-08-30 22:00:00,728.9216109014873
2025-08-30 23:00:00,811.8232703346459
2025-08-31 00:00:00,1155.4490975430094
2025-08-31 01:00:00,1244.8044187933704
2025-08-31 02:00:00,974.8457959361843
2025-08-31 03:00:00,976.8174846178466
2025-08-31 04:00:00,1269.6836940630576
2025-08-31 05:00:00,996.56674994803
2025-08-31 06:00:00,1016.7504012407608
2025-08-31 07:00:00,982.6692497227452
2025-08-31 08:00:00,982.9647229809436
2025-08-31 09:00:00,1161.2519395338788
2025-08-31 10:00:00,1047.3505232122964
2025-08-31 11:00:00,930.1143877797912
2025-08-31 12:00:00,842.5958903226644
2025-08-31 13:00:00,962.0643018830294
2025-08-31 14:00:00,610.3962096744823
2025-08-31 15:00:00,998.768358698447
2025-08-31 16:00:00,937.563783421325
2025-08-31 17:00:00,973.1737103163698
2025-08-31 18:00:00,702.9333895822716
2025-08-31 19:00:00,1000.2305766610924
2025-08-31 20:00:00,947.9869155545256
2025-08-31 21:00:00,913.2195669183242
2025-08-31 22:00:00,982.2085521950386
2025-08-31 23:00:00,762.7581190345512
2025-09-01 00:00:00,932.4643196880324
2025-09-01 01:00:00,478.4050432604766
2025-09-01 02:00:00,956.5590365679868
2025-09-01 03:00:00,1208.3089332463271
2025-09-01 04:00:00,918.225898445402
2025-09-01 05:00:00,1000.7810516894888
2025-09-01 06:00:00,1133.1132382825083
2025-09-01 07:00:00,1033.351027040426
2025-09-01 08:00:00,1244.121794451472
2025-09-01 09:00:00,705.8939996262158
2025-09-01 10:00:00,796.492745339262
2025-09-01 11:00:00,937.4616413541356
2025-09-01 12:00:00,578.7342876588714
2025-09-01 13:00:00,853.7286532082886
2025-09-01 14:00:00,866.2405594403914
2025-09-01 15:00:00,1076.7281294018576
2025-09-01 16:00:00,1037.2888398347582
2025-09-01 17:00:00,985.833774858265
2025-09-01 18:00:00,973.951168512626
2025-09-01 19:00:00,865.3230061178784
2025-09-01 20:00:00,904.78319777463
2025-09-01 21:00:00,984.6731691441202
2025-09-01 22:00:00,1027.798124509559
2025-09-01 23:00:00,731.8961804659152
2025-09-02 00:00:00,1029.7776377224711
2025-09-02 01:00:00,1101.056107206864
2025-09-02 02:00:00,1286.9195747278918
2025-09-02 03:00:00,993.1199204735368
2025-09-02 04:00:00,852.7362454716347
2025-09-02 05:00:00,855.0340758613446
2025-09-02 06:00:00,925.6745652303384
2025-09-02 07:00:00,1172.981630420777
2025-09-02 08:00:00,1010.874638635197
2025-09-02 09:00:00,920.4745698964472
2025-09-02 10:00:00,1207.1195838945002
2025-09-02 11:00:00,1078.9762356641022
2025-09-02 12:00:00,1192.022311957478
2025-09-02 13:00:00,1504.1000948907745
2025-09-02 14:00:00,1438.9104077185548
2025-09-02 15:00:00,1117.6391784818063
2025-09-02 16:00:00,1116.3952915088926
2025-09-02 17:00:00,1278.402236230016
2025-09-02 18:00:00,1312.7444120211455
2025-09-02 19:00:00,970.6372765423536
2025-09-02 20:00:00,789.3681276152189
2025-09-02 21:00:00,1225.9753134185494
2025-09-02 22:00:00,1092.5956860559686
2025-09-02 23:00:00,1173.1223902746
2025-09-03 00:00:00,907.5156320407792
2025-09-03 01:00:00,947.2573757553976
2025-09-03 02:00:00,1280.8831367995526
2025-09-03 03:00:00,1020.781275932606
2025-09-03 04:00:00,889.9801124877843
2025-09-03 05:00:00,996.7682103393014
2025-09-03 06:00:00,1138.7572488613089
2025-09-03 07:00:00,947.2226076049552
2025-09-03 08:00:00,1421.4070171555102
2025-09-03 09:00:00,1226.2482271412816
2025-09-03 10:00:00,740.4683850449986
2025-09-03 11:00:00,1103.2905819767789
2025-09-03 12:00:00,1385.8655563497948
2025-09-03 13:00:00,1750.2906584305756
2025-09-03 14:00:00,955.542383523778
2025-09-03 15:00:00,1060.081385044163
2025-09-03 16:00:00,768.7117735727659
2025-09-03 17:00:00,1172.2186651490852
2025-09-03 18:00:00,1155.886549482842
2025-09-03 19:00:00,1114.613909280314
2025-09-03 20:00:00,826.1218258047327
2025-09-03 21:00:00,1219.6891024795125
2025-09-03 22:00:00,1440.558990699247
2025-09-03 23:00:00,1341.5152501404193
2025-09-04 00:00:00,1026.2696760456088
2025-09-04 01:00:00,1223.0646315406714
2025-09-04 02:00:00,1007.535961991298
2025-09-04 03:00:00,512.367250554937
2025-09-04 04:00:00,680.581333800017
2025-09-04 05:00:00,1320.501786858793
2025-09-04 06:00:00,1312.633522363892
2025-09-04 07:00:00,1010.7880511759612
2025-09-04 08:00:00,871.270527564316
2025-09-04 09:00:00,974.5248854894564
2025-09-04 10:00:00,770.1119287870337
2025-09-04 11:00:00,984.1354029551488
2025-09-04 12:00:00,1399.0433348675697
2025-09-04 13:00:00,907.06783071606
2025-09-04 14:00:00,872.0654523054817
2025-09-04 15:00:00,758.1149064016683
2025-09-04 16:00:00,1079.4459885814442
2025-09-04 17:00:00,839.8199080843353
2025-09-04 18:00:00,1171.659880471229
2025-09-04 19:00:00,972.8000052866064
2025-09-04 20:00:00,1385.4229522577905
2025-09-04 21:00:00,1159.404783146067
2025-09-04 22:00:00,1135.7036469549284
2025-09-04 23:00:00,745.0750109128487
2025-09-05 00:00:00,1063.89245682369
2025-09-05 01:00:00,1071.7328428103417
2025-09-05 02:00:00,1074.2483237700148
2025-09-05 03:00:00,1027.541831068797
2025-09-05 04:00:00,768.7233339243918
2025-09-05 05:00:00,520.1715469437745
2025-09-05 06:00:00,779.0624131889314
2025-09-05 07:00:00,1206.3432633903249
2025-09-05 08:00:00,1163.497247335158
2025-09-05 09:00:00,1232.1062790532717
2025-09-05 10:00:00,1068.7747765533964
2025-09-05 11:00:00,1048.4975190949374
2025-09-05 12:00:00,1006.4226365068188
2025-09-05 13:00:00,660.3004757094097
2025-09-05 14:00:00,1038.6969072567429
2025-09-05 15:00:00,873.055262836728
2025-09-05 16:00:00,880.7781057680152
2025-09-05 17:00:00,804.7183587414404
2025-09-05 18:00:00,989.4777467845915
2025-09-05 19:00:00,1186.5282453088253
2025-09-05 20:00:00,1163.3800969375025
2025-09-05 21:00:00,808.2233404838553
2025-09-05 22:00:00,1051.5492256292498
2025-09-05 23:00:00,988.0346865890984
2025-09-06 00:00:00,949.6084499160614
2025-09-06 01:00:00,695.8888114603693
2025-09-06 02:00:00,892.0933928734737
2025-09-06 03:00:00,672.8430807846839
2025-09-06 04:00:00,923.6818245733348
2025-09-06 05:00:00,998.888517125364
2025-09-06 06:00:00,841.1160074272623
2025-09-06 07:00:00,886.142321874941
2025-09-06 08:00:00,694.8434069754546
2025-09-06 09:00:00,748.6361121564174
2025-09-06 10:00:00,620.4404434786273
2025-09-06 11:00:00,967.6046430161416
2025-09-06 12:00:00,988.9691892217502
2025-09-06 13:00:00,722.6075927703594
2025-09-06 14:00:00,805.3746540399467
2025-09-06 15:00:00,692.7304127055924
2025-09-06 16:00:00,590.0503719646263
2025-09-06 17:00:00,717.0282140286707
2025-09-06 18:00:00,607.9272728785938
2025-09-06 19:00:00,489.1020952150634
2025-09-06 20:00:00,846.6300648056255
2025-09-06 21:00:00,640.142522283122
2025-09-06 22:00:00,792.625982610573
2025-09-06 23:00:00,374.42367950987216
2025-09-07 00:00:00,869.6908604831888
2025-09-07 01:00:00,883.1725653106377
2025-09-07 02:00:00,1185.1608423182995
2025-09-07 03:00:00,984.726198920262
2025-09-07 04:00:00,1069.8084988217147
2025-09-07 05:00:00,1020.2120111698983
2025-09-07 06:00:00,1106.5661844355448
2025-09-07 07:00:00,849.6173357061795
2025-09-07 08:00:00,1007.067333244749
2025-09-07 09:00:00,962.3318989557212
2025-09-07 10:00:00,1152.5356577029506
2025-09-07 11:00:00,893.0430050772857
2025-09-07 12:00:00,1161.5021899141093
2025-09-07 13:00:00,1116.0910083411898
2025-09-07 14:00:00,892.1130607404065
2025-09-07 15:00:00,1156.0940683416618
2025-09-07 16:00:00,928.8241975443826
2025-09-07 17:00:00,880.2074660764478
2025-09-07 18:00:00,847.7849714846691
2025-09-07 19:00:00,792.4926704808091
2025-09-07 20:00:00,1072.2590368279357
2025-09-07 21:00:00,969.7550351140212
2025-09-07 22:00:00,947.4466014631264
2025-09-07 23:00:00,1181.8524446816175
2025-09-08 00:00:00,1112.6616163548497
2025-09-08 01:00:00,667.3346702335543
2025-09-08 02:00:00,1194.4018730889186
2025-09-08 03:00:00,662.2297176110915
2025-09-08 04:00:00,894.3993836438934
2025-09-08 05:00:00,1053.7381474108902
2025-09-08 06:00:00,1422.945898203052
2025-09-08 07:00:00,548.3540650209912
2025-09-08 08:00:00,755.3098751824706
2025-09-08 09:00:00,932.9794356186532
2025-09-08 10:00:00,1239.273470741687
2025-09-08 11:00:00,733.3624665600006
2025-09-08 12:00:00,914.5460187771772
2025-09-08 13:00:00,1352.854989348444
2025-09-08 14:00:00,1280.780249231151
2025-09-08 15:00:00,956.3850157993376
2025-09-08 16:00:00,1309.5226335286834
2025-09-08 17:00:00,1107.3070031426205
2025-09-08 18:00:00,891.2918156503986
2025-09-08 19:00:00,933.3968525151622
2025-09-08 20:00:00,952.0874161316556
2025-09-08 21:00:00,853.8708640286474
2025-09-08 22:00:00,1188.6749410743955
2025-09-08 23:00:00,1308.6851060923389
2025-09-09 00:00:00,970.5844042297606
2025-09-09 01:00:00,677.5322046003492
2025-09-09 02:00:00,844.0111995342189
2025-09-09 03:00:00,908.4338436269524
2025-09-09 04:00:00,1030.100010739919
2025-09-09 05:00:00,852.3263612677019
2025-09-09 06:00:00,899.0538985909109
2025-09-09 07:00:00,1135.5229100981671
2025-09-09 08:00:00,1133.117626946886
2025-09-09 09:00:00,1036.8381503145454
2025-09-09 10:00:00,984.991332743323
2025-09-09 11:00:00,943.4902382505908
2025-09-09 12:00:00,1137.2289446152367
2025-09-09 13:00:00,982.7341528996012
2025-09-09 14:00:00,740.3317638695421
2025-09-09 15:00:00,874.632758499654
2025-09-09 16:00:00,926.8111695602108
2025-09-09 17:00:00,617.885622976198
2025-09-09 18:00:00,757.4579146539019
2025-09-09 19:00:00,1149.4730506529947
2025-09-09 20:00:00,661.6807940500805
2025-09-09 21:00:00,943.777720010522
2025-09-09 22:00:00,910.0650869428268
2025-09-09 23:00:00,1021.7465003664444
2025-09-10 00:00:00,779.4178961339458
2025-09-10 01:00:00,932.6123978569644
2025-09-10 02:00:00,806.715124751544
2025-09-10 03:00:00,1208.535194220156
2025-09-10 04:00:00,956.339380027107
2025-09-10 05:00:00,1080.224639028706
2025-09-10 06:00:00,738.9397101570262
2025-09-10 07:00:00,1031.7142989043446
2025-09-10 08:00:00,1382.2608868868008
2025-09-10 09:00:00,912.648980429645
2025-09-10 10:00:00,715.903867324533
2025-09-10 11:00:00,1132.9318937224796
2025-09-10 12:00:00,835.2184180261153
2025-09-10 13:00:00,684.9914094835528
2025-09-10 14:00:00,714.6709774678941
2025-09-10 15:00:00,704.6697399265583
2025-09-10 16:00:00,1019.2555730338952
2025-09-10 17:00:00,765.9244783923532
2025-09-10 18:00:00,762.4193507263785
2025-09-10 19:00:00,854.1298616055619
2025-09-10 20:00:00,1001.3796538669296
2025-09-10 21:00:00,1087.068511921818
2025-09-10 22:00:00,1150.3195300019552
2025-09-10 23:00:00,861.4816090797225
2025-09-11 00:00:00,928.6576111605418
2025-09-11 01:00:00,1479.3489356644136
2025-09-11 02:00:00,1238.9439036952656
2025-09-11 03:00:00,1160.8099145853862
2025-09-11 04:00:00,752.1186425042494
2025-09-11 05:00:00,1316.9691349279806
2025-09-11 06:00:00,999.099805208328
2025-09-11 07:00:00,967.4607003261624
2025-09-11 08:00:00,921.2711624787294
2025-09-11 09:00:00,968.6035509859764
2025-09-11 10:00:00,1211.0405389337652
2025-09-11 11:00:00,1196.4221398109637
2025-09-11 12:00:00,1113.6863817642072
2025-09-11 13:00:00,1515.1727602888764
2025-09-11 14:00:00,826.9533872974847
2025-09-11 15:00:00,1165.2925781225547
2025-09-11 16:00:00,809.4071318713361
2025-09-11 17:00:00,1226.4822359815048
2025-09-11 18:00:00,1228.6290214208475
2025-09-11 19:00:00,1132.1611339753622
2025-09-11 20:00:00,1213.8029215825509
2025-09-11 21:00:00,1231.1011862505895
2025-09-11 22:00:00,1208.9229890110933
2025-09-11 23:00:00,797.1243763095252
2025-09-12 00:00:00,1468.990544206998
2025-09-12 01:00:00,1332.9364529151626
2025-09-12 02:00:00,1031.7035331385669
2025-09-12 03:00:00,1516.2742860202206
2025-09-12 04:00:00,1142.1501281188305
2025-09-12 05:00:00,1343.5267154193716
2025-09-12 06:00:00,1236.9488811898975
2025-09-12 07:00:00,1402.3870246791423
2025-09-12 08:00:00,741.7706566655015
2025-09-12 09:00:00,915.7795078411656
2025-09-12 10:00:00,1202.4556008350687
2025-09-12 11:00:00,1036.3099974026734
2025-09-12 12:00:00,1009.2078635046324
2025-09-12 13:00:00,1415.677450739689
2025-09-12 14:00:00,966.2013460113812
2025-09-12 15:00:00,1155.655112225089
2025-09-12 16:00:00,1170.2959006373233
2025-09-12 17:00:00,1039.0743497747608
2025-09-12 18:00:00,584.7317055788232
2025-09-12 19:00:00,683.1510339865143
2025-09-12 20:00:00,1032.0801013822224
2025-09-12 21:00:00,1567.4467092529226
2025-09-12 22:00:00,931.5828384450884
2025-09-12 23:00:00,1083.2002038909975
2025-09-13 00:00:00,1217.6843778232706
2025-09-13 01:00:00,1331.5379358087384
2025-09-13 02:00:00,1283.7683653048357
2025-09-13 03:00:00,1005.988857559439
2025-09-13 04:00:00,1001.1045071276016
2025-09-13 05:00:00,1087.006238917182
2025-09-13 06:00:00,1206.63438648177
2025-09-13 07:00:00,1031.1444621925868
2025-09-13 08:00:00,1089.0638275496349
2025-09-13 09:00:00,1271.3010246630538
2025-09-13 10:00:00,1498.3630926748287
2025-09-13 11:00:00,1778.806661994284
2025-09-13 12:00:00,1036.5199228248664
2025-09-13 13:00:00,1277.1721401751713
2025-09-13 14:00:00,971.0217853919416
2025-09-13 15:00:00,1058.8557848014325
2025-09-13 16:00:00,792.6795185735914
2025-09-13 17:00:00,1625.7558715792952
2025-09-13 18:00:00,1105.482372643795
2025-09-13 19:00:00,1440.3975397489298
2025-09-13 20:00:00,953.5719405784828
2025-09-13 21:00:00,641.7006255091168
2025-09-13 22:00:00,1621.3099809076414
2025-09-13 23:00:00,817.9655492139734
2025-09-14 00:00:00,1112.9113700253683
2025-09-14 01:00:00,913.1670608917946
2025-09-14 02:00:00,863.7417891936224
2025-09-14 03:00:00,1136.6296264700034
2025-09-14 04:00:00,846.4196855988458
2025-09-14 05:00:00,1040.8187461275363
2025-09-14 06:00:00,675.2342458099122
2025-09-14 07:00:00,1153.2074416331018
2025-09-14 08:00:00,797.293325362099
2025-09-14 09:00:00,929.1759383818512
2025-09-14 10:00:00,768.21712565271
2025-09-14 11:00:00,751.1600444716436
2025-09-14 12:00:00,846.9083692610722
2025-09-14 13:00:00,1061.708013113901
2025-09-14 14:00:00,853.1761361202088
2025-09-14 15:00:00,932.0138089455738
2025-09-14 16:00:00,812.4788750699712
2025-09-14 17:00:00,1134.6461027614855
2025-09-14 18:00:00,634.2576083614424
2025-09-14 19:00:00,596.2982450694025
2025-09-14 20:00:00,1150.875007747959
2025-09-14 21:00:00,509.3295940800382
2025-09-14 22:00:00,1205.8877598467427
2025-09-14 23:00:00,894.4000024941555
2025-09-15 00:00:00,1111.530815560333
2025-09-15 01:00:00,906.7180832531708
2025-09-15 02:00:00,1152.1650613655245
2025-09-15 03:00:00,1469.4549726600044
2025-09-15 04:00:00,1298.7836400285007
2025-09-15 05:00:00,895.2980160391844
2025-09-15 06:00:00,1302.930549566321
2025-09-15 07:00:00,799.2832611730174
2025-09-15 08:00:00,998.4443676958992
2025-09-15 09:00:00,1074.4844838489705
2025-09-15 10:00:00,1303.73097537766
2025-09-15 11:00:00,754.8064529851193
2025-09-15 12:00:00,1263.4289376205809
2025-09-15 13:00:00,957.9622167909936
2025-09-15 14:00:00,701.9075023160377
2025-09-15 15:00:00,1252.3321194118537
2025-09-15 16:00:00,957.0904784961548
2025-09-15 17:00:00,625.6981700966484
2025-09-15 18:00:00,1210.4011796799657
2025-09-15 19:00:00,691.8811820159558
2025-09-15 20:00:00,965.1220208733812
2025-09-15 21:00:00,808.8189185265956
2025-09-15 22:00:00,874.7445460829533
2025-09-15 23:00:00,1271.422179527979
2025-09-16 00:00:00,743.1536292256944
2025-09-16 01:00:00,1016.1016299722622
2025-09-16 02:00:00,1078.5832596748833
2025-09-16 03:00:00,1352.752843210939
2025-09-16 04:00:00,1162.0996115658534
2025-09-16 05:00:00,806.5653314067254
2025-09-16 06:00:00,789.3146435371534
2025-09-16 07:00:00,1205.369840293963
2025-09-16 08:00:00,1226.5770865304323
2025-09-16 09:00:00,936.2300864143374
2025-09-16 10:00:00,930.821659944201
2025-09-16 11:00:00,1172.5271100458808
2025-09-16 12:00:00,1125.69346479125
2025-09-16 13:00:00,504.3589521288747
2025-09-16 14:00:00,1006.3161958405376
2025-09-16 15:00:00,1239.3228615961132
2025-09-16 16:00:00,748.2291439067103
2025-09-16 17:00:00,1249.3696929084049
2025-09-16 18:00:00,798.519437685714
2025-09-16 19:00:00,1113.499225780481
2025-09-16 20:00:00,884.0455115220084
2025-09-16 21:00:00,720.3577577089816
2025-09-16 22:00:00,1111.0882899404892
2025-09-16 23:00:00,1042.3116770828292
2025-09-17 00:00:00,1344.5386395927144
2025-09-17 01:00:00,786.6105144076296
2025-09-17 02:00:00,1228.4206555072442
2025-09-17 03:00:00,1379.053988595909
2025-09-17 04:00:00,1348.4569550962306
2025-09-17 05:00:00,1581.7352636636138
2025-09-17 06:00:00,1603.1305422132698
2025-09-17 07:00:00,989.8949810408926
2025-09-17 08:00:00,1242.3205764624454
2025-09-17 09:00:00,1706.455440273532
2025-09-17 10:00:00,1447.4902485259415
2025-09-17 11:00:00,998.2189310414508
2025-09-17 12:00:00,801.2470394400508
2025-09-17 13:00:00,793.9832553326725
2025-09-17 14:00:00,1304.0556725000044
2025-09-17 15:00:00,1127.993273613164
2025-09-17 16:00:00,1110.5400555331305
2025-09-17 17:00:00,1019.1418015595776
2025-09-17 18:00:00,954.43549879241
2025-09-17 19:00:00,1294.9594612398762
2025-09-17 20:00:00,1146.4489225152076
2025-09-17 21:00:00,1252.1823502202456
2025-09-17 22:00:00,775.3105586609495
2025-09-17 23:00:00,1565.4626007478169
2025-09-18 00:00:00,1357.9873576044342
2025-09-18 01:00:00,656.8838450542197
2025-09-18 02:00:00,1317.700657732726
2025-09-18 03:00:00,797.8015506459711
2025-09-18 04:00:00,1214.4906834739556
2025-09-18 05:00:00,1378.603095258557
2025-09-18 06:00:00,1358.216893941356
2025-09-18 07:00:00,1280.9493371820602
2025-09-18 08:00:00,1532.9476653322051
2025-09-18 09:00:00,1155.449335119417
2025-09-18 10:00:00,937.8695006111676
2025-09-18 11:00:00,1000.4161210740186
2025-09-18 12:00:00,1122.8200610477618
2025-09-18 13:00:00,1306.122041362905
2025-09-18 14:00:00,880.7530347072504
2025-09-18 15:00:00,1300.8659607906354
2025-09-18 16:00:00,1112.998133101912
2025-09-18 17:00:00,1015.6327744004532
2025-09-18 18:00:00,909.566183649015
2025-09-18 19:00:00,1013.0282620418268
2025-09-18 20:00:00,1186.800609082043
2025-09-18 21:00:00,1074.9414326788678
2025-09-18 22:00:00,1287.2582839475351
2025-09-18 23:00:00,757.9843985886298
2025-09-19 00:00:00,676.4866128189478
2025-09-19 01:00:00,1042.8393403953175
2025-09-19 02:00:00,829.7461882714335
2025-09-19 03:00:00,859.8779933366528
2025-09-19 04:00:00,954.512898969098
2025-09-19 05:00:00,965.505536172922
2025-09-19 06:00:00,762.3440332459235
2025-09-19 07:00:00,609.8599617124368
2025-09-19 08:00:00,792.2937196162741
2025-09-19 09:00:00,592.5621437887943
2025-09-19 10:00:00,842.0361315205695
2025-09-19 11:00:00,722.6479447919833
2025-09-19 12:00:00,902.560052728984
2025-09-19 13:00:00,886.9637608504299
2025-09-19 14:00:00,791.3618411331367
2025-09-19 15:00:00,961.835424118614
2025-09-19 16:00:00,1337.734047259094
2025-09-19 17:00:00,538.5544940344073
2025-09-19 18:00:00,1267.723960477423
2025-09-19 19:00:00,687.4369386610756
2025-09-19 20:00:00,622.2867676383519
2025-09-19 21:00:00,689.4034460893682
2025-09-19 22:00:00,978.7609185393708
2025-09-19 23:00:00,890.3212054398676
2025-09-20 00:00:00,829.6912390011191
2025-09-20 01:00:00,795.9280133988234
2025-09-20 02:00:00,1049.54218929637
2025-09-20 03:00:00,1174.0573144724683
2025-09-20 04:00:00,890.5898718410346
2025-09-20 05:00:00,810.9975954170666
2025-09-20 06:00:00,867.9002428799722
2025-09-20 07:00:00,505.37196383585575
2025-09-20 08:00:00,928.3106833135892
2025-09-20 09:00:00,1010.3819746901776
2025-09-20 10:00:00,869.2062280721149
2025-09-20 11:00:00,843.7759441112344
2025-09-20 12:00:00,1148.9636116773593
2025-09-20 13:00:00,997.3353460761756
2025-09-20 14:00:00,1011.2740154136444
2025-09-20 15:00:00,1032.940880170216
2025-09-20 16:00:00,965.4058829443808
2025-09-20 17:00:00,1185.0719891087654
2025-09-20 18:00:00,681.4375926663082
2025-09-20 19:00:00,932.6478605783444
2025-09-20 20:00:00,509.9557649240666
2025-09-20 21:00:00,859.5884491091874
2025-09-20 22:00:00,1314.537538709859
2025-09-20 23:00:00,697.3839759357566
2025-09-21 00:00:00,876.8455342056394
2025-09-21 01:00:00,1043.859266134719
2025-09-21 02:00:00,1011.2574787801284
2025-09-21 03:00:00,793.3654493184521
2025-09-21 04:00:00,1192.3875518819834
2025-09-21 05:00:00,879.8401236763948
2025-09-21 06:00:00,1092.8477115572834
2025-09-21 07:00:00,1173.8475074379637
2025-09-21 08:00:00,715.1483557856924
2025-09-21 09:00:00,624.0213375020078
2025-09-21 10:00:00,985.5629959938132
2025-09-21 11:00:00,923.31119080054
2025-09-21 12:00:00,896.2369833165885
2025-09-21 13:00:00,937.895695875769
2025-09-21 14:00:00,872.2826923237479
2025-09-21 15:00:00,1168.1475474742338
2025-09-21 16:00:00,354.1705575044786
2025-09-21 17:00:00,1116.4148179002425
2025-09-21 18:00:00,936.2649349137048
2025-09-21 19:00:00,867.4747919921435
2025-09-21 20:00:00,716.601932243572
2025-09-21 21:00:00,1109.561018008642
2025-09-21 22:00:00,683.559797868828
2025-09-21 23:00:00,909.4332843631964
2025-09-22 00:00:00,745.5067400822032
2025-09-22 01:00:00,1184.8074336429402
2025-09-22 02:00:00,1183.6260349712852
2025-09-22 03:00:00,1209.4870568444453
2025-09-22 04:00:00,1010.7013746764594
2025-09-22 05:00:00,1244.8628864349585
2025-09-22 06:00:00,1345.8347476287952
2025-09-22 07:00:00,1047.4074047335926
2025-09-22 08:00:00,1578.696106391728
2025-09-22 09:00:00,861.0849377382048
2025-09-22 10:00:00,963.1149337018068
2025-09-22 11:00:00,1382.3826080810436
2025-09-22 12:00:00,1066.0670675248862
2025-09-22 13:00:00,905.5556950104076
2025-09-22 14:00:00,1014.8388869265212
2025-09-22 15:00:00,1451.9219374757051
2025-09-22 16:00:00,1291.2893456465329
2025-09-22 17:00:00,907.9022908182578
2025-09-22 18:00:00,696.8616161615892
2025-09-22 19:00:00,1446.9378168757144
2025-09-22 20:00:00,1169.098391844872
2025-09-22 21:00:00,1020.1682339311652
2025-09-22 22:00:00,912.0866483750314
2025-09-22 23:00:00,652.4807207359734
2025-09-23 00:00:00,920.491524442689
2025-09-23 01:00:00,782.5947107394192
2025-09-23 02:00:00,1154.1030226977043
2025-09-23 03:00:00,1027.9329523786007
2025-09-23 04:00:00,765.488145717249
2025-09-23 05:00:00,707.3059366826767
2025-09-23 06:00:00,1092.4022673536258
2025-09-23 07:00:00,803.5461512742784
2025-09-23 08:00:00,1327.4407138400934
2025-09-23 09:00:00,885.0897015508175
2025-09-23 10:00:00,631.2830132209999
2025-09-23 11:00:00,513.9336578336096
2025-09-23 12:00:00,740.6033942131432
2025-09-23 13:00:00,1119.3545340965777
2025-09-23 14:00:00,825.4184102535402
2025-09-23 15:00:00,434.1380122492159
2025-09-23 16:00:00,759.7780216879423
2025-09-23 17:00:00,817.951829331607
2025-09-23 18:00:00,1106.2356733795068
2025-09-23 19:00:00,943.4623256819224
2025-09-23 20:00:00,842.2863719309279
2025-09-23 21:00:00,920.9471042901798
2025-09-23 22:00:00,1254.6183449260868
2025-09-23 23:00:00,1052.2578094944374
2025-09-24 00:00:00,1053.1182512307612
2025-09-24 01:00:00,1136.0749673747082
2025-09-24 02:00:00,1357.942383746633
2025-09-24 03:00:00,979.514054320785
2025-09-24 04:00:00,866.4600708358764
2025-09-24 05:00:00,992.6207577392722
2025-09-24 06:00:00,837.929888085684
2025-09-24 07:00:00,954.3171973515356
2025-09-24 08:00:00,777.2191671369413
2025-09-24 09:00:00,930.6991902978284
2025-09-24 10:00:00,656.4434353506315
2025-09-24 11:00:00,1082.724058632749
2025-09-24 12:00:00,1074.3125506719705
2025-09-24 13:00:00,620.5085700784821
2025-09-24 14:00:00,1064.7843969410887
2025-09-24 15:00:00,822.5304375708441
2025-09-24 16:00:00,1188.115418632494
2025-09-24 17:00:00,1112.4403181301088
2025-09-24 18:00:00,1127.7536494367464
2025-09-24 19:00:00,1035.8772264351526
2025-09-24 20:00:00,733.095345863886
2025-09-24 21:00:00,541.5266511802197
2025-09-24 22:00:00,951.4865351104752
2025-09-24 23:00:00,690.5555630730876
2025-09-25 00:00:00,716.0661982726604
2025-09-25 01:00:00,1178.8240255121998
2025-09-25 02:00:00,1124.7208806430829
2025-09-25 03:00:00,758.6419761017337
2025-09-25 04:00:00,822.8296548494402
2025-09-25 05:00:00,1105.9730037459758
2025-09-25 06:00:00,1200.0235365989445
2025-09-25 07:00:00,1066.4069500733208
2025-09-25 08:00:00,878.0306123039026
2025-09-25 09:00:00,1052.545653287746
2025-09-25 10:00:00,973.369859043656
2025-09-25 11:00:00,910.5372107112818
2025-09-25 12:00:00,732.2934770415391
2025-09-25 13:00:00,1027.980387716898
2025-09-25 14:00:00,852.5584489214548
2025-09-25 15:00:00,993.4354236721316
2025-09-25 16:00:00,608.9066108447507
2025-09-25 17:00:00,1190.0605608527103
2025-09-25 18:00:00,905.0137337307392
2025-09-25 19:00:00,1035.752704535541
2025-09-25 20:00:00,1325.417540771148
2025-09-25 21:00:00,1336.3333031551413
2025-09-25 22:00:00,1154.5118313591834
2025-09-25 23:00:00,811.3219302196308
2025-09-26 00:00:00,1051.2402457820922
2025-09-26 01:00:00,1045.1458485414464
2025-09-26 02:00:00,1019.5951824784006
2025-09-26 03:00:00,1154.4425353977738
2025-09-26 04:00:00,1122.3082326446531
2025-09-26 05:00:00,1233.5017687114969
2025-09-26 06:00:00,1154.893561385715
2025-09-26 07:00:00,853.9175190021888
2025-09-26 08:00:00,928.4797183425628
2025-09-26 09:00:00,989.2229996413917
2025-09-26 10:00:00,1073.6134673946704
2025-09-26 11:00:00,894.1884319945835
2025-09-26 12:00:00,989.613179877438
2025-09-26 13:00:00,925.9091270833836
2025-09-26 14:00:00,885.7066346889802
2025-09-26 15:00:00,1073.6084294702478
2025-09-26 16:00:00,1172.1941960133497
2025-09-26 17:00:00,1343.2680643473366
2025-09-26 18:00:00,1194.562321497135
2025-09-26 19:00:00,913.9074081804442
2025-09-26 20:00:00,1243.841061493057
2025-09-26 21:00:00,708.0027540362734
2025-09-26 22:00:00,1074.156824503116
2025-09-26 23:00:00,880.8303513652769
2025-09-27 00:00:00,1320.0237476223435
2025-09-27 01:00:00,865.9442985956899
2025-09-27 02:00:00,991.948172983063
2025-09-27 03:00:00,1057.115039619389
2025-09-27 04:00:00,940.6312550275871
2025-09-27 05:00:00,688.0889893451406
2025-09-27 06:00:00,1007.4719601014364
2025-09-27 07:00:00,880.7025982429366
2025-09-27 08:00:00,925.4333246905222
2025-09-27 09:00:00,941.0465720013964
2025-09-27 10:00:00,1031.6910473898129
2025-09-27 11:00:00,1023.1116987655412
2025-09-27 12:00:00,658.3131764653565
2025-09-27 13:00:00,986.9986857553132
2025-09-27 14:00:00,1279.005515444632
2025-09-27 15:00:00,584.7198080100205
2025-09-27 16:00:00,770.2939999800233
2025-09-27 17:00:00,814.9865462595611
2025-09-27 18:00:00,569.9071984390265
2025-09-27 19:00:00,599.3957627165944
2025-09-27 20:00:00,764.0273602907541
2025-09-27 21:00:00,1162.6865442527353
2025-09-27 22:00:00,875.9773190340877
2025-09-27 23:00:00,769.0553708663459
2025-09-28 00:00:00,1079.940730487274
2025-09-28 01:00:00,1079.2353051407017
2025-09-28 02:00:00,992.0890076962922
2025-09-28 03:00:00,1503.4759986395134
2025-09-28 04:00:00,1035.7898354680913
2025-09-28 05:00:00,1069.0278895333156
2025-09-28 06:00:00,879.336855969229
2025-09-28 07:00:00,814.2408597721887
2025-09-28 08:00:00,754.6377949888263
2025-09-28 09:00:00,729.9376017163688
2025-09-28 10:00:00,1092.0837318310566
2025-09-28 11:00:00,1015.600544470958
2025-09-28 12:00:00,859.6999281828975
2025-09-28 13:00:00,914.6977213812676
2025-09-28 14:00:00,1192.142415438403
2025-09-28 15:00:00,942.9679738910626
2025-09-28 16:00:00,990.4660677554016
2025-09-28 17:00:00,1040.6629344586772
2025-09-28 18:00:00,1081.5338062470285
2025-09-28 19:00:00,834.9546808243639
2025-09-28 20:00:00,499.0376849194094
2025-09-28 21:00:00,599.9784604490881
2025-09-28 22:00:00,1053.2341698875257
2025-09-28 23:00:00,870.2806367730628
2025-09-29 00:00:00,634.4449355162492
2025-09-29 01:00:00,811.594826901957
2025-09-29 02:00:00,989.378814919749
2025-09-29 03:00:00,973.954263283987
2025-09-29 04:00:00,757.8224857761754
2025-09-29 05:00:00,743.1443168150224
2025-09-29 06:00:00,1338.7357141126456
2025-09-29 07:00:00,918.0426251792431
2025-09-29 08:00:00,945.2133763024513
2025-09-29 09:00:00,707.024777593685
2025-09-29 10:00:00,815.3412084698036
2025-09-29 11:00:00,912.702604194635
2025-09-29 12:00:00,743.9959724118287
2025-09-29 13:00:00,983.812512275784
2025-09-29 14:00:00,742.8614215190654
2025-09-29 15:00:00,822.450287739607
2025-09-29 16:00:00,812.0435695691632
2025-09-29 17:00:00,645.4739123768481
2025-09-29 18:00:00,661.2806060612822
2025-09-29 19:00:00,989.5433462659562
2025-09-29 20:00:00,767.1425330482416
2025-09-29 21:00:00,930.5066492866466
2025-09-29 22:00:00,938.1632392212696
2025-09-29 23:00:00,1030.4151038107996
2025-09-30 00:00:00,941.6863641602088
2025-09-30 01:00:00,832.5332276010957
2025-09-30 02:00:00,1123.9919808942618
2025-09-30 03:00:00,1267.00151526403
2025-09-30 04:00:00,1007.1230057647448
2025-09-30 05:00:00,1067.465104755934
2025-09-30 06:00:00,1039.854474096658
2025-09-30 07:00:00,1048.391192546433
2025-09-30 08:00:00,1219.187143050685
2025-09-30 09:00:00,994.3903040987382
2025-09-30 10:00:00,1212.5282265711626
2025-09-30 11:00:00,1171.4859877445908
2025-09-30 12:00:00,1547.079444157872
2025-09-30 13:00:00,925.7607744122532
2025-09-30 14:00:00,1330.6821459219511
2025-09-30 15:00:00,1255.5461072825024
2025-09-30 16:00:00,817.2622190525052
2025-09-30 17:00:00,1204.3116399850442
2025-09-30 18:00:00,1214.1769962374233
2025-09-30 19:00:00,950.0408849163498
2025-09-30 20:00:00,549.3374600808058
2025-09-30 21:00:00,1243.166860551381
2025-09-30 22:00:00,801.3688470711016
2025-09-30 23:00:00,1044.5264716597042
2025-10-01 00:00:00,920.6581017739592
2025-10-01 01:00:00,520.8036292339838
2025-10-01 02:00:00,726.2951090178907
2025-10-01 03:00:00,730.0576632934896
2025-10-01 04:00:00,821.8430023581855
2025-10-01 05:00:00,578.8762665690774
2025-10-01 06:00:00,898.6030926466369
2025-10-01 07:00:00,902.5994793475764
2025-10-01 08:00:00,763.2204055054607
2025-10-01 09:00:00,776.1750652334633
2025-10-01 10:00:00,369.8473948744445
2025-10-01 11:00:00,1087.2035043055257
2025-10-01 12:00:00,785.6630959714913
2025-10-01 13:00:00,929.4789136196464
2025-10-01 14:00:00,853.1076381188844
2025-10-01 15:00:00,832.1598679048755
2025-10-01 16:00:00,936.3594913274852
2025-10-01 17:00:00,717.7308726850522
2025-10-01 18:00:00,990.7329586819964
2025-10-01 19:00:00,1082.2627380845213
2025-10-01 20:00:00,856.0531907052109
2025-10-01 21:00:00,797.1567842518845
2025-10-01 22:00:00,983.8869215847004
2025-10-01 23:00:00,891.0185558403343
2025-10-02 00:00:00,897.253852728891
2025-10-02 01:00:00,987.1275089685686
2025-10-02 02:00:00,1109.7948543609475
2025-10-02 03:00:00,866.026176274274
2025-10-02 04:00:00,1115.1870073637854
2025-10-02 05:00:00,1341.0201647906172
2025-10-02 06:00:00,1077.174221225864
2025-10-02 07:00:00,950.9308955228591
2025-10-02 08:00:00,1072.636532342647
2025-10-02 09:00:00,877.8664247374492
2025-10-02 10:00:00,747.4011104187493
2025-10-02 11:00:00,816.9036844532246
2025-10-02 12:00:00,699.2524650781509
2025-10-02 13:00:00,1148.1636511116835
2025-10-02 14:00:00,871.0726129863459
2025-10-02 15:00:00,606.6118234657782
2025-10-02 16:00:00,1061.407343148854
2025-10-02 17:00:00,1032.9005616003285
2025-10-02 18:00:00,1021.5229655381628
2025-10-02 19:00:00,704.707654825616
2025-10-02 20:00:00,747.7565364746308
2025-10-02 21:00:00,1302.386534556186
2025-10-02 22:00:00,846.5591879842603
2025-10-02 23:00:00,1050.7925634566195
2025-10-03 00:00:00,732.1424745377295
2025-10-03 01:00:00,714.2044700960683
2025-10-03 02:00:00,1113.2188517727711
2025-10-03 03:00:00,950.0308526693592
2025-10-03 04:00:00,955.6585797038776
2025-10-03 05:00:00,1223.893072639681
2025-10-03 06:00:00,684.0878345148844
2025-10-03 07:00:00,1000.668814655639
2025-10-03 08:00:00,1250.1469211947654
2025-10-03 09:00:00,1183.655142095054
2025-10-03 10:00:00,956.942892443716
2025-10-03 11:00:00,1107.931710619869
2025-10-03 12:00:00,1139.3387464952818
2025-10-03 13:00:00,835.4937231325194
2025-10-03 14:00:00,713.5190273956679
2025-10-03 15:00:00,1187.9836436197204
2025-10-03 16:00:00,1023.7038796239416
2025-10-03 17:00:00,1381.3793782921473
2025-10-03 18:00:00,882.450120501972
2025-10-03 19:00:00,1214.6216636490892
2025-10-03 20:00:00,1181.0211347252514
2025-10-03 21:00:00,1112.642018655715
2025-10-03 22:00:00,1018.687016022052
2025-10-03 23:00:00,821.3470152648097
2025-10-04 00:00:00,875.4521120026285
2025-10-04 01:00:00,975.8177248698072
2025-10-04 02:00:00,768.0637801698316
2025-10-04 03:00:00,1019.0994612184984
2025-10-04 04:00:00,1317.5589740935418
2025-10-04 05:00:00,800.7781572306708
2025-10-04 06:00:00,1074.520684003475
2025-10-04 07:00:00,604.0191828795082
2025-10-04 08:00:00,1068.7227649626357
2025-10-04 09:00:00,1022.2653485809112
2025-10-04 10:00:00,794.415159178347
2025-10-04 11:00:00,1078.4137434403688
2025-10-04 12:00:00,991.5982244719512
2025-10-04 13:00:00,1322.6091822801595
2025-10-04 14:00:00,993.324108884018
2025-10-04 15:00:00,1048.036345788557
2025-10-04 16:00:00,942.98327556083
2025-10-04 17:00:00,753.3461424057684
2025-10-04 18:00:00,1476.7880965042084
2025-10-04 19:00:00,1006.8145696705255
2025-10-04 20:00:00,1030.7490675329177
2025-10-04 21:00:00,987.8138704553356
2025-10-04 22:00:00,686.3886251301847
2025-10-04 23:00:00,707.1233683120302
2025-10-05 00:00:00,1052.998936329484
2025-10-05 01:00:00,916.5797118180092
2025-10-05 02:00:00,777.0841991074279
2025-10-05 03:00:00,594.5725350650147
2025-10-05 04:00:00,694.5168991786269
2025-10-05 05:00:00,815.6438893369832
2025-10-05 06:00:00,627.3948683363944
2025-10-05 07:00:00,978.3511288833809
2025-10-05 08:00:00,698.9936747082953
2025-10-05 09:00:00,786.0295856892699
2025-10-05 10:00:00,816.1960520219178
2025-10-05 11:00:00,468.3877245721092
2025-10-05 12:00:00,967.7340557485996
2025-10-05 13:00:00,839.6327459938391
2025-10-05 14:00:00,463.8046653572757
2025-10-05 15:00:00,767.8133816529555
2025-10-05 16:00:00,777.2899366428296
2025-10-05 17:00:00,660.5921015404116
2025-10-05 18:00:00,891.0448014009122
2025-10-05 19:00:00,1033.5804136269735
2025-10-05 20:00:00,890.6851393587499
2025-10-05 21:00:00,597.867420378392
2025-10-05 22:00:00,720.0373764892665
2025-10-05 23:00:00,503.38561714068777
2025-10-06 00:00:00,816.8525764441488
2025-10-06 01:00:00,1076.8421911711366
2025-10-06 02:00:00,1184.152498360466
2025-10-06 03:00:00,1199.8799478261128
2025-10-06 04:00:00,1063.023452241937
2025-10-06 05:00:00,968.4055381926312
2025-10-06 06:00:00,689.6395076158892
2025-10-06 07:00:00,1465.865983582048
2025-10-06 08:00:00,1471.5285949149452
2025-10-06 09:00:00,1001.5552142776136
2025-10-06 10:00:00,1108.6760302609996
2025-10-06 11:00:00,785.8362338423273
2025-10-06 12:00:00,941.4086657806956
2025-10-06 13:00:00,1025.9522175714278
2025-10-06 14:00:00,900.1860230896718
2025-10-06 15:00:00,1379.3358316986469
2025-10-06 16:00:00,1084.1323701087251
2025-10-06 17:00:00,893.8165481225768
2025-10-06 18:00:00,937.3205133048616
2025-10-06 19:00:00,1070.3172630561417
2025-10-06 20:00:00,695.7019853936604
2025-10-06 21:00:00,1119.0398688067894
2025-10-06 22:00:00,1012.5313937479704
2025-10-06 23:00:00,1204.016583611924
2025-10-07 00:00:00,900.7338971867354
2025-10-07 01:00:00,897.3064956369502
2025-10-07 02:00:00,1323.3407688996947
2025-10-07 03:00:00,1124.9288202543255
2025-10-07 04:00:00,1159.5473119048504
2025-10-07 05:00:00,1159.15980566835
2025-10-07 06:00:00,1017.325012210837
2025-10-07 07:00:00,809.2041410724753
2025-10-07 08:00:00,1408.8730603617716
2025-10-07 09:00:00,996.0161184604564
2025-10-07 10:00:00,1303.0563796777758
2025-10-07 11:00:00,1017.6227075574132
2025-10-07 12:00:00,1265.543789227804
2025-10-07 13:00:00,856.5982167715871
2025-10-07 14:00:00,763.3579333902533
2025-10-07 15:00:00,978.2088973410786
2025-10-07 16:00:00,936.139911721094
2025-10-07 17:00:00,1173.0781705527022
2025-10-07 18:00:00,1107.2875209603806
2025-10-07 19:00:00,715.6466760530824
2025-10-07 20:00:00,882.4840455443318
2025-10-07 21:00:00,746.2592818669309
2025-10-07 22:00:00,880.9750594889667
2025-10-07 23:00:00,1016.8353927409386
2025-10-08 00:00:00,1157.3601938774596
2025-10-08 01:00:00,1016.9462007668905
2025-10-08 02:00:00,779.0011055282424
2025-10-08 03:00:00,1180.0605904262304
2025-10-08 04:00:00,1109.3570565798484
2025-10-08 05:00:00,975.1412810430924
2025-10-08 06:00:00,870.0457224128254
2025-10-08 07:00:00,1301.9200972106985
2025-10-08 08:00:00,1088.168265524061
2025-10-08 09:00:00,736.657550142459
2025-10-08 10:00:00,968.7508475699864
2025-10-08 11:00:00,782.1164535081064
2025-10-08 12:00:00,1106.3547218824483
2025-10-08 13:00:00,745.3780975416979
2025-10-08 14:00:00,818.8869257104069
2025-10-08 15:00:00,822.5080641829795
2025-10-08 16:00:00,1028.5863829822804
2025-10-08 17:00:00,741.4661459319447
2025-10-08 18:00:00,939.872285299418
2025-10-08 19:00:00,534.774065573257
2025-10-08 20:00:00,1098.0016679536895
2025-10-08 21:00:00,434.3610604839586
2025-10-08 22:00:00,971.593322104284
2025-10-08 23:00:00,985.2997143693628
2025-10-09 00:00:00,1159.594774792136
2025-10-09 01:00:00,1165.2493466627632
2025-10-09 02:00:00,1154.6345956838602
2025-10-09 03:00:00,1166.200870396291
2025-10-09 04:00:00,1012.8200286128272
2025-10-09 05:00:00,878.4157153438689
2025-10-09 06:00:00,1000.651885227192
2025-10-09 07:00:00,1159.9733229096073
2025-10-09 08:00:00,940.5288615917062
2025-10-09 09:00:00,494.1229794482051
2025-10-09 10:00:00,631.4893813138904
2025-10-09 11:00:00,1293.2456746226949
2025-10-09 12:00:00,794.0889896369465
2025-10-09 13:00:00,834.4606279447743
2025-10-09 14:00:00,1130.147016586082
2025-10-09 15:00:00,1121.0536676759305
2025-10-09 16:00:00,1056.7649849778106
2025-10-09 17:00:00,978.04372345377
2025-10-09 18:00:00,547.1201800553582
2025-10-09 19:00:00,1372.3581791948866
2025-10-09 20:00:00,878.5486660086098
2025-10-09 21:00:00,1157.7291592397405
2025-10-09 22:00:00,977.5302774674058
2025-10-09 23:00:00,848.8126154251848
2025-10-10 00:00:00,940.9871631467582
2025-10-10 01:00:00,1295.3653467139
2025-10-10 02:00:00,721.9856989635706
2025-10-10 03:00:00,1051.1102959021907
2025-10-10 04:00:00,1325.613165291287
2025-10-10 05:00:00,874.5760742943153
2025-10-10 06:00:00,980.8243814393076
2025-10-10 07:00:00,745.1001451774746
2025-10-10 08:00:00,1294.323212116076
2025-10-10 09:00:00,753.0388541038741
2025-10-10 10:00:00,1099.6203811582618
2025-10-10 11:00:00,590.8030130234916
2025-10-10 12:00:00,805.8889022558445
2025-10-10 13:00:00,1017.108976620884
2025-10-10 14:00:00,756.9268565314838
2025-10-10 15:00:00,924.0886744712578
2025-10-10 16:00:00,712.8014284187109
2025-10-10 17:00:00,991.14670350935
2025-10-10 18:00:00,743.5789065083234
2025-10-10 19:00:00,767.2602550345067
2025-10-10 20:00:00,1025.5680803646944
2025-10-10 21:00:00,602.9122633881052
2025-10-10 22:00:00,1096.7298048242844
2025-10-10 23:00:00,814.8092692618228
2025-10-11 00:00:00,1038.4123778893734
2025-10-11 01:00:00,955.6404314499002
2025-10-11 02:00:00,1185.4104451703554
2025-10-11 03:00:00,1391.7819102965086
2025-10-11 04:00:00,595.1043009578403
2025-10-11 05:00:00,1011.435896460758
2025-10-11 06:00:00,1452.1904848993065
2025-10-11 07:00:00,919.0198279279434
2025-10-11 08:00:00,877.304074007308
2025-10-11 09:00:00,791.0831828846641
2025-10-11 10:00:00,1080.021474285634
2025-10-11 11:00:00,868.8624859364744
2025-10-11 12:00:00,1264.3777347216285
2025-10-11 13:00:00,811.7010277539832
2025-10-11 14:00:00,1049.6996827322307
2025-10-11 15:00:00,1115.6878943379695
2025-10-11 16:00:00,1019.0380069028718
2025-10-11 17:00:00,1105.053588260442
2025-10-11 18:00:00,936.7746322391412
2025-10-11 19:00:00,953.7973827954291
2025-10-11 20:00:00,1445.4450587128838
2025-10-11 21:00:00,1258.6982344871053
2025-10-11 22:00:00,1258.3632477048775
2025-10-11 23:00:00,1405.2101308588587
2025-10-12 00:00:00,977.3117673597988
2025-10-12 01:00:00,1161.5902388204863
2025-10-12 02:00:00,989.7780623381012
2025-10-12 03:00:00,1404.3300945981248
2025-10-12 04:00:00,1084.460251661833
2025-10-12 05:00:00,1050.571956954888
2025-10-12 06:00:00,1366.3691413999247
2025-10-12 07:00:00,1212.6599244864867
2025-10-12 08:00:00,894.5520049939473
2025-10-12 09:00:00,1140.516997948119
2025-10-12 10:00:00,774.4582329844576
2025-10-12 11:00:00,989.4142139476028
2025-10-12 12:00:00,1077.4789483286
2025-10-12 13:00:00,1070.1535932019908
2025-10-12 14:00:00,1006.486976183453
2025-10-12 15:00:00,842.0331052384774
2025-10-12 16:00:00,1124.0252798396616
2025-10-12 17:00:00,1156.586016309686
2025-10-12 18:00:00,900.4985748153459
2025-10-12 19:00:00,1036.2995952415174
2025-10-12 20:00:00,1143.564814190324
2025-10-12 21:00:00,1143.444492920061
2025-10-12 22:00:00,1114.7577391004031
2025-10-12 23:00:00,1139.7262402195129
2025-10-13 00:00:00,1214.6017025284702
2025-10-13 01:00:00,1157.9751742015762
2025-10-13 02:00:00,953.1100875510498
2025-10-13 03:00:00,1132.0816182316307
2025-10-13 04:00:00,919.3844526045336
2025-10-13 05:00:00,936.9758069371272
2025-10-13 06:00:00,1133.6062986931454
2025-10-13 07:00:00,1073.514341480903
2025-10-13 08:00:00,917.4339499712293
2025-10-13 09:00:00,1179.853234914624
2025-10-13 10:00:00,900.6193412291741
2025-10-13 11:00:00,1158.8287135774065
2025-10-13 12:00:00,778.6756701097756
2025-10-13 13:00:00,1341.5024390894728
2025-10-13 14:00:00,1164.4784399181976
2025-10-13 15:00:00,1159.3615846154105
2025-10-13 16:00:00,1064.7746661729248
2025-10-13 17:00:00,779.1943209356481
2025-10-13 18:00:00,706.7842749878756
2025-10-13 19:00:00,1076.631371689548
2025-10-13 20:00:00,982.265909584836
2025-10-13 21:00:00,1130.363897144524
2025-10-13 22:00:00,1281.26160301327
2025-10-13 23:00:00,1149.2189115359286
2025-10-14 00:00:00,1019.2310148024555
2025-10-14 01:00:00,794.1650157490475
2025-10-14 02:00:00,976.967081712144
2025-10-14 03:00:00,1012.6328936337868
2025-10-14 04:00:00,810.537300755099
2025-10-14 05:00:00,1168.632932539714
2025-10-14 06:00:00,842.7839965047871
2025-10-14 07:00:00,909.8163026141456
2025-10-14 08:00:00,1134.5358580102263
2025-10-14 09:00:00,938.3299183781834
2025-10-14 10:00:00,754.053316489436
2025-10-14 11:00:00,841.3883048277112
2025-10-14 12:00:00,946.3703410505632
2025-10-14 13:00:00,824.2607746530009
2025-10-14 14:00:00,812.5614751816045
2025-10-14 15:00:00,1075.8300599886818
2025-10-14 16:00:00,869.4696417338672
2025-10-14 17:00:00,1218.9022487081484
2025-10-14 18:00:00,875.3851264981305
2025-10-14 19:00:00,719.8109942391158
2025-10-14 20:00:00,860.1091998249728
2025-10-14 21:00:00,1072.9359484550373
2025-10-14 22:00:00,799.794985451517
2025-10-14 23:00:00,1106.7106614208951
2025-10-15 00:00:00,1080.395595829627
2025-10-15 01:00:00,855.925926981163
2025-10-15 02:00:00,1007.747293346352
2025-10-15 03:00:00,1000.097209510208
2025-10-15 04:00:00,1211.2332070186592
2025-10-15 05:00:00,908.0320688449788
2025-10-15 06:00:00,688.3779013839852
2025-10-15 07:00:00,780.277710973825
2025-10-15 08:00:00,865.2873884096595
2025-10-15 09:00:00,1128.6787966406146
2025-10-15 10:00:00,822.108238242487
2025-10-15 11:00:00,805.1026627661197
2025-10-15 12:00:00,940.2756945139828
2025-10-15 13:00:00,997.2865071187136
2025-10-15 14:00:00,983.7481096798184
2025-10-15 15:00:00,744.1497726686299
2025-10-15 16:00:00,938.415419856882
2025-10-15 17:00:00,1192.0237040615457
2025-10-15 18:00:00,1079.8938088640573
2025-10-15 19:00:00,1077.919472650563
2025-10-15 20:00:00,849.222198634064
2025-10-15 21:00:00,944.914587538071
2025-10-15 22:00:00,751.02386883608
2025-10-15 23:00:00,1115.2489438136731
2025-10-16 00:00:00,1034.7952368915717
2025-10-16 01:00:00,1002.7661390022
2025-10-16 02:00:00,904.0615374917976
2025-10-16 03:00:00,1059.1469874968873
2025-10-16 04:00:00,1446.8379276271185
2025-10-16 05:00:00,929.1131587758908
2025-10-16 06:00:00,1132.746562808482
2025-10-16 07:00:00,1282.299986456461
2025-10-16 08:00:00,1063.892262846571
2025-10-16 09:00:00,800.7639660919189
2025-10-16 10:00:00,1158.3838899275706
2025-10-16 11:00:00,1416.3276014080104
2025-10-16 12:00:00,1118.1736966530616
2025-10-16 13:00:00,1076.6021454325523
2025-10-16 14:00:00,1073.9628420177005
2025-10-16 15:00:00,622.9366538311376
2025-10-16 16:00:00,1153.6605986906018
2025-10-16 17:00:00,980.4340589730728
2025-10-16 18:00:00,886.8725355563936
2025-10-16 19:00:00,1352.6600962154191
2025-10-16 20:00:00,878.1345086650108
2025-10-16 21:00:00,1106.1215775294393
2025-10-16 22:00:00,816.1178743782043
2025-10-16 23:00:00,1157.9588001238742
2025-10-17 00:00:00,897.8015760618999
2025-10-17 01:00:00,879.8820234470822
2025-10-17 02:00:00,986.2522303675638
2025-10-17 03:00:00,636.4831754024157
2025-10-17 04:00:00,784.397237211608
2025-10-17 05:00:00,718.022996795154
2025-10-17 06:00:00,983.5786013829847
2025-10-17 07:00:00,562.1276771212838
2025-10-17 08:00:00,792.3165592762888
2025-10-17 09:00:00,943.3113873269627
2025-10-17 10:00:00,889.6336078675977
2025-10-17 11:00:00,595.677783189638
2025-10-17 12:00:00,1051.081367952657
2025-10-17 13:00:00,869.850493579162
2025-10-17 14:00:00,1031.4047552076372
2025-10-17 15:00:00,786.9932983961581
2025-10-17 16:00:00,865.8200954588004
2025-10-17 17:00:00,893.5245851801026
2025-10-17 18:00:00,784.3243390983405
2025-10-17 19:00:00,1240.097032760249
2025-10-17 20:00:00,812.9043861301146
2025-10-17 21:00:00,917.8753167134076
2025-10-17 22:00:00,749.1374568455255
2025-10-17 23:00:00,764.1326443439118
2025-10-18 00:00:00,844.7371927905224
2025-10-18 01:00:00,798.7437136443017
2025-10-18 02:00:00,993.14311213271
2025-10-18 03:00:00,903.7905855680424
2025-10-18 04:00:00,1405.247079427176
2025-10-18 05:00:00,949.7891912994522
2025-10-18 06:00:00,855.717102491201
2025-10-18 07:00:00,1107.4217191552195
2025-10-18 08:00:00,1330.8842741971423
2025-10-18 09:00:00,669.5411132271464
2025-10-18 10:00:00,1227.7832183378227
2025-10-18 11:00:00,777.0650637647126
2025-10-18 12:00:00,889.0435397363333
2025-10-18 13:00:00,711.4942874057663
2025-10-18 14:00:00,893.2984634094404
2025-10-18 15:00:00,712.3260449971932
2025-10-18 16:00:00,866.04596820371
2025-10-18 17:00:00,919.351898013876
2025-10-18 18:00:00,957.0099786553508
2025-10-18 19:00:00,1035.9429640306412
2025-10-18 20:00:00,1038.028942270301
2025-10-18 21:00:00,970.3808078690952
2025-10-18 22:00:00,1241.5254841944966
2025-10-18 23:00:00,1018.973219931564
2025-10-19 00:00:00,1150.591308318712
2025-10-19 01:00:00,977.7769808964948
2025-10-19 02:00:00,816.6658246806261
2025-10-19 03:00:00,494.8746961488377
2025-10-19 04:00:00,1024.1257275193375
2025-10-19 05:00:00,862.0173933938901
2025-10-19 06:00:00,1115.8614646819983
2025-10-19 07:00:00,1408.4555660339367
2025-10-19 08:00:00,614.5205411926548
2025-10-19 09:00:00,1272.03483504542
2025-10-19 10:00:00,781.4608745853657
2025-10-19 11:00:00,705.4261848086404
2025-10-19 12:00:00,1623.1957650552165
2025-10-19 13:00:00,1290.786458887291
2025-10-19 14:00:00,454.4478260138434
2025-10-19 15:00:00,1421.913529106245
2025-10-19 16:00:00,1070.1983863610374
2025-10-19 17:00:00,1455.8538317276425
2025-10-19 18:00:00,913.4119440794695
2025-10-19 19:00:00,1165.3974751793885
2025-10-19 20:00:00,1147.4931147900031
2025-10-19 21:00:00,656.6491895073744
2025-10-19 22:00:00,1149.9502386662102
2025-10-19 23:00:00,1299.7813347097808
2025-10-20 00:00:00,999.9130863675026
2025-10-20 01:00:00,1023.813301709179
2025-10-20 02:00:00,908.6760328827183
2025-10-20 03:00:00,1110.0579473071596
2025-10-20 04:00:00,1020.7062037038212
2025-10-20 05:00:00,1197.0149639548235
2025-10-20 06:00:00,951.797037918344
2025-10-20 07:00:00,1093.0467011481096
2025-10-20 08:00:00,878.7465001304708
2025-10-20 09:00:00,1027.3357836739492
2025-10-20 10:00:00,966.7018581273765
2025-10-20 11:00:00,984.7360554798106
2025-10-20 12:00:00,1038.9534575032712
2025-10-20 13:00:00,847.4606818107519
2025-10-20 14:00:00,846.7392294520234
2025-10-20 15:00:00,578.6255878776349
2025-10-20 16:00:00,946.0947246485986
2025-10-20 17:00:00,692.6299397759637
2025-10-20 18:00:00,765.377495035998
2025-10-20 19:00:00,835.3958960354469
2025-10-20 20:00:00,1023.3850849323496
2025-10-20 21:00:00,1008.8575514182309
2025-10-20 22:00:00,988.5354872864308
2025-10-20 23:00:00,872.1179024374949
2025-10-21 00:00:00,845.318333375226
2025-10-21 01:00:00,1345.2062639297108
2025-10-21 02:00:00,1362.3364662962597
2025-10-21 03:00:00,905.1590717178584
2025-10-21 04:00:00,773.1590237942758
2025-10-21 05:00:00,790.0386371198307
2025-10-21 06:00:00,837.7898452813276
2025-10-21 07:00:00,836.9512358902384
2025-10-21 08:00:00,1091.2593058119178
2025-10-21 09:00:00,1065.9894989473228
2025-10-21 10:00:00,1203.1948567616544
2025-10-21 11:00:00,1065.8170361299003
2025-10-21 12:00:00,1072.177191486105
2025-10-21 13:00:00,967.0432685916686
2025-10-21 14:00:00,1349.7466741513306
2025-10-21 15:00:00,1360.1429550344556
2025-10-21 16:00:00,865.9134102905589
2025-10-21 17:00:00,1090.919281081644
2025-10-21 18:00:00,975.44758171795
2025-10-21 19:00:00,974.6481958447206
2025-10-21 20:00:00,912.949361525038
2025-10-21 21:00:00,792.1610544556914
2025-10-21 22:00:00,972.5569427902028
2025-10-21 23:00:00,1222.4091958842416
2025-10-22 00:00:00,1353.5425255017865
2025-10-22 01:00:00,1170.8582253411585
2025-10-22 02:00:00,1444.5005551662823
2025-10-22 03:00:00,1120.3760050139044
2025-10-22 04:00:00,1110.199566887098
2025-10-22 05:00:00,835.980219676611
2025-10-22 06:00:00,1408.381307922511
2025-10-22 07:00:00,1368.7631789038553
2025-10-22 08:00:00,921.5918954468984
2025-10-22 09:00:00,852.0192498201632
2025-10-22 10:00:00,1591.658082961285
2025-10-22 11:00:00,1189.6912268132903
2025-10-22 12:00:00,893.1102595216346
2025-10-22 13:00:00,1068.0104278050142
2025-10-22 14:00:00,1269.4883697833914
2025-10-22 15:00:00,1382.8424032846403
2025-10-22 16:00:00,1322.3483886306965
2025-10-22 17:00:00,1504.4224202411676
2025-10-22 18:00:00,1303.6998162242687
2025-10-22 19:00:00,1241.297023036017
2025-10-22 20:00:00,1416.8611570702262
2025-10-22 21:00:00,1024.3505787552033
2025-10-22 22:00:00,1005.1239060521748
2025-10-22 23:00:00,816.75096994267
2025-10-23 00:00:00,925.9048588382592
2025-10-23 01:00:00,1131.8889816811852
2025-10-23 02:00:00,1099.223617190988
2025-10-23 03:00:00,1004.2645206046344
2025-10-23 04:00:00,989.9765975404252
2025-10-23 05:00:00,1290.466806423146
2025-10-23 06:00:00,1426.5401769777336
2025-10-23 07:00:00,986.7289937144852
2025-10-23 08:00:00,908.9571842765868
2025-10-23 09:00:00,1492.5655135483726
2025-10-23 10:00:00,1096.470006110081
2025-10-23 11:00:00,956.9662991696674
2025-10-23 12:00:00,1005.924358223951
2025-10-23 13:00:00,1261.2110515649942
2025-10-23 14:00:00,1058.4266265018491
2025-10-23 15:00:00,1097.2069098069956
2025-10-23 16:00:00,799.3206328688364
2025-10-23 17:00:00,909.3972946170802
2025-10-23 18:00:00,1316.8622415093653
2025-10-23 19:00:00,1167.3627871031715
2025-10-23 20:00:00,1294.3992244941248
2025-10-23 21:00:00,710.4922097742676
2025-10-23 22:00:00,951.7112252290572
2025-10-23 23:00:00,1143.8791339234942
2025-10-24 00:00:00,1512.1519882229852
2025-10-24 01:00:00,1110.5766898688364
2025-10-24 02:00:00,877.237655686809
2025-10-24 03:00:00,905.3313789609232
2025-10-24 04:00:00,781.5524327563472
2025-10-24 05:00:00,1354.7902421008998
2025-10-24 06:00:00,1034.9257624151903
2025-10-24 07:00:00,930.703988482733
2025-10-24 08:00:00,1312.6370444334182
2025-10-24 09:00:00,1355.2352888000391
2025-10-24 10:00:00,999.7188014729296
2025-10-24 11:00:00,956.8261235615
2025-10-24 12:00:00,1129.8064080885504
2025-10-24 13:00:00,706.3101912849454
2025-10-24 14:00:00,1174.38422671475
2025-10-24 15:00:00,1212.72260754432
2025-10-24 16:00:00,1107.0555293361583
2025-10-24 17:00:00,1219.3354729313182
2025-10-24 18:00:00,1071.2004843851653
2025-10-24 19:00:00,1104.5959315034988
2025-10-24 20:00:00,1364.023292862224
2025-10-24 21:00:00,1091.6546586919562
2025-10-24 22:00:00,1414.6519548932904
2025-10-24 23:00:00,1250.881304158488
2025-10-25 00:00:00,965.962236372973
2025-10-25 01:00:00,842.3541635659864
2025-10-25 02:00:00,1211.2848094156143
2025-10-25 03:00:00,1515.0270588978196
2025-10-25 04:00:00,924.5488673992124
2025-10-25 05:00:00,1032.0759199379436
2025-10-25 06:00:00,1068.8726507522365
2025-10-25 07:00:00,992.2616306287792
2025-10-25 08:00:00,941.879817734533
2025-10-25 09:00:00,1098.159369383443
2025-10-25 10:00:00,689.2853781771306
2025-10-25 11:00:00,804.0347162144359
2025-10-25 12:00:00,1020.2130365162228
2025-10-25 13:00:00,987.2173907275184
2025-10-25 14:00:00,1012.9971574511072
2025-10-25 15:00:00,1088.2983762515769
2025-10-25 16:00:00,1207.497621259546
2025-10-25 17:00:00,769.4933055979506
2025-10-25 18:00:00,841.6676699368295
2025-10-25 19:00:00,1183.5391779496172
2025-10-25 20:00:00,991.817776823168
2025-10-25 21:00:00,1010.7780041871424
2025-10-25 22:00:00,1210.1464347226004
2025-10-25 23:00:00,616.8470690765326
2025-10-26 00:00:00,1195.2504536077088
2025-10-26 01:00:00,856.6487655534874
2025-10-26 02:00:00,1428.753369534156
2025-10-26 03:00:00,1563.2255672509625
2025-10-26 04:00:00,1496.0690437288258
2025-10-26 05:00:00,1091.9514866991583
2025-10-26 06:00:00,1310.073876475336
2025-10-26 07:00:00,1273.2361092234937
2025-10-26 08:00:00,834.913362720023
2025-10-26 09:00:00,1739.0388579989624
2025-10-26 10:00:00,921.3997041320928
2025-10-26 11:00:00,1624.7863233457774
2025-10-26 12:00:00,1142.8724222992823
2025-10-26 13:00:00,1210.8047981591749
2025-10-26 14:00:00,1091.2464444654588
2025-10-26 15:00:00,1471.3156264134689
2025-10-26 16:00:00,1561.2693907203106
2025-10-26 17:00:00,1191.513518545083
2025-10-26 18:00:00,1005.6678965121256
2025-10-26 19:00:00,989.1767009176164
2025-10-26 20:00:00,1304.0071421298687
2025-10-26 21:00:00,637.7729365805563
2025-10-26 22:00:00,779.9889858887564
2025-10-26 23:00:00,1152.1744374263276
2025-10-27 00:00:00,931.6963163492616
2025-10-27 01:00:00,942.3375766239852
2025-10-27 02:00:00,676.1314332389628
2025-10-27 03:00:00,950.8123747516856
2025-10-27 04:00:00,999.2999305032538
2025-10-27 05:00:00,1091.572305027739
2025-10-27 06:00:00,1149.7168649609328
2025-10-27 07:00:00,629.4797274641998
2025-10-27 08:00:00,1354.0783804496396
2025-10-27 09:00:00,595.7415878493923
2025-10-27 10:00:00,1137.8031077782375
2025-10-27 11:00:00,938.392658741092
2025-10-27 12:00:00,1234.1747743894446
2025-10-27 13:00:00,1145.1795759708043
2025-10-27 14:00:00,992.234466354735
2025-10-27 15:00:00,966.6403675211922
2025-10-27 16:00:00,687.7092485754246
2025-10-27 17:00:00,1012.686015373844
2025-10-27 18:00:00,880.5695605547552
2025-10-27 19:00:00,836.7989443670008
2025-10-27 20:00:00,800.8658528068987
2025-10-27 21:00:00,1033.3448195868675
2025-10-27 22:00:00,944.2532342059632
2025-10-27 23:00:00,1210.9142253631633
2025-10-28 00:00:00,664.2356720323725
2025-10-28 01:00:00,796.8030643532178
2025-10-28 02:00:00,951.230648762874
2025-10-28 03:00:00,599.6909990080035
2025-10-28 04:00:00,1195.053201060006
2025-10-28 05:00:00,901.6780682790688
2025-10-28 06:00:00,920.3091540436442
2025-10-28 07:00:00,970.5994944524996
2025-10-28 08:00:00,1071.5053162505858
2025-10-28 09:00:00,1070.3531982740528
2025-10-28 10:00:00,802.3586185286504
2025-10-28 11:00:00,809.6480110218146
2025-10-28 12:00:00,1318.6511367392354
2025-10-28 13:00:00,547.0013410864151
2025-10-28 14:00:00,754.2062721226961
2025-10-28 15:00:00,778.0300973994033
2025-10-28 16:00:00,1116.5400902720369
2025-10-28 17:00:00,999.0263455556088
2025-10-28 18:00:00,1005.5969426483076
2025-10-28 19:00:00,780.7644526605499
2025-10-28 20:00:00,1006.5271264922936
2025-10-28 21:00:00,763.3575385627303
2025-10-28 22:00:00,839.7270014395336
2025-10-28 23:00:00,801.9052104389593
2025-10-29 00:00:00,741.4618361546179
2025-10-29 01:00:00,966.354169827796
2025-10-29 02:00:00,982.2390174483633
2025-10-29 03:00:00,775.1868955579886
2025-10-29 04:00:00,841.5347963332594
2025-10-29 05:00:00,1006.4670631515093
2025-10-29 06:00:00,954.9888429791846
2025-10-29 07:00:00,1193.63038013878
2025-10-29 08:00:00,879.1022232278466
2025-10-29 09:00:00,987.4042476788233
2025-10-29 10:00:00,1050.1190786061652
2025-10-29 11:00:00,741.9080865258153
2025-10-29 12:00:00,725.974619077373
2025-10-29 13:00:00,672.0956726672667
2025-10-29 14:00:00,1003.4651197837854
2025-10-29 15:00:00,890.2377954568302
2025-10-29 16:00:00,974.5472102941692
2025-10-29 17:00:00,950.2952585165984
2025-10-29 18:00:00,965.544647755778
2025-10-29 19:00:00,1044.6840067025578
2025-10-29 20:00:00,852.567496105942
2025-10-29 21:00:00,1066.2712872373015
2025-10-29 22:00:00,1040.5323803978
2025-10-29 23:00:00,669.8818700562072
2025-10-30 00:00:00,1278.4504157244785
2025-10-30 01:00:00,1677.5513295103149
2025-10-30 02:00:00,967.7587566477944
2025-10-30 03:00:00,981.3861878559294
2025-10-30 04:00:00,656.1134473974807
2025-10-30 05:00:00,998.3802745219924
2025-10-30 06:00:00,963.2094748432612
2025-10-30 07:00:00,865.533231319406
2025-10-30 08:00:00,1322.2561415043406
2025-10-30 09:00:00,1017.6375459149256
2025-10-30 10:00:00,782.2266243459509
2025-10-30 11:00:00,763.1297451185371
2025-10-30 12:00:00,1120.1696155674292
2025-10-30 13:00:00,852.8631839604351
2025-10-30 14:00:00,793.771797958272
2025-10-30 15:00:00,647.0914352711658
2025-10-30 16:00:00,950.3486953283474
2025-10-30 17:00:00,1092.8725877238849
2025-10-30 18:00:00,1135.1296296774256
2025-10-30 19:00:00,1023.513177558862
2025-10-30 20:00:00,1297.9994075774396
2025-10-30 21:00:00,744.3708539065889
2025-10-30 22:00:00,1014.206754579418
2025-10-30 23:00:00,1050.2840195805531
2025-10-31 00:00:00,804.3966661206128
2025-10-31 01:00:00,653.059873111066
2025-10-31 02:00:00,874.1172788660261
2025-10-31 03:00:00,696.4096073344635
2025-10-31 04:00:00,945.5710490706092
2025-10-31 05:00:00,1101.624574577146
2025-10-31 06:00:00,799.5177999327441
2025-10-31 07:00:00,727.7349656696164
2025-10-31 08:00:00,632.9735599307868
2025-10-31 09:00:00,902.5085915964112
2025-10-31 10:00:00,681.4033254149699
2025-10-31 11:00:00,991.9389423958096
2025-10-31 12:00:00,1113.7875511436564
2025-10-31 13:00:00,1125.7027613205823
2025-10-31 14:00:00,1140.8664747347702
2025-10-31 15:00:00,854.923036217739
2025-10-31 16:00:00,913.3984423276672
2025-10-31 17:00:00,704.8260024633539
2025-10-31 18:00:00,613.9977847203919
2025-10-31 19:00:00,960.1896279721502
2025-10-31 20:00:00,597.7981344355826
2025-10-31 21:00:00,1002.1177319200016
2025-10-31 22:00:00,691.8967107579819
2025-10-31 23:00:00,801.5917100689095
2025-11-01 00:00:00,1234.1470675289338
2025-11-01 01:00:00,1293.959940608851
2025-11-01 02:00:00,1110.451927205711
2025-11-01 03:00:00,1375.2323032201973
2025-11-01 04:00:00,1112.548571481222
2025-11-01 05:00:00,955.4505526553996
2025-11-01 06:00:00,941.7261189242222
2025-11-01 07:00:00,806.7216380723642
2025-11-01 08:00:00,878.514181409031
2025-11-01 09:00:00,1331.699186508092
2025-11-01 10:00:00,1154.4797359505098
2025-11-01 11:00:00,949.7000717279384
2025-11-01 12:00:00,1358.421666385044
2025-11-01 13:00:00,1216.7550816027544
2025-11-01 14:00:00,1278.4835549860625
2025-11-01 15:00:00,940.9762966227006
2025-11-01 16:00:00,1065.3217348015437
2025-11-01 17:00:00,1256.2009362463225
2025-11-01 18:00:00,1110.3873784109087
2025-11-01 19:00:00,1410.437182839354
2025-11-01 20:00:00,1355.81764052207
2025-11-01 21:00:00,1525.8819304841086
2025-11-01 22:00:00,1246.0169688679928
2025-11-01 23:00:00,1023.6156536319464
2025-11-02 00:00:00,1472.9093254767056
2025-11-02 01:00:00,1223.4329998820688
2025-11-02 02:00:00,974.261284314797
2025-11-02 03:00:00,1148.2895058192814
2025-11-02 04:00:00,963.937906241445
2025-11-02 05:00:00,940.6001000120776
2025-11-02 06:00:00,1232.5340606410753
2025-11-02 07:00:00,1090.990775281174
2025-11-02 08:00:00,1193.0684781491768
2025-11-02 09:00:00,1356.464715526692
2025-11-02 10:00:00,905.5916292382144
2025-11-02 11:00:00,1067.567896004372
2025-11-02 12:00:00,1196.4746891730847
2025-11-02 13:00:00,1164.9387056004623
2025-11-02 14:00:00,929.9687472806514
2025-11-02 15:00:00,1015.480672832664
2025-11-02 16:00:00,1392.0450378836426
2025-11-02 17:00:00,892.9932113839458
2025-11-02 18:00:00,1098.573634493216
2025-11-02 19:00:00,1104.5516973970164
2025-11-02 20:00:00,717.2355640361361
2025-11-02 21:00:00,1135.7912793262922
2025-11-02 22:00:00,735.051951481325
2025-11-02 23:00:00,1048.304512718982
2025-11-03 00:00:00,1012.4707881862316
2025-11-03 01:00:00,782.4836028223664
2025-11-03 02:00:00,1118.77166961371
2025-11-03 03:00:00,1119.7101215046462
2025-11-03 04:00:00,1151.215299143376
2025-11-03 05:00:00,1175.1188649015066
2025-11-03 06:00:00,1187.943556808104
2025-11-03 07:00:00,795.0359324400071
2025-11-03 08:00:00,1365.570887370543
2025-11-03 09:00:00,636.8768321562253
2025-11-03 10:00:00,1044.228211268117
2025-11-03 11:00:00,1305.2532892697611
2025-11-03 12:00:00,952.3186853675112
2025-11-03 13:00:00,797.7565251069526
2025-11-03 14:00:00,954.8757666488062
2025-11-03 15:00:00,1014.6311956481616
2025-11-03 16:00:00,1574.8484067353495
2025-11-03 17:00:00,788.1405329541238
2025-11-03 18:00:00,1218.7012723920604
2025-11-03 19:00:00,1079.001492943657
2025-11-03 20:00:00,940.6330919990996
2025-11-03 21:00:00,813.4173856341441
2025-11-03 22:00:00,856.9638286821015
2025-11-03 23:00:00,1201.2276119810017
2025-11-04 00:00:00,1348.9570621898251
2025-11-04 01:00:00,863.8796022068183
2025-11-04 02:00:00,614.7727642183445
2025-11-04 03:00:00,1191.0603989366516
2025-11-04 04:00:00,1180.5475727339926
2025-11-04 05:00:00,1321.1870816633043
2025-11-04 06:00:00,663.5509141031491
2025-11-04 07:00:00,1387.7674919189594
2025-11-04 08:00:00,1096.0062052264395
2025-11-04 09:00:00,1499.0919381252995
2025-11-04 10:00:00,1023.3430999764876
2025-11-04 11:00:00,1365.1525172267504
2025-11-04 12:00:00,944.2743412443216
2025-11-04 13:00:00,1527.4559350082052
2025-11-04 14:00:00,958.3881273646394
2025-11-04 15:00:00,744.1273974048106
2025-11-04 16:00:00,1118.9593782532777
2025-11-04 17:00:00,1311.954385925431
2025-11-04 18:00:00,1338.7593186723343
2025-11-04 19:00:00,1055.1053548459413
2025-11-04 20:00:00,1153.2643791355022
2025-11-04 21:00:00,1065.551092804568
2025-11-04 22:00:00,1355.6463388643065
2025-11-04 23:00:00,1291.7852907706383
2025-11-05 00:00:00,1134.99391584706
2025-11-05 01:00:00,946.2614002206436
2025-11-05 02:00:00,1175.863172439233
2025-11-05 03:00:00,878.1721823765241
2025-11-05 04:00:00,967.632705927591
2025-11-05 05:00:00,842.0768456968581
2025-11-05 06:00:00,652.920819232386
2025-11-05 07:00:00,719.2964484247628
2025-11-05 08:00:00,1163.8699950128112
2025-11-05 09:00:00,1068.0071830022966
2025-11-05 10:00:00,799.8032622073815
2025-11-05 11:00:00,1043.7693176431917
2025-11-05 12:00:00,956.5080618875006
2025-11-05 13:00:00,1096.9304001978826
2025-11-05 14:00:00,866.0383934286655
2025-11-05 15:00:00,948.3642496059564
2025-11-05 16:00:00,731.3409085595991
2025-11-05 17:00:00,1168.125966107066
2025-11-05 18:00:00,1049.8068182825714
2025-11-05 19:00:00,972.7008659012248
2025-11-05 20:00:00,1414.8305537341416
2025-11-05 21:00:00,1174.2339712971348
2025-11-05 22:00:00,1221.9015832776586
2025-11-05 23:00:00,1013.4246369569852
2025-11-06 00:00:00,1036.019898513015
2025-11-06 01:00:00,959.098506640682
2025-11-06 02:00:00,884.9023086660193
2025-11-06 03:00:00,1175.0413531359875
2025-11-06 04:00:00,890.1549956739847
2025-11-06 05:00:00,997.5193742961668
2025-11-06 06:00:00,973.5526916573348
2025-11-06 07:00:00,664.685926980187
2025-11-06 08:00:00,1051.0671047190128
2025-11-06 09:00:00,1096.0882255850474
2025-11-06 10:00:00,959.6496473973518
2025-11-06 11:00:00,998.3671961078346
2025-11-06 12:00:00,889.0814026069285
2025-11-06 13:00:00,831.1288300988508
2025-11-06 14:00:00,830.5468581572935
2025-11-06 15:00:00,607.9504169803391
2025-11-06 16:00:00,1051.6301677201077
2025-11-06 17:00:00,697.5059053522012
2025-11-06 18:00:00,864.4059463930718
2025-11-06 19:00:00,553.4064294228989
2025-11-06 20:00:00,823.1999598993871
2025-11-06 21:00:00,1052.6159362418362
2025-11-06 22:00:00,966.5740969892336
2025-11-06 23:00:00,955.138733804914
2025-11-07 00:00:00,678.1746681555733
2025-11-07 01:00:00,1203.5313805999997
2025-11-07 02:00:00,938.6528279765972
2025-11-07 03:00:00,1030.9704090549253
2025-11-07 04:00:00,1113.9914829361553
2025-11-07 05:00:00,480.5404576333755
2025-11-07 06:00:00,1316.12363990034
2025-11-07 07:00:00,954.8516441807426
2025-11-07 08:00:00,1138.8170302170954
2025-11-07 09:00:00,953.994212812246
2025-11-07 10:00:00,898.2186672225915
2025-11-07 11:00:00,1294.7977114381304
2025-11-07 12:00:00,777.915099790914
2025-11-07 13:00:00,1084.6715603905268
2025-11-07 14:00:00,915.8258149961792
2025-11-07 15:00:00,1130.28163099247
2025-11-07 16:00:00,1208.7227496007968
2025-11-07 17:00:00,1166.7379329376236
2025-11-07 18:00:00,1138.7273638725203
2025-11-07 19:00:00,901.6430340911096
2025-11-07 20:00:00,974.023642771358
2025-11-07 21:00:00,1092.648892860094
2025-11-07 22:00:00,1271.245628068317
2025-11-07 23:00:00,1120.9300878570857
2025-11-08 00:00:00,1023.1292026669162
2025-11-08 01:00:00,1161.1344793684054
2025-11-08 02:00:00,1073.4650410401405
2025-11-08 03:00:00,1158.1581509570433
2025-11-08 04:00:00,902.7320683373484
2025-11-08 05:00:00,1159.8172954475217
2025-11-08 06:00:00,911.4043442066488
2025-11-08 07:00:00,1000.119114090606
2025-11-08 08:00:00,1094.6365399341662
2025-11-08 09:00:00,720.5587902473343
2025-11-08 10:00:00,931.7047029142371
2025-11-08 11:00:00,1035.2876230345073
2025-11-08 12:00:00,1014.1755899672936
2025-11-08 13:00:00,1144.612320284856
2025-11-08 14:00:00,525.5037229073038
2025-11-08 15:00:00,655.1347897551606
2025-11-08 16:00:00,1176.756431507442
2025-11-08 17:00:00,1126.799350373839
2025-11-08 18:00:00,1363.5550646513543
2025-11-08 19:00:00,958.7816568633305
2025-11-08 20:00:00,1216.6033354806984
2025-11-08 21:00:00,1418.5650616472933
2025-11-08 22:00:00,532.8830511931972
2025-11-08 23:00:00,656.1424709203475
2025-11-09 00:00:00,680.6207139761491
2025-11-09 01:00:00,1238.8062480376548
2025-11-09 02:00:00,900.1711618306555
2025-11-09 03:00:00,817.5557112999951
2025-11-09 04:00:00,1185.6849438752035
2025-11-09 05:00:00,1074.76128173561
2025-11-09 06:00:00,839.889443924396
2025-11-09 07:00:00,1080.6318087617483
2025-11-09 08:00:00,775.4924761976433
2025-11-09 09:00:00,817.9943601387936
2025-11-09 10:00:00,1174.7597171384236
2025-11-09 11:00:00,790.0569952699074
2025-11-09 12:00:00,855.6464426160165
2025-11-09 13:00:00,862.9438234031899
2025-11-09 14:00:00,843.8136522235318
2025-11-09 15:00:00,466.7116915823113
2025-11-09 16:00:00,654.2438426457265
2025-11-09 17:00:00,979.4092224217655
2025-11-09 18:00:00,1212.326089176929
2025-11-09 19:00:00,1080.9498565215204
2025-11-09 20:00:00,851.9835716208243
2025-11-09 21:00:00,926.427548345358
2025-11-09 22:00:00,631.6786568049841
2025-11-09 23:00:00,901.9076852719124
2025-11-10 00:00:00,861.0054049793193
2025-11-10 01:00:00,1092.697656175583
2025-11-10 02:00:00,1053.0063169167338
2025-11-10 03:00:00,1084.158510629719
2025-11-10 04:00:00,1406.7226598760467
2025-11-10 05:00:00,1080.9544524177522
2025-11-10 06:00:00,591.58093912739
2025-11-10 07:00:00,703.892216733384
2025-11-10 08:00:00,964.7428924847834
2025-11-10 09:00:00,802.5420472353861
2025-11-10 10:00:00,927.1840705382816
2025-11-10 11:00:00,1252.67718108234
2025-11-10 12:00:00,992.1145904286147
2025-11-10 13:00:00,740.1026574748704
2025-11-10 14:00:00,1255.9486709075732
2025-11-10 15:00:00,936.8549504369322
2025-11-10 16:00:00,966.2711368287376
2025-11-10 17:00:00,1018.031562456735
2025-11-10 18:00:00,1076.736290513698
2025-11-10 19:00:00,832.8078277010761
2025-11-10 20:00:00,988.3419191123847
2025-11-10 21:00:00,1219.3695096344866
2025-11-10 22:00:00,1217.0508645221964
2025-11-10 23:00:00,816.610946442111
2025-11-11 00:00:00,1307.755587618832
2025-11-11 01:00:00,949.893061485986
2025-11-11 02:00:00,732.8365378078431
2025-11-11 03:00:00,872.2980714374442
2025-11-11 04:00:00,1121.8055873058888
2025-11-11 05:00:00,981.5029608241766
2025-11-11 06:00:00,1009.956833376282
2025-11-11 07:00:00,1054.356696288881
2025-11-11 08:00:00,946.4386737019968
2025-11-11 09:00:00,1102.694350732262
2025-11-11 10:00:00,1268.0769820559874
2025-11-11 11:00:00,1087.4834164714805
2025-11-11 12:00:00,1107.348530188594
2025-11-11 13:00:00,1227.3272493454854
2025-11-11 14:00:00,1148.5644316501637
2025-11-11 15:00:00,1229.0287369060954
2025-11-11 16:00:00,596.8232803401372
2025-11-11 17:00:00,1009.0856505928202
2025-11-11 18:00:00,1082.7035138600695
2025-11-11 19:00:00,975.0394897008094
2025-11-11 20:00:00,831.1171082034347
2025-11-11 21:00:00,975.5404794794224
2025-11-11 22:00:00,854.2744326457572
2025-11-11 23:00:00,1069.772233282236
2025-11-12 00:00:00,1016.97760201785
2025-11-12 01:00:00,1295.6075983282806
2025-11-12 02:00:00,956.2447662388367
2025-11-12 03:00:00,940.2201638532388
2025-11-12 04:00:00,1085.3581685593804
2025-11-12 05:00:00,982.7324266343928
2025-11-12 06:00:00,1280.4643445995823
2025-11-12 07:00:00,1031.362847420795
2025-11-12 08:00:00,1182.217932865763
2025-11-12 09:00:00,1268.787273355519
2025-11-12 10:00:00,720.3268888858762
2025-11-12 11:00:00,1056.737069369643
2025-11-12 12:00:00,1093.9471910967095
2025-11-12 13:00:00,673.7132599354117
2025-11-12 14:00:00,1079.866052781122
2025-11-12 15:00:00,1027.1610124535264
2025-11-12 16:00:00,760.2010110925363
2025-11-12 17:00:00,1352.5221320305636
2025-11-12 18:00:00,1095.1297232303914
2025-11-12 19:00:00,587.0081473433647
2025-11-12 20:00:00,966.626303280604
2025-11-12 21:00:00,999.0354970731544
2025-11-12 22:00:00,1044.2202353014654
2025-11-12 23:00:00,905.285961970828
2025-11-13 00:00:00,937.8733453009604
2025-11-13 01:00:00,720.7886695140087
2025-11-13 02:00:00,1065.6843800885708
2025-11-13 03:00:00,980.5317368424696
2025-11-13 04:00:00,935.7034307701416
2025-11-13 05:00:00,791.7214716072257
2025-11-13 06:00:00,913.2824586510584
2025-11-13 07:00:00,904.0307466174924
2025-11-13 08:00:00,920.0733751896082
2025-11-13 09:00:00,606.1480964400873
2025-11-13 10:00:00,892.1326342005278
2025-11-13 11:00:00,486.5690855170196
2025-11-13 12:00:00,915.2624229296932
2025-11-13 13:00:00,1334.6997414271611
2025-11-13 14:00:00,719.5844697514417
2025-11-13 15:00:00,748.5895205839889
2025-11-13 16:00:00,1041.617509898346
2025-11-13 17:00:00,742.8686303894972
2025-11-13 18:00:00,708.9789286624256
2025-11-13 19:00:00,851.1449249611701
2025-11-13 20:00:00,920.662508118712
2025-11-13 21:00:00,1048.5888624178006
2025-11-13 22:00:00,810.1021866301128
2025-11-13 23:00:00,785.8050765860597
2025-11-14 00:00:00,836.4352278124119
2025-11-14 01:00:00,1032.4871185252723
2025-11-14 02:00:00,1240.709374689835
2025-11-14 03:00:00,812.2298052380678
2025-11-14 04:00:00,748.9589028939259
2025-11-14 05:00:00,960.58553559318
2025-11-14 06:00:00,860.794034388206
2025-11-14 07:00:00,695.52614901359
2025-11-14 08:00:00,714.5623393249218
2025-11-14 09:00:00,612.5259477089677
2025-11-14 10:00:00,961.142400946859
2025-11-14 11:00:00,829.6262629747215
2025-11-14 12:00:00,1322.707923241426
2025-11-14 13:00:00,1050.9694797053946
2025-11-14 14:00:00,775.1196290636365
2025-11-14 15:00:00,759.6414765719502
2025-11-14 16:00:00,883.2808512582003
2025-11-14 17:00:00,708.8021253742379
2025-11-14 18:00:00,958.919028105526
2025-11-14 19:00:00,1188.4813286356884
2025-11-14 20:00:00,911.5559605026324
2025-11-14 21:00:00,838.7254812014062
2025-11-14 22:00:00,589.8832996017679
2025-11-14 23:00:00,686.9688520714351
2025-11-15 00:00:00,982.432204743184
2025-11-15 01:00:00,1047.2525103375806
2025-11-15 02:00:00,721.4100542202775
2025-11-15 03:00:00,1185.2515785118112
2025-11-15 04:00:00,907.7482819056438
2025-11-15 05:00:00,637.1376172994915
2025-11-15 06:00:00,785.4533094135511
2025-11-15 07:00:00,879.4350068362071
2025-11-15 08:00:00,993.946220718097
2025-11-15 09:00:00,672.9863110416846
2025-11-15 10:00:00,1185.8916473202837
2025-11-15 11:00:00,1006.03077381714
2025-11-15 12:00:00,1180.3093572525947
2025-11-15 13:00:00,1298.8863366339478
2025-11-15 14:00:00,949.459830653365
2025-11-15 15:00:00,880.8202955459319
2025-11-15 16:00:00,1125.4381289878456
2025-11-15 17:00:00,658.4476969052988
2025-11-15 18:00:00,1226.7211345266596
2025-11-15 19:00:00,996.9326681270328
2025-11-15 20:00:00,922.9000698322424
2025-11-15 21:00:00,779.9572208003052
2025-11-15 22:00:00,745.2670572104765
2025-11-15 23:00:00,946.5191071452208
2025-11-16 00:00:00,1042.7358982997505
2025-11-16 01:00:00,563.8548798157095
2025-11-16 02:00:00,902.6054779039418
2025-11-16 03:00:00,1154.0290517283777
2025-11-16 04:00:00,1430.6953649538214
2025-11-16 05:00:00,1015.205325700199
2025-11-16 06:00:00,1126.2347930263486
2025-11-16 07:00:00,1047.3778020469083
2025-11-16 08:00:00,962.0667795540596
2025-11-16 09:00:00,805.584108414772
2025-11-16 10:00:00,854.5290761168525
2025-11-16 11:00:00,765.8027489986086
2025-11-16 12:00:00,1143.5886179512506
2025-11-16 13:00:00,1224.7094023954126
2025-11-16 14:00:00,1006.9932486001944
2025-11-16 15:00:00,913.2863689147192
2025-11-16 16:00:00,1257.879898465864
2025-11-16 17:00:00,1510.534089116387
2025-11-16 18:00:00,680.7571737982362
2025-11-16 19:00:00,1163.7764079584458
2025-11-16 20:00:00,1075.305810392391
2025-11-16 21:00:00,1113.6879647125052
2025-11-16 22:00:00,1191.4706507260653
2025-11-16 23:00:00,1368.7048565421046
2025-11-17 00:00:00,1413.2383671469986
2025-11-17 01:00:00,754.7799390353532
2025-11-17 02:00:00,1138.2918948709043
2025-11-17 03:00:00,705.5114915759187
2025-11-17 04:00:00,707.5568928922768
2025-11-17 05:00:00,1070.6417657788727
2025-11-17 06:00:00,1130.114599919466
2025-11-17 07:00:00,873.4974378204732
2025-11-17 08:00:00,1098.3933057082177
2025-11-17 09:00:00,844.3627680964449
2025-11-17 10:00:00,1207.3921043697796
2025-11-17 11:00:00,695.3842462989682
2025-11-17 12:00:00,1028.75639277271
2025-11-17 13:00:00,1044.401042990826
2025-11-17 14:00:00,1029.383843737735
2025-11-17 15:00:00,988.1422822572026
2025-11-17 16:00:00,964.0789833086212
2025-11-17 17:00:00,479.1554063071544
2025-11-17 18:00:00,697.9368117794106
2025-11-17 19:00:00,1184.9396229354315
2025-11-17 20:00:00,1125.1599205808575
2025-11-17 21:00:00,1256.1473119620237
2025-11-17 22:00:00,1000.1227231234386
2025-11-17 23:00:00,1321.1983821886513
2025-11-18 00:00:00,1190.0265282320288
2025-11-18 01:00:00,894.2012465663277
2025-11-18 02:00:00,877.918518390563
2025-11-18 03:00:00,1165.1775598741444
2025-11-18 04:00:00,701.2315474188092
2025-11-18 05:00:00,1287.532391492242
2025-11-18 06:00:00,1350.1860904937903
2025-11-18 07:00:00,985.3491693132758
2025-11-18 08:00:00,1258.64466859279
2025-11-18 09:00:00,880.8678376902614
2025-11-18 10:00:00,937.6863547007492
2025-11-18 11:00:00,1033.478825586776
2025-11-18 12:00:00,877.4273204530465
2025-11-18 13:00:00,1125.5186144954384
2025-11-18 14:00:00,1162.8714792961466
2025-11-18 15:00:00,1114.973635347847
2025-11-18 16:00:00,885.4058468700516
2025-11-18 17:00:00,686.0313439163689
2025-11-18 18:00:00,1068.87038747058
2025-11-18 19:00:00,916.7849255872068
2025-11-18 20:00:00,667.5776710423733
2025-11-18 21:00:00,748.9222930350772
2025-11-18 22:00:00,930.3049157858992
2025-11-18 23:00:00,1287.2748115674162
2025-11-19 00:00:00,855.9212711539043
2025-11-19 01:00:00,814.4264041295316
2025-11-19 02:00:00,832.4196206249962
2025-11-19 03:00:00,826.7990446540031
2025-11-19 04:00:00,1071.9539718853223
2025-11-19 05:00:00,1269.7668483137866
2025-11-19 06:00:00,1600.929437319381
2025-11-19 07:00:00,1405.3958240656118
2025-11-19 08:00:00,938.460811247124
2025-11-19 09:00:00,1233.9278552900498
2025-11-19 10:00:00,1059.146549607603
2025-11-19 11:00:00,1400.3256440877872
2025-11-19 12:00:00,1145.601311058018
2025-11-19 13:00:00,935.7755831315878
2025-11-19 14:00:00,1238.9722939300852
2025-11-19 15:00:00,874.1511859438621
2025-11-19 16:00:00,908.1115746327616
2025-11-19 17:00:00,973.6214135777816
2025-11-19 18:00:00,983.047826576274
2025-11-19 19:00:00,606.1662149771023
2025-11-19 20:00:00,1249.1491848136725
2025-11-19 21:00:00,1593.3681852859563
2025-11-19 22:00:00,781.233728122382
2025-11-19 23:00:00,1319.725815324658
2025-11-20 00:00:00,817.033671932517
2025-11-20 01:00:00,692.7836521363494
2025-11-20 02:00:00,861.9449065266193
2025-11-20 03:00:00,917.613264907556
2025-11-20 04:00:00,616.0040167066479
2025-11-20 05:00:00,803.5052676134023
2025-11-20 06:00:00,953.1543742228254
2025-11-20 07:00:00,676.4777232795175
2025-11-20 08:00:00,1036.6348282870906
2025-11-20 09:00:00,1044.1758893093972
2025-11-20 10:00:00,751.9338611312526
2025-11-20 11:00:00,1066.3172176406445
2025-11-20 12:00:00,507.7879577496808
2025-11-20 13:00:00,728.5855664588381
2025-11-20 14:00:00,919.6587475549828
2025-11-20 15:00:00,987.9258208815728
2025-11-20 16:00:00,1013.7289136602352
2025-11-20 17:00:00,993.4542644339982
2025-11-20 18:00:00,837.2490508921239
2025-11-20 19:00:00,945.092540266565
2025-11-20 20:00:00,835.6877968972085
2025-11-20 21:00:00,586.7972223859532
2025-11-20 22:00:00,980.9134475068108
2025-11-20 23:00:00,925.2787763032964
2025-11-21 00:00:00,873.8447631234229
2025-11-21 01:00:00,1372.6233991643862
2025-11-21 02:00:00,803.8400644645067
2025-11-21 03:00:00,1002.1853505917924
2025-11-21 04:00:00,849.2372714414921
2025-11-21 05:00:00,977.1562979743964
2025-11-21 06:00:00,1212.3990550283222
2025-11-21 07:00:00,1068.9158521232953
2025-11-21 08:00:00,927.1222276062988
2025-11-21 09:00:00,1148.6470184397333
2025-11-21 10:00:00,1171.9846510503278
2025-11-21 11:00:00,974.6867859757918
2025-11-21 12:00:00,902.9156295089498
2025-11-21 13:00:00,844.6417701274469
2025-11-21 14:00:00,613.83311777263
2025-11-21 15:00:00,1294.3674973165346
2025-11-21 16:00:00,847.8869551991544
2025-11-21 17:00:00,758.9013269349036
2025-11-21 18:00:00,820.0308641716659
2025-11-21 19:00:00,763.0069327603494
2025-11-21 20:00:00,1207.229655699295
2025-11-21 21:00:00,970.9072202932566
2025-11-21 22:00:00,794.9385925816578
2025-11-21 23:00:00,828.7116928592013
2025-11-22 00:00:00,1102.9389475643102
2025-11-22 01:00:00,643.1754611927237
2025-11-22 02:00:00,915.1972851964782
2025-11-22 03:00:00,988.495081398247
2025-11-22 04:00:00,966.7306369121288
2025-11-22 05:00:00,941.1606186573988
2025-11-22 06:00:00,875.364376476662
2025-11-22 07:00:00,477.4524493048427
2025-11-22 08:00:00,897.4000166067993
2025-11-22 09:00:00,811.0052468404093
2025-11-22 10:00:00,662.561688383391
2025-11-22 11:00:00,1161.0528496569073
2025-11-22 12:00:00,1126.861701020425
2025-11-22 13:00:00,833.1998124674006
2025-11-22 14:00:00,964.7916539819588
2025-11-22 15:00:00,901.1039934469576
2025-11-22 16:00:00,560.1009599394235
2025-11-22 17:00:00,822.9985983687502
2025-11-22 18:00:00,1057.212258403946
2025-11-22 19:00:00,880.4676754982314
2025-11-22 20:00:00,720.7856515680097
2025-11-22 21:00:00,1104.1246217144694
2025-11-22 22:00:00,963.3332600457356
2025-11-22 23:00:00,691.5827864783878
2025-11-23 00:00:00,863.8739467005848
2025-11-23 01:00:00,757.9254008357713
2025-11-23 02:00:00,1087.034633367219
2025-11-23 03:00:00,841.2971573858023
2025-11-23 04:00:00,969.4496965357456
2025-11-23 05:00:00,1280.2845951952374
2025-11-23 06:00:00,817.3141665034757
2025-11-23 07:00:00,735.4210307651545
2025-11-23 08:00:00,943.815192819654
2025-11-23 09:00:00,858.43672088464
2025-11-23 10:00:00,880.5181421914147
2025-11-23 11:00:00,771.539571289585
2025-11-23 12:00:00,651.1956317066038
2025-11-23 13:00:00,869.3065520936915
2025-11-23 14:00:00,699.5691950481927
2025-11-23 15:00:00,735.7074793822271
2025-11-23 16:00:00,1479.5403925254095
2025-11-23 17:00:00,1400.868955798647
2025-11-23 18:00:00,1392.1268747848717
2025-11-23 19:00:00,885.5159038097951
2025-11-23 20:00:00,736.3019542608048
2025-11-23 21:00:00,1048.2766983121578
2025-11-23 22:00:00,749.4065243651589
2025-11-23 23:00:00,891.4497243222917
2025-11-24 00:00:00,1069.4670396256151
2025-11-24 01:00:00,887.9590361519078
2025-11-24 02:00:00,965.928794773394
2025-11-24 03:00:00,797.1199939628558
2025-11-24 04:00:00,871.2813051609005
2025-11-24 05:00:00,578.3135855757291
2025-11-24 06:00:00,888.9857340509421
2025-11-24 07:00:00,850.5082008925252
2025-11-24 08:00:00,982.86985371027
2025-11-24 09:00:00,821.9809737078389
2025-11-24 10:00:00,726.8684091834705
2025-11-24 11:00:00,921.4598261636042
2025-11-24 12:00:00,1172.2495240605565
2025-11-24 13:00:00,881.1934083183363
2025-11-24 14:00:00,1230.666272677109
2025-11-24 15:00:00,453.3189144380943
2025-11-24 16:00:00,750.0474474056888
2025-11-24 17:00:00,858.4208969680194
2025-11-24 18:00:00,665.4048782999951
2025-11-24 19:00:00,410.41808958925526
2025-11-24 20:00:00,916.024087258245
2025-11-24 21:00:00,726.746065953457
2025-11-24 22:00:00,761.5038731493318
2025-11-24 23:00:00,881.5024240058478
2025-11-25 00:00:00,857.0384258358074
2025-11-25 01:00:00,1100.004191196542
2025-11-25 02:00:00,824.9519587906883
2025-11-25 03:00:00,1201.2580759619243
2025-11-25 04:00:00,1218.4002373965636
2025-11-25 05:00:00,668.9597594046704
2025-11-25 06:00:00,807.4690771285536
2025-11-25 07:00:00,1159.391884228427
2025-11-25 08:00:00,729.4997766025596
2025-11-25 09:00:00,865.8499377890142
2025-11-25 10:00:00,1009.615536114988
2025-11-25 11:00:00,1174.8397807846256
2025-11-25 12:00:00,1208.5191960491818
2025-11-25 13:00:00,950.8025741292522
2025-11-25 14:00:00,1084.622682536208
2025-11-25 15:00:00,1043.4233035949512
2025-11-25 16:00:00,1297.4453376180777
2025-11-25 17:00:00,976.3109367743684
2025-11-25 18:00:00,952.350101354271
2025-11-25 19:00:00,940.1803725694654
2025-11-25 20:00:00,725.3552954052606
2025-11-25 21:00:00,724.135127183018
2025-11-25 22:00:00,452.1812961917242
2025-11-25 23:00:00,1266.5729776372957
2025-11-26 00:00:00,784.5783019502526
2025-11-26 01:00:00,1399.926472285214
2025-11-26 02:00:00,1292.8936553296355
2025-11-26 03:00:00,1148.5149641537405
2025-11-26 04:00:00,1345.393579763973
2025-11-26 05:00:00,1172.4051194677218
2025-11-26 06:00:00,1831.322457974794
2025-11-26 07:00:00,1413.890781934473
2025-11-26 08:00:00,1008.1717631577018
2025-11-26 09:00:00,936.8573093274582
2025-11-26 10:00:00,1526.82387534545
2025-11-26 11:00:00,1133.2021301163566
2025-11-26 12:00:00,1144.9144180982462
2025-11-26 13:00:00,1232.4643081890006
2025-11-26 14:00:00,1212.672005129819
2025-11-26 15:00:00,1473.4996314876455
2025-11-26 16:00:00,970.6776070202956
2025-11-26 17:00:00,646.2276806680089
2025-11-26 18:00:00,1063.5880453133043
2025-11-26 19:00:00,1006.5247291510944
2025-11-26 20:00:00,1044.2907190560925
2025-11-26 21:00:00,798.6163085038411
2025-11-26 22:00:00,971.0789487967654
2025-11-26 23:00:00,848.3567829750882
2025-11-27 00:00:00,857.8150752250247
2025-11-27 01:00:00,1046.0425162477934
2025-11-27 02:00:00,1411.517774474455
2025-11-27 03:00:00,1021.8630375530838
2025-11-27 04:00:00,1178.4816341200292
2025-11-27 05:00:00,1317.0692322855875
2025-11-27 06:00:00,1222.5159814388371
2025-11-27 07:00:00,968.5209610929388
2025-11-27 08:00:00,867.9196390234421
2025-11-27 09:00:00,1379.4635733818714
2025-11-27 10:00:00,1137.6354626083375
2025-11-27 11:00:00,938.9637619017968
2025-11-27 12:00:00,1019.1085455393676
2025-11-27 13:00:00,1085.0222582165554
2025-11-27 14:00:00,706.5690004910845
2025-11-27 15:00:00,1202.2478429069238
2025-11-27 16:00:00,1325.4300453997168
2025-11-27 17:00:00,952.6093532011846
2025-11-27 18:00:00,911.9953618082432
2025-11-27 19:00:00,1005.9680631940664
2025-11-27 20:00:00,1052.8500102602927
2025-11-27 21:00:00,1538.66825236591
2025-11-27 22:00:00,1282.8475479937267
2025-11-27 23:00:00,1135.7001829341104
2025-11-28 00:00:00,953.5692294708182
2025-11-28 01:00:00,904.5097552433192
2025-11-28 02:00:00,720.532429925713
2025-11-28 03:00:00,858.7835129578621
2025-11-28 04:00:00,1021.9879989752347
2025-11-28 05:00:00,738.0208771395857
2025-11-28 06:00:00,691.8763849601586
2025-11-28 07:00:00,909.6307560088552
2025-11-28 08:00:00,864.1949278008443
2025-11-28 09:00:00,615.8338875161414
2025-11-28 10:00:00,1162.507033407786
2025-11-28 11:00:00,1159.9653014549008
2025-11-28 12:00:00,1330.8378314192005
2025-11-28 13:00:00,853.3356405883119
2025-11-28 14:00:00,1046.3027233854204
2025-11-28 15:00:00,1169.368548929717
2025-11-28 16:00:00,1040.947817028618
2025-11-28 17:00:00,1155.27958536159
2025-11-28 18:00:00,969.1717104478732
2025-11-28 19:00:00,847.6899884517381
2025-11-28 20:00:00,1027.2102522124574
2025-11-28 21:00:00,1031.5384056734586
2025-11-28 22:00:00,1066.987836314434
2025-11-28 23:00:00,1144.0270342723302
2025-11-29 00:00:00,972.8294386268434
2025-11-29 01:00:00,1256.004200291527
2025-11-29 02:00:00,986.068232913286
2025-11-29 03:00:00,849.6011663196311
2025-11-29 04:00:00,1209.1731337835192
2025-11-29 05:00:00,582.6312908766998
2025-11-29 06:00:00,1244.2116351216366
2025-11-29 07:00:00,1188.345110891193
2025-11-29 08:00:00,1016.5339061617748
2025-11-29 09:00:00,1248.6277553652926
2025-11-29 10:00:00,934.845483030824
2025-11-29 11:00:00,1077.4794475312426
2025-11-29 12:00:00,724.4896201146618
2025-11-29 13:00:00,765.5579450009271
2025-11-29 14:00:00,1106.9070881764833
2025-11-29 15:00:00,932.8423489069628
2025-11-29 16:00:00,783.7705036148577
2025-11-29 17:00:00,1205.1177301576292
2025-11-29 18:00:00,999.8250412002756
2025-11-29 19:00:00,880.9217088099883
2025-11-29 20:00:00,983.266433170824
2025-11-29 21:00:00,1322.269113141872
2025-11-29 22:00:00,1235.7422346725416
2025-11-29 23:00:00,1027.065819030239
2025-11-30 00:00:00,941.1768169983396
2025-11-30 01:00:00,1448.1442664122808
2025-11-30 02:00:00,1343.801549657107
2025-11-30 03:00:00,988.4817871184785
2025-11-30 04:00:00,1107.4610166055795
2025-11-30 05:00:00,1261.2541404961144
2025-11-30 06:00:00,1270.422151432368
2025-11-30 07:00:00,1279.64405781076
2025-11-30 08:00:00,1210.81649318907
2025-11-30 09:00:00,1138.520219842702
2025-11-30 10:00:00,725.5427064260431
2025-11-30 11:00:00,1376.5390900714615
2025-11-30 12:00:00,993.0565589073288
2025-11-30 13:00:00,1117.091332481988
2025-11-30 14:00:00,1059.0338050434343
2025-11-30 15:00:00,1289.0298081678484
2025-11-30 16:00:00,974.7699094947096
2025-11-30 17:00:00,816.8903573214089
2025-11-30 18:00:00,1377.4403328732794
2025-11-30 19:00:00,1213.321690464884
2025-11-30 20:00:00,1393.8214149875826
2025-11-30 21:00:00,1055.3272459846064
2025-11-30 22:00:00,1137.4025501693195
2025-11-30 23:00:00,1257.2045166955083
2025-12-01 00:00:00,620.3697670522413
2025-12-01 01:00:00,750.3734739701881
2025-12-01 02:00:00,783.6959808250489
2025-12-01 03:00:00,1218.7140374578212
2025-12-01 04:00:00,1360.181366348924
2025-12-01 05:00:00,860.9056603330093
2025-12-01 06:00:00,915.2337108783636
2025-12-01 07:00:00,841.1236909850104
2025-12-01 08:00:00,854.8061639000628
2025-12-01 09:00:00,960.0454591205386
2025-12-01 10:00:00,959.753466551699
2025-12-01 11:00:00,835.2082122958385
2025-12-01 12:00:00,878.6875154457312
2025-12-01 13:00:00,789.9428519391606
2025-12-01 14:00:00,766.9670509898024
2025-12-01 15:00:00,826.6189784260389
2025-12-01 16:00:00,1022.8185972312932
2025-12-01 17:00:00,985.8840853223736
2025-12-01 18:00:00,804.2073859557004
2025-12-01 19:00:00,1073.0950377774025
2025-12-01 20:00:00,909.385244533909
2025-12-01 21:00:00,1070.5049181782392
2025-12-01 22:00:00,864.3778750015409
2025-12-01 23:00:00,1222.2829835879154
2025-12-02 00:00:00,1306.006356020299
2025-12-02 01:00:00,1469.1897909902002
2025-12-02 02:00:00,993.1010341697748
2025-12-02 03:00:00,1537.2073685571895
2025-12-02 04:00:00,861.0990787606983
2025-12-02 05:00:00,1158.597644713297
2025-12-02 06:00:00,1000.4530394701088
2025-12-02 07:00:00,705.5476584531668
2025-12-02 08:00:00,844.6647222872678
2025-12-02 09:00:00,1041.1023937162456
2025-12-02 10:00:00,1251.4721750656072
2025-12-02 11:00:00,1055.9086140623156
2025-12-02 12:00:00,1354.2810142126302
2025-12-02 13:00:00,1065.624101104835
2025-12-02 14:00:00,929.2116490178834
2025-12-02 15:00:00,1450.3214093137044
2025-12-02 16:00:00,1415.6246482658955
2025-12-02 17:00:00,1084.252766452879
2025-12-02 18:00:00,772.560237244499
2025-12-02 19:00:00,891.694185867158
2025-12-02 20:00:00,1022.458176655982
2025-12-02 21:00:00,1157.6182574513136
2025-12-02 22:00:00,1413.6784929316946
2025-12-02 23:00:00,1156.6860179537273
2025-12-03 00:00:00,1118.3633669429205
2025-12-03 01:00:00,786.5881760203324
2025-12-03 02:00:00,1261.3631094104794
2025-12-03 03:00:00,1342.6411079247073
2025-12-03 04:00:00,1137.609677090007
2025-12-03 05:00:00,1348.4050495302038
2025-12-03 06:00:00,978.131699939649
2025-12-03 07:00:00,1031.2202118471994
2025-12-03 08:00:00,1311.7398066356673
2025-12-03 09:00:00,994.520457443512
2025-12-03 10:00:00,903.4739777761912
2025-12-03 11:00:00,1396.8558621420962
2025-12-03 12:00:00,997.833086593065
2025-12-03 13:00:00,864.2200072729385
2025-12-03 14:00:00,1027.3283710242922
2025-12-03 15:00:00,588.4108927160192
2025-12-03 16:00:00,1244.8937148454795
2025-12-03 17:00:00,1307.231185193025
2025-12-03 18:00:00,773.4931868680102
2025-12-03 19:00:00,891.3892818787277
2025-12-03 20:00:00,1412.2529320347394
2025-12-03 21:00:00,1228.6437312172193
2025-12-03 22:00:00,961.4499527261552
2025-12-03 23:00:00,995.2687738759
2025-12-04 00:00:00,1336.3702350933102
2025-12-04 01:00:00,1201.977965176684
2025-12-04 02:00:00,1158.3152212557948
2025-12-04 03:00:00,998.2447947611038
2025-12-04 04:00:00,1361.9126460414293
2025-12-04 05:00:00,1161.8721134168786
2025-12-04 06:00:00,812.0651031342643
2025-12-04 07:00:00,959.747270295686
2025-12-04 08:00:00,1415.8102467016745
2025-12-04 09:00:00,662.5272687549585
2025-12-04 10:00:00,820.326470592628
2025-12-04 11:00:00,1154.7644005563332
2025-12-04 12:00:00,1012.0646888506384
2025-12-04 13:00:00,804.5181628475809
2025-12-04 14:00:00,311.48759631058124
2025-12-04 15:00:00,971.7160197671628
2025-12-04 16:00:00,1286.3403770374646
2025-12-04 17:00:00,832.448056804968
2025-12-04 18:00:00,801.9514349398974
2025-12-04 19:00:00,1201.92154896273
2025-12-04 20:00:00,1332.632635545188
2025-12-04 21:00:00,857.7066097755296
2025-12-04 22:00:00,968.3216814896072
2025-12-04 23:00:00,724.7398615642076
2025-12-05 00:00:00,850.6614698105359
2025-12-05 01:00:00,966.4171476613776
2025-12-05 02:00:00,510.3955520614766
2025-12-05 03:00:00,1183.773215054851
2025-12-05 04:00:00,631.1397088108419
2025-12-05 05:00:00,730.3901534626997
2025-12-05 06:00:00,952.1972854596596
2025-12-05 07:00:00,596.4160762970216
2025-12-05 08:00:00,677.272350924739
2025-12-05 09:00:00,811.5205311183673
2025-12-05 10:00:00,632.4486260740775
2025-12-05 11:00:00,859.0673209674625
2025-12-05 12:00:00,979.3544819994372
2025-12-05 13:00:00,1341.204350677329
2025-12-05 14:00:00,1174.3734209511497
2025-12-05 15:00:00,508.3269028566435
2025-12-05 16:00:00,957.9760803753692
2025-12-05 17:00:00,827.6312329701059
2025-12-05 18:00:00,1091.5512013882671
2025-12-05 19:00:00,931.7820920293952
2025-12-05 20:00:00,1070.4922479517102
2025-12-05 21:00:00,1130.4827217781838
2025-12-05 22:00:00,922.3949368814178
2025-12-05 23:00:00,669.4308281287408
2025-12-06 00:00:00,1078.3971948365977
2025-12-06 01:00:00,1068.1474103404605
2025-12-06 02:00:00,923.1485512038817
2025-12-06 03:00:00,1086.8652967052278
2025-12-06 04:00:00,940.3244477316598
2025-12-06 05:00:00,710.9320506155888
2025-12-06 06:00:00,992.2304195383008
2025-12-06 07:00:00,1119.1796520756238
2025-12-06 08:00:00,1210.3543117899158
2025-12-06 09:00:00,846.7065198248923
2025-12-06 10:00:00,982.6237377215416
2025-12-06 11:00:00,913.2298405399478
2025-12-06 12:00:00,700.1544919421892
2025-12-06 13:00:00,1020.2175070950184
2025-12-06 14:00:00,779.6545879843715
2025-12-06 15:00:00,972.2734009047078
2025-12-06 16:00:00,830.9883112362518
2025-12-06 17:00:00,845.3851613792341
2025-12-06 18:00:00,947.1814972764064
2025-12-06 19:00:00,974.5159257115494
2025-12-06 20:00:00,1053.9808005083412
2025-12-06 21:00:00,880.6686022558265
2025-12-06 22:00:00,904.887379472261
2025-12-06 23:00:00,1029.2449334884163
2025-12-07 00:00:00,962.5215491872356
2025-12-07 01:00:00,848.186910977365
2025-12-07 02:00:00,948.540944444512
2025-12-07 03:00:00,1116.337596201507
2025-12-07 04:00:00,1114.058462292386
2025-12-07 05:00:00,1115.1204658898284
2025-12-07 06:00:00,1190.9392028924144
2025-12-07 07:00:00,987.265455993306
2025-12-07 08:00:00,1148.622038506771
2025-12-07 09:00:00,896.7107951856262
2025-12-07 10:00:00,1151.580513914029
2025-12-07 11:00:00,1103.251523897326
2025-12-07 12:00:00,1277.3991419247316
2025-12-07 13:00:00,1118.2724794540934
2025-12-07 14:00:00,1088.4818714223757
2025-12-07 15:00:00,1019.1376899979022
2025-12-07 16:00:00,862.0701969854198
2025-12-07 17:00:00,834.4286790889128
2025-12-07 18:00:00,1121.0786702075131
2025-12-07 19:00:00,712.8557314210458
2025-12-07 20:00:00,1258.330335582183
2025-12-07 21:00:00,998.0377555477734
2025-12-07 22:00:00,1076.322226584129
2025-12-07 23:00:00,1144.4197085883245
2025-12-08 00:00:00,1008.7908984586954
2025-12-08 01:00:00,584.7996221998917
2025-12-08 02:00:00,1098.6206190907328
2025-12-08 03:00:00,1141.1464201172123
2025-12-08 04:00:00,724.724644133955
2025-12-08 05:00:00,1064.9964362091291
2025-12-08 06:00:00,1004.3720747406804
2025-12-08 07:00:00,1239.0475935295672
2025-12-08 08:00:00,675.806285628843
2025-12-08 09:00:00,911.6637502037988
2025-12-08 10:00:00,985.2069947683786
2025-12-08 11:00:00,848.3494398925794
2025-12-08 12:00:00,1063.9086509522308
2025-12-08 13:00:00,603.4799062692741
2025-12-08 14:00:00,560.4935907226418
2025-12-08 15:00:00,1020.196469589912
2025-12-08 16:00:00,1137.9902304616753
2025-12-08 17:00:00,855.8854373069191
2025-12-08 18:00:00,1101.2531022515268
2025-12-08 19:00:00,1087.9770366300406
2025-12-08 20:00:00,1143.853378846981
2025-12-08 21:00:00,1041.434118641844
2025-12-08 22:00:00,675.305214995363
2025-12-08 23:00:00,1025.6264271058162
2025-12-09 00:00:00,1317.4394583544615
2025-12-09 01:00:00,709.7160390256144
2025-12-09 02:00:00,1477.7613435472294
2025-12-09 03:00:00,996.2414826032968
2025-12-09 04:00:00,797.647547846056
2025-12-09 05:00:00,955.9256234843944
2025-12-09 06:00:00,1239.9462154548958
2025-12-09 07:00:00,1023.7723915890303
2025-12-09 08:00:00,860.7451339470542
2025-12-09 09:00:00,1152.7503407109768
2025-12-09 10:00:00,1211.703214576785
2025-12-09 11:00:00,1014.46607671293
2025-12-09 12:00:00,1359.085489707344
2025-12-09 13:00:00,1441.280103258798
2025-12-09 14:00:00,522.7144156806767
2025-12-09 15:00:00,1019.552307184032
2025-12-09 16:00:00,1388.9390006641588
2025-12-09 17:00:00,1114.367654100034
2025-12-09 18:00:00,1314.096029797157
2025-12-09 19:00:00,1129.172084206804
2025-12-09 20:00:00,720.4118524780212
2025-12-09 21:00:00,885.178699347037
2025-12-09 22:00:00,1011.4285256225966
2025-12-09 23:00:00,1284.0807417635065
2025-12-10 00:00:00,898.9977782777341
2025-12-10 01:00:00,886.9159709010195
2025-12-10 02:00:00,1031.7733361490923
2025-12-10 03:00:00,1035.3781398480248
2025-12-10 04:00:00,1450.949740030151
2025-12-10 05:00:00,966.7023696199944
2025-12-10 06:00:00,747.9715131970285
2025-12-10 07:00:00,1117.2579508646163
2025-12-10 08:00:00,1048.3831516689784
2025-12-10 09:00:00,1029.064308795398
2025-12-10 10:00:00,852.2172270052644
2025-12-10 11:00:00,1087.8649205446604
2025-12-10 12:00:00,897.7246633761505
2025-12-10 13:00:00,887.0755635136923
2025-12-10 14:00:00,877.2139402328206
2025-12-10 15:00:00,1188.938168143484
2025-12-10 16:00:00,709.0781140066294
2025-12-10 17:00:00,976.586220832147
2025-12-10 18:00:00,941.5929421426736
2025-12-10 19:00:00,1142.7159388242371
2025-12-10 20:00:00,959.0002653735228
2025-12-10 21:00:00,1175.80491091462
2025-12-10 22:00:00,842.3163052930198
2025-12-10 23:00:00,1080.240749935189
2025-12-11 00:00:00,1045.6680030532225
2025-12-11 01:00:00,1349.9397903971426
2025-12-11 02:00:00,1137.506736234696
2025-12-11 03:00:00,1083.1763059262976
2025-12-11 04:00:00,1254.0005428841748
2025-12-11 05:00:00,1107.7083532841475
2025-12-11 06:00:00,976.6325829561576
2025-12-11 07:00:00,1227.4389108123723
2025-12-11 08:00:00,1487.3783667580365
2025-12-11 09:00:00,913.494794564526
2025-12-11 10:00:00,1160.6177639937416
2025-12-11 11:00:00,1056.15663261696
2025-12-11 12:00:00,1047.6805992309442
2025-12-11 13:00:00,640.3932413987059
2025-12-11 14:00:00,897.3971289786108
2025-12-11 15:00:00,863.0195136958523
2025-12-11 16:00:00,1323.250446682797
2025-12-11 17:00:00,798.0985102730061
2025-12-11 18:00:00,1301.415422786171
2025-12-11 19:00:00,833.211468638375
2025-12-11 20:00:00,992.4272579003944
2025-12-11 21:00:00,945.3558140637316
2025-12-11 22:00:00,913.8089467152056
2025-12-11 23:00:00,707.6428243900381
2025-12-12 00:00:00,1395.9359734245247
2025-12-12 01:00:00,1414.2362510971138
2025-12-12 02:00:00,1360.0896762693058
2025-12-12 03:00:00,1347.5853872182397
2025-12-12 04:00:00,1422.6470610881925
2025-12-12 05:00:00,965.5295156737208
2025-12-12 06:00:00,1269.8574263856851
2025-12-12 07:00:00,1471.0644474034827
2025-12-12 08:00:00,1219.9650534585996
2025-12-12 09:00:00,1099.1306547505549
2025-12-12 10:00:00,939.698328013284
2025-12-12 11:00:00,1079.4408342766867
2025-12-12 12:00:00,1033.4013167485796
2025-12-12 13:00:00,458.8144611258458
2025-12-12 14:00:00,1247.8602399934964
2025-12-12 15:00:00,1487.3681369716862
2025-12-12 16:00:00,1282.8228439950392
2025-12-12 17:00:00,1180.1290149753277
2025-12-12 18:00:00,974.4762769011984
2025-12-12 19:00:00,1085.4506296213362
2025-12-12 20:00:00,1459.6688916918256
2025-12-12 21:00:00,827.9821939568407
2025-12-12 22:00:00,1656.069977014116
2025-12-12 23:00:00,797.328454403221
2025-12-13 00:00:00,941.3234332709392
2025-12-13 01:00:00,989.3296708479542
2025-12-13 02:00:00,618.8747216423919
2025-12-13 03:00:00,1293.074726748344
2025-12-13 04:00:00,1180.2388757031842
2025-12-13 05:00:00,1320.5165838421276
2025-12-13 06:00:00,979.139674303308
2025-12-13 07:00:00,1377.881320989991
2025-12-13 08:00:00,1127.0246182114272
2025-12-13 09:00:00,1049.2268302067191
2025-12-13 10:00:00,978.8977697290204
2025-12-13 11:00:00,1356.282882256164
2025-12-13 12:00:00,1165.8801528948377
2025-12-13 13:00:00,1178.8215607979987
2025-12-13 14:00:00,765.2798694112399
2025-12-13 15:00:00,1074.0007257779546
2025-12-13 16:00:00,868.3360080113677
2025-12-13 17:00:00,911.5306362924968
2025-12-13 18:00:00,683.9567075054848
2025-12-13 19:00:00,1215.4248933857189
2025-12-13 20:00:00,1063.4995332341337
2025-12-13 21:00:00,1087.7361445278318
2025-12-13 22:00:00,872.7479592198285
2025-12-13 23:00:00,1127.1278923517557
2025-12-14 00:00:00,885.5176675342702
2025-12-14 01:00:00,1014.8851587262338
2025-12-14 02:00:00,968.6700813769526
2025-12-14 03:00:00,1007.6394253438034
2025-12-14 04:00:00,779.2822703066774
2025-12-14 05:00:00,551.0971601532477
2025-12-14 06:00:00,951.1829414763996
2025-12-14 07:00:00,708.7640678656101
2025-12-14 08:00:00,843.3059648119422
2025-12-14 09:00:00,688.794087650619
2025-12-14 10:00:00,859.1240662307248
2025-12-14 11:00:00,1021.0383399618104
2025-12-14 12:00:00,841.768715746312
2025-12-14 13:00:00,680.400395391204
2025-12-14 14:00:00,927.1829601492396
2025-12-14 15:00:00,949.4286814319266
2025-12-14 16:00:00,904.7573379718796
2025-12-14 17:00:00,951.742116183017
2025-12-14 18:00:00,1124.1871087693858
2025-12-14 19:00:00,1200.760547279078
2025-12-14 20:00:00,1029.399141847817
2025-12-14 21:00:00,837.8354345204847
2025-12-14 22:00:00,966.2387771285404
2025-12-14 23:00:00,650.9352062164194
2025-12-15 00:00:00,1374.778488032351
2025-12-15 01:00:00,991.3515902735488
2025-12-15 02:00:00,999.419703615866
2025-12-15 03:00:00,844.7133627875357
2025-12-15 04:00:00,1225.1992986008129
2025-12-15 05:00:00,944.8686297279418
2025-12-15 06:00:00,1062.915281211588
2025-12-15 07:00:00,931.8485444910772
2025-12-15 08:00:00,758.6234113044998
2025-12-15 09:00:00,965.8833654682066
2025-12-15 10:00:00,799.60184321375
2025-12-15 11:00:00,865.9974918783665
2025-12-15 12:00:00,887.2931239700638
2025-12-15 13:00:00,1346.6897838825448
2025-12-15 14:00:00,1131.4792608986152
2025-12-15 15:00:00,1064.858342393747
2025-12-15 16:00:00,875.6805927441914
2025-12-15 17:00:00,1123.681795308839
2025-12-15 18:00:00,974.624996206439
2025-12-15 19:00:00,1246.5152265381316
2025-12-15 20:00:00,957.5602753769012
2025-12-15 21:00:00,1346.300796072392
2025-12-15 22:00:00,955.4492131891418
2025-12-15 23:00:00,1019.8180849108716
2025-12-16 00:00:00,948.971308162449
2025-12-16 01:00:00,766.8368494479488
2025-12-16 02:00:00,734.9624268036854
2025-12-16 03:00:00,636.7850429269811
2025-12-16 04:00:00,793.5159397579257
2025-12-16 05:00:00,773.5666441591737
2025-12-16 06:00:00,1008.878294249934
2025-12-16 07:00:00,830.9403588433555
2025-12-16 08:00:00,924.2719158731572
2025-12-16 09:00:00,1204.0723218444743
2025-12-16 10:00:00,1067.1471384246902
2025-12-16 11:00:00,655.6877729641297
2025-12-16 12:00:00,1031.3489707339097
2025-12-16 13:00:00,1068.834517868521
2025-12-16 14:00:00,926.7834946612296
2025-12-16 15:00:00,772.9985452569103
2025-12-16 16:00:00,1023.0819677544972
2025-12-16 17:00:00,905.1402084212542
2025-12-16 18:00:00,1004.8577747178552
2025-12-16 19:00:00,1064.8652666626351
2025-12-16 20:00:00,1034.0286173720965
2025-12-16 21:00:00,860.004065496999
2025-12-16 22:00:00,645.9793319364386
2025-12-16 23:00:00,972.3144388518806
2025-12-17 00:00:00,955.5527810846744
2025-12-17 01:00:00,1052.485154560362
2025-12-17 02:00:00,1093.750941207768
2025-12-17 03:00:00,775.3351679031861
2025-12-17 04:00:00,1154.9715169354188
2025-12-17 05:00:00,1057.4265232443915
2025-12-17 06:00:00,1020.465159204799
2025-12-17 07:00:00,1001.0668157307208
2025-12-17 08:00:00,1420.8089374680917
2025-12-17 09:00:00,1077.426610448412
2025-12-17 10:00:00,971.35661007354
2025-12-17 11:00:00,674.3004593441508
2025-12-17 12:00:00,934.8484679150234
2025-12-17 13:00:00,1083.9333092169957
2025-12-17 14:00:00,737.0606455278604
2025-12-17 15:00:00,959.0548742446664
2025-12-17 16:00:00,1016.234031422218
2025-12-17 17:00:00,1143.4371631902804
2025-12-17 18:00:00,690.6698180224039
2025-12-17 19:00:00,951.78115554954
2025-12-17 20:00:00,941.574205363812
2025-12-17 21:00:00,989.0207496196213
2025-12-17 22:00:00,1070.7362444531907
2025-12-17 23:00:00,1161.6065921563068
2025-12-18 00:00:00,1686.669701705879
2025-12-18 01:00:00,1159.3336204282512
2025-12-18 02:00:00,1211.9326081251274
2025-12-18 03:00:00,1082.6299677530524
2025-12-18 04:00:00,1092.7752567451157
2025-12-18 05:00:00,909.262242519954
2025-12-18 06:00:00,1070.9011786806875
2025-12-18 07:00:00,966.329442521461
2025-12-18 08:00:00,826.8188200659096
2025-12-18 09:00:00,1145.3889635426262
2025-12-18 10:00:00,985.8308252704674
2025-12-18 11:00:00,1155.764383551033
2025-12-18 12:00:00,1047.1172544815056
2025-12-18 13:00:00,1222.3986460436483
2025-12-18 14:00:00,1430.3800566787943
2025-12-18 15:00:00,1227.5551112467242
2025-12-18 16:00:00,1031.1304477880633
2025-12-18 17:00:00,1028.6165741935336
2025-12-18 18:00:00,1157.2603377608232
2025-12-18 19:00:00,1018.1503949849784
2025-12-18 20:00:00,1033.3921345131448
2025-12-18 21:00:00,1364.7947569539424
2025-12-18 22:00:00,1173.847393680386
2025-12-18 23:00:00,1005.207593105201
2025-12-19 00:00:00,995.7662275851357
2025-12-19 01:00:00,916.0607013794422
2025-12-19 02:00:00,1070.2085771462632
2025-12-19 03:00:00,937.6036505437138
2025-12-19 04:00:00,898.4807171530623
2025-12-19 05:00:00,1164.923372290463
2025-12-19 06:00:00,880.8516705087225
2025-12-19 07:00:00,1302.582083540138
2025-12-19 08:00:00,767.1364694271799
2025-12-19 09:00:00,1113.8705892052424
2025-12-19 10:00:00,1099.9809045249576
2025-12-19 11:00:00,1092.039249308398
2025-12-19 12:00:00,1079.5840718635857
2025-12-19 13:00:00,1203.6930504954896
2025-12-19 14:00:00,966.8271860729157
2025-12-19 15:00:00,942.868653268768
2025-12-19 16:00:00,951.3225676883392
2025-12-19 17:00:00,1425.2356457119824
2025-12-19 18:00:00,807.0767706250805
2025-12-19 19:00:00,1239.3610793352436
2025-12-19 20:00:00,849.9440465126065
2025-12-19 21:00:00,1128.809134970193
2025-12-19 22:00:00,1244.8418393747515
2025-12-19 23:00:00,770.1011199569647
2025-12-20 00:00:00,1070.9055283214318
2025-12-20 01:00:00,1131.3013019321609
2025-12-20 02:00:00,805.0055515444328
2025-12-20 03:00:00,1231.136785529464
2025-12-20 04:00:00,862.6044709165378
2025-12-20 05:00:00,981.7772164582556
2025-12-20 06:00:00,1144.37872297486
2025-12-20 07:00:00,777.2029771880234
2025-12-20 08:00:00,1215.820766353468
2025-12-20 09:00:00,775.8884891032797
2025-12-20 10:00:00,894.6277889202454
2025-12-20 11:00:00,841.5549177827698
2025-12-20 12:00:00,1336.3655631730692
2025-12-20 13:00:00,917.9406555908917
2025-12-20 14:00:00,1070.5827197469648
2025-12-20 15:00:00,1126.3552121344876
2025-12-20 16:00:00,834.5626349822098
2025-12-20 17:00:00,1076.2916350932055
2025-12-20 18:00:00,854.8043082964899
2025-12-20 19:00:00,597.1858360378733
2025-12-20 20:00:00,844.6524783664706
2025-12-20 21:00:00,921.3337448178276
2025-12-20 22:00:00,504.1904831608178
2025-12-20 23:00:00,695.0118964337847
2025-12-21 00:00:00,1077.8710165613354
2025-12-21 01:00:00,1118.5344605865298
2025-12-21 02:00:00,988.6596738559056
2025-12-21 03:00:00,862.1424946412111
2025-12-21 04:00:00,1107.949400918815
2025-12-21 05:00:00,721.7692673250574
2025-12-21 06:00:00,1133.3994133233457
2025-12-21 07:00:00,690.4215027292468
2025-12-21 08:00:00,1174.330941391654
2025-12-21 09:00:00,813.8219850955966
2025-12-21 10:00:00,1302.1847516988985
2025-12-21 11:00:00,908.1308242294656
2025-12-21 12:00:00,869.9608548015902
2025-12-21 13:00:00,789.7323840932983
2025-12-21 14:00:00,1106.662146119444
2025-12-21 15:00:00,753.4354432033817
2025-12-21 16:00:00,941.2272849063168
2025-12-21 17:00:00,1077.6601031939545
2025-12-21 18:00:00,816.4920940672481
2025-12-21 19:00:00,811.2587372235754
2025-12-21 20:00:00,891.556616167343
2025-12-21 21:00:00,723.2652162554799
2025-12-21 22:00:00,849.2676145558555
2025-12-21 23:00:00,989.4546196904304
2025-12-22 00:00:00,845.8164592246574
2025-12-22 01:00:00,857.3708565922166
2025-12-22 02:00:00,876.02954237715
2025-12-22 03:00:00,843.4243460252632
2025-12-22 04:00:00,448.1398383031996
2025-12-22 05:00:00,692.3125275604187
2025-12-22 06:00:00,896.67368226713
2025-12-22 07:00:00,816.398605085848
2025-12-22 08:00:00,652.732166995291
2025-12-22 09:00:00,1111.0385834690942
2025-12-22 10:00:00,1053.775009517642
2025-12-22 11:00:00,612.655966421406
2025-12-22 12:00:00,818.5046295654216
2025-12-22 13:00:00,935.1853195237464
2025-12-22 14:00:00,1117.451608095746
2025-12-22 15:00:00,485.09579542435006
2025-12-22 16:00:00,952.1606665009016
2025-12-22 17:00:00,779.1521230763749
2025-12-22 18:00:00,871.5322313658816
2025-12-22 19:00:00,794.0606619334037
2025-12-22 20:00:00,1124.6326244291158
2025-12-22 21:00:00,1173.7310055861128
2025-12-22 22:00:00,797.7147118810457
2025-12-22 23:00:00,686.994255932291
2025-12-23 00:00:00,1363.131944106993
2025-12-23 01:00:00,985.636317679263
2025-12-23 02:00:00,1537.8437994659669
2025-12-23 03:00:00,1204.7339141272505
2025-12-23 04:00:00,1172.0570913893146
2025-12-23 05:00:00,1521.1817367656824
2025-12-23 06:00:00,822.8449299244146
2025-12-23 07:00:00,1491.1915574208103
2025-12-23 08:00:00,1301.139194478979
2025-12-23 09:00:00,1344.450403397905
2025-12-23 10:00:00,1303.894004188624
2025-12-23 11:00:00,838.2995996753294
2025-12-23 12:00:00,1062.050363708007
2025-12-23 13:00:00,1349.9272206631344
2025-12-23 14:00:00,1384.8027034360205
2025-12-23 15:00:00,1239.1075067285951
2025-12-23 16:00:00,839.1970302017893
2025-12-23 17:00:00,1188.6739756997226
2025-12-23 18:00:00,1055.0076269008002
2025-12-23 19:00:00,1062.4210292106209
2025-12-23 20:00:00,1376.2458843852737
2025-12-23 21:00:00,1331.885101876764
2025-12-23 22:00:00,876.2536448994381
2025-12-23 23:00:00,1222.5006307641693
2025-12-24 00:00:00,1096.902388145518
2025-12-24 01:00:00,1020.5489825753838
2025-12-24 02:00:00,1059.0286631408194
2025-12-24 03:00:00,807.106738874156
2025-12-24 04:00:00,1456.1570724052135
2025-12-24 05:00:00,1084.5291442337175
2025-12-24 06:00:00,873.0622387726463
2025-12-24 07:00:00,666.4482494482942
2025-12-24 08:00:00,682.3110221452188
2025-12-24 09:00:00,924.5043573386916
2025-12-24 10:00:00,1275.360293207974
2025-12-24 11:00:00,935.818790774512
2025-12-24 12:00:00,1001.1682628729316
2025-12-24 13:00:00,842.461513006521
2025-12-24 14:00:00,1371.5488101250885
2025-12-24 15:00:00,1531.1737437297902
2025-12-24 16:00:00,478.6179275920019
2025-12-24 17:00:00,978.5989155774616
2025-12-24 18:00:00,1160.336147965359
2025-12-24 19:00:00,1160.5090480845222
2025-12-24 20:00:00,948.2878391085346
2025-12-24 21:00:00,956.1526630999126
2025-12-24 22:00:00,1198.906865187762
2025-12-24 23:00:00,1377.3681349667968
2025-12-25 00:00:00,706.7664950058228
2025-12-25 01:00:00,896.635861781182
2025-12-25 02:00:00,652.7982916110142
2025-12-25 03:00:00,730.5505843176247
2025-12-25 04:00:00,1038.7875144199784
2025-12-25 05:00:00,867.626485085107
2025-12-25 06:00:00,734.379885999276
2025-12-25 07:00:00,899.5690826498309
2025-12-25 08:00:00,597.7770292195255
2025-12-25 09:00:00,848.4017668177355
2025-12-25 10:00:00,895.6298733814326
2025-12-25 11:00:00,1018.8580616291496
2025-12-25 12:00:00,926.5386101914088
2025-12-25 13:00:00,843.9706700415161
2025-12-25 14:00:00,789.4175977277229
2025-12-25 15:00:00,780.3639731831878
2025-12-25 16:00:00,1022.6554380225126
2025-12-25 17:00:00,1024.7845464151203
2025-12-25 18:00:00,910.0168339488638
2025-12-25 19:00:00,827.4009433022175
2025-12-25 20:00:00,680.4154911776262
2025-12-25 21:00:00,599.4901147019791
2025-12-25 22:00:00,746.82140675139
2025-12-25 23:00:00,949.061245450539
2025-12-26 00:00:00,1275.986782381737
2025-12-26 01:00:00,978.232083665253
2025-12-26 02:00:00,685.6656604116438
2025-12-26 03:00:00,876.4638764546676
2025-12-26 04:00:00,1186.0292677853242
2025-12-26 05:00:00,1066.5741171894815
2025-12-26 06:00:00,1041.426192848231
2025-12-26 07:00:00,1007.3277888940728
2025-12-26 08:00:00,913.6814863848384
2025-12-26 09:00:00,1146.363648890437
2025-12-26 10:00:00,909.1771180276914
2025-12-26 11:00:00,1096.4958012735765
2025-12-26 12:00:00,1020.3335714938617
2025-12-26 13:00:00,689.5652527670499
2025-12-26 14:00:00,1328.9344299584
2025-12-26 15:00:00,964.7563760832852
2025-12-26 16:00:00,1186.7664094278748
2025-12-26 17:00:00,1135.9877447059137
2025-12-26 18:00:00,1011.5115240674786
2025-12-26 19:00:00,922.8632527921384
2025-12-26 20:00:00,1057.5439364614308
2025-12-26 21:00:00,908.045412018392
2025-12-26 22:00:00,846.2327330420203
2025-12-26 23:00:00,912.6558997072772
2025-12-27 00:00:00,664.8674288256354
2025-12-27 01:00:00,809.2239366366367
2025-12-27 02:00:00,925.5435898134898
2025-12-27 03:00:00,495.65994654848527
2025-12-27 04:00:00,912.6885117540692
2025-12-27 05:00:00,1054.034509429837
2025-12-27 06:00:00,979.785766439829
2025-12-27 07:00:00,1059.153694590564
2025-12-27 08:00:00,632.1923890617811
2025-12-27 09:00:00,671.6159165342905
2025-12-27 10:00:00,597.9941412813879
2025-12-27 11:00:00,1060.5296217731004
2025-12-27 12:00:00,1196.7693234946485
2025-12-27 13:00:00,565.3322286310054
2025-12-27 14:00:00,805.5311176814554
2025-12-27 15:00:00,609.797137720226
2025-12-27 16:00:00,520.0371701658448
2025-12-27 17:00:00,674.2472044601717
2025-12-27 18:00:00,1078.4248385403505
2025-12-27 19:00:00,749.4776637326029
2025-12-27 20:00:00,966.5397232651038
2025-12-27 21:00:00,942.3077361041378
2025-12-27 22:00:00,693.9163677470871
2025-12-27 23:00:00,1055.2876749491918
2025-12-28 00:00:00,798.27095597944
2025-12-28 01:00:00,970.2338004077752
2025-12-28 02:00:00,836.9786451329933
2025-12-28 03:00:00,846.10336826007
2025-12-28 04:00:00,1035.2923574569493
2025-12-28 05:00:00,1095.9983075890657
2025-12-28 06:00:00,569.0186046739101
2025-12-28 07:00:00,896.1055932832021
2025-12-28 08:00:00,1116.1593957581667
2025-12-28 09:00:00,1172.46560139879
2025-12-28 10:00:00,441.9027124727151
2025-12-28 11:00:00,754.0271192152284
2025-12-28 12:00:00,906.0333269428606
2025-12-28 13:00:00,816.4577113016687
2025-12-28 14:00:00,1019.4767511097637
2025-12-28 15:00:00,977.3013951510012
2025-12-28 16:00:00,987.9110820189128
2025-12-28 17:00:00,848.5114223745894
2025-12-28 18:00:00,859.2357420349285
2025-12-28 19:00:00,1057.423707043184
2025-12-28 20:00:00,985.9439191816896
2025-12-28 21:00:00,950.6445724580648
2025-12-28 22:00:00,910.0098878406478
2025-12-28 23:00:00,754.7354697408342
2025-12-29 00:00:00,948.4616112214036
2025-12-29 01:00:00,1116.204128058166
2025-12-29 02:00:00,737.1009566667396
2025-12-29 03:00:00,985.1211701776608
2025-12-29 04:00:00,998.1607111011774
2025-12-29 05:00:00,876.9372180840411
2025-12-29 06:00:00,902.675200586125
2025-12-29 07:00:00,1043.1064996053906
2025-12-29 08:00:00,779.683096431655
2025-12-29 09:00:00,1181.736035534752
2025-12-29 10:00:00,601.7471278814228
2025-12-29 11:00:00,1046.5107592334252
2025-12-29 12:00:00,1052.768576087164
2025-12-29 13:00:00,1180.4971519445735
2025-12-29 14:00:00,547.4140230383209
2025-12-29 15:00:00,728.3179628719845
2025-12-29 16:00:00,1124.3146669944258
2025-12-29 17:00:00,780.3551127107353
2025-12-29 18:00:00,919.2868249645992
2025-12-29 19:00:00,1123.4461248890827
2025-12-29 20:00:00,727.245275152188
2025-12-29 21:00:00,731.6589051732859
2025-12-29 22:00:00,742.0152372256529
2025-12-29 23:00:00,916.8820994087018
2025-12-30 00:00:00,935.8030226937116
2025-12-30 01:00:00,904.6060845710308
2025-12-30 02:00:00,1018.2397891129652
2025-12-30 03:00:00,803.3100536048879
2025-12-30 04:00:00,1027.608388692561
2025-12-30 05:00:00,1082.3588096485068
2025-12-30 06:00:00,1090.260224554935
2025-12-30 07:00:00,1006.9237412495072
2025-12-30 08:00:00,845.9436605612673
2025-12-30 09:00:00,944.9453280281704
2025-12-30 10:00:00,666.2259206333931
2025-12-30 11:00:00,982.1794183387474
2025-12-30 12:00:00,1093.2671182788652
2025-12-30 13:00:00,804.1311439711515
2025-12-30 14:00:00,1183.4132197251838
2025-12-30 15:00:00,1079.9080295339336
2025-12-30 16:00:00,1289.3287785533705
2025-12-30 17:00:00,718.1445905101468
2025-12-30 18:00:00,939.7884194167434
2025-12-30 19:00:00,802.9952651338875
2025-12-30 20:00:00,848.9001530131729
2025-12-30 21:00:00,1068.052263247855
2025-12-30 22:00:00,1139.318156475348
2025-12-30 23:00:00,920.9022235203876
2025-12-31 00:00:00,756.8181938921224
2025-12-31 01:00:00,957.3616071571788
2025-12-31 02:00:00,1020.1220724060564
2025-12-31 03:00:00,1088.5854125386568
2025-12-31 04:00:00,1147.739045769674
2025-12-31 05:00:00,858.8211627888456
2025-12-31 06:00:00,835.8835070422048
2025-12-31 07:00:00,1224.0639600868794
2025-12-31 08:00:00,1018.2115458766128
2025-12-31 09:00:00,635.408941061656
2025-12-31 10:00:00,1277.161897181746
2025-12-31 11:00:00,834.7414632486456
2025-12-31 12:00:00,1123.732223153089
2025-12-31 13:00:00,903.3564889699944
2025-12-31 14:00:00,977.667911330232
2025-12-31 15:00:00,1289.5569233231631
2025-12-31 16:00:00,614.7189409518558
2025-12-31 17:00:00,904.8582014935276
2025-12-31 18:00:00,826.6956661812211
2025-12-31 19:00:00,913.7694660241692
2025-12-31 20:00:00,906.1016477577544
2025-12-31 21:00:00,1145.6631499689604
2025-12-31 22:00:00,1050.028905123791
2025-12-31 23:00:00,875.6630501935043
