timestamp,ghi_kwh_per_m2
2001-01-01 00:00,0.0
2001-01-01 01:00,0.0
2001-01-01 02:00,0.0
2001-01-01 03:00,0.0
2001-01-01 04:00,0.0
2001-01-01 05:00,0.0
2001-01-01 06:00,0.00136
2001-01-01 07:00,0.0
2001-01-01 08:00,0.047318
2001-01-01 09:00,0.206045
2001-01-01 10:00,0.37853
2001-01-01 11:00,0.466035
2001-01-01 12:00,0.565215
2001-01-01 13:00,0.459432
2001-01-01 14:00,0.38613
2001-01-01 15:00,0.299655
2001-01-01 16:00,0.17319
2001-01-01 17:00,0.027808
2001-01-01 18:00,0.0
2001-01-01 19:00,0.000147
2001-01-01 20:00,0.00024
2001-01-01 21:00,0.0
2001-01-01 22:00,0.0
2001-01-01 23:00,0.0
2001-01-02 00:00,0.0
2001-01-02 01:00,0.0
2001-01-02 02:00,0.0
2001-01-02 03:00,0.0
2001-01-02 04:00,0.0
2001-01-02 05:00,0.0
2001-01-02 06:00,0.0
2001-01-02 07:00,2e-05
2001-01-02 08:00,0.058275
2001-01-02 09:00,0.378388
2001-01-02 10:00,0.563712
2001-01-02 11:00,0.639235
2001-01-02 12:00,0.706922
2001-01-02 13:00,0.698273
2001-01-02 14:00,0.637133
2001-01-02 15:00,0.559178
2001-01-02 16:00,0.38983
2001-01-02 17:00,0.145925
2001-01-02 18:00,0.009945
2001-01-02 19:00,0.0
2001-01-02 20:00,0.0
2001-01-02 21:00,0.0
2001-01-02 22:00,0.0
2001-01-02 23:00,0.0
2001-01-03 00:00,0.0
2001-01-03 01:00,0.0
2001-01-03 02:00,0.0
2001-01-03 03:00,0.0
2001-01-03 04:00,0.0
2001-01-03 05:00,0.0
2001-01-03 06:00,0.0
2001-01-03 07:00,0.019065
2001-01-03 08:00,0.18309
2001-01-03 09:00,0.397768
2001-01-03 10:00,0.55038
2001-01-03 11:00,0.639125
2001-01-03 12:00,0.69656
2001-01-03 13:00,0.690733
2001-01-03 14:00,0.639747
2001-01-03 15:00,0.556768
2001-01-03 16:00,0.41667
2001-01-03 17:00,0.181402
2001-01-03 18:00,0.01694
2001-01-03 19:00,0.0
2001-01-03 20:00,0.0
2001-01-03 21:00,0.0
2001-01-03 22:00,0.0
2001-01-03 23:00,0.0
2001-01-04 00:00,0.0
2001-01-04 01:00,0.0
2001-01-04 02:00,0.0
2001-01-04 03:00,0.0
2001-01-04 04:00,0.0
2001-01-04 05:00,0.0
2001-01-04 06:00,0.0
2001-01-04 07:00,0.07812
2001-01-04 08:00,0.318428
2001-01-04 09:00,0.5206
2001-01-04 10:00,0.632545
2001-01-04 11:00,0.75315
2001-01-04 12:00,0.80599
2001-01-04 13:00,0.808912
2001-01-04 14:00,0.72624
2001-01-04 15:00,0.594372
2001-01-04 16:00,0.470955
2001-01-04 17:00,0.236098
2001-01-04 18:00,0.020658
2001-01-04 19:00,0.0
2001-01-04 20:00,0.0
2001-01-04 21:00,0.0
2001-01-04 22:00,0.0
2001-01-04 23:00,0.0
2001-01-05 00:00,0.0
2001-01-05 01:00,0.0
2001-01-05 02:00,0.0
2001-01-05 03:00,0.0
2001-01-05 04:00,0.0
2001-01-05 05:00,0.0
2001-01-05 06:00,0.008498
2001-01-05 07:00,0.140518
2001-01-05 08:00,0.380955
2001-01-05 09:00,0.547338
2001-01-05 10:00,0.64625
2001-01-05 11:00,0.746068
2001-01-05 12:00,0.780522
2001-01-05 13:00,0.749532
2001-01-05 14:00,0.69257
2001-01-05 15:00,0.578618
2001-01-05 16:00,0.477292
2001-01-05 17:00,0.270515
2001-01-05 18:00,0.025062
2001-01-05 19:00,0.0
2001-01-05 20:00,0.0
2001-01-05 21:00,0.0
2001-01-05 22:00,0.0
2001-01-05 23:00,0.0
2001-01-06 00:00,0.0
2001-01-06 01:00,0.0
2001-01-06 02:00,0.0
2001-01-06 03:00,0.0
2001-01-06 04:00,0.0
2001-01-06 05:00,0.0
2001-01-06 06:00,0.02577
2001-01-06 07:00,0.180382
2001-01-06 08:00,0.401168
2001-01-06 09:00,0.541128
2001-01-06 10:00,0.62884
2001-01-06 11:00,0.76587
2001-01-06 12:00,0.837552
2001-01-06 13:00,0.606002
2001-01-06 14:00,0.603062
2001-01-06 15:00,0.580122
2001-01-06 16:00,0.477262
2001-01-06 17:00,0.307235
2001-01-06 18:00,0.042958
2001-01-06 19:00,0.0
2001-01-06 20:00,0.0
2001-01-06 21:00,0.0
2001-01-06 22:00,0.0
2001-01-06 23:00,0.0
2001-01-07 00:00,0.0
2001-01-07 01:00,0.0
2001-01-07 02:00,0.0
2001-01-07 03:00,0.0
2001-01-07 04:00,0.0
2001-01-07 05:00,0.0
2001-01-07 06:00,0.01111
2001-01-07 07:00,0.159252
2001-01-07 08:00,0.407018
2001-01-07 09:00,0.583818
2001-01-07 10:00,0.681487
2001-01-07 11:00,0.538115
2001-01-07 12:00,0.823217
2001-01-07 13:00,0.781332
2001-01-07 14:00,0.721342
2001-01-07 15:00,0.59442
2001-01-07 16:00,0.486995
2001-01-07 17:00,0.367932
2001-01-07 18:00,0.063052
2001-01-07 19:00,0.0
2001-01-07 20:00,0.0
2001-01-07 21:00,0.0
2001-01-07 22:00,0.0
2001-01-07 23:00,0.0
2001-01-08 00:00,0.0
2001-01-08 01:00,0.0
2001-01-08 02:00,0.0
2001-01-08 03:00,0.0
2001-01-08 04:00,0.0
2001-01-08 05:00,0.0
2001-01-08 06:00,0.007635
2001-01-08 07:00,0.14695
2001-01-08 08:00,0.332455
2001-01-08 09:00,0.38662
2001-01-08 10:00,0.59361
2001-01-08 11:00,0.465837
2001-01-08 12:00,0.707962
2001-01-08 13:00,0.808122
2001-01-08 14:00,0.54774
2001-01-08 15:00,0.53662
2001-01-08 16:00,0.517785
2001-01-08 17:00,0.300912
2001-01-08 18:00,0.054447
2001-01-08 19:00,0.0
2001-01-08 20:00,0.0
2001-01-08 21:00,0.0
2001-01-08 22:00,0.0
2001-01-08 23:00,0.0
2001-01-09 00:00,0.0
2001-01-09 01:00,0.0
2001-01-09 02:00,0.0
2001-01-09 03:00,0.0
2001-01-09 04:00,0.0
2001-01-09 05:00,0.0
2001-01-09 06:00,7e-06
2001-01-09 07:00,0.070018
2001-01-09 08:00,0.266403
2001-01-09 09:00,0.484782
2001-01-09 10:00,0.560385
2001-01-09 11:00,0.668132
2001-01-09 12:00,0.756548
2001-01-09 13:00,0.71616
2001-01-09 14:00,0.538668
2001-01-09 15:00,0.523795
2001-01-09 16:00,0.395962
2001-01-09 17:00,0.229298
2001-01-09 18:00,0.020145
2001-01-09 19:00,0.0
2001-01-09 20:00,0.0
2001-01-09 21:00,0.0
2001-01-09 22:00,0.0
2001-01-09 23:00,0.0
2001-01-10 00:00,0.0
2001-01-10 01:00,0.0
2001-01-10 02:00,0.0
2001-01-10 03:00,0.0
2001-01-10 04:00,0.0
2001-01-10 05:00,0.0
2001-01-10 06:00,0.0
2001-01-10 07:00,0.068228
2001-01-10 08:00,0.280482
2001-01-10 09:00,0.498922
2001-01-10 10:00,0.605028
2001-01-10 11:00,0.691025
2001-01-10 12:00,0.677292
2001-01-10 13:00,0.440308
2001-01-10 14:00,0.58456
2001-01-10 15:00,0.454038
2001-01-10 16:00,0.336765
2001-01-10 17:00,0.090048
2001-01-10 18:00,0.007452
2001-01-10 19:00,0.0
2001-01-10 20:00,0.0
2001-01-10 21:00,0.0
2001-01-10 22:00,0.0
2001-01-10 23:00,0.0
2001-01-11 00:00,0.0
2001-01-11 01:00,0.0
2001-01-11 02:00,0.0
2001-01-11 03:00,0.0
2001-01-11 04:00,0.0
2001-01-11 05:00,0.0
2001-01-11 06:00,0.0
2001-01-11 07:00,0.021998
2001-01-11 08:00,0.133992
2001-01-11 09:00,0.334895
2001-01-11 10:00,0.506807
2001-01-11 11:00,0.556702
2001-01-11 12:00,0.596153
2001-01-11 13:00,0.566485
2001-01-11 14:00,0.536182
2001-01-11 15:00,0.397935
2001-01-11 16:00,0.17557
2001-01-11 17:00,0.0443
2001-01-11 18:00,0.0
2001-01-11 19:00,0.0
2001-01-11 20:00,0.0
2001-01-11 21:00,0.0
2001-01-11 22:00,0.0
2001-01-11 23:00,0.0
2001-01-12 00:00,0.0
2001-01-12 01:00,0.0
2001-01-12 02:00,0.0
2001-01-12 03:00,0.0
2001-01-12 04:00,0.0
2001-01-12 05:00,0.0
2001-01-12 06:00,0.0
2001-01-12 07:00,0.00728
2001-01-12 08:00,0.0587
2001-01-12 09:00,0.34745
2001-01-12 10:00,0.512655
2001-01-12 11:00,0.553068
2001-01-12 12:00,0.579898
2001-01-12 13:00,0.556585
2001-01-12 14:00,0.535872
2001-01-12 15:00,0.404308
2001-01-12 16:00,0.189485
2001-01-12 17:00,0.04411
2001-01-12 18:00,0.0
2001-01-12 19:00,0.0
2001-01-12 20:00,0.0
2001-01-12 21:00,0.0
2001-01-12 22:00,0.0
2001-01-12 23:00,0.0
2001-01-13 00:00,0.002332
2001-01-13 01:00,0.004195
2001-01-13 02:00,0.0
2001-01-13 03:00,0.018193
2001-01-13 04:00,0.049382
2001-01-13 05:00,0.052135
2001-01-13 06:00,0.048152
2001-01-13 07:00,0.011725
2001-01-13 08:00,0.038295
2001-01-13 09:00,0.186675
2001-01-13 10:00,0.243508
2001-01-13 11:00,0.39747
2001-01-13 12:00,0.508058
2001-01-13 13:00,0.552088
2001-01-13 14:00,0.485945
2001-01-13 15:00,0.338145
2001-01-13 16:00,0.201538
2001-01-13 17:00,0.048382
2001-01-13 18:00,0.0
2001-01-13 19:00,0.0
2001-01-13 20:00,0.000482
2001-01-13 21:00,0.000912
2001-01-13 22:00,0.000343
2001-01-13 23:00,0.001345
2001-01-14 00:00,0.001628
2001-01-14 01:00,0.03582
2001-01-14 02:00,0.018165
2001-01-14 03:00,0.0
2001-01-14 04:00,0.0
2001-01-14 05:00,0.0
2001-01-14 06:00,0.0
2001-01-14 07:00,0.0
2001-01-14 08:00,0.004045
2001-01-14 09:00,0.26721
2001-01-14 10:00,0.530688
2001-01-14 11:00,0.65508
2001-01-14 12:00,0.718005
2001-01-14 13:00,0.70787
2001-01-14 14:00,0.60118
2001-01-14 15:00,0.513915
2001-01-14 16:00,0.31949
2001-01-14 17:00,0.085485
2001-01-14 18:00,0.0
2001-01-14 19:00,0.0
2001-01-14 20:00,0.0
2001-01-14 21:00,0.04053
2001-01-14 22:00,0.015195
2001-01-14 23:00,0.0
2001-01-15 00:00,0.0
2001-01-15 01:00,0.000733
2001-01-15 02:00,0.0
2001-01-15 03:00,0.0
2001-01-15 04:00,0.0
2001-01-15 05:00,0.0
2001-01-15 06:00,0.0
2001-01-15 07:00,0.0
2001-01-15 08:00,0.00888
2001-01-15 09:00,0.136738
2001-01-15 10:00,0.386632
2001-01-15 11:00,0.582707
2001-01-15 12:00,0.637298
2001-01-15 13:00,0.470912
2001-01-15 14:00,0.38964
2001-01-15 15:00,0.367842
2001-01-15 16:00,0.267015
2001-01-15 17:00,0.065767
2001-01-15 18:00,0.0
2001-01-15 19:00,0.0
2001-01-15 20:00,0.045882
2001-01-15 21:00,0.04916
2001-01-15 22:00,0.049808
2001-01-15 23:00,0.049808
2001-01-16 00:00,0.049928
2001-01-16 01:00,0.050188
2001-01-16 02:00,0.05137
2001-01-16 03:00,0.05273
2001-01-16 04:00,0.052872
2001-01-16 05:00,0.053742
2001-01-16 06:00,0.019427
2001-01-16 07:00,0.0
2001-01-16 08:00,0.0014
2001-01-16 09:00,0.338168
2001-01-16 10:00,0.536825
2001-01-16 11:00,0.637263
2001-01-16 12:00,0.710328
2001-01-16 13:00,0.735652
2001-01-16 14:00,0.655945
2001-01-16 15:00,0.524743
2001-01-16 16:00,0.324212
2001-01-16 17:00,0.08438
2001-01-16 18:00,0.0
2001-01-16 19:00,0.0
2001-01-16 20:00,0.042342
2001-01-16 21:00,0.05028
2001-01-16 22:00,0.05049
2001-01-16 23:00,0.05096
2001-01-17 00:00,0.050915
2001-01-17 01:00,0.05351
2001-01-17 02:00,0.056495
2001-01-17 03:00,0.059762
2001-01-17 04:00,0.061158
2001-01-17 05:00,0.060818
2001-01-17 06:00,0.044308
2001-01-17 07:00,0.082825
2001-01-17 08:00,0.161767
2001-01-17 09:00,0.299122
2001-01-17 10:00,0.522087
2001-01-17 11:00,0.637638
2001-01-17 12:00,0.658787
2001-01-17 13:00,0.59711
2001-01-17 14:00,0.525325
2001-01-17 15:00,0.410777
2001-01-17 16:00,0.231018
2001-01-17 17:00,0.03605
2001-01-17 18:00,0.0
2001-01-17 19:00,0.0
2001-01-17 20:00,0.0
2001-01-17 21:00,0.0
2001-01-17 22:00,0.0
2001-01-17 23:00,0.0
2001-01-18 00:00,0.0
2001-01-18 01:00,0.0
2001-01-18 02:00,0.0
2001-01-18 03:00,0.0
2001-01-18 04:00,0.0
2001-01-18 05:00,0.0
2001-01-18 06:00,0.0
2001-01-18 07:00,0.0
2001-01-18 08:00,0.000172
2001-01-18 09:00,0.19766
2001-01-18 10:00,0.418558
2001-01-18 11:00,0.55694
2001-01-18 12:00,0.636605
2001-01-18 13:00,0.66575
2001-01-18 14:00,0.578658
2001-01-18 15:00,0.450042
2001-01-18 16:00,0.24853
2001-01-18 17:00,0.040898
2001-01-18 18:00,0.0
2001-01-18 19:00,0.0
2001-01-18 20:00,0.0
2001-01-18 21:00,0.0
2001-01-18 22:00,0.0
2001-01-18 23:00,0.0
2001-01-19 00:00,0.0
2001-01-19 01:00,0.0
2001-01-19 02:00,0.0
2001-01-19 03:00,0.0
2001-01-19 04:00,0.0
2001-01-19 05:00,0.0
2001-01-19 06:00,0.0
2001-01-19 07:00,0.0
2001-01-19 08:00,0.0
2001-01-19 09:00,0.218912
2001-01-19 10:00,0.457132
2001-01-19 11:00,0.58184
2001-01-19 12:00,0.656143
2001-01-19 13:00,0.657948
2001-01-19 14:00,0.571362
2001-01-19 15:00,0.444518
2001-01-19 16:00,0.262192
2001-01-19 17:00,0.060567
2001-01-19 18:00,0.0
2001-01-19 19:00,0.0
2001-01-19 20:00,0.0
2001-01-19 21:00,0.0
2001-01-19 22:00,0.0
2001-01-19 23:00,0.0
2001-01-20 00:00,0.0
2001-01-20 01:00,0.0
2001-01-20 02:00,0.0
2001-01-20 03:00,0.0
2001-01-20 04:00,0.0
2001-01-20 05:00,0.0
2001-01-20 06:00,0.0
2001-01-20 07:00,0.0
2001-01-20 08:00,0.0
2001-01-20 09:00,0.233317
2001-01-20 10:00,0.470262
2001-01-20 11:00,0.584497
2001-01-20 12:00,0.650572
2001-01-20 13:00,0.656035
2001-01-20 14:00,0.57947
2001-01-20 15:00,0.433628
2001-01-20 16:00,0.235692
2001-01-20 17:00,0.056745
2001-01-20 18:00,0.0
2001-01-20 19:00,0.0
2001-01-20 20:00,0.0
2001-01-20 21:00,0.0
2001-01-20 22:00,0.0
2001-01-20 23:00,0.0
2001-01-21 00:00,0.0
2001-01-21 01:00,0.0
2001-01-21 02:00,0.0
2001-01-21 03:00,0.0
2001-01-21 04:00,0.0
2001-01-21 05:00,0.0
2001-01-21 06:00,0.0
2001-01-21 07:00,0.0
2001-01-21 08:00,0.017298
2001-01-21 09:00,0.212895
2001-01-21 10:00,0.3654
2001-01-21 11:00,0.489392
2001-01-21 12:00,0.552812
2001-01-21 13:00,0.56385
2001-01-21 14:00,0.47812
2001-01-21 15:00,0.422335
2001-01-21 16:00,0.28477
2001-01-21 17:00,0.082735
2001-01-21 18:00,0.004358
2001-01-21 19:00,0.0
2001-01-21 20:00,0.0
2001-01-21 21:00,0.0
2001-01-21 22:00,0.0
2001-01-21 23:00,0.0
2001-01-22 00:00,0.0
2001-01-22 01:00,0.0
2001-01-22 02:00,0.0
2001-01-22 03:00,0.0
2001-01-22 04:00,0.0
2001-01-22 05:00,0.0
2001-01-22 06:00,0.0
2001-01-22 07:00,0.0
2001-01-22 08:00,0.055373
2001-01-22 09:00,0.291732
2001-01-22 10:00,0.504903
2001-01-22 11:00,0.576592
2001-01-22 12:00,0.617747
2001-01-22 13:00,0.613118
2001-01-22 14:00,0.578385
2001-01-22 15:00,0.506825
2001-01-22 16:00,0.328155
2001-01-22 17:00,0.10889
2001-01-22 18:00,0.003987
2001-01-22 19:00,0.0
2001-01-22 20:00,0.0
2001-01-22 21:00,0.0
2001-01-22 22:00,0.0
2001-01-22 23:00,0.0
2001-01-23 00:00,0.0
2001-01-23 01:00,0.0
2001-01-23 02:00,0.0
2001-01-23 03:00,0.0
2001-01-23 04:00,0.0
2001-01-23 05:00,0.0
2001-01-23 06:00,0.0
2001-01-23 07:00,0.0
2001-01-23 08:00,0.05818
2001-01-23 09:00,0.2871
2001-01-23 10:00,0.51092
2001-01-23 11:00,0.586368
2001-01-23 12:00,0.639408
2001-01-23 13:00,0.648528
2001-01-23 14:00,0.592572
2001-01-23 15:00,0.5184
2001-01-23 16:00,0.337135
2001-01-23 17:00,0.111775
2001-01-23 18:00,0.003612
2001-01-23 19:00,0.0
2001-01-23 20:00,0.0
2001-01-23 21:00,0.0
2001-01-23 22:00,0.0
2001-01-23 23:00,0.0
2001-01-24 00:00,0.0
2001-01-24 01:00,0.0
2001-01-24 02:00,0.0
2001-01-24 03:00,0.0
2001-01-24 04:00,0.0
2001-01-24 05:00,0.0
2001-01-24 06:00,0.0
2001-01-24 07:00,0.0
2001-01-24 08:00,0.048362
2001-01-24 09:00,0.329438
2001-01-24 10:00,0.543158
2001-01-24 11:00,0.616882
2001-01-24 12:00,0.68187
2001-01-24 13:00,0.677928
2001-01-24 14:00,0.614595
2001-01-24 15:00,0.549522
2001-01-24 16:00,0.37835
2001-01-24 17:00,0.13755
2001-01-24 18:00,0.006982
2001-01-24 19:00,0.0
2001-01-24 20:00,0.0
2001-01-24 21:00,0.0
2001-01-24 22:00,0.0
2001-01-24 23:00,0.0
2001-01-25 00:00,0.0
2001-01-25 01:00,0.0
2001-01-25 02:00,0.0
2001-01-25 03:00,0.0
2001-01-25 04:00,0.0
2001-01-25 05:00,0.0
2001-01-25 06:00,0.0
2001-01-25 07:00,0.0
2001-01-25 08:00,0.061208
2001-01-25 09:00,0.184605
2001-01-25 10:00,0.436533
2001-01-25 11:00,0.426707
2001-01-25 12:00,0.626395
2001-01-25 13:00,0.451962
2001-01-25 14:00,0.304795
2001-01-25 15:00,0.475652
2001-01-25 16:00,0.360428
2001-01-25 17:00,0.12788
2001-01-25 18:00,0.005622
2001-01-25 19:00,0.0
2001-01-25 20:00,0.0
2001-01-25 21:00,0.0
2001-01-25 22:00,0.0
2001-01-25 23:00,0.0
2001-01-26 00:00,0.0
2001-01-26 01:00,0.0
2001-01-26 02:00,0.0
2001-01-26 03:00,0.0
2001-01-26 04:00,0.0
2001-01-26 05:00,0.0
2001-01-26 06:00,0.0
2001-01-26 07:00,0.0
2001-01-26 08:00,0.046332
2001-01-26 09:00,0.335658
2001-01-26 10:00,0.5436
2001-01-26 11:00,0.606118
2001-01-26 12:00,0.670785
2001-01-26 13:00,0.672485
2001-01-26 14:00,0.609088
2001-01-26 15:00,0.540648
2001-01-26 16:00,0.366022
2001-01-26 17:00,0.135778
2001-01-26 18:00,0.004528
2001-01-26 19:00,0.0
2001-01-26 20:00,0.0
2001-01-26 21:00,0.0
2001-01-26 22:00,0.0
2001-01-26 23:00,0.0
2001-01-27 00:00,0.0
2001-01-27 01:00,0.0
2001-01-27 02:00,0.0
2001-01-27 03:00,0.0
2001-01-27 04:00,0.0
2001-01-27 05:00,0.0
2001-01-27 06:00,0.0
2001-01-27 07:00,0.004642
2001-01-27 08:00,0.064668
2001-01-27 09:00,0.326325
2001-01-27 10:00,0.529465
2001-01-27 11:00,0.601038
2001-01-27 12:00,0.670678
2001-01-27 13:00,0.66884
2001-01-27 14:00,0.583962
2001-01-27 15:00,0.527688
2001-01-27 16:00,0.345792
2001-01-27 17:00,0.124558
2001-01-27 18:00,0.005808
2001-01-27 19:00,0.0
2001-01-27 20:00,0.0
2001-01-27 21:00,0.0
2001-01-27 22:00,0.0
2001-01-27 23:00,0.0
2001-01-28 00:00,0.0
2001-01-28 01:00,0.0
2001-01-28 02:00,0.0
2001-01-28 03:00,0.0
2001-01-28 04:00,0.0
2001-01-28 05:00,0.0
2001-01-28 06:00,0.0
2001-01-28 07:00,9.8e-05
2001-01-28 08:00,0.128008
2001-01-28 09:00,0.274072
2001-01-28 10:00,0.36587
2001-01-28 11:00,0.592118
2001-01-28 12:00,0.517
2001-01-28 13:00,0.400175
2001-01-28 14:00,0.32014
2001-01-28 15:00,0.265545
2001-01-28 16:00,0.301748
2001-01-28 17:00,0.086345
2001-01-28 18:00,0.007718
2001-01-28 19:00,0.0
2001-01-28 20:00,0.0
2001-01-28 21:00,0.0
2001-01-28 22:00,0.0
2001-01-28 23:00,0.0
2001-01-29 00:00,0.0
2001-01-29 01:00,0.0
2001-01-29 02:00,0.0
2001-01-29 03:00,0.0
2001-01-29 04:00,0.0
2001-01-29 05:00,0.0
2001-01-29 06:00,0.0
2001-01-29 07:00,0.00312
2001-01-29 08:00,0.064978
2001-01-29 09:00,0.37333
2001-01-29 10:00,0.547592
2001-01-29 11:00,0.622523
2001-01-29 12:00,0.69666
2001-01-29 13:00,0.69314
2001-01-29 14:00,0.61129
2001-01-29 15:00,0.520953
2001-01-29 16:00,0.363872
2001-01-29 17:00,0.131628
2001-01-29 18:00,0.006262
2001-01-29 19:00,0.0
2001-01-29 20:00,0.0
2001-01-29 21:00,0.0
2001-01-29 22:00,0.0
2001-01-29 23:00,0.0
2001-01-30 00:00,0.0
2001-01-30 01:00,0.0
2001-01-30 02:00,0.0
2001-01-30 03:00,0.0
2001-01-30 04:00,0.0
2001-01-30 05:00,0.0
2001-01-30 06:00,0.0
2001-01-30 07:00,5e-06
2001-01-30 08:00,0.04947
2001-01-30 09:00,0.373038
2001-01-30 10:00,0.564138
2001-01-30 11:00,0.637198
2001-01-30 12:00,0.7029
2001-01-30 13:00,0.703645
2001-01-30 14:00,0.636228
2001-01-30 15:00,0.5612
2001-01-30 16:00,0.397118
2001-01-30 17:00,0.1577
2001-01-30 18:00,0.00944
2001-01-30 19:00,0.0
2001-01-30 20:00,0.0
2001-01-30 21:00,0.0
2001-01-30 22:00,0.0
2001-01-30 23:00,0.0
2001-01-31 00:00,0.0
2001-01-31 01:00,0.0
2001-01-31 02:00,0.0
2001-01-31 03:00,0.0
2001-01-31 04:00,0.0
2001-01-31 05:00,0.0
2001-01-31 06:00,0.0
2001-01-31 07:00,0.0
2001-01-31 08:00,0.055018
2001-01-31 09:00,0.37288
2001-01-31 10:00,0.563005
2001-01-31 11:00,0.626982
2001-01-31 12:00,0.691252
2001-01-31 13:00,0.693155
2001-01-31 14:00,0.629748
2001-01-31 15:00,0.558618
2001-01-31 16:00,0.379692
2001-01-31 17:00,0.145982
2001-01-31 18:00,0.00802
2001-01-31 19:00,0.0
2001-01-31 20:00,0.0
2001-01-31 21:00,0.0
2001-01-31 22:00,0.0
2001-01-31 23:00,0.0
2001-02-01 00:00,0.0
2001-02-01 01:00,0.0
2001-02-01 02:00,0.0
2001-02-01 03:00,0.0
2001-02-01 04:00,0.0
2001-02-01 05:00,0.0
2001-02-01 06:00,0.00026
2001-02-01 07:00,0.0
2001-02-01 08:00,0.046992
2001-02-01 09:00,0.206043
2001-02-01 10:00,0.373182
2001-02-01 11:00,0.48874
2001-02-01 12:00,0.550485
2001-02-01 13:00,0.551495
2001-02-01 14:00,0.475592
2001-02-01 15:00,0.33476
2001-02-01 16:00,0.18114
2001-02-01 17:00,0.038478
2001-02-01 18:00,0.0
2001-02-01 19:00,0.000255
2001-02-01 20:00,8.8e-05
2001-02-01 21:00,0.000132
2001-02-01 22:00,0.0
2001-02-01 23:00,0.0
2001-02-02 00:00,0.0
2001-02-02 01:00,0.0
2001-02-02 02:00,0.0
2001-02-02 03:00,0.0
2001-02-02 04:00,0.0
2001-02-02 05:00,0.0
2001-02-02 06:00,0.0
2001-02-02 07:00,2.2e-05
2001-02-02 08:00,0.06266
2001-02-02 09:00,0.354648
2001-02-02 10:00,0.528348
2001-02-02 11:00,0.583497
2001-02-02 12:00,0.63348
2001-02-02 13:00,0.627908
2001-02-02 14:00,0.572818
2001-02-02 15:00,0.5091
2001-02-02 16:00,0.340208
2001-02-02 17:00,0.123255
2001-02-02 18:00,0.00834
2001-02-02 19:00,0.0
2001-02-02 20:00,0.0
2001-02-02 21:00,0.0
2001-02-02 22:00,0.0
2001-02-02 23:00,0.0
2001-02-03 00:00,0.0
2001-02-03 01:00,0.0
2001-02-03 02:00,0.0
2001-02-03 03:00,0.0
2001-02-03 04:00,0.0
2001-02-03 05:00,0.0
2001-02-03 06:00,0.0
2001-02-03 07:00,0.02008
2001-02-03 08:00,0.19652
2001-02-03 09:00,0.42583
2001-02-03 10:00,0.559495
2001-02-03 11:00,0.657628
2001-02-03 12:00,0.72114
2001-02-03 13:00,0.717755
2001-02-03 14:00,0.643898
2001-02-03 15:00,0.553272
2001-02-03 16:00,0.407492
2001-02-03 17:00,0.174835
2001-02-03 18:00,0.017777
2001-02-03 19:00,0.0
2001-02-03 20:00,0.0
2001-02-03 21:00,0.0
2001-02-03 22:00,0.0
2001-02-03 23:00,0.0
2001-02-04 00:00,0.0
2001-02-04 01:00,0.0
2001-02-04 02:00,0.0
2001-02-04 03:00,0.0
2001-02-04 04:00,0.0
2001-02-04 05:00,0.0
2001-02-04 06:00,0.0
2001-02-04 07:00,0.080228
2001-02-04 08:00,0.32914
2001-02-04 09:00,0.532898
2001-02-04 10:00,0.663882
2001-02-04 11:00,0.787723
2001-02-04 12:00,0.842402
2001-02-04 13:00,0.834238
2001-02-04 14:00,0.7492
2001-02-04 15:00,0.611188
2001-02-04 16:00,0.492245
2001-02-04 17:00,0.27136
2001-02-04 18:00,0.02172
2001-02-04 19:00,0.0
2001-02-04 20:00,0.0
2001-02-04 21:00,0.0
2001-02-04 22:00,0.0
2001-02-04 23:00,0.0
2001-02-05 00:00,0.0
2001-02-05 01:00,0.0
2001-02-05 02:00,0.0
2001-02-05 03:00,0.0
2001-02-05 04:00,0.0
2001-02-05 05:00,0.0
2001-02-05 06:00,0.014552
2001-02-05 07:00,0.181655
2001-02-05 08:00,0.412502
2001-02-05 09:00,0.55728
2001-02-05 10:00,0.6738
2001-02-05 11:00,0.77582
2001-02-05 12:00,0.804578
2001-02-05 13:00,0.778902
2001-02-05 14:00,0.714432
2001-02-05 15:00,0.596983
2001-02-05 16:00,0.488695
2001-02-05 17:00,0.27834
2001-02-05 18:00,0.027605
2001-02-05 19:00,0.0
2001-02-05 20:00,0.0
2001-02-05 21:00,0.0
2001-02-05 22:00,0.0
2001-02-05 23:00,0.0
2001-02-06 00:00,0.0
2001-02-06 01:00,0.0
2001-02-06 02:00,0.0
2001-02-06 03:00,0.0
2001-02-06 04:00,0.0
2001-02-06 05:00,0.0
2001-02-06 06:00,0.012123
2001-02-06 07:00,0.089075
2001-02-06 08:00,0.193578
2001-02-06 09:00,0.34728
2001-02-06 10:00,0.534782
2001-02-06 11:00,0.604085
2001-02-06 12:00,0.553115
2001-02-06 13:00,0.741415
2001-02-06 14:00,0.57159
2001-02-06 15:00,0.271042
2001-02-06 16:00,0.063975
2001-02-06 17:00,0.120298
2001-02-06 18:00,0.020845
2001-02-06 19:00,0.0
2001-02-06 20:00,0.0
2001-02-06 21:00,0.0
2001-02-06 22:00,0.0
2001-02-06 23:00,0.0
2001-02-07 00:00,0.0
2001-02-07 01:00,0.0
2001-02-07 02:00,0.0
2001-02-07 03:00,0.0
2001-02-07 04:00,0.0
2001-02-07 05:00,0.0
2001-02-07 06:00,0.019758
2001-02-07 07:00,0.14106
2001-02-07 08:00,0.339605
2001-02-07 09:00,0.430987
2001-02-07 10:00,0.54619
2001-02-07 11:00,0.56176
2001-02-07 12:00,0.622128
2001-02-07 13:00,0.841948
2001-02-07 14:00,0.71037
2001-02-07 15:00,0.59702
2001-02-07 16:00,0.390875
2001-02-07 17:00,0.319945
2001-02-07 18:00,0.055878
2001-02-07 19:00,0.0
2001-02-07 20:00,0.0
2001-02-07 21:00,0.0
2001-02-07 22:00,0.0
2001-02-07 23:00,0.0
2001-02-08 00:00,0.0
2001-02-08 01:00,0.0
2001-02-08 02:00,0.0
2001-02-08 03:00,0.0
2001-02-08 04:00,0.0
2001-02-08 05:00,0.0
2001-02-08 06:00,0.004032
2001-02-08 07:00,0.062185
2001-02-08 08:00,0.13119
2001-02-08 09:00,0.317355
2001-02-08 10:00,0.38198
2001-02-08 11:00,0.758295
2001-02-08 12:00,0.82046
2001-02-08 13:00,0.800708
2001-02-08 14:00,0.770065
2001-02-08 15:00,0.653138
2001-02-08 16:00,0.530653
2001-02-08 17:00,0.333878
2001-02-08 18:00,0.01682
2001-02-08 19:00,0.0
2001-02-08 20:00,0.0
2001-02-08 21:00,0.0
2001-02-08 22:00,0.0
2001-02-08 23:00,0.0
2001-02-09 00:00,0.0
2001-02-09 01:00,0.0
2001-02-09 02:00,0.0
2001-02-09 03:00,0.0
2001-02-09 04:00,0.0
2001-02-09 05:00,0.0
2001-02-09 06:00,3.8e-05
2001-02-09 07:00,0.069645
2001-02-09 08:00,0.19153
2001-02-09 09:00,0.4381
2001-02-09 10:00,0.42618
2001-02-09 11:00,0.719523
2001-02-09 12:00,0.835318
2001-02-09 13:00,0.794518
2001-02-09 14:00,0.390967
2001-02-09 15:00,0.498315
2001-02-09 16:00,0.365803
2001-02-09 17:00,0.143358
2001-02-09 18:00,0.022105
2001-02-09 19:00,0.0
2001-02-09 20:00,0.0
2001-02-09 21:00,0.0
2001-02-09 22:00,0.0
2001-02-09 23:00,0.0
2001-02-10 00:00,0.0
2001-02-10 01:00,0.0
2001-02-10 02:00,0.0
2001-02-10 03:00,0.0
2001-02-10 04:00,0.0
2001-02-10 05:00,0.0
2001-02-10 06:00,0.0
2001-02-10 07:00,0.059512
2001-02-10 08:00,0.259977
2001-02-10 09:00,0.521985
2001-02-10 10:00,0.61463
2001-02-10 11:00,0.727462
2001-02-10 12:00,0.757572
2001-02-10 13:00,0.699607
2001-02-10 14:00,0.62948
2001-02-10 15:00,0.530458
2001-02-10 16:00,0.22999
2001-02-10 17:00,0.103962
2001-02-10 18:00,0.008412
2001-02-10 19:00,0.0
2001-02-10 20:00,0.0
2001-02-10 21:00,0.0
2001-02-10 22:00,0.0
2001-02-10 23:00,0.0
2001-02-11 00:00,0.0
2001-02-11 01:00,0.0
2001-02-11 02:00,0.0
2001-02-11 03:00,0.0
2001-02-11 04:00,0.0
2001-02-11 05:00,0.0
2001-02-11 06:00,0.0
2001-02-11 07:00,0.025068
2001-02-11 08:00,0.149935
2001-02-11 09:00,0.37731
2001-02-11 10:00,0.52611
2001-02-11 11:00,0.562028
2001-02-11 12:00,0.60087
2001-02-11 13:00,0.566198
2001-02-11 14:00,0.534018
2001-02-11 15:00,0.391577
2001-02-11 16:00,0.177855
2001-02-11 17:00,0.04259
2001-02-11 18:00,0.0
2001-02-11 19:00,0.0
2001-02-11 20:00,0.0
2001-02-11 21:00,0.0
2001-02-11 22:00,0.0
2001-02-11 23:00,0.0
2001-02-12 00:00,0.0
2001-02-12 01:00,0.0
2001-02-12 02:00,0.0
2001-02-12 03:00,0.0
2001-02-12 04:00,0.0
2001-02-12 05:00,0.0
2001-02-12 06:00,0.0
2001-02-12 07:00,0.000395
2001-02-12 08:00,0.038435
2001-02-12 09:00,0.406625
2001-02-12 10:00,0.54816
2001-02-12 11:00,0.608535
2001-02-12 12:00,0.632902
2001-02-12 13:00,0.581105
2001-02-12 14:00,0.544298
2001-02-12 15:00,0.433832
2001-02-12 16:00,0.202743
2001-02-12 17:00,0.044645
2001-02-12 18:00,0.0
2001-02-12 19:00,0.0
2001-02-12 20:00,0.0
2001-02-12 21:00,0.0
2001-02-12 22:00,0.0
2001-02-12 23:00,0.0
2001-02-13 00:00,0.0
2001-02-13 01:00,0.0
2001-02-13 02:00,0.0
2001-02-13 03:00,0.0
2001-02-13 04:00,0.0
2001-02-13 05:00,0.0
2001-02-13 06:00,0.0
2001-02-13 07:00,0.00654
2001-02-13 08:00,0.133173
2001-02-13 09:00,0.366
2001-02-13 10:00,0.533562
2001-02-13 11:00,0.59079
2001-02-13 12:00,0.647575
2001-02-13 13:00,0.655805
2001-02-13 14:00,0.595822
2001-02-13 15:00,0.533818
2001-02-13 16:00,0.37542
2001-02-13 17:00,0.157688
2001-02-13 18:00,0.013265
2001-02-13 19:00,0.0
2001-02-13 20:00,0.0
2001-02-13 21:00,0.0
2001-02-13 22:00,0.0
2001-02-13 23:00,0.0
2001-02-14 00:00,0.0
2001-02-14 01:00,0.0
2001-02-14 02:00,0.0
2001-02-14 03:00,0.0
2001-02-14 04:00,0.0
2001-02-14 05:00,0.0
2001-02-14 06:00,0.0
2001-02-14 07:00,0.005505
2001-02-14 08:00,0.149245
2001-02-14 09:00,0.38612
2001-02-14 10:00,0.543705
2001-02-14 11:00,0.62131
2001-02-14 12:00,0.689742
2001-02-14 13:00,0.684783
2001-02-14 14:00,0.626572
2001-02-14 15:00,0.543195
2001-02-14 16:00,0.396347
2001-02-14 17:00,0.16691
2001-02-14 18:00,0.011892
2001-02-14 19:00,0.0
2001-02-14 20:00,0.0
2001-02-14 21:00,0.0
2001-02-14 22:00,0.0
2001-02-14 23:00,0.0
2001-02-15 00:00,0.0
2001-02-15 01:00,0.0
2001-02-15 02:00,0.0
2001-02-15 03:00,0.0
2001-02-15 04:00,0.0
2001-02-15 05:00,0.0
2001-02-15 06:00,0.0
2001-02-15 07:00,0.00495
2001-02-15 08:00,0.158418
2001-02-15 09:00,0.404888
2001-02-15 10:00,0.553815
2001-02-15 11:00,0.647458
2001-02-15 12:00,0.703592
2001-02-15 13:00,0.685438
2001-02-15 14:00,0.63277
2001-02-15 15:00,0.551325
2001-02-15 16:00,0.287322
2001-02-15 17:00,0.10867
2001-02-15 18:00,0.008678
2001-02-15 19:00,0.0
2001-02-15 20:00,0.0
2001-02-15 21:00,0.0
2001-02-15 22:00,0.0
2001-02-15 23:00,0.0
2001-02-16 00:00,0.0
2001-02-16 01:00,0.0
2001-02-16 02:00,0.0
2001-02-16 03:00,0.0
2001-02-16 04:00,0.0
2001-02-16 05:00,0.0
2001-02-16 06:00,0.0
2001-02-16 07:00,0.005015
2001-02-16 08:00,0.123575
2001-02-16 09:00,0.34313
2001-02-16 10:00,0.515155
2001-02-16 11:00,0.58501
2001-02-16 12:00,0.641245
2001-02-16 13:00,0.64055
2001-02-16 14:00,0.582212
2001-02-16 15:00,0.521942
2001-02-16 16:00,0.355172
2001-02-16 17:00,0.142392
2001-02-16 18:00,0.009822
2001-02-16 19:00,0.0
2001-02-16 20:00,0.0
2001-02-16 21:00,0.0
2001-02-16 22:00,0.0
2001-02-16 23:00,0.0
2001-02-17 00:00,0.0
2001-02-17 01:00,0.0
2001-02-17 02:00,0.0
2001-02-17 03:00,0.0
2001-02-17 04:00,0.0
2001-02-17 05:00,0.0
2001-02-17 06:00,0.0
2001-02-17 07:00,0.005238
2001-02-17 08:00,0.14028
2001-02-17 09:00,0.3694
2001-02-17 10:00,0.53652
2001-02-17 11:00,0.617875
2001-02-17 12:00,0.685362
2001-02-17 13:00,0.673122
2001-02-17 14:00,0.608378
2001-02-17 15:00,0.538458
2001-02-17 16:00,0.385027
2001-02-17 17:00,0.156863
2001-02-17 18:00,0.012548
2001-02-17 19:00,0.0
2001-02-17 20:00,0.0
2001-02-17 21:00,0.0
2001-02-17 22:00,0.0
2001-02-17 23:00,0.0
2001-02-18 00:00,0.0
2001-02-18 01:00,0.0
2001-02-18 02:00,0.0
2001-02-18 03:00,0.0
2001-02-18 04:00,0.0
2001-02-18 05:00,0.0
2001-02-18 06:00,0.0
2001-02-18 07:00,0.009298
2001-02-18 08:00,0.16854
2001-02-18 09:00,0.408802
2001-02-18 10:00,0.554038
2001-02-18 11:00,0.653222
2001-02-18 12:00,0.720552
2001-02-18 13:00,0.709675
2001-02-18 14:00,0.646572
2001-02-18 15:00,0.565298
2001-02-18 16:00,0.34005
2001-02-18 17:00,0.16551
2001-02-18 18:00,0.02084
2001-02-18 19:00,0.0
2001-02-18 20:00,0.0
2001-02-18 21:00,0.0
2001-02-18 22:00,0.0
2001-02-18 23:00,0.0
2001-02-19 00:00,0.0
2001-02-19 01:00,0.0
2001-02-19 02:00,0.0
2001-02-19 03:00,0.0
2001-02-19 04:00,0.0
2001-02-19 05:00,0.0
2001-02-19 06:00,0.0
2001-02-19 07:00,0.008588
2001-02-19 08:00,0.12506
2001-02-19 09:00,0.327975
2001-02-19 10:00,0.50614
2001-02-19 11:00,0.612025
2001-02-19 12:00,0.67646
2001-02-19 13:00,0.66747
2001-02-19 14:00,0.605448
2001-02-19 15:00,0.52087
2001-02-19 16:00,0.357822
2001-02-19 17:00,0.119452
2001-02-19 18:00,0.017255
2001-02-19 19:00,0.0
2001-02-19 20:00,0.0
2001-02-19 21:00,0.0
2001-02-19 22:00,0.0
2001-02-19 23:00,0.0
2001-02-20 00:00,0.0
2001-02-20 01:00,0.0
2001-02-20 02:00,0.0
2001-02-20 03:00,0.0
2001-02-20 04:00,0.0
2001-02-20 05:00,0.0
2001-02-20 06:00,0.0
2001-02-20 07:00,0.008842
2001-02-20 08:00,0.15099
2001-02-20 09:00,0.382398
2001-02-20 10:00,0.53701
2001-02-20 11:00,0.624507
2001-02-20 12:00,0.687675
2001-02-20 13:00,0.65477
2001-02-20 14:00,0.612648
2001-02-20 15:00,0.543605
2001-02-20 16:00,0.404882
2001-02-20 17:00,0.18686
2001-02-20 18:00,0.01819
2001-02-20 19:00,0.0
2001-02-20 20:00,0.0
2001-02-20 21:00,0.0
2001-02-20 22:00,0.0
2001-02-20 23:00,0.0
2001-02-21 00:00,0.0
2001-02-21 01:00,0.0
2001-02-21 02:00,0.0
2001-02-21 03:00,0.0
2001-02-21 04:00,0.0
2001-02-21 05:00,0.0
2001-02-21 06:00,0.0
2001-02-21 07:00,0.005775
2001-02-21 08:00,0.146858
2001-02-21 09:00,0.403365
2001-02-21 10:00,0.549935
2001-02-21 11:00,0.63423
2001-02-21 12:00,0.708365
2001-02-21 13:00,0.683645
2001-02-21 14:00,0.588473
2001-02-21 15:00,0.517372
2001-02-21 16:00,0.372228
2001-02-21 17:00,0.186448
2001-02-21 18:00,0.01833
2001-02-21 19:00,0.0
2001-02-21 20:00,0.0
2001-02-21 21:00,0.0
2001-02-21 22:00,0.0
2001-02-21 23:00,0.0
2001-02-22 00:00,0.0
2001-02-22 01:00,0.0
2001-02-22 02:00,0.0
2001-02-22 03:00,0.0
2001-02-22 04:00,0.0
2001-02-22 05:00,0.0
2001-02-22 06:00,0.0
2001-02-22 07:00,0.013048
2001-02-22 08:00,0.165325
2001-02-22 09:00,0.40486
2001-02-22 10:00,0.55738
2001-02-22 11:00,0.658062
2001-02-22 12:00,0.722347
2001-02-22 13:00,0.711658
2001-02-22 14:00,0.635415
2001-02-22 15:00,0.551865
2001-02-22 16:00,0.408458
2001-02-22 17:00,0.173572
2001-02-22 18:00,0.017575
2001-02-22 19:00,0.0
2001-02-22 20:00,0.0
2001-02-22 21:00,0.0
2001-02-22 22:00,0.0
2001-02-22 23:00,0.0
2001-02-23 00:00,0.0
2001-02-23 01:00,0.0
2001-02-23 02:00,0.0
2001-02-23 03:00,0.0
2001-02-23 04:00,0.0
2001-02-23 05:00,0.0
2001-02-23 06:00,0.0
2001-02-23 07:00,0.013963
2001-02-23 08:00,0.17074
2001-02-23 09:00,0.410895
2001-02-23 10:00,0.554762
2001-02-23 11:00,0.648135
2001-02-23 12:00,0.715598
2001-02-23 13:00,0.701705
2001-02-23 14:00,0.615145
2001-02-23 15:00,0.441262
2001-02-23 16:00,0.38782
2001-02-23 17:00,0.171018
2001-02-23 18:00,0.019018
2001-02-23 19:00,0.0
2001-02-23 20:00,0.0
2001-02-23 21:00,0.0
2001-02-23 22:00,0.0
2001-02-23 23:00,0.0
2001-02-24 00:00,0.0
2001-02-24 01:00,0.0
2001-02-24 02:00,0.0
2001-02-24 03:00,0.0
2001-02-24 04:00,0.0
2001-02-24 05:00,0.0
2001-02-24 06:00,0.0
2001-02-24 07:00,0.012365
2001-02-24 08:00,0.162212
2001-02-24 09:00,0.418238
2001-02-24 10:00,0.55402
2001-02-24 11:00,0.64688
2001-02-24 12:00,0.71234
2001-02-24 13:00,0.710782
2001-02-24 14:00,0.659482
2001-02-24 15:00,0.570692
2001-02-24 16:00,0.42417
2001-02-24 17:00,0.179558
2001-02-24 18:00,0.017675
2001-02-24 19:00,0.0
2001-02-24 20:00,0.0
2001-02-24 21:00,0.0
2001-02-24 22:00,0.0
2001-02-24 23:00,0.0
2001-02-25 00:00,0.0
2001-02-25 01:00,0.0
2001-02-25 02:00,0.0
2001-02-25 03:00,0.0
2001-02-25 04:00,0.0
2001-02-25 05:00,0.0
2001-02-25 06:00,0.000512
2001-02-25 07:00,0.03569
2001-02-25 08:00,0.190758
2001-02-25 09:00,0.439642
2001-02-25 10:00,0.559152
2001-02-25 11:00,0.661135
2001-02-25 12:00,0.729692
2001-02-25 13:00,0.716998
2001-02-25 14:00,0.654963
2001-02-25 15:00,0.5603
2001-02-25 16:00,0.417607
2001-02-25 17:00,0.177785
2001-02-25 18:00,0.017652
2001-02-25 19:00,0.0
2001-02-25 20:00,0.0
2001-02-25 21:00,0.0
2001-02-25 22:00,0.0
2001-02-25 23:00,0.0
2001-02-26 00:00,0.0
2001-02-26 01:00,0.0
2001-02-26 02:00,0.0
2001-02-26 03:00,0.0
2001-02-26 04:00,0.0
2001-02-26 05:00,0.0
2001-02-26 06:00,0.0
2001-02-26 07:00,0.018902
2001-02-26 08:00,0.18566
2001-02-26 09:00,0.429325
2001-02-26 10:00,0.561185
2001-02-26 11:00,0.66344
2001-02-26 12:00,0.734585
2001-02-26 13:00,0.72478
2001-02-26 14:00,0.65646
2001-02-26 15:00,0.557618
2001-02-26 16:00,0.419682
2001-02-26 17:00,0.127273
2001-02-26 18:00,0.018565
2001-02-26 19:00,0.0
2001-02-26 20:00,0.0
2001-02-26 21:00,0.0
2001-02-26 22:00,0.0
2001-02-26 23:00,0.0
2001-02-27 00:00,0.0
2001-02-27 01:00,0.0
2001-02-27 02:00,0.0
2001-02-27 03:00,0.0
2001-02-27 04:00,0.0
2001-02-27 05:00,0.0
2001-02-27 06:00,0.0
2001-02-27 07:00,0.018222
2001-02-27 08:00,0.18861
2001-02-27 09:00,0.432455
2001-02-27 10:00,0.561388
2001-02-27 11:00,0.656852
2001-02-27 12:00,0.720795
2001-02-27 13:00,0.713332
2001-02-27 14:00,0.654142
2001-02-27 15:00,0.560385
2001-02-27 16:00,0.42273
2001-02-27 17:00,0.1832
2001-02-27 18:00,0.01864
2001-02-27 19:00,0.0
2001-02-27 20:00,0.0
2001-02-27 21:00,0.0
2001-02-27 22:00,0.0
2001-02-27 23:00,0.0
2001-02-28 00:00,0.0
2001-02-28 01:00,0.0
2001-02-28 02:00,0.0
2001-02-28 03:00,0.0
2001-02-28 04:00,0.0
2001-02-28 05:00,0.0
2001-02-28 06:00,0.0
2001-02-28 07:00,0.024028
2001-02-28 08:00,0.198718
2001-02-28 09:00,0.443137
2001-02-28 10:00,0.555308
2001-02-28 11:00,0.66278
2001-02-28 12:00,0.720863
2001-02-28 13:00,0.718242
2001-02-28 14:00,0.6602
2001-02-28 15:00,0.55799
2001-02-28 16:00,0.369128
2001-02-28 17:00,0.200692
2001-02-28 18:00,0.017148
2001-02-28 19:00,0.0
2001-02-28 20:00,0.0
2001-02-28 21:00,0.0
2001-02-28 22:00,0.0
2001-02-28 23:00,0.0
2001-03-01 00:00,0.0
2001-03-01 01:00,0.0
2001-03-01 02:00,0.0
2001-03-01 03:00,0.0
2001-03-01 04:00,0.0
2001-03-01 05:00,0.0
2001-03-01 06:00,0.0
2001-03-01 07:00,0.0
2001-03-01 08:00,0.054165
2001-03-01 09:00,0.213495
2001-03-01 10:00,0.417022
2001-03-01 11:00,0.561082
2001-03-01 12:00,0.620762
2001-03-01 13:00,0.59545
2001-03-01 14:00,0.53532
2001-03-01 15:00,0.410603
2001-03-01 16:00,0.229888
2001-03-01 17:00,0.042338
2001-03-01 18:00,0.0
2001-03-01 19:00,0.0
2001-03-01 20:00,0.0
2001-03-01 21:00,0.0
2001-03-01 22:00,0.0
2001-03-01 23:00,0.00019
2001-03-02 00:00,0.0
2001-03-02 01:00,0.0
2001-03-02 02:00,0.0
2001-03-02 03:00,0.0
2001-03-02 04:00,0.0
2001-03-02 05:00,0.0
2001-03-02 06:00,0.0
2001-03-02 07:00,0.000122
2001-03-02 08:00,0.066578
2001-03-02 09:00,0.34451
2001-03-02 10:00,0.518665
2001-03-02 11:00,0.576545
2001-03-02 12:00,0.63148
2001-03-02 13:00,0.626762
2001-03-02 14:00,0.572242
2001-03-02 15:00,0.516235
2001-03-02 16:00,0.355275
2001-03-02 17:00,0.130152
2001-03-02 18:00,0.009135
2001-03-02 19:00,0.0
2001-03-02 20:00,0.0
2001-03-02 21:00,0.0
2001-03-02 22:00,0.0
2001-03-02 23:00,0.0
2001-03-03 00:00,0.0
2001-03-03 01:00,0.0
2001-03-03 02:00,0.0
2001-03-03 03:00,0.0
2001-03-03 04:00,0.0
2001-03-03 05:00,0.0
2001-03-03 06:00,0.014662
2001-03-03 07:00,0.017942
2001-03-03 08:00,0.116733
2001-03-03 09:00,0.307202
2001-03-03 10:00,0.527808
2001-03-03 11:00,0.640342
2001-03-03 12:00,0.703142
2001-03-03 13:00,0.700382
2001-03-03 14:00,0.61882
2001-03-03 15:00,0.53644
2001-03-03 16:00,0.34377
2001-03-03 17:00,0.110725
2001-03-03 18:00,0.020395
2001-03-03 19:00,0.0
2001-03-03 20:00,0.0
2001-03-03 21:00,0.0
2001-03-03 22:00,0.0
2001-03-03 23:00,0.0
2001-03-04 00:00,0.0
2001-03-04 01:00,0.0
2001-03-04 02:00,0.0
2001-03-04 03:00,0.0
2001-03-04 04:00,0.0
2001-03-04 05:00,0.0
2001-03-04 06:00,0.0
2001-03-04 07:00,0.095938
2001-03-04 08:00,0.347032
2001-03-04 09:00,0.536538
2001-03-04 10:00,0.671825
2001-03-04 11:00,0.797525
2001-03-04 12:00,0.851715
2001-03-04 13:00,0.838495
2001-03-04 14:00,0.745482
2001-03-04 15:00,0.61109
2001-03-04 16:00,0.49302
2001-03-04 17:00,0.264548
2001-03-04 18:00,0.021548
2001-03-04 19:00,0.0
2001-03-04 20:00,0.0
2001-03-04 21:00,0.0
2001-03-04 22:00,0.0
2001-03-04 23:00,0.0
2001-03-05 00:00,0.0
2001-03-05 01:00,0.0
2001-03-05 02:00,0.0
2001-03-05 03:00,0.0
2001-03-05 04:00,0.0
2001-03-05 05:00,0.0
2001-03-05 06:00,0.019233
2001-03-05 07:00,0.194975
2001-03-05 08:00,0.433312
2001-03-05 09:00,0.564078
2001-03-05 10:00,0.682302
2001-03-05 11:00,0.78712
2001-03-05 12:00,0.821602
2001-03-05 13:00,0.797028
2001-03-05 14:00,0.732598
2001-03-05 15:00,0.60941
2001-03-05 16:00,0.497478
2001-03-05 17:00,0.294795
2001-03-05 18:00,0.031818
2001-03-05 19:00,0.0
2001-03-05 20:00,0.0
2001-03-05 21:00,0.0
2001-03-05 22:00,0.0
2001-03-05 23:00,0.0
2001-03-06 00:00,0.0
2001-03-06 01:00,0.0
2001-03-06 02:00,0.0
2001-03-06 03:00,0.0
2001-03-06 04:00,0.0
2001-03-06 05:00,0.0
2001-03-06 06:00,0.003528
2001-03-06 07:00,0.065295
2001-03-06 08:00,0.230862
2001-03-06 09:00,0.429292
2001-03-06 10:00,0.494965
2001-03-06 11:00,0.490945
2001-03-06 12:00,0.513265
2001-03-06 13:00,0.572965
2001-03-06 14:00,0.541462
2001-03-06 15:00,0.386255
2001-03-06 16:00,0.310458
2001-03-06 17:00,0.211167
2001-03-06 18:00,0.018552
2001-03-06 19:00,0.0
2001-03-06 20:00,0.0
2001-03-06 21:00,0.0
2001-03-06 22:00,0.0
2001-03-06 23:00,0.0
2001-03-07 00:00,0.0
2001-03-07 01:00,0.0
2001-03-07 02:00,0.0
2001-03-07 03:00,0.0
2001-03-07 04:00,0.0
2001-03-07 05:00,0.0
2001-03-07 06:00,0.010202
2001-03-07 07:00,0.04471
2001-03-07 08:00,0.110278
2001-03-07 09:00,0.39145
2001-03-07 10:00,0.542762
2001-03-07 11:00,0.560132
2001-03-07 12:00,0.524305
2001-03-07 13:00,0.609497
2001-03-07 14:00,0.488335
2001-03-07 15:00,0.53813
2001-03-07 16:00,0.277028
2001-03-07 17:00,0.072433
2001-03-07 18:00,0.003215
2001-03-07 19:00,0.0
2001-03-07 20:00,0.0
2001-03-07 21:00,0.0
2001-03-07 22:00,0.0
2001-03-07 23:00,0.0
2001-03-08 00:00,0.0
2001-03-08 01:00,0.0
2001-03-08 02:00,0.0
2001-03-08 03:00,0.0
2001-03-08 04:00,0.0
2001-03-08 05:00,0.0
2001-03-08 06:00,0.00049
2001-03-08 07:00,0.075488
2001-03-08 08:00,0.221958
2001-03-08 09:00,0.359888
2001-03-08 10:00,0.400262
2001-03-08 11:00,0.738915
2001-03-08 12:00,0.876618
2001-03-08 13:00,0.791742
2001-03-08 14:00,0.57138
2001-03-08 15:00,0.50172
2001-03-08 16:00,0.349612
2001-03-08 17:00,0.349512
2001-03-08 18:00,0.048678
2001-03-08 19:00,0.0
2001-03-08 20:00,0.0
2001-03-08 21:00,0.0
2001-03-08 22:00,0.0
2001-03-08 23:00,0.0
2001-03-09 00:00,0.0
2001-03-09 01:00,0.0
2001-03-09 02:00,0.0
2001-03-09 03:00,0.0
2001-03-09 04:00,0.0
2001-03-09 05:00,0.0
2001-03-09 06:00,0.000802
2001-03-09 07:00,0.090555
2001-03-09 08:00,0.288148
2001-03-09 09:00,0.390175
2001-03-09 10:00,0.533712
2001-03-09 11:00,0.715028
2001-03-09 12:00,0.671288
2001-03-09 13:00,0.525642
2001-03-09 14:00,0.5658
2001-03-09 15:00,0.556478
2001-03-09 16:00,0.39543
2001-03-09 17:00,0.10768
2001-03-09 18:00,0.015265
2001-03-09 19:00,0.0
2001-03-09 20:00,0.0
2001-03-09 21:00,0.0
2001-03-09 22:00,0.0
2001-03-09 23:00,0.0
2001-03-10 00:00,0.0
2001-03-10 01:00,0.0
2001-03-10 02:00,0.0
2001-03-10 03:00,0.0
2001-03-10 04:00,0.0
2001-03-10 05:00,0.0
2001-03-10 06:00,0.0
2001-03-10 07:00,0.06401
2001-03-10 08:00,0.297125
2001-03-10 09:00,0.516925
2001-03-10 10:00,0.620987
2001-03-10 11:00,0.72939
2001-03-10 12:00,0.75772
2001-03-10 13:00,0.726227
2001-03-10 14:00,0.627
2001-03-10 15:00,0.532388
2001-03-10 16:00,0.328558
2001-03-10 17:00,0.101658
2001-03-10 18:00,0.005612
2001-03-10 19:00,0.0
2001-03-10 20:00,0.0
2001-03-10 21:00,0.0
2001-03-10 22:00,0.0
2001-03-10 23:00,0.0
2001-03-11 00:00,0.0
2001-03-11 01:00,0.0
2001-03-11 02:00,0.0
2001-03-11 03:00,0.0
2001-03-11 04:00,0.0
2001-03-11 05:00,0.0
2001-03-11 06:00,0.0
2001-03-11 07:00,0.035572
2001-03-11 08:00,0.16893
2001-03-11 09:00,0.40908
2001-03-11 10:00,0.543008
2001-03-11 11:00,0.57206
2001-03-11 12:00,0.6147
2001-03-11 13:00,0.581415
2001-03-11 14:00,0.544492
2001-03-11 15:00,0.42187
2001-03-11 16:00,0.200515
2001-03-11 17:00,0.04505
2001-03-11 18:00,0.0
2001-03-11 19:00,0.0
2001-03-11 20:00,0.0
2001-03-11 21:00,0.0
2001-03-11 22:00,0.0
2001-03-11 23:00,0.0
2001-03-12 00:00,0.0
2001-03-12 01:00,0.0
2001-03-12 02:00,0.0
2001-03-12 03:00,0.0
2001-03-12 04:00,0.0
2001-03-12 05:00,0.0
2001-03-12 06:00,0.0
2001-03-12 07:00,0.0016
2001-03-12 08:00,0.041465
2001-03-12 09:00,0.398765
2001-03-12 10:00,0.546192
2001-03-12 11:00,0.600022
2001-03-12 12:00,0.624202
2001-03-12 13:00,0.580395
2001-03-12 14:00,0.544722
2001-03-12 15:00,0.425848
2001-03-12 16:00,0.197895
2001-03-12 17:00,0.043552
2001-03-12 18:00,0.0
2001-03-12 19:00,0.0
2001-03-12 20:00,0.0
2001-03-12 21:00,0.0
2001-03-12 22:00,0.0
2001-03-12 23:00,0.0
2001-03-13 00:00,0.0
2001-03-13 01:00,0.0
2001-03-13 02:00,0.0
2001-03-13 03:00,0.0
2001-03-13 04:00,0.0
2001-03-13 05:00,0.0
2001-03-13 06:00,0.0
2001-03-13 07:00,0.03879
2001-03-13 08:00,0.249998
2001-03-13 09:00,0.482408
2001-03-13 10:00,0.596065
2001-03-13 11:00,0.570545
2001-03-13 12:00,0.617185
2001-03-13 13:00,0.378012
2001-03-13 14:00,0.624572
2001-03-13 15:00,0.448628
2001-03-13 16:00,0.304985
2001-03-13 17:00,0.10951
2001-03-13 18:00,0.02077
2001-03-13 19:00,0.0
2001-03-13 20:00,0.0
2001-03-13 21:00,0.0
2001-03-13 22:00,0.0
2001-03-13 23:00,0.0
2001-03-14 00:00,0.0
2001-03-14 01:00,0.0
2001-03-14 02:00,0.0
2001-03-14 03:00,0.0
2001-03-14 04:00,0.0
2001-03-14 05:00,0.0
2001-03-14 06:00,0.0
2001-03-14 07:00,0.03972
2001-03-14 08:00,0.26576
2001-03-14 09:00,0.494438
2001-03-14 10:00,0.603125
2001-03-14 11:00,0.72359
2001-03-14 12:00,0.801855
2001-03-14 13:00,0.80443
2001-03-14 14:00,0.71753
2001-03-14 15:00,0.600438
2001-03-14 16:00,0.476857
2001-03-14 17:00,0.252942
2001-03-14 18:00,0.020075
2001-03-14 19:00,0.0
2001-03-14 20:00,0.0
2001-03-14 21:00,0.0
2001-03-14 22:00,0.0
2001-03-14 23:00,0.0
2001-03-15 00:00,0.0
2001-03-15 01:00,0.0
2001-03-15 02:00,0.0
2001-03-15 03:00,0.0
2001-03-15 04:00,0.0
2001-03-15 05:00,0.0
2001-03-15 06:00,0.0
2001-03-15 07:00,0.029715
2001-03-15 08:00,0.214423
2001-03-15 09:00,0.48567
2001-03-15 10:00,0.59182
2001-03-15 11:00,0.733302
2001-03-15 12:00,0.74247
2001-03-15 13:00,0.520672
2001-03-15 14:00,0.465375
2001-03-15 15:00,0.469042
2001-03-15 16:00,0.40445
2001-03-15 17:00,0.23505
2001-03-15 18:00,0.02079
2001-03-15 19:00,0.0
2001-03-15 20:00,0.0
2001-03-15 21:00,0.0
2001-03-15 22:00,0.0
2001-03-15 23:00,0.0
2001-03-16 00:00,0.0
2001-03-16 01:00,0.0
2001-03-16 02:00,0.0
2001-03-16 03:00,0.0
2001-03-16 04:00,0.0
2001-03-16 05:00,0.0
2001-03-16 06:00,0.0
2001-03-16 07:00,0.047332
2001-03-16 08:00,0.29019
2001-03-16 09:00,0.501355
2001-03-16 10:00,0.601218
2001-03-16 11:00,0.728135
2001-03-16 12:00,0.820128
2001-03-16 13:00,0.801875
2001-03-16 14:00,0.697855
2001-03-16 15:00,0.578658
2001-03-16 16:00,0.453875
2001-03-16 17:00,0.235118
2001-03-16 18:00,0.0206
2001-03-16 19:00,0.0
2001-03-16 20:00,0.0
2001-03-16 21:00,0.0
2001-03-16 22:00,0.0
2001-03-16 23:00,0.0
2001-03-17 00:00,0.0
2001-03-17 01:00,0.0
2001-03-17 02:00,0.0
2001-03-17 03:00,0.0
2001-03-17 04:00,0.0
2001-03-17 05:00,0.0
2001-03-17 06:00,0.0
2001-03-17 07:00,0.045472
2001-03-17 08:00,0.267312
2001-03-17 09:00,0.483588
2001-03-17 10:00,0.582172
2001-03-17 11:00,0.69243
2001-03-17 12:00,0.78095
2001-03-17 13:00,0.769035
2001-03-17 14:00,0.66352
2001-03-17 15:00,0.560688
2001-03-17 16:00,0.424292
2001-03-17 17:00,0.209012
2001-03-17 18:00,0.020162
2001-03-17 19:00,0.0
2001-03-17 20:00,0.0
2001-03-17 21:00,0.0
2001-03-17 22:00,0.0
2001-03-17 23:00,0.0
2001-03-18 00:00,0.0
2001-03-18 01:00,0.0
2001-03-18 02:00,0.0
2001-03-18 03:00,0.0
2001-03-18 04:00,0.0
2001-03-18 05:00,0.0
2001-03-18 06:00,0.0
2001-03-18 07:00,0.046655
2001-03-18 08:00,0.276688
2001-03-18 09:00,0.48883
2001-03-18 10:00,0.590378
2001-03-18 11:00,0.69593
2001-03-18 12:00,0.803272
2001-03-18 13:00,0.77783
2001-03-18 14:00,0.677765
2001-03-18 15:00,0.567352
2001-03-18 16:00,0.45167
2001-03-18 17:00,0.227478
2001-03-18 18:00,0.020292
2001-03-18 19:00,0.0
2001-03-18 20:00,0.0
2001-03-18 21:00,0.0
2001-03-18 22:00,0.0
2001-03-18 23:00,0.0
2001-03-19 00:00,0.0
2001-03-19 01:00,0.0
2001-03-19 02:00,0.0
2001-03-19 03:00,0.0
2001-03-19 04:00,0.0
2001-03-19 05:00,0.0
2001-03-19 06:00,0.0
2001-03-19 07:00,0.042798
2001-03-19 08:00,0.214038
2001-03-19 09:00,0.468468
2001-03-19 10:00,0.58105
2001-03-19 11:00,0.694778
2001-03-19 12:00,0.757072
2001-03-19 13:00,0.543753
2001-03-19 14:00,0.647268
2001-03-19 15:00,0.576405
2001-03-19 16:00,0.4286
2001-03-19 17:00,0.19675
2001-03-19 18:00,0.019395
2001-03-19 19:00,0.0
2001-03-19 20:00,0.0
2001-03-19 21:00,0.0
2001-03-19 22:00,0.0
2001-03-19 23:00,0.0
2001-03-20 00:00,0.0
2001-03-20 01:00,0.0
2001-03-20 02:00,0.0
2001-03-20 03:00,0.0
2001-03-20 04:00,0.0
2001-03-20 05:00,0.0
2001-03-20 06:00,0.0
2001-03-20 07:00,0.051812
2001-03-20 08:00,0.309108
2001-03-20 09:00,0.498995
2001-03-20 10:00,0.605623
2001-03-20 11:00,0.732832
2001-03-20 12:00,0.821988
2001-03-20 13:00,0.826345
2001-03-20 14:00,0.712048
2001-03-20 15:00,0.60369
2001-03-20 16:00,0.475025
2001-03-20 17:00,0.251767
2001-03-20 18:00,0.02114
2001-03-20 19:00,0.0
2001-03-20 20:00,0.0
2001-03-20 21:00,0.0
2001-03-20 22:00,0.0
2001-03-20 23:00,0.0
2001-03-21 00:00,0.0
2001-03-21 01:00,0.0
2001-03-21 02:00,0.0
2001-03-21 03:00,0.0
2001-03-21 04:00,0.0
2001-03-21 05:00,0.0
2001-03-21 06:00,0.0
2001-03-21 07:00,0.055915
2001-03-21 08:00,0.287748
2001-03-21 09:00,0.49084
2001-03-21 10:00,0.596082
2001-03-21 11:00,0.71267
2001-03-21 12:00,0.779817
2001-03-21 13:00,0.77271
2001-03-21 14:00,0.682562
2001-03-21 15:00,0.57477
2001-03-21 16:00,0.442342
2001-03-21 17:00,0.220635
2001-03-21 18:00,0.020385
2001-03-21 19:00,0.0
2001-03-21 20:00,0.0
2001-03-21 21:00,0.0
2001-03-21 22:00,0.0
2001-03-21 23:00,0.0
2001-03-22 00:00,0.0
2001-03-22 01:00,0.0
2001-03-22 02:00,0.0
2001-03-22 03:00,0.0
2001-03-22 04:00,0.0
2001-03-22 05:00,0.0
2001-03-22 06:00,0.0
2001-03-22 07:00,0.053055
2001-03-22 08:00,0.27503
2001-03-22 09:00,0.481198
2001-03-22 10:00,0.580768
2001-03-22 11:00,0.683655
2001-03-22 12:00,0.770728
2001-03-22 13:00,0.764878
2001-03-22 14:00,0.601292
2001-03-22 15:00,0.58701
2001-03-22 16:00,0.435147
2001-03-22 17:00,0.202963
2001-03-22 18:00,0.01971
2001-03-22 19:00,0.0
2001-03-22 20:00,0.0
2001-03-22 21:00,0.0
2001-03-22 22:00,0.0
2001-03-22 23:00,0.0
2001-03-23 00:00,0.0
2001-03-23 01:00,0.0
2001-03-23 02:00,0.0
2001-03-23 03:00,0.0
2001-03-23 04:00,0.0
2001-03-23 05:00,0.0
2001-03-23 06:00,0.0
2001-03-23 07:00,0.04919
2001-03-23 08:00,0.267513
2001-03-23 09:00,0.475438
2001-03-23 10:00,0.581025
2001-03-23 11:00,0.696522
2001-03-23 12:00,0.785482
2001-03-23 13:00,0.700048
2001-03-23 14:00,0.571122
2001-03-23 15:00,0.389098
2001-03-23 16:00,0.411662
2001-03-23 17:00,0.197182
2001-03-23 18:00,0.015963
2001-03-23 19:00,0.0
2001-03-23 20:00,0.0
2001-03-23 21:00,0.0
2001-03-23 22:00,0.0
2001-03-23 23:00,0.0
2001-03-24 00:00,0.0
2001-03-24 01:00,0.0
2001-03-24 02:00,0.0
2001-03-24 03:00,0.0
2001-03-24 04:00,0.0
2001-03-24 05:00,0.0
2001-03-24 06:00,0.0
2001-03-24 07:00,0.04383
2001-03-24 08:00,0.286532
2001-03-24 09:00,0.486072
2001-03-24 10:00,0.585712
2001-03-24 11:00,0.695835
2001-03-24 12:00,0.7815
2001-03-24 13:00,0.769562
2001-03-24 14:00,0.672862
2001-03-24 15:00,0.572498
2001-03-24 16:00,0.444162
2001-03-24 17:00,0.239248
2001-03-24 18:00,0.016872
2001-03-24 19:00,0.0
2001-03-24 20:00,0.0
2001-03-24 21:00,0.0
2001-03-24 22:00,0.0
2001-03-24 23:00,0.0
2001-03-25 00:00,0.0
2001-03-25 01:00,0.0
2001-03-25 02:00,0.0
2001-03-25 03:00,0.0
2001-03-25 04:00,0.0
2001-03-25 05:00,0.0
2001-03-25 06:00,0.0
2001-03-25 07:00,0.022938
2001-03-25 08:00,0.19627
2001-03-25 09:00,0.268045
2001-03-25 10:00,0.26918
2001-03-25 11:00,0.186075
2001-03-25 12:00,0.304078
2001-03-25 13:00,0.423145
2001-03-25 14:00,0.212122
2001-03-25 15:00,0.429075
2001-03-25 16:00,0.091833
2001-03-25 17:00,0.127632
2001-03-25 18:00,0.017005
2001-03-25 19:00,0.0
2001-03-25 20:00,0.0
2001-03-25 21:00,0.0
2001-03-25 22:00,0.0
2001-03-25 23:00,0.0
2001-03-26 00:00,0.0
2001-03-26 01:00,0.0
2001-03-26 02:00,0.0
2001-03-26 03:00,0.0
2001-03-26 04:00,0.0
2001-03-26 05:00,0.0
2001-03-26 06:00,0.0
2001-03-26 07:00,0.061405
2001-03-26 08:00,0.281912
2001-03-26 09:00,0.429192
2001-03-26 10:00,0.5069
2001-03-26 11:00,0.404082
2001-03-26 12:00,0.60077
2001-03-26 13:00,0.576788
2001-03-26 14:00,0.66803
2001-03-26 15:00,0.447968
2001-03-26 16:00,0.273167
2001-03-26 17:00,0.093295
2001-03-26 18:00,0.012685
2001-03-26 19:00,0.0
2001-03-26 20:00,0.0
2001-03-26 21:00,0.0
2001-03-26 22:00,0.0
2001-03-26 23:00,0.0
2001-03-27 00:00,0.0
2001-03-27 01:00,0.0
2001-03-27 02:00,0.0
2001-03-27 03:00,0.0
2001-03-27 04:00,0.0
2001-03-27 05:00,0.0
2001-03-27 06:00,0.0
2001-03-27 07:00,0.0457
2001-03-27 08:00,0.171897
2001-03-27 09:00,0.377542
2001-03-27 10:00,0.504447
2001-03-27 11:00,0.495568
2001-03-27 12:00,0.372605
2001-03-27 13:00,0.72422
2001-03-27 14:00,0.47078
2001-03-27 15:00,0.347153
2001-03-27 16:00,0.320878
2001-03-27 17:00,0.184142
2001-03-27 18:00,0.019433
2001-03-27 19:00,0.0
2001-03-27 20:00,0.0
2001-03-27 21:00,0.0
2001-03-27 22:00,0.0
2001-03-27 23:00,0.0
2001-03-28 00:00,0.0
2001-03-28 01:00,0.0
2001-03-28 02:00,0.0
2001-03-28 03:00,0.0
2001-03-28 04:00,0.0
2001-03-28 05:00,0.0
2001-03-28 06:00,0.0
2001-03-28 07:00,0.091428
2001-03-28 08:00,0.354538
2001-03-28 09:00,0.54973
2001-03-28 10:00,0.681772
2001-03-28 11:00,0.810978
2001-03-28 12:00,0.87613
2001-03-28 13:00,0.8522
2001-03-28 14:00,0.762055
2001-03-28 15:00,0.620042
2001-03-28 16:00,0.501202
2001-03-28 17:00,0.279802
2001-03-28 18:00,0.022442
2001-03-28 19:00,0.0
2001-03-28 20:00,0.0
2001-03-28 21:00,0.0
2001-03-28 22:00,0.0
2001-03-28 23:00,0.0
2001-03-29 00:00,0.0
2001-03-29 01:00,0.0
2001-03-29 02:00,0.0
2001-03-29 03:00,0.0
2001-03-29 04:00,0.0
2001-03-29 05:00,0.0
2001-03-29 06:00,0.0
2001-03-29 07:00,0.092785
2001-03-29 08:00,0.352438
2001-03-29 09:00,0.54475
2001-03-29 10:00,0.67854
2001-03-29 11:00,0.803532
2001-03-29 12:00,0.876208
2001-03-29 13:00,0.863468
2001-03-29 14:00,0.768932
2001-03-29 15:00,0.62935
2001-03-29 16:00,0.504
2001-03-29 17:00,0.284155
2001-03-29 18:00,0.023227
2001-03-29 19:00,0.0
2001-03-29 20:00,0.0
2001-03-29 21:00,0.0
2001-03-29 22:00,0.0
2001-03-29 23:00,0.0
2001-03-30 00:00,0.0
2001-03-30 01:00,0.0
2001-03-30 02:00,0.0
2001-03-30 03:00,0.0
2001-03-30 04:00,0.0
2001-03-30 05:00,0.0
2001-03-30 06:00,0.0
2001-03-30 07:00,0.09478
2001-03-30 08:00,0.35062
2001-03-30 09:00,0.545108
2001-03-30 10:00,0.682948
2001-03-30 11:00,0.805125
2001-03-30 12:00,0.866485
2001-03-30 13:00,0.856718
2001-03-30 14:00,0.768315
2001-03-30 15:00,0.629013
2001-03-30 16:00,0.501238
2001-03-30 17:00,0.273198
2001-03-30 18:00,0.021745
2001-03-30 19:00,0.0
2001-03-30 20:00,0.0
2001-03-30 21:00,0.0
2001-03-30 22:00,0.0
2001-03-30 23:00,0.0
2001-03-31 00:00,0.0
2001-03-31 01:00,0.0
2001-03-31 02:00,0.0
2001-03-31 03:00,0.0
2001-03-31 04:00,0.0
2001-03-31 05:00,0.0
2001-03-31 06:00,0.002545
2001-03-31 07:00,0.099005
2001-03-31 08:00,0.338185
2001-03-31 09:00,0.532718
2001-03-31 10:00,0.65283
2001-03-31 11:00,0.77679
2001-03-31 12:00,0.8407
2001-03-31 13:00,0.831255
2001-03-31 14:00,0.747925
2001-03-31 15:00,0.613335
2001-03-31 16:00,0.480235
2001-03-31 17:00,0.252528
2001-03-31 18:00,0.021017
2001-03-31 19:00,0.0
2001-03-31 20:00,0.0
2001-03-31 21:00,0.0
2001-03-31 22:00,0.0
2001-03-31 23:00,0.0
2001-04-01 00:00,0.0
2001-04-01 01:00,0.0
2001-04-01 02:00,0.0
2001-04-01 03:00,0.0
2001-04-01 04:00,0.0
2001-04-01 05:00,0.0
2001-04-01 06:00,0.0
2001-04-01 07:00,0.0
2001-04-01 08:00,0.046998
2001-04-01 09:00,0.218265
2001-04-01 10:00,0.415955
2001-04-01 11:00,0.52964
2001-04-01 12:00,0.596745
2001-04-01 13:00,0.594542
2001-04-01 14:00,0.510015
2001-04-01 15:00,0.354945
2001-04-01 16:00,0.211965
2001-04-01 17:00,0.05215
2001-04-01 18:00,0.0
2001-04-01 19:00,0.0
2001-04-01 20:00,0.0
2001-04-01 21:00,0.0
2001-04-01 22:00,0.0
2001-04-01 23:00,0.0
2001-04-02 00:00,0.0
2001-04-02 01:00,0.0
2001-04-02 02:00,0.0
2001-04-02 03:00,0.0
2001-04-02 04:00,0.0
2001-04-02 05:00,0.0
2001-04-02 06:00,0.0
2001-04-02 07:00,0.000162
2001-04-02 08:00,0.069248
2001-04-02 09:00,0.357865
2001-04-02 10:00,0.534832
2001-04-02 11:00,0.59865
2001-04-02 12:00,0.660842
2001-04-02 13:00,0.667518
2001-04-02 14:00,0.617612
2001-04-02 15:00,0.543008
2001-04-02 16:00,0.387285
2001-04-02 17:00,0.153025
2001-04-02 18:00,0.008838
2001-04-02 19:00,0.0
2001-04-02 20:00,0.0
2001-04-02 21:00,0.0
2001-04-02 22:00,0.0
2001-04-02 23:00,0.0
2001-04-03 00:00,0.0
2001-04-03 01:00,0.0
2001-04-03 02:00,0.0
2001-04-03 03:00,0.0
2001-04-03 04:00,0.0
2001-04-03 05:00,0.0
2001-04-03 06:00,0.0
2001-04-03 07:00,0.032465
2001-04-03 08:00,0.28149
2001-04-03 09:00,0.42566
2001-04-03 10:00,0.56278
2001-04-03 11:00,0.66229
2001-04-03 12:00,0.73063
2001-04-03 13:00,0.720378
2001-04-03 14:00,0.637438
2001-04-03 15:00,0.564498
2001-04-03 16:00,0.427952
2001-04-03 17:00,0.195872
2001-04-03 18:00,0.01935
2001-04-03 19:00,0.0
2001-04-03 20:00,0.0
2001-04-03 21:00,0.0
2001-04-03 22:00,0.0
2001-04-03 23:00,0.0
2001-04-04 00:00,0.0
2001-04-04 01:00,0.0
2001-04-04 02:00,0.0
2001-04-04 03:00,0.0
2001-04-04 04:00,0.0
2001-04-04 05:00,0.0
2001-04-04 06:00,0.0
2001-04-04 07:00,0.105632
2001-04-04 08:00,0.357278
2001-04-04 09:00,0.549418
2001-04-04 10:00,0.688265
2001-04-04 11:00,0.797645
2001-04-04 12:00,0.864955
2001-04-04 13:00,0.830702
2001-04-04 14:00,0.738322
2001-04-04 15:00,0.612505
2001-04-04 16:00,0.490232
2001-04-04 17:00,0.269908
2001-04-04 18:00,0.021802
2001-04-04 19:00,0.0
2001-04-04 20:00,0.0
2001-04-04 21:00,0.0
2001-04-04 22:00,0.0
2001-04-04 23:00,0.0
2001-04-05 00:00,0.0
2001-04-05 01:00,0.0
2001-04-05 02:00,0.0
2001-04-05 03:00,0.0
2001-04-05 04:00,0.0
2001-04-05 05:00,0.0
2001-04-05 06:00,0.019362
2001-04-05 07:00,0.19232
2001-04-05 08:00,0.42246
2001-04-05 09:00,0.560302
2001-04-05 10:00,0.676475
2001-04-05 11:00,0.78148
2001-04-05 12:00,0.81331
2001-04-05 13:00,0.789345
2001-04-05 14:00,0.72242
2001-04-05 15:00,0.607622
2001-04-05 16:00,0.495
2001-04-05 17:00,0.287202
2001-04-05 18:00,0.030165
2001-04-05 19:00,0.0
2001-04-05 20:00,0.0
2001-04-05 21:00,0.0
2001-04-05 22:00,0.0
2001-04-05 23:00,0.0
2001-04-06 00:00,0.0
2001-04-06 01:00,0.0
2001-04-06 02:00,0.0
2001-04-06 03:00,0.0
2001-04-06 04:00,0.0
2001-04-06 05:00,0.0
2001-04-06 06:00,6e-05
2001-04-06 07:00,0.06992
2001-04-06 08:00,0.21075
2001-04-06 09:00,0.38442
2001-04-06 10:00,0.571958
2001-04-06 11:00,0.651202
2001-04-06 12:00,0.814217
2001-04-06 13:00,0.719592
2001-04-06 14:00,0.686772
2001-04-06 15:00,0.615242
2001-04-06 16:00,0.475895
2001-04-06 17:00,0.208222
2001-04-06 18:00,0.02093
2001-04-06 19:00,0.0
2001-04-06 20:00,0.0
2001-04-06 21:00,0.0
2001-04-06 22:00,0.0
2001-04-06 23:00,0.0
2001-04-07 00:00,0.0
2001-04-07 01:00,0.0
2001-04-07 02:00,0.0
2001-04-07 03:00,0.0
2001-04-07 04:00,0.0
2001-04-07 05:00,0.0
2001-04-07 06:00,0.05352
2001-04-07 07:00,0.111882
2001-04-07 08:00,0.244968
2001-04-07 09:00,0.404618
2001-04-07 10:00,0.430922
2001-04-07 11:00,0.62108
2001-04-07 12:00,0.498125
2001-04-07 13:00,0.68615
2001-04-07 14:00,0.656368
2001-04-07 15:00,0.62742
2001-04-07 16:00,0.49476
2001-04-07 17:00,0.371115
2001-04-07 18:00,0.058938
2001-04-07 19:00,0.0
2001-04-07 20:00,0.0
2001-04-07 21:00,0.0
2001-04-07 22:00,0.0
2001-04-07 23:00,0.0
2001-04-08 00:00,0.0
2001-04-08 01:00,0.0
2001-04-08 02:00,0.0
2001-04-08 03:00,0.0
2001-04-08 04:00,0.0
2001-04-08 05:00,0.0
2001-04-08 06:00,0.010252
2001-04-08 07:00,0.07411
2001-04-08 08:00,0.135018
2001-04-08 09:00,0.40328
2001-04-08 10:00,0.624485
2001-04-08 11:00,0.719602
2001-04-08 12:00,0.72582
2001-04-08 13:00,0.71453
2001-04-08 14:00,0.745335
2001-04-08 15:00,0.638542
2001-04-08 16:00,0.531565
2001-04-08 17:00,0.350462
2001-04-08 18:00,0.052455
2001-04-08 19:00,0.0
2001-04-08 20:00,0.0
2001-04-08 21:00,0.0
2001-04-08 22:00,0.0
2001-04-08 23:00,0.0
2001-04-09 00:00,0.0
2001-04-09 01:00,0.0
2001-04-09 02:00,0.0
2001-04-09 03:00,0.0
2001-04-09 04:00,0.0
2001-04-09 05:00,0.0
2001-04-09 06:00,0.000258
2001-04-09 07:00,0.088757
2001-04-09 08:00,0.324682
2001-04-09 09:00,0.533125
2001-04-09 10:00,0.635778
2001-04-09 11:00,0.80275
2001-04-09 12:00,0.822475
2001-04-09 13:00,0.617227
2001-04-09 14:00,0.673288
2001-04-09 15:00,0.475468
2001-04-09 16:00,0.191302
2001-04-09 17:00,0.156113
2001-04-09 18:00,0.020352
2001-04-09 19:00,0.0
2001-04-09 20:00,0.0
2001-04-09 21:00,0.0
2001-04-09 22:00,0.0
2001-04-09 23:00,0.0
2001-04-10 00:00,0.0
2001-04-10 01:00,0.0
2001-04-10 02:00,0.0
2001-04-10 03:00,0.0
2001-04-10 04:00,0.0
2001-04-10 05:00,0.0
2001-04-10 06:00,0.0
2001-04-10 07:00,0.079975
2001-04-10 08:00,0.317932
2001-04-10 09:00,0.513737
2001-04-10 10:00,0.617452
2001-04-10 11:00,0.715725
2001-04-10 12:00,0.76902
2001-04-10 13:00,0.708968
2001-04-10 14:00,0.625007
2001-04-10 15:00,0.547445
2001-04-10 16:00,0.360382
2001-04-10 17:00,0.116775
2001-04-10 18:00,0.007952
2001-04-10 19:00,0.0
2001-04-10 20:00,0.0
2001-04-10 21:00,0.0
2001-04-10 22:00,0.0
2001-04-10 23:00,0.0
2001-04-11 00:00,0.0
2001-04-11 01:00,0.0
2001-04-11 02:00,0.0
2001-04-11 03:00,0.0
2001-04-11 04:00,0.0
2001-04-11 05:00,0.0
2001-04-11 06:00,0.0
2001-04-11 07:00,0.036695
2001-04-11 08:00,0.190122
2001-04-11 09:00,0.442268
2001-04-11 10:00,0.550472
2001-04-11 11:00,0.601493
2001-04-11 12:00,0.637682
2001-04-11 13:00,0.607118
2001-04-11 14:00,0.548408
2001-04-11 15:00,0.44007
2001-04-11 16:00,0.201422
2001-04-11 17:00,0.046028
2001-04-11 18:00,0.0
2001-04-11 19:00,0.0
2001-04-11 20:00,0.0
2001-04-11 21:00,0.0
2001-04-11 22:00,0.0
2001-04-11 23:00,0.0
2001-04-12 00:00,0.0
2001-04-12 01:00,0.0
2001-04-12 02:00,0.0
2001-04-12 03:00,0.0
2001-04-12 04:00,0.0
2001-04-12 05:00,0.0
2001-04-12 06:00,0.0
2001-04-12 07:00,0.003215
2001-04-12 08:00,0.04576
2001-04-12 09:00,0.381818
2001-04-12 10:00,0.543715
2001-04-12 11:00,0.590745
2001-04-12 12:00,0.615078
2001-04-12 13:00,0.57334
2001-04-12 14:00,0.542398
2001-04-12 15:00,0.423378
2001-04-12 16:00,0.20397
2001-04-12 17:00,0.040942
2001-04-12 18:00,0.0
2001-04-12 19:00,0.0
2001-04-12 20:00,0.0
2001-04-12 21:00,0.0
2001-04-12 22:00,0.0
2001-04-12 23:00,0.0
2001-04-13 00:00,0.0
2001-04-13 01:00,0.0
2001-04-13 02:00,0.0
2001-04-13 03:00,0.0
2001-04-13 04:00,0.0
2001-04-13 05:00,0.0
2001-04-13 06:00,0.003235
2001-04-13 07:00,0.125795
2001-04-13 08:00,0.365555
2001-04-13 09:00,0.54684
2001-04-13 10:00,0.668308
2001-04-13 11:00,0.782967
2001-04-13 12:00,0.835615
2001-04-13 13:00,0.798702
2001-04-13 14:00,0.724598
2001-04-13 15:00,0.576065
2001-04-13 16:00,0.46472
2001-04-13 17:00,0.291465
2001-04-13 18:00,0.029715
2001-04-13 19:00,0.0
2001-04-13 20:00,0.0
2001-04-13 21:00,0.0
2001-04-13 22:00,0.0
2001-04-13 23:00,0.0
2001-04-14 00:00,0.0
2001-04-14 01:00,0.0
2001-04-14 02:00,0.0
2001-04-14 03:00,0.0
2001-04-14 04:00,0.0
2001-04-14 05:00,0.0
2001-04-14 06:00,0.001637
2001-04-14 07:00,0.125335
2001-04-14 08:00,0.363965
2001-04-14 09:00,0.54057
2001-04-14 10:00,0.651015
2001-04-14 11:00,0.773228
2001-04-14 12:00,0.818402
2001-04-14 13:00,0.79617
2001-04-14 14:00,0.71511
2001-04-14 15:00,0.59056
2001-04-14 16:00,0.475368
2001-04-14 17:00,0.24194
2001-04-14 18:00,0.025785
2001-04-14 19:00,0.0
2001-04-14 20:00,0.0
2001-04-14 21:00,0.0
2001-04-14 22:00,0.0
2001-04-14 23:00,0.0
2001-04-15 00:00,0.0
2001-04-15 01:00,0.0
2001-04-15 02:00,0.0
2001-04-15 03:00,0.0
2001-04-15 04:00,0.0
2001-04-15 05:00,0.0
2001-04-15 06:00,0.00725
2001-04-15 07:00,0.12618
2001-04-15 08:00,0.370358
2001-04-15 09:00,0.507235
2001-04-15 10:00,0.625105
2001-04-15 11:00,0.747585
2001-04-15 12:00,0.806198
2001-04-15 13:00,0.706182
2001-04-15 14:00,0.69724
2001-04-15 15:00,0.603882
2001-04-15 16:00,0.469135
2001-04-15 17:00,0.23558
2001-04-15 18:00,0.021582
2001-04-15 19:00,0.0
2001-04-15 20:00,0.0
2001-04-15 21:00,0.0
2001-04-15 22:00,0.0
2001-04-15 23:00,0.0
2001-04-16 00:00,0.0
2001-04-16 01:00,0.0
2001-04-16 02:00,0.0
2001-04-16 03:00,0.0
2001-04-16 04:00,0.0
2001-04-16 05:00,0.0
2001-04-16 06:00,0.00366
2001-04-16 07:00,0.112715
2001-04-16 08:00,0.330212
2001-04-16 09:00,0.518773
2001-04-16 10:00,0.611938
2001-04-16 11:00,0.717012
2001-04-16 12:00,0.704388
2001-04-16 13:00,0.7516
2001-04-16 14:00,0.682815
2001-04-16 15:00,0.56439
2001-04-16 16:00,0.44138
2001-04-16 17:00,0.21294
2001-04-16 18:00,0.020722
2001-04-16 19:00,0.0
2001-04-16 20:00,0.0
2001-04-16 21:00,0.0
2001-04-16 22:00,0.0
2001-04-16 23:00,0.0
2001-04-17 00:00,0.0
2001-04-17 01:00,0.0
2001-04-17 02:00,0.0
2001-04-17 03:00,0.0
2001-04-17 04:00,0.0
2001-04-17 05:00,0.0
2001-04-17 06:00,0.003095
2001-04-17 07:00,0.101088
2001-04-17 08:00,0.33592
2001-04-17 09:00,0.521555
2001-04-17 10:00,0.559897
2001-04-17 11:00,0.768545
2001-04-17 12:00,0.756095
2001-04-17 13:00,0.722665
2001-04-17 14:00,0.60265
2001-04-17 15:00,0.496972
2001-04-17 16:00,0.422635
2001-04-17 17:00,0.18248
2001-04-17 18:00,0.019632
2001-04-17 19:00,0.0
2001-04-17 20:00,0.0
2001-04-17 21:00,0.0
2001-04-17 22:00,0.0
2001-04-17 23:00,0.0
2001-04-18 00:00,0.0
2001-04-18 01:00,0.0
2001-04-18 02:00,0.0
2001-04-18 03:00,0.0
2001-04-18 04:00,0.0
2001-04-18 05:00,0.0
2001-04-18 06:00,0.00238
2001-04-18 07:00,0.084625
2001-04-18 08:00,0.311068
2001-04-18 09:00,0.510378
2001-04-18 10:00,0.60817
2001-04-18 11:00,0.711215
2001-04-18 12:00,0.654485
2001-04-18 13:00,0.70764
2001-04-18 14:00,0.657552
2001-04-18 15:00,0.564487
2001-04-18 16:00,0.420902
2001-04-18 17:00,0.180152
2001-04-18 18:00,0.020315
2001-04-18 19:00,0.0
2001-04-18 20:00,0.0
2001-04-18 21:00,0.0
2001-04-18 22:00,0.0
2001-04-18 23:00,0.0
2001-04-19 00:00,0.0
2001-04-19 01:00,0.0
2001-04-19 02:00,0.0
2001-04-19 03:00,0.0
2001-04-19 04:00,0.0
2001-04-19 05:00,0.0
2001-04-19 06:00,0.003945
2001-04-19 07:00,0.123485
2001-04-19 08:00,0.36601
2001-04-19 09:00,0.548235
2001-04-19 10:00,0.60832
2001-04-19 11:00,0.694983
2001-04-19 12:00,0.814142
2001-04-19 13:00,0.811635
2001-04-19 14:00,0.728865
2001-04-19 15:00,0.568575
2001-04-19 16:00,0.331982
2001-04-19 17:00,0.113707
2001-04-19 18:00,0.01914
2001-04-19 19:00,0.0
2001-04-19 20:00,0.0
2001-04-19 21:00,0.0
2001-04-19 22:00,0.0
2001-04-19 23:00,0.0
2001-04-20 00:00,0.0
2001-04-20 01:00,0.0
2001-04-20 02:00,0.0
2001-04-20 03:00,0.0
2001-04-20 04:00,0.0
2001-04-20 05:00,0.0
2001-04-20 06:00,0.00216
2001-04-20 07:00,0.151342
2001-04-20 08:00,0.408352
2001-04-20 09:00,0.5643
2001-04-20 10:00,0.698592
2001-04-20 11:00,0.80364
2001-04-20 12:00,0.834102
2001-04-20 13:00,0.812508
2001-04-20 14:00,0.73838
2001-04-20 15:00,0.52695
2001-04-20 16:00,0.497362
2001-04-20 17:00,0.267395
2001-04-20 18:00,0.0233
2001-04-20 19:00,0.0
2001-04-20 20:00,0.0
2001-04-20 21:00,0.0
2001-04-20 22:00,0.0
2001-04-20 23:00,0.0
2001-04-21 00:00,0.0
2001-04-21 01:00,0.0
2001-04-21 02:00,0.0
2001-04-21 03:00,0.0
2001-04-21 04:00,0.0
2001-04-21 05:00,0.0
2001-04-21 06:00,0.006198
2001-04-21 07:00,0.149882
2001-04-21 08:00,0.380542
2001-04-21 09:00,0.551982
2001-04-21 10:00,0.674285
2001-04-21 11:00,0.784975
2001-04-21 12:00,0.81906
2001-04-21 13:00,0.678618
2001-04-21 14:00,0.751312
2001-04-21 15:00,0.491487
2001-04-21 16:00,0.482935
2001-04-21 17:00,0.256965
2001-04-21 18:00,0.023535
2001-04-21 19:00,0.0
2001-04-21 20:00,0.0
2001-04-21 21:00,0.0
2001-04-21 22:00,0.0
2001-04-21 23:00,0.0
2001-04-22 00:00,0.0
2001-04-22 01:00,0.0
2001-04-22 02:00,0.0
2001-04-22 03:00,0.0
2001-04-22 04:00,0.0
2001-04-22 05:00,0.0
2001-04-22 06:00,0.00494
2001-04-22 07:00,0.141082
2001-04-22 08:00,0.379752
2001-04-22 09:00,0.54755
2001-04-22 10:00,0.655542
2001-04-22 11:00,0.761987
2001-04-22 12:00,0.78801
2001-04-22 13:00,0.751068
2001-04-22 14:00,0.692005
2001-04-22 15:00,0.581555
2001-04-22 16:00,0.476528
2001-04-22 17:00,0.263353
2001-04-22 18:00,0.022645
2001-04-22 19:00,0.0
2001-04-22 20:00,0.0
2001-04-22 21:00,0.0
2001-04-22 22:00,0.0
2001-04-22 23:00,0.0
2001-04-23 00:00,0.0
2001-04-23 01:00,0.0
2001-04-23 02:00,0.0
2001-04-23 03:00,0.0
2001-04-23 04:00,0.0
2001-04-23 05:00,0.0
2001-04-23 06:00,0.010738
2001-04-23 07:00,0.14832
2001-04-23 08:00,0.397562
2001-04-23 09:00,0.546973
2001-04-23 10:00,0.688832
2001-04-23 11:00,0.796002
2001-04-23 12:00,0.823805
2001-04-23 13:00,0.817322
2001-04-23 14:00,0.733928
2001-04-23 15:00,0.58321
2001-04-23 16:00,0.371835
2001-04-23 17:00,0.278205
2001-04-23 18:00,0.026292
2001-04-23 19:00,0.0
2001-04-23 20:00,0.0
2001-04-23 21:00,0.0
2001-04-23 22:00,0.0
2001-04-23 23:00,0.0
2001-04-24 00:00,0.0
2001-04-24 01:00,0.0
2001-04-24 02:00,0.0
2001-04-24 03:00,0.0
2001-04-24 04:00,0.0
2001-04-24 05:00,0.0
2001-04-24 06:00,0.008858
2001-04-24 07:00,0.151852
2001-04-24 08:00,0.386932
2001-04-24 09:00,0.554645
2001-04-24 10:00,0.658025
2001-04-24 11:00,0.695408
2001-04-24 12:00,0.806905
2001-04-24 13:00,0.788718
2001-04-24 14:00,0.730908
2001-04-24 15:00,0.612355
2001-04-24 16:00,0.494475
2001-04-24 17:00,0.27725
2001-04-24 18:00,0.023048
2001-04-24 19:00,0.0
2001-04-24 20:00,0.0
2001-04-24 21:00,0.0
2001-04-24 22:00,0.0
2001-04-24 23:00,0.0
2001-04-25 00:00,0.0
2001-04-25 01:00,0.0
2001-04-25 02:00,0.0
2001-04-25 03:00,0.0
2001-04-25 04:00,0.0
2001-04-25 05:00,0.0
2001-04-25 06:00,0.011062
2001-04-25 07:00,0.170773
2001-04-25 08:00,0.420808
2001-04-25 09:00,0.570493
2001-04-25 10:00,0.69749
2001-04-25 11:00,0.799808
2001-04-25 12:00,0.82426
2001-04-25 13:00,0.795835
2001-04-25 14:00,0.726635
2001-04-25 15:00,0.600733
2001-04-25 16:00,0.48827
2001-04-25 17:00,0.280495
2001-04-25 18:00,0.02677
2001-04-25 19:00,0.0
2001-04-25 20:00,0.0
2001-04-25 21:00,0.0
2001-04-25 22:00,0.0
2001-04-25 23:00,0.0
2001-04-26 00:00,0.0
2001-04-26 01:00,0.0
2001-04-26 02:00,0.0
2001-04-26 03:00,0.0
2001-04-26 04:00,0.0
2001-04-26 05:00,0.0
2001-04-26 06:00,0.009338
2001-04-26 07:00,0.15256
2001-04-26 08:00,0.387425
2001-04-26 09:00,0.548642
2001-04-26 10:00,0.653205
2001-04-26 11:00,0.76085
2001-04-26 12:00,0.7951
2001-04-26 13:00,0.774518
2001-04-26 14:00,0.70332
2001-04-26 15:00,0.591822
2001-04-26 16:00,0.487428
2001-04-26 17:00,0.281462
2001-04-26 18:00,0.028312
2001-04-26 19:00,0.0
2001-04-26 20:00,0.0
2001-04-26 21:00,0.0
2001-04-26 22:00,0.0
2001-04-26 23:00,0.0
2001-04-27 00:00,0.0
2001-04-27 01:00,0.0
2001-04-27 02:00,0.0
2001-04-27 03:00,0.0
2001-04-27 04:00,0.0
2001-04-27 05:00,0.0
2001-04-27 06:00,0.007598
2001-04-27 07:00,0.134523
2001-04-27 08:00,0.37985
2001-04-27 09:00,0.549182
2001-04-27 10:00,0.648852
2001-04-27 11:00,0.744275
2001-04-27 12:00,0.793195
2001-04-27 13:00,0.769702
2001-04-27 14:00,0.697522
2001-04-27 15:00,0.588002
2001-04-27 16:00,0.494295
2001-04-27 17:00,0.286277
2001-04-27 18:00,0.028555
2001-04-27 19:00,0.0
2001-04-27 20:00,0.0
2001-04-27 21:00,0.0
2001-04-27 22:00,0.0
2001-04-27 23:00,0.0
2001-04-28 00:00,0.0
2001-04-28 01:00,0.0
2001-04-28 02:00,0.0
2001-04-28 03:00,0.0
2001-04-28 04:00,0.0
2001-04-28 05:00,0.0
2001-04-28 06:00,0.008875
2001-04-28 07:00,0.15103
2001-04-28 08:00,0.385998
2001-04-28 09:00,0.548125
2001-04-28 10:00,0.656075
2001-04-28 11:00,0.759888
2001-04-28 12:00,0.790818
2001-04-28 13:00,0.765098
2001-04-28 14:00,0.69148
2001-04-28 15:00,0.586168
2001-04-28 16:00,0.4837
2001-04-28 17:00,0.272698
2001-04-28 18:00,0.025412
2001-04-28 19:00,0.0
2001-04-28 20:00,0.0
2001-04-28 21:00,0.0
2001-04-28 22:00,0.0
2001-04-28 23:00,0.0
2001-04-29 00:00,0.0
2001-04-29 01:00,0.0
2001-04-29 02:00,0.0
2001-04-29 03:00,0.0
2001-04-29 04:00,0.0
2001-04-29 05:00,0.0
2001-04-29 06:00,0.007035
2001-04-29 07:00,0.069452
2001-04-29 08:00,0.316118
2001-04-29 09:00,0.562078
2001-04-29 10:00,0.608325
2001-04-29 11:00,0.775322
2001-04-29 12:00,0.801247
2001-04-29 13:00,0.773468
2001-04-29 14:00,0.729382
2001-04-29 15:00,0.611695
2001-04-29 16:00,0.484205
2001-04-29 17:00,0.278538
2001-04-29 18:00,0.028538
2001-04-29 19:00,0.0
2001-04-29 20:00,0.0
2001-04-29 21:00,0.0
2001-04-29 22:00,0.0
2001-04-29 23:00,0.0
2001-04-30 00:00,0.0
2001-04-30 01:00,0.0
2001-04-30 02:00,0.0
2001-04-30 03:00,0.0
2001-04-30 04:00,0.0
2001-04-30 05:00,0.0
2001-04-30 06:00,0.011808
2001-04-30 07:00,0.16043
2001-04-30 08:00,0.395145
2001-04-30 09:00,0.550442
2001-04-30 10:00,0.655942
2001-04-30 11:00,0.757138
2001-04-30 12:00,0.785642
2001-04-30 13:00,0.763702
2001-04-30 14:00,0.701655
2001-04-30 15:00,0.590595
2001-04-30 16:00,0.472132
2001-04-30 17:00,0.271422
2001-04-30 18:00,0.025752
2001-04-30 19:00,0.0
2001-04-30 20:00,0.0
2001-04-30 21:00,0.0
2001-04-30 22:00,0.0
2001-04-30 23:00,0.0
2001-05-01 00:00,0.0
2001-05-01 01:00,0.0
2001-05-01 02:00,0.0
2001-05-01 03:00,0.0
2001-05-01 04:00,0.0
2001-05-01 05:00,0.0
2001-05-01 06:00,0.0
2001-05-01 07:00,0.0
2001-05-01 08:00,0.00755
2001-05-01 09:00,0.255115
2001-05-01 10:00,0.523548
2001-05-01 11:00,0.656032
2001-05-01 12:00,0.721818
2001-05-01 13:00,0.703988
2001-05-01 14:00,0.618532
2001-05-01 15:00,0.475345
2001-05-01 16:00,0.277988
2001-05-01 17:00,0.083042
2001-05-01 18:00,0.0
2001-05-01 19:00,0.0
2001-05-01 20:00,0.0
2001-05-01 21:00,0.0
2001-05-01 22:00,0.0
2001-05-01 23:00,0.0
2001-05-02 00:00,0.0
2001-05-02 01:00,0.0
2001-05-02 02:00,0.0
2001-05-02 03:00,0.0
2001-05-02 04:00,0.0
2001-05-02 05:00,0.0
2001-05-02 06:00,0.0
2001-05-02 07:00,0.0
2001-05-02 08:00,0.05704
2001-05-02 09:00,0.41592
2001-05-02 10:00,0.549792
2001-05-02 11:00,0.623392
2001-05-02 12:00,0.6873
2001-05-02 13:00,0.690915
2001-05-02 14:00,0.625272
2001-05-02 15:00,0.544692
2001-05-02 16:00,0.3972
2001-05-02 17:00,0.16549
2001-05-02 18:00,0.010958
2001-05-02 19:00,0.0
2001-05-02 20:00,0.0
2001-05-02 21:00,0.0
2001-05-02 22:00,0.0
2001-05-02 23:00,0.0
2001-05-03 00:00,0.0
2001-05-03 01:00,0.0
2001-05-03 02:00,0.0
2001-05-03 03:00,0.0
2001-05-03 04:00,0.0
2001-05-03 05:00,0.0
2001-05-03 06:00,0.0
2001-05-03 07:00,0.020025
2001-05-03 08:00,0.200932
2001-05-03 09:00,0.399523
2001-05-03 10:00,0.488207
2001-05-03 11:00,0.667612
2001-05-03 12:00,0.737122
2001-05-03 13:00,0.734605
2001-05-03 14:00,0.666658
2001-05-03 15:00,0.559802
2001-05-03 16:00,0.38739
2001-05-03 17:00,0.186887
2001-05-03 18:00,0.01943
2001-05-03 19:00,0.0
2001-05-03 20:00,0.0
2001-05-03 21:00,0.0
2001-05-03 22:00,0.0
2001-05-03 23:00,0.0
2001-05-04 00:00,0.0
2001-05-04 01:00,0.0
2001-05-04 02:00,0.0
2001-05-04 03:00,0.0
2001-05-04 04:00,0.0
2001-05-04 05:00,0.0
2001-05-04 06:00,0.034782
2001-05-04 07:00,0.106835
2001-05-04 08:00,0.356912
2001-05-04 09:00,0.54741
2001-05-04 10:00,0.679243
2001-05-04 11:00,0.782932
2001-05-04 12:00,0.832298
2001-05-04 13:00,0.827615
2001-05-04 14:00,0.740488
2001-05-04 15:00,0.601645
2001-05-04 16:00,0.480558
2001-05-04 17:00,0.260212
2001-05-04 18:00,0.021122
2001-05-04 19:00,0.0
2001-05-04 20:00,0.0
2001-05-04 21:00,0.0
2001-05-04 22:00,0.0
2001-05-04 23:00,0.0
2001-05-05 00:00,0.0
2001-05-05 01:00,0.0
2001-05-05 02:00,0.0
2001-05-05 03:00,0.0
2001-05-05 04:00,0.0
2001-05-05 05:00,0.0
2001-05-05 06:00,0.014752
2001-05-05 07:00,0.161698
2001-05-05 08:00,0.39037
2001-05-05 09:00,0.546462
2001-05-05 10:00,0.64125
2001-05-05 11:00,0.745622
2001-05-05 12:00,0.774395
2001-05-05 13:00,0.745025
2001-05-05 14:00,0.687295
2001-05-05 15:00,0.577388
2001-05-05 16:00,0.480495
2001-05-05 17:00,0.278238
2001-05-05 18:00,0.028815
2001-05-05 19:00,0.0
2001-05-05 20:00,0.0
2001-05-05 21:00,0.0
2001-05-05 22:00,0.0
2001-05-05 23:00,0.0
2001-05-06 00:00,0.0
2001-05-06 01:00,0.0
2001-05-06 02:00,0.0
2001-05-06 03:00,0.0
2001-05-06 04:00,0.0
2001-05-06 05:00,0.0
2001-05-06 06:00,0.016078
2001-05-06 07:00,0.159685
2001-05-06 08:00,0.301495
2001-05-06 09:00,0.55779
2001-05-06 10:00,0.60254
2001-05-06 11:00,0.788598
2001-05-06 12:00,0.687977
2001-05-06 13:00,0.748358
2001-05-06 14:00,0.63369
2001-05-06 15:00,0.520135
2001-05-06 16:00,0.273632
2001-05-06 17:00,0.07503
2001-05-06 18:00,0.008995
2001-05-06 19:00,0.0
2001-05-06 20:00,0.0
2001-05-06 21:00,0.0
2001-05-06 22:00,0.0
2001-05-06 23:00,0.0
2001-05-07 00:00,0.0
2001-05-07 01:00,0.0
2001-05-07 02:00,0.0
2001-05-07 03:00,0.0
2001-05-07 04:00,0.0
2001-05-07 05:00,0.0
2001-05-07 06:00,0.015442
2001-05-07 07:00,0.119145
2001-05-07 08:00,0.212408
2001-05-07 09:00,0.345112
2001-05-07 10:00,0.466825
2001-05-07 11:00,0.531993
2001-05-07 12:00,0.367265
2001-05-07 13:00,0.22684
2001-05-07 14:00,0.25894
2001-05-07 15:00,0.517335
2001-05-07 16:00,0.298402
2001-05-07 17:00,0.14847
2001-05-07 18:00,0.01643
2001-05-07 19:00,0.0
2001-05-07 20:00,0.0
2001-05-07 21:00,0.0
2001-05-07 22:00,0.0
2001-05-07 23:00,0.0
2001-05-08 00:00,0.0
2001-05-08 01:00,0.0
2001-05-08 02:00,0.0
2001-05-08 03:00,0.0
2001-05-08 04:00,0.0
2001-05-08 05:00,0.0
2001-05-08 06:00,0.00031
2001-05-08 07:00,0.0681
2001-05-08 08:00,0.227575
2001-05-08 09:00,0.364852
2001-05-08 10:00,0.321388
2001-05-08 11:00,0.34314
2001-05-08 12:00,0.027372
2001-05-08 13:00,0.293598
2001-05-08 14:00,0.333478
2001-05-08 15:00,0.322092
2001-05-08 16:00,0.092878
2001-05-08 17:00,0.065082
2001-05-08 18:00,0.016672
2001-05-08 19:00,0.0
2001-05-08 20:00,0.0
2001-05-08 21:00,0.0
2001-05-08 22:00,0.0
2001-05-08 23:00,0.0
2001-05-09 00:00,0.0
2001-05-09 01:00,0.0
2001-05-09 02:00,0.0
2001-05-09 03:00,0.0
2001-05-09 04:00,0.0
2001-05-09 05:00,0.0
2001-05-09 06:00,0.000405
2001-05-09 07:00,0.087842
2001-05-09 08:00,0.303863
2001-05-09 09:00,0.518378
2001-05-09 10:00,0.640438
2001-05-09 11:00,0.650998
2001-05-09 12:00,0.589365
2001-05-09 13:00,0.68861
2001-05-09 14:00,0.34149
2001-05-09 15:00,0.29768
2001-05-09 16:00,0.323482
2001-05-09 17:00,0.15365
2001-05-09 18:00,0.018512
2001-05-09 19:00,0.0
2001-05-09 20:00,0.0
2001-05-09 21:00,0.0
2001-05-09 22:00,0.0
2001-05-09 23:00,0.0
2001-05-10 00:00,0.0
2001-05-10 01:00,0.0
2001-05-10 02:00,0.0
2001-05-10 03:00,0.0
2001-05-10 04:00,0.0
2001-05-10 05:00,0.0
2001-05-10 06:00,0.0
2001-05-10 07:00,0.039268
2001-05-10 08:00,0.201105
2001-05-10 09:00,0.423392
2001-05-10 10:00,0.534392
2001-05-10 11:00,0.6924
2001-05-10 12:00,0.69565
2001-05-10 13:00,0.61365
2001-05-10 14:00,0.58128
2001-05-10 15:00,0.378762
2001-05-10 16:00,0.300558
2001-05-10 17:00,0.094465
2001-05-10 18:00,0.004675
2001-05-10 19:00,0.0
2001-05-10 20:00,0.0
2001-05-10 21:00,0.0
2001-05-10 22:00,0.0
2001-05-10 23:00,0.0
2001-05-11 00:00,0.0
2001-05-11 01:00,0.0
2001-05-11 02:00,0.0
2001-05-11 03:00,0.0
2001-05-11 04:00,0.0
2001-05-11 05:00,0.0
2001-05-11 06:00,0.0
2001-05-11 07:00,0.035565
2001-05-11 08:00,0.18768
2001-05-11 09:00,0.448215
2001-05-11 10:00,0.553457
2001-05-11 11:00,0.607222
2001-05-11 12:00,0.650055
2001-05-11 13:00,0.608465
2001-05-11 14:00,0.548805
2001-05-11 15:00,0.445242
2001-05-11 16:00,0.215252
2001-05-11 17:00,0.043088
2001-05-11 18:00,0.0
2001-05-11 19:00,0.0
2001-05-11 20:00,0.0
2001-05-11 21:00,0.0
2001-05-11 22:00,0.0
2001-05-11 23:00,0.0
2001-05-12 00:00,0.0
2001-05-12 01:00,0.0
2001-05-12 02:00,0.0
2001-05-12 03:00,0.0
2001-05-12 04:00,0.0
2001-05-12 05:00,0.0
2001-05-12 06:00,0.0
2001-05-12 07:00,0.002292
2001-05-12 08:00,0.047292
2001-05-12 09:00,0.354878
2001-05-12 10:00,0.528255
2001-05-12 11:00,0.571925
2001-05-12 12:00,0.591303
2001-05-12 13:00,0.559125
2001-05-12 14:00,0.53519
2001-05-12 15:00,0.402128
2001-05-12 16:00,0.187708
2001-05-12 17:00,0.041632
2001-05-12 18:00,0.0
2001-05-12 19:00,0.0
2001-05-12 20:00,0.0
2001-05-12 21:00,0.0
2001-05-12 22:00,0.0
2001-05-12 23:00,0.0
2001-05-13 00:00,0.0
2001-05-13 01:00,0.0
2001-05-13 02:00,0.0
2001-05-13 03:00,0.0
2001-05-13 04:00,0.0
2001-05-13 05:00,0.0
2001-05-13 06:00,0.017915
2001-05-13 07:00,0.178648
2001-05-13 08:00,0.397908
2001-05-13 09:00,0.546515
2001-05-13 10:00,0.633995
2001-05-13 11:00,0.720268
2001-05-13 12:00,0.758775
2001-05-13 13:00,0.74799
2001-05-13 14:00,0.697088
2001-05-13 15:00,0.553975
2001-05-13 16:00,0.490292
2001-05-13 17:00,0.29062
2001-05-13 18:00,0.033835
2001-05-13 19:00,0.0
2001-05-13 20:00,0.0
2001-05-13 21:00,0.0
2001-05-13 22:00,0.0
2001-05-13 23:00,0.0
2001-05-14 00:00,0.0
2001-05-14 01:00,0.0
2001-05-14 02:00,0.0
2001-05-14 03:00,0.0
2001-05-14 04:00,0.0
2001-05-14 05:00,0.0
2001-05-14 06:00,0.020168
2001-05-14 07:00,0.182258
2001-05-14 08:00,0.403032
2001-05-14 09:00,0.549845
2001-05-14 10:00,0.644795
2001-05-14 11:00,0.734948
2001-05-14 12:00,0.771997
2001-05-14 13:00,0.758828
2001-05-14 14:00,0.69334
2001-05-14 15:00,0.587435
2001-05-14 16:00,0.486175
2001-05-14 17:00,0.293983
2001-05-14 18:00,0.037395
2001-05-14 19:00,0.0
2001-05-14 20:00,0.0
2001-05-14 21:00,0.0
2001-05-14 22:00,0.0
2001-05-14 23:00,0.0
2001-05-15 00:00,0.0
2001-05-15 01:00,0.0
2001-05-15 02:00,0.0
2001-05-15 03:00,0.0
2001-05-15 04:00,0.0
2001-05-15 05:00,0.0
2001-05-15 06:00,0.022295
2001-05-15 07:00,0.192968
2001-05-15 08:00,0.418663
2001-05-15 09:00,0.553228
2001-05-15 10:00,0.645245
2001-05-15 11:00,0.728868
2001-05-15 12:00,0.76236
2001-05-15 13:00,0.7536
2001-05-15 14:00,0.69563
2001-05-15 15:00,0.586548
2001-05-15 16:00,0.488712
2001-05-15 17:00,0.29063
2001-05-15 18:00,0.036958
2001-05-15 19:00,0.0
2001-05-15 20:00,0.0
2001-05-15 21:00,0.0
2001-05-15 22:00,0.0
2001-05-15 23:00,0.0
2001-05-16 00:00,0.0
2001-05-16 01:00,0.0
2001-05-16 02:00,0.0
2001-05-16 03:00,0.0
2001-05-16 04:00,0.0
2001-05-16 05:00,0.0
2001-05-16 06:00,0.019992
2001-05-16 07:00,0.176422
2001-05-16 08:00,0.39936
2001-05-16 09:00,0.546682
2001-05-16 10:00,0.631062
2001-05-16 11:00,0.71807
2001-05-16 12:00,0.760435
2001-05-16 13:00,0.761658
2001-05-16 14:00,0.689478
2001-05-16 15:00,0.578795
2001-05-16 16:00,0.470422
2001-05-16 17:00,0.272722
2001-05-16 18:00,0.02305
2001-05-16 19:00,0.0
2001-05-16 20:00,0.0
2001-05-16 21:00,0.0
2001-05-16 22:00,0.0
2001-05-16 23:00,0.0
2001-05-17 00:00,0.0
2001-05-17 01:00,0.0
2001-05-17 02:00,0.0
2001-05-17 03:00,0.0
2001-05-17 04:00,0.0
2001-05-17 05:00,0.0
2001-05-17 06:00,0.02459
2001-05-17 07:00,0.18937
2001-05-17 08:00,0.407358
2001-05-17 09:00,0.550082
2001-05-17 10:00,0.648608
2001-05-17 11:00,0.698195
2001-05-17 12:00,0.755862
2001-05-17 13:00,0.758912
2001-05-17 14:00,0.694983
2001-05-17 15:00,0.58302
2001-05-17 16:00,0.483192
2001-05-17 17:00,0.249098
2001-05-17 18:00,0.01994
2001-05-17 19:00,0.0
2001-05-17 20:00,0.0
2001-05-17 21:00,0.0
2001-05-17 22:00,0.0
2001-05-17 23:00,0.0
2001-05-18 00:00,0.0
2001-05-18 01:00,0.0
2001-05-18 02:00,0.0
2001-05-18 03:00,0.0
2001-05-18 04:00,0.0
2001-05-18 05:00,0.0
2001-05-18 06:00,0.02488
2001-05-18 07:00,0.158337
2001-05-18 08:00,0.385212
2001-05-18 09:00,0.537275
2001-05-18 10:00,0.592007
2001-05-18 11:00,0.710572
2001-05-18 12:00,0.75121
2001-05-18 13:00,0.705418
2001-05-18 14:00,0.684507
2001-05-18 15:00,0.593572
2001-05-18 16:00,0.488988
2001-05-18 17:00,0.283462
2001-05-18 18:00,0.03322
2001-05-18 19:00,0.0
2001-05-18 20:00,0.0
2001-05-18 21:00,0.0
2001-05-18 22:00,0.0
2001-05-18 23:00,0.0
2001-05-19 00:00,0.0
2001-05-19 01:00,0.0
2001-05-19 02:00,0.0
2001-05-19 03:00,0.0
2001-05-19 04:00,0.0
2001-05-19 05:00,0.0
2001-05-19 06:00,0.022072
2001-05-19 07:00,0.193602
2001-05-19 08:00,0.418555
2001-05-19 09:00,0.553398
2001-05-19 10:00,0.646357
2001-05-19 11:00,0.723375
2001-05-19 12:00,0.76138
2001-05-19 13:00,0.759775
2001-05-19 14:00,0.70611
2001-05-19 15:00,0.601678
2001-05-19 16:00,0.496375
2001-05-19 17:00,0.303628
2001-05-19 18:00,0.044202
2001-05-19 19:00,0.0
2001-05-19 20:00,0.0
2001-05-19 21:00,0.0
2001-05-19 22:00,0.0
2001-05-19 23:00,0.0
2001-05-20 00:00,0.0
2001-05-20 01:00,0.0
2001-05-20 02:00,0.0
2001-05-20 03:00,0.0
2001-05-20 04:00,0.0
2001-05-20 05:00,0.0
2001-05-20 06:00,0.021975
2001-05-20 07:00,0.19304
2001-05-20 08:00,0.415168
2001-05-20 09:00,0.550537
2001-05-20 10:00,0.63386
2001-05-20 11:00,0.716765
2001-05-20 12:00,0.75702
2001-05-20 13:00,0.75259
2001-05-20 14:00,0.703302
2001-05-20 15:00,0.590612
2001-05-20 16:00,0.4914
2001-05-20 17:00,0.29485
2001-05-20 18:00,0.037502
2001-05-20 19:00,0.0
2001-05-20 20:00,0.0
2001-05-20 21:00,0.0
2001-05-20 22:00,0.0
2001-05-20 23:00,0.0
2001-05-21 00:00,0.0
2001-05-21 01:00,0.0
2001-05-21 02:00,0.0
2001-05-21 03:00,0.0
2001-05-21 04:00,0.0
2001-05-21 05:00,0.0
2001-05-21 06:00,0.022705
2001-05-21 07:00,0.19306
2001-05-21 08:00,0.41859
2001-05-21 09:00,0.553952
2001-05-21 10:00,0.643722
2001-05-21 11:00,0.730602
2001-05-21 12:00,0.765305
2001-05-21 13:00,0.757688
2001-05-21 14:00,0.704932
2001-05-21 15:00,0.593572
2001-05-21 16:00,0.496255
2001-05-21 17:00,0.302672
2001-05-21 18:00,0.038905
2001-05-21 19:00,0.0
2001-05-21 20:00,0.0
2001-05-21 21:00,0.0
2001-05-21 22:00,0.0
2001-05-21 23:00,0.0
2001-05-22 00:00,0.0
2001-05-22 01:00,0.0
2001-05-22 02:00,0.0
2001-05-22 03:00,0.0
2001-05-22 04:00,0.0
2001-05-22 05:00,0.0
2001-05-22 06:00,0.024252
2001-05-22 07:00,0.19833
2001-05-22 08:00,0.423087
2001-05-22 09:00,0.553028
2001-05-22 10:00,0.645228
2001-05-22 11:00,0.721772
2001-05-22 12:00,0.756068
2001-05-22 13:00,0.752738
2001-05-22 14:00,0.698495
2001-05-22 15:00,0.594733
2001-05-22 16:00,0.495602
2001-05-22 17:00,0.312675
2001-05-22 18:00,0.045245
2001-05-22 19:00,0.0
2001-05-22 20:00,0.0
2001-05-22 21:00,0.0
2001-05-22 22:00,0.0
2001-05-22 23:00,0.0
2001-05-23 00:00,0.0
2001-05-23 01:00,0.0
2001-05-23 02:00,0.0
2001-05-23 03:00,0.0
2001-05-23 04:00,0.0
2001-05-23 05:00,0.0
2001-05-23 06:00,0.028902
2001-05-23 07:00,0.211588
2001-05-23 08:00,0.434888
2001-05-23 09:00,0.556858
2001-05-23 10:00,0.66124
2001-05-23 11:00,0.753038
2001-05-23 12:00,0.78903
2001-05-23 13:00,0.787352
2001-05-23 14:00,0.727295
2001-05-23 15:00,0.601077
2001-05-23 16:00,0.50427
2001-05-23 17:00,0.313642
2001-05-23 18:00,0.044135
2001-05-23 19:00,0.0
2001-05-23 20:00,0.0
2001-05-23 21:00,0.0
2001-05-23 22:00,0.0
2001-05-23 23:00,0.0
2001-05-24 00:00,0.0
2001-05-24 01:00,0.0
2001-05-24 02:00,0.0
2001-05-24 03:00,0.0
2001-05-24 04:00,0.0
2001-05-24 05:00,0.0
2001-05-24 06:00,0.029995
2001-05-24 07:00,0.224285
2001-05-24 08:00,0.442332
2001-05-24 09:00,0.560422
2001-05-24 10:00,0.665208
2001-05-24 11:00,0.760412
2001-05-24 12:00,0.786298
2001-05-24 13:00,0.774
2001-05-24 14:00,0.733545
2001-05-24 15:00,0.607052
2001-05-24 16:00,0.504438
2001-05-24 17:00,0.314158
2001-05-24 18:00,0.045132
2001-05-24 19:00,0.0
2001-05-24 20:00,0.0
2001-05-24 21:00,0.0
2001-05-24 22:00,0.0
2001-05-24 23:00,0.0
2001-05-25 00:00,0.0
2001-05-25 01:00,0.0
2001-05-25 02:00,0.0
2001-05-25 03:00,0.0
2001-05-25 04:00,0.0
2001-05-25 05:00,0.0
2001-05-25 06:00,0.02633
2001-05-25 07:00,0.20265
2001-05-25 08:00,0.422685
2001-05-25 09:00,0.55372
2001-05-25 10:00,0.649552
2001-05-25 11:00,0.747765
2001-05-25 12:00,0.780808
2001-05-25 13:00,0.774728
2001-05-25 14:00,0.722505
2001-05-25 15:00,0.605938
2001-05-25 16:00,0.509372
2001-05-25 17:00,0.320908
2001-05-25 18:00,0.046678
2001-05-25 19:00,0.0
2001-05-25 20:00,0.0
2001-05-25 21:00,0.0
2001-05-25 22:00,0.0
2001-05-25 23:00,0.0
2001-05-26 00:00,0.0
2001-05-26 01:00,0.0
2001-05-26 02:00,0.0
2001-05-26 03:00,0.0
2001-05-26 04:00,0.0
2001-05-26 05:00,0.0
2001-05-26 06:00,0.029522
2001-05-26 07:00,0.212605
2001-05-26 08:00,0.435025
2001-05-26 09:00,0.555502
2001-05-26 10:00,0.65398
2001-05-26 11:00,0.754497
2001-05-26 12:00,0.787995
2001-05-26 13:00,0.781505
2001-05-26 14:00,0.73499
2001-05-26 15:00,0.612185
2001-05-26 16:00,0.5051
2001-05-26 17:00,0.315042
2001-05-26 18:00,0.045725
2001-05-26 19:00,0.0
2001-05-26 20:00,0.0
2001-05-26 21:00,0.0
2001-05-26 22:00,0.0
2001-05-26 23:00,0.0
2001-05-27 00:00,0.0
2001-05-27 01:00,0.0
2001-05-27 02:00,0.0
2001-05-27 03:00,0.0
2001-05-27 04:00,0.0
2001-05-27 05:00,0.0
2001-05-27 06:00,0.012532
2001-05-27 07:00,0.146462
2001-05-27 08:00,0.421773
2001-05-27 09:00,0.551432
2001-05-27 10:00,0.645315
2001-05-27 11:00,0.740952
2001-05-27 12:00,0.77436
2001-05-27 13:00,0.77252
2001-05-27 14:00,0.721595
2001-05-27 15:00,0.603572
2001-05-27 16:00,0.499675
2001-05-27 17:00,0.309018
2001-05-27 18:00,0.041508
2001-05-27 19:00,0.0
2001-05-27 20:00,0.0
2001-05-27 21:00,0.0
2001-05-27 22:00,0.0
2001-05-27 23:00,0.0
2001-05-28 00:00,0.0
2001-05-28 01:00,0.0
2001-05-28 02:00,0.0
2001-05-28 03:00,0.0
2001-05-28 04:00,0.0
2001-05-28 05:00,0.0
2001-05-28 06:00,0.027375
2001-05-28 07:00,0.205132
2001-05-28 08:00,0.417295
2001-05-28 09:00,0.57547
2001-05-28 10:00,0.70107
2001-05-28 11:00,0.804688
2001-05-28 12:00,0.847918
2001-05-28 13:00,0.829942
2001-05-28 14:00,0.753815
2001-05-28 15:00,0.62847
2001-05-28 16:00,0.513205
2001-05-28 17:00,0.308962
2001-05-28 18:00,0.043498
2001-05-28 19:00,0.0
2001-05-28 20:00,0.0
2001-05-28 21:00,0.0
2001-05-28 22:00,0.0
2001-05-28 23:00,0.0
2001-05-29 00:00,0.0
2001-05-29 01:00,0.0
2001-05-29 02:00,0.0
2001-05-29 03:00,0.0
2001-05-29 04:00,0.0
2001-05-29 05:00,0.0
2001-05-29 06:00,0.02879
2001-05-29 07:00,0.183712
2001-05-29 08:00,0.36284
2001-05-29 09:00,0.559865
2001-05-29 10:00,0.69821
2001-05-29 11:00,0.804128
2001-05-29 12:00,0.84703
2001-05-29 13:00,0.827195
2001-05-29 14:00,0.721972
2001-05-29 15:00,0.571655
2001-05-29 16:00,0.495732
2001-05-29 17:00,0.290875
2001-05-29 18:00,0.034862
2001-05-29 19:00,0.0
2001-05-29 20:00,0.0
2001-05-29 21:00,0.0
2001-05-29 22:00,0.0
2001-05-29 23:00,0.0
2001-05-30 00:00,0.0
2001-05-30 01:00,0.0
2001-05-30 02:00,0.0
2001-05-30 03:00,0.0
2001-05-30 04:00,0.0
2001-05-30 05:00,0.0
2001-05-30 06:00,0.022818
2001-05-30 07:00,0.165905
2001-05-30 08:00,0.36054
2001-05-30 09:00,0.488722
2001-05-30 10:00,0.654388
2001-05-30 11:00,0.791012
2001-05-30 12:00,0.83017
2001-05-30 13:00,0.810585
2001-05-30 14:00,0.738952
2001-05-30 15:00,0.618582
2001-05-30 16:00,0.508255
2001-05-30 17:00,0.312265
2001-05-30 18:00,0.043415
2001-05-30 19:00,0.0
2001-05-30 20:00,0.0
2001-05-30 21:00,0.0
2001-05-30 22:00,0.0
2001-05-30 23:00,0.0
2001-05-31 00:00,0.0
2001-05-31 01:00,0.0
2001-05-31 02:00,0.0
2001-05-31 03:00,0.0
2001-05-31 04:00,0.0
2001-05-31 05:00,0.0
2001-05-31 06:00,0.025785
2001-05-31 07:00,0.17897
2001-05-31 08:00,0.40222
2001-05-31 09:00,0.473607
2001-05-31 10:00,0.646078
2001-05-31 11:00,0.79758
2001-05-31 12:00,0.813915
2001-05-31 13:00,0.802965
2001-05-31 14:00,0.730622
2001-05-31 15:00,0.61116
2001-05-31 16:00,0.502848
2001-05-31 17:00,0.302952
2001-05-31 18:00,0.041838
2001-05-31 19:00,0.0
2001-05-31 20:00,0.0
2001-05-31 21:00,0.0
2001-05-31 22:00,0.0
2001-05-31 23:00,0.0
2001-06-01 00:00,0.0
2001-06-01 01:00,0.0
2001-06-01 02:00,0.0
2001-06-01 03:00,0.0
2001-06-01 04:00,0.0
2001-06-01 05:00,0.0
2001-06-01 06:00,0.0
2001-06-01 07:00,0.0
2001-06-01 08:00,0.007873
2001-06-01 09:00,0.236742
2001-06-01 10:00,0.4805
2001-06-01 11:00,0.610467
2001-06-01 12:00,0.669908
2001-06-01 13:00,0.657087
2001-06-01 14:00,0.570442
2001-06-01 15:00,0.421302
2001-06-01 16:00,0.229602
2001-06-01 17:00,0.054158
2001-06-01 18:00,0.0
2001-06-01 19:00,0.0
2001-06-01 20:00,0.0
2001-06-01 21:00,0.0
2001-06-01 22:00,0.0
2001-06-01 23:00,0.0
2001-06-02 00:00,0.0
2001-06-02 01:00,0.0
2001-06-02 02:00,0.0
2001-06-02 03:00,0.0
2001-06-02 04:00,0.0
2001-06-02 05:00,0.0
2001-06-02 06:00,0.0
2001-06-02 07:00,9.8e-05
2001-06-02 08:00,0.078758
2001-06-02 09:00,0.360165
2001-06-02 10:00,0.530622
2001-06-02 11:00,0.59334
2001-06-02 12:00,0.657912
2001-06-02 13:00,0.663918
2001-06-02 14:00,0.613768
2001-06-02 15:00,0.535792
2001-06-02 16:00,0.408483
2001-06-02 17:00,0.148758
2001-06-02 18:00,0.01132
2001-06-02 19:00,0.0
2001-06-02 20:00,0.0
2001-06-02 21:00,0.0
2001-06-02 22:00,0.0
2001-06-02 23:00,0.0
2001-06-03 00:00,0.0
2001-06-03 01:00,0.0
2001-06-03 02:00,0.0
2001-06-03 03:00,0.0
2001-06-03 04:00,0.0
2001-06-03 05:00,0.0
2001-06-03 06:00,0.0
2001-06-03 07:00,0.02522
2001-06-03 08:00,0.147142
2001-06-03 09:00,0.417107
2001-06-03 10:00,0.542595
2001-06-03 11:00,0.548142
2001-06-03 12:00,0.764568
2001-06-03 13:00,0.785368
2001-06-03 14:00,0.687745
2001-06-03 15:00,0.577965
2001-06-03 16:00,0.46526
2001-06-03 17:00,0.215688
2001-06-03 18:00,0.01541
2001-06-03 19:00,0.0
2001-06-03 20:00,0.0
2001-06-03 21:00,0.0
2001-06-03 22:00,0.0
2001-06-03 23:00,0.0
2001-06-04 00:00,0.0
2001-06-04 01:00,0.0
2001-06-04 02:00,0.0
2001-06-04 03:00,0.0
2001-06-04 04:00,0.0
2001-06-04 05:00,0.0
2001-06-04 06:00,0.0
2001-06-04 07:00,0.1912
2001-06-04 08:00,0.345688
2001-06-04 09:00,0.533092
2001-06-04 10:00,0.661645
2001-06-04 11:00,0.785765
2001-06-04 12:00,0.83914
2001-06-04 13:00,0.820785
2001-06-04 14:00,0.73709
2001-06-04 15:00,0.60571
2001-06-04 16:00,0.484788
2001-06-04 17:00,0.261385
2001-06-04 18:00,0.020398
2001-06-04 19:00,0.0
2001-06-04 20:00,0.0
2001-06-04 21:00,0.0
2001-06-04 22:00,0.0
2001-06-04 23:00,0.0
2001-06-05 00:00,0.0
2001-06-05 01:00,0.0
2001-06-05 02:00,0.0
2001-06-05 03:00,0.0
2001-06-05 04:00,0.0
2001-06-05 05:00,0.0
2001-06-05 06:00,0.013548
2001-06-05 07:00,0.166778
2001-06-05 08:00,0.402625
2001-06-05 09:00,0.552805
2001-06-05 10:00,0.648125
2001-06-05 11:00,0.733755
2001-06-05 12:00,0.778392
2001-06-05 13:00,0.759058
2001-06-05 14:00,0.711648
2001-06-05 15:00,0.597805
2001-06-05 16:00,0.493707
2001-06-05 17:00,0.29446
2001-06-05 18:00,0.031875
2001-06-05 19:00,0.0
2001-06-05 20:00,0.0
2001-06-05 21:00,0.0
2001-06-05 22:00,0.0
2001-06-05 23:00,0.0
2001-06-06 00:00,0.0
2001-06-06 01:00,0.0
2001-06-06 02:00,0.0
2001-06-06 03:00,0.0
2001-06-06 04:00,0.0
2001-06-06 05:00,0.0
2001-06-06 06:00,0.078665
2001-06-06 07:00,0.200795
2001-06-06 08:00,0.261502
2001-06-06 09:00,0.563935
2001-06-06 10:00,0.657185
2001-06-06 11:00,0.72272
2001-06-06 12:00,0.824058
2001-06-06 13:00,0.844902
2001-06-06 14:00,0.743865
2001-06-06 15:00,0.566835
2001-06-06 16:00,0.390978
2001-06-06 17:00,0.177525
2001-06-06 18:00,0.021275
2001-06-06 19:00,0.0
2001-06-06 20:00,0.0
2001-06-06 21:00,0.0
2001-06-06 22:00,0.0
2001-06-06 23:00,0.0
2001-06-07 00:00,0.0
2001-06-07 01:00,0.0
2001-06-07 02:00,0.0
2001-06-07 03:00,0.0
2001-06-07 04:00,0.0
2001-06-07 05:00,0.0
2001-06-07 06:00,0.003507
2001-06-07 07:00,0.044412
2001-06-07 08:00,0.147688
2001-06-07 09:00,0.174822
2001-06-07 10:00,0.21926
2001-06-07 11:00,0.23226
2001-06-07 12:00,0.08972
2001-06-07 13:00,0.182173
2001-06-07 14:00,0.444288
2001-06-07 15:00,0.43541
2001-06-07 16:00,0.328788
2001-06-07 17:00,0.128307
2001-06-07 18:00,0.046495
2001-06-07 19:00,0.0
2001-06-07 20:00,0.0
2001-06-07 21:00,0.0
2001-06-07 22:00,0.0
2001-06-07 23:00,0.0
2001-06-08 00:00,0.0
2001-06-08 01:00,0.0
2001-06-08 02:00,0.0
2001-06-08 03:00,0.0
2001-06-08 04:00,0.0
2001-06-08 05:00,0.0
2001-06-08 06:00,0.000135
2001-06-08 07:00,0.016225
2001-06-08 08:00,0.05757
2001-06-08 09:00,0.085435
2001-06-08 10:00,0.264413
2001-06-08 11:00,0.27913
2001-06-08 12:00,0.235548
2001-06-08 13:00,0.303608
2001-06-08 14:00,0.116748
2001-06-08 15:00,0.219405
2001-06-08 16:00,0.162698
2001-06-08 17:00,0.162812
2001-06-08 18:00,0.020438
2001-06-08 19:00,0.0
2001-06-08 20:00,0.0
2001-06-08 21:00,0.0
2001-06-08 22:00,0.0
2001-06-08 23:00,0.0
2001-06-09 00:00,0.0
2001-06-09 01:00,0.0
2001-06-09 02:00,0.0
2001-06-09 03:00,0.0
2001-06-09 04:00,0.0
2001-06-09 05:00,0.0
2001-06-09 06:00,0.000112
2001-06-09 07:00,0.080278
2001-06-09 08:00,0.301207
2001-06-09 09:00,0.47958
2001-06-09 10:00,0.445705
2001-06-09 11:00,0.535415
2001-06-09 12:00,0.737558
2001-06-09 13:00,0.791137
2001-06-09 14:00,0.725362
2001-06-09 15:00,0.588505
2001-06-09 16:00,0.433125
2001-06-09 17:00,0.180522
2001-06-09 18:00,0.017922
2001-06-09 19:00,0.0
2001-06-09 20:00,0.0
2001-06-09 21:00,0.0
2001-06-09 22:00,0.0
2001-06-09 23:00,0.0
2001-06-10 00:00,0.0
2001-06-10 01:00,0.0
2001-06-10 02:00,0.0
2001-06-10 03:00,0.0
2001-06-10 04:00,0.0
2001-06-10 05:00,0.0
2001-06-10 06:00,0.0
2001-06-10 07:00,0.04628
2001-06-10 08:00,0.20994
2001-06-10 09:00,0.491522
2001-06-10 10:00,0.610098
2001-06-10 11:00,0.74046
2001-06-10 12:00,0.757462
2001-06-10 13:00,0.739107
2001-06-10 14:00,0.633198
2001-06-10 15:00,0.53696
2001-06-10 16:00,0.340312
2001-06-10 17:00,0.100188
2001-06-10 18:00,0.003575
2001-06-10 19:00,0.0
2001-06-10 20:00,0.0
2001-06-10 21:00,0.0
2001-06-10 22:00,0.0
2001-06-10 23:00,0.0
2001-06-11 00:00,0.0
2001-06-11 01:00,0.0
2001-06-11 02:00,0.0
2001-06-11 03:00,0.0
2001-06-11 04:00,0.0
2001-06-11 05:00,0.0
2001-06-11 06:00,0.0
2001-06-11 07:00,0.034248
2001-06-11 08:00,0.19342
2001-06-11 09:00,0.466362
2001-06-11 10:00,0.560278
2001-06-11 11:00,0.620032
2001-06-11 12:00,0.668242
2001-06-11 13:00,0.622497
2001-06-11 14:00,0.556282
2001-06-11 15:00,0.461783
2001-06-11 16:00,0.22965
2001-06-11 17:00,0.049795
2001-06-11 18:00,0.0
2001-06-11 19:00,0.0
2001-06-11 20:00,0.0
2001-06-11 21:00,0.0
2001-06-11 22:00,0.0
2001-06-11 23:00,0.0
2001-06-12 00:00,0.0
2001-06-12 01:00,0.0
2001-06-12 02:00,0.0
2001-06-12 03:00,0.0
2001-06-12 04:00,0.0
2001-06-12 05:00,0.0
2001-06-12 06:00,0.0
2001-06-12 07:00,0.00042
2001-06-12 08:00,0.044858
2001-06-12 09:00,0.365105
2001-06-12 10:00,0.53994
2001-06-12 11:00,0.582192
2001-06-12 12:00,0.6074
2001-06-12 13:00,0.569028
2001-06-12 14:00,0.540105
2001-06-12 15:00,0.40797
2001-06-12 16:00,0.191325
2001-06-12 17:00,0.041382
2001-06-12 18:00,0.0
2001-06-12 19:00,0.0
2001-06-12 20:00,0.0
2001-06-12 21:00,0.0
2001-06-12 22:00,0.0
2001-06-12 23:00,0.0
2001-06-13 00:00,0.0
2001-06-13 01:00,0.0
2001-06-13 02:00,0.0
2001-06-13 03:00,0.0
2001-06-13 04:00,0.0
2001-06-13 05:00,0.0
2001-06-13 06:00,0.002388
2001-06-13 07:00,0.069248
2001-06-13 08:00,0.110772
2001-06-13 09:00,0.32046
2001-06-13 10:00,0.624302
2001-06-13 11:00,0.6113
2001-06-13 12:00,0.782618
2001-06-13 13:00,0.757788
2001-06-13 14:00,0.62204
2001-06-13 15:00,0.58166
2001-06-13 16:00,0.53312
2001-06-13 17:00,0.13442
2001-06-13 18:00,0.01966
2001-06-13 19:00,0.0
2001-06-13 20:00,0.0
2001-06-13 21:00,0.0
2001-06-13 22:00,0.0
2001-06-13 23:00,0.0
2001-06-14 00:00,0.0
2001-06-14 01:00,0.0
2001-06-14 02:00,0.0
2001-06-14 03:00,0.0
2001-06-14 04:00,0.0
2001-06-14 05:00,0.0
2001-06-14 06:00,0.0
2001-06-14 07:00,0.031443
2001-06-14 08:00,0.31167
2001-06-14 09:00,0.489015
2001-06-14 10:00,0.457505
2001-06-14 11:00,0.602845
2001-06-14 12:00,0.633942
2001-06-14 13:00,0.443652
2001-06-14 14:00,0.2411
2001-06-14 15:00,0.416535
2001-06-14 16:00,0.48132
2001-06-14 17:00,0.310385
2001-06-14 18:00,0.052265
2001-06-14 19:00,0.0
2001-06-14 20:00,0.0
2001-06-14 21:00,0.0
2001-06-14 22:00,0.0
2001-06-14 23:00,0.0
2001-06-15 00:00,0.0
2001-06-15 01:00,0.0
2001-06-15 02:00,0.0
2001-06-15 03:00,0.0
2001-06-15 04:00,0.0
2001-06-15 05:00,0.0
2001-06-15 06:00,0.002868
2001-06-15 07:00,0.058755
2001-06-15 08:00,0.113862
2001-06-15 09:00,0.271
2001-06-15 10:00,0.512835
2001-06-15 11:00,0.515845
2001-06-15 12:00,0.414515
2001-06-15 13:00,0.495165
2001-06-15 14:00,0.5271
2001-06-15 15:00,0.51573
2001-06-15 16:00,0.341888
2001-06-15 17:00,0.287248
2001-06-15 18:00,0.040185
2001-06-15 19:00,0.0
2001-06-15 20:00,0.0
2001-06-15 21:00,0.0
2001-06-15 22:00,0.0
2001-06-15 23:00,0.0
2001-06-16 00:00,0.0
2001-06-16 01:00,0.0
2001-06-16 02:00,0.0
2001-06-16 03:00,0.0
2001-06-16 04:00,0.0
2001-06-16 05:00,0.0
2001-06-16 06:00,0.00458
2001-06-16 07:00,0.0544
2001-06-16 08:00,0.271403
2001-06-16 09:00,0.197698
2001-06-16 10:00,0.346675
2001-06-16 11:00,0.604838
2001-06-16 12:00,0.574578
2001-06-16 13:00,0.577838
2001-06-16 14:00,0.679138
2001-06-16 15:00,0.560572
2001-06-16 16:00,0.39668
2001-06-16 17:00,0.319655
2001-06-16 18:00,0.04759
2001-06-16 19:00,0.0
2001-06-16 20:00,0.0
2001-06-16 21:00,0.0
2001-06-16 22:00,0.0
2001-06-16 23:00,0.0
2001-06-17 00:00,0.0
2001-06-17 01:00,0.0
2001-06-17 02:00,0.0
2001-06-17 03:00,0.0
2001-06-17 04:00,0.0
2001-06-17 05:00,0.0
2001-06-17 06:00,0.0
2001-06-17 07:00,0.050735
2001-06-17 08:00,0.14797
2001-06-17 09:00,0.423593
2001-06-17 10:00,0.695388
2001-06-17 11:00,0.750885
2001-06-17 12:00,0.570355
2001-06-17 13:00,0.585737
2001-06-17 14:00,0.599755
2001-06-17 15:00,0.454355
2001-06-17 16:00,0.49994
2001-06-17 17:00,0.268115
2001-06-17 18:00,0.020988
2001-06-17 19:00,0.0
2001-06-17 20:00,0.0
2001-06-17 21:00,0.0
2001-06-17 22:00,0.0
2001-06-17 23:00,0.0
2001-06-18 00:00,0.0
2001-06-18 01:00,0.0
2001-06-18 02:00,0.0
2001-06-18 03:00,0.0
2001-06-18 04:00,0.0
2001-06-18 05:00,0.0
2001-06-18 06:00,0.023605
2001-06-18 07:00,0.16687
2001-06-18 08:00,0.408632
2001-06-18 09:00,0.547738
2001-06-18 10:00,0.533132
2001-06-18 11:00,0.532745
2001-06-18 12:00,0.641422
2001-06-18 13:00,0.717575
2001-06-18 14:00,0.788225
2001-06-18 15:00,0.635158
2001-06-18 16:00,0.472815
2001-06-18 17:00,0.312175
2001-06-18 18:00,0.046098
2001-06-18 19:00,0.0
2001-06-18 20:00,0.0
2001-06-18 21:00,0.0
2001-06-18 22:00,0.0
2001-06-18 23:00,0.0
2001-06-19 00:00,0.0
2001-06-19 01:00,0.0
2001-06-19 02:00,0.0
2001-06-19 03:00,0.0
2001-06-19 04:00,0.0
2001-06-19 05:00,0.0
2001-06-19 06:00,0.00928
2001-06-19 07:00,0.06832
2001-06-19 08:00,0.295022
2001-06-19 09:00,0.389068
2001-06-19 10:00,0.41636
2001-06-19 11:00,0.55208
2001-06-19 12:00,0.51743
2001-06-19 13:00,0.754548
2001-06-19 14:00,0.710435
2001-06-19 15:00,0.62294
2001-06-19 16:00,0.51579
2001-06-19 17:00,0.332155
2001-06-19 18:00,0.049462
2001-06-19 19:00,0.0
2001-06-19 20:00,0.0
2001-06-19 21:00,0.0
2001-06-19 22:00,0.0
2001-06-19 23:00,0.0
2001-06-20 00:00,0.0
2001-06-20 01:00,0.0
2001-06-20 02:00,0.0
2001-06-20 03:00,0.0
2001-06-20 04:00,0.0
2001-06-20 05:00,0.0
2001-06-20 06:00,0.000445
2001-06-20 07:00,0.08747
2001-06-20 08:00,0.355348
2001-06-20 09:00,0.408272
2001-06-20 10:00,0.606942
2001-06-20 11:00,0.540715
2001-06-20 12:00,0.727978
2001-06-20 13:00,0.5946
2001-06-20 14:00,0.70445
2001-06-20 15:00,0.505295
2001-06-20 16:00,0.50931
2001-06-20 17:00,0.336652
2001-06-20 18:00,0.049485
2001-06-20 19:00,0.0
2001-06-20 20:00,0.0
2001-06-20 21:00,0.0
2001-06-20 22:00,0.0
2001-06-20 23:00,0.0
2001-06-21 00:00,0.0
2001-06-21 01:00,0.0
2001-06-21 02:00,0.0
2001-06-21 03:00,0.0
2001-06-21 04:00,0.0
2001-06-21 05:00,0.0
2001-06-21 06:00,0.010408
2001-06-21 07:00,0.10816
2001-06-21 08:00,0.31785
2001-06-21 09:00,0.482152
2001-06-21 10:00,0.351928
2001-06-21 11:00,0.297465
2001-06-21 12:00,0.381442
2001-06-21 13:00,0.769732
2001-06-21 14:00,0.744348
2001-06-21 15:00,0.601623
2001-06-21 16:00,0.600845
2001-06-21 17:00,0.600066
2001-06-21 18:00,0.599287
2001-06-21 19:00,0.598508
2001-06-21 20:00,0.59773
2001-06-21 21:00,0.596951
2001-06-21 22:00,0.596172
2001-06-21 23:00,0.595393
2001-06-22 00:00,0.594615
2001-06-22 01:00,0.593836
2001-06-22 02:00,0.593057
2001-06-22 03:00,0.592278
2001-06-22 04:00,0.5915
2001-06-22 05:00,0.590721
2001-06-22 06:00,0.589942
2001-06-22 07:00,0.589164
2001-06-22 08:00,0.588385
2001-06-22 09:00,0.587606
2001-06-22 10:00,0.555104
2001-06-22 11:00,0.749072
2001-06-22 12:00,0.64718
2001-06-22 13:00,0.583545
2001-06-22 14:00,0.519995
2001-06-22 15:00,0.408488
2001-06-22 16:00,0.528685
2001-06-22 17:00,0.330632
2001-06-22 18:00,0.054388
2001-06-22 19:00,0.0
2001-06-22 20:00,0.0
2001-06-22 21:00,0.0
2001-06-22 22:00,0.0
2001-06-22 23:00,0.0
2001-06-23 00:00,0.0
2001-06-23 01:00,0.0
2001-06-23 02:00,0.0
2001-06-23 03:00,0.0
2001-06-23 04:00,0.0
2001-06-23 05:00,0.0
2001-06-23 06:00,0.032258
2001-06-23 07:00,0.17528
2001-06-23 08:00,0.389395
2001-06-23 09:00,0.439678
2001-06-23 10:00,0.396562
2001-06-23 11:00,0.61303
2001-06-23 12:00,0.799895
2001-06-23 13:00,0.77666
2001-06-23 14:00,0.625152
2001-06-23 15:00,0.55711
2001-06-23 16:00,0.44251
2001-06-23 17:00,0.27682
2001-06-23 18:00,0.039415
2001-06-23 19:00,0.0
2001-06-23 20:00,0.0
2001-06-23 21:00,0.0
2001-06-23 22:00,0.0
2001-06-23 23:00,0.0
2001-06-24 00:00,0.0
2001-06-24 01:00,0.0
2001-06-24 02:00,0.0
2001-06-24 03:00,0.0
2001-06-24 04:00,0.0
2001-06-24 05:00,0.0
2001-06-24 06:00,0.01158
2001-06-24 07:00,0.12238
2001-06-24 08:00,0.29669
2001-06-24 09:00,0.412728
2001-06-24 10:00,0.34235
2001-06-24 11:00,0.636732
2001-06-24 12:00,0.73045
2001-06-24 13:00,0.384515
2001-06-24 14:00,0.554068
2001-06-24 15:00,0.329165
2001-06-24 16:00,0.125052
2001-06-24 17:00,0.046642
2001-06-24 18:00,0.019247
2001-06-24 19:00,0.0
2001-06-24 20:00,0.0
2001-06-24 21:00,0.0
2001-06-24 22:00,0.0
2001-06-24 23:00,0.0
2001-06-25 00:00,0.0
2001-06-25 01:00,0.0
2001-06-25 02:00,0.0
2001-06-25 03:00,0.0
2001-06-25 04:00,0.0
2001-06-25 05:00,0.0
2001-06-25 06:00,0.014388
2001-06-25 07:00,0.123
2001-06-25 08:00,0.170822
2001-06-25 09:00,0.398035
2001-06-25 10:00,0.625618
2001-06-25 11:00,0.76152
2001-06-25 12:00,0.882455
2001-06-25 13:00,0.647775
2001-06-25 14:00,0.205712
2001-06-25 15:00,0.062403
2001-06-25 16:00,0.272488
2001-06-25 17:00,0.264452
2001-06-25 18:00,0.037675
2001-06-25 19:00,0.0
2001-06-25 20:00,0.0
2001-06-25 21:00,0.0
2001-06-25 22:00,0.0
2001-06-25 23:00,0.0
2001-06-26 00:00,0.0
2001-06-26 01:00,0.0
2001-06-26 02:00,0.0
2001-06-26 03:00,0.0
2001-06-26 04:00,0.0
2001-06-26 05:00,0.0
2001-06-26 06:00,0.054395
2001-06-26 07:00,0.145768
2001-06-26 08:00,0.179902
2001-06-26 09:00,0.457528
2001-06-26 10:00,0.517245
2001-06-26 11:00,0.672288
2001-06-26 12:00,0.860295
2001-06-26 13:00,0.817845
2001-06-26 14:00,0.412632
2001-06-26 15:00,0.407808
2001-06-26 16:00,0.46524
2001-06-26 17:00,0.295838
2001-06-26 18:00,0.054697
2001-06-26 19:00,0.0
2001-06-26 20:00,0.0
2001-06-26 21:00,0.0
2001-06-26 22:00,0.0
2001-06-26 23:00,0.0
2001-06-27 00:00,0.0
2001-06-27 01:00,0.0
2001-06-27 02:00,0.0
2001-06-27 03:00,0.0
2001-06-27 04:00,0.0
2001-06-27 05:00,0.0
2001-06-27 06:00,0.019812
2001-06-27 07:00,0.126142
2001-06-27 08:00,0.304973
2001-06-27 09:00,0.454405
2001-06-27 10:00,0.621255
2001-06-27 11:00,0.820245
2001-06-27 12:00,0.682208
2001-06-27 13:00,0.713125
2001-06-27 14:00,0.7257
2001-06-27 15:00,0.60216
2001-06-27 16:00,0.458258
2001-06-27 17:00,0.3007
2001-06-27 18:00,0.055528
2001-06-27 19:00,0.0
2001-06-27 20:00,0.0
2001-06-27 21:00,0.0
2001-06-27 22:00,0.0
2001-06-27 23:00,0.0
2001-06-28 00:00,0.0
2001-06-28 01:00,0.0
2001-06-28 02:00,0.0
2001-06-28 03:00,0.0
2001-06-28 04:00,0.0
2001-06-28 05:00,0.0
2001-06-28 06:00,0.07825
2001-06-28 07:00,0.214905
2001-06-28 08:00,0.283082
2001-06-28 09:00,0.50264
2001-06-28 10:00,0.66018
2001-06-28 11:00,0.79748
2001-06-28 12:00,0.710875
2001-06-28 13:00,0.747597
2001-06-28 14:00,0.540498
2001-06-28 15:00,0.366078
2001-06-28 16:00,0.448005
2001-06-28 17:00,0.357062
2001-06-28 18:00,0.062738
2001-06-28 19:00,0.0
2001-06-28 20:00,0.0
2001-06-28 21:00,0.0
2001-06-28 22:00,0.0
2001-06-28 23:00,0.0
2001-06-29 00:00,0.0
2001-06-29 01:00,0.0
2001-06-29 02:00,0.0
2001-06-29 03:00,0.0
2001-06-29 04:00,0.0
2001-06-29 05:00,0.0
2001-06-29 06:00,0.009658
2001-06-29 07:00,0.110475
2001-06-29 08:00,0.290947
2001-06-29 09:00,0.46067
2001-06-29 10:00,0.60832
2001-06-29 11:00,0.544422
2001-06-29 12:00,0.56119
2001-06-29 13:00,0.8772
2001-06-29 14:00,0.75439
2001-06-29 15:00,0.507102
2001-06-29 16:00,0.195578
2001-06-29 17:00,0.283208
2001-06-29 18:00,0.021075
2001-06-29 19:00,0.0
2001-06-29 20:00,0.0
2001-06-29 21:00,0.0
2001-06-29 22:00,0.0
2001-06-29 23:00,0.0
2001-06-30 00:00,0.0
2001-06-30 01:00,0.0
2001-06-30 02:00,0.0
2001-06-30 03:00,0.0
2001-06-30 04:00,0.0
2001-06-30 05:00,0.0
2001-06-30 06:00,0.00423
2001-06-30 07:00,0.068582
2001-06-30 08:00,0.035925
2001-06-30 09:00,0.109002
2001-06-30 10:00,0.65277
2001-06-30 11:00,0.707375
2001-06-30 12:00,0.703152
2001-06-30 13:00,0.74454
2001-06-30 14:00,0.7637
2001-06-30 15:00,0.546898
2001-06-30 16:00,0.313235
2001-06-30 17:00,0.052242
2001-06-30 18:00,0.0
2001-06-30 19:00,0.0
2001-06-30 20:00,0.0
2001-06-30 21:00,0.0
2001-06-30 22:00,0.0
2001-06-30 23:00,0.0
2001-07-01 00:00,0.0
2001-07-01 01:00,0.0
2001-07-01 02:00,0.0
2001-07-01 03:00,0.0
2001-07-01 04:00,0.0
2001-07-01 05:00,0.0
2001-07-01 06:00,0.0
2001-07-01 07:00,0.0
2001-07-01 08:00,0.036225
2001-07-01 09:00,0.233942
2001-07-01 10:00,0.265302
2001-07-01 11:00,0.320847
2001-07-01 12:00,0.597068
2001-07-01 13:00,0.593688
2001-07-01 14:00,0.414605
2001-07-01 15:00,0.37083
2001-07-01 16:00,0.188395
2001-07-01 17:00,0.040465
2001-07-01 18:00,0.0
2001-07-01 19:00,0.0
2001-07-01 20:00,0.0
2001-07-01 21:00,0.0
2001-07-01 22:00,0.0
2001-07-01 23:00,0.0
2001-07-02 00:00,0.0
2001-07-02 01:00,0.0
2001-07-02 02:00,0.0
2001-07-02 03:00,0.0
2001-07-02 04:00,0.0
2001-07-02 05:00,0.0
2001-07-02 06:00,0.0
2001-07-02 07:00,0.002062
2001-07-02 08:00,0.08295
2001-07-02 09:00,0.33275
2001-07-02 10:00,0.51819
2001-07-02 11:00,0.589185
2001-07-02 12:00,0.65701
2001-07-02 13:00,0.650143
2001-07-02 14:00,0.592202
2001-07-02 15:00,0.531237
2001-07-02 16:00,0.364835
2001-07-02 17:00,0.142452
2001-07-02 18:00,0.010712
2001-07-02 19:00,0.0
2001-07-02 20:00,0.0
2001-07-02 21:00,0.0
2001-07-02 22:00,0.0
2001-07-02 23:00,0.0
2001-07-03 00:00,0.0
2001-07-03 01:00,0.0
2001-07-03 02:00,0.0
2001-07-03 03:00,0.0
2001-07-03 04:00,0.0
2001-07-03 05:00,0.0
2001-07-03 06:00,0.0
2001-07-03 07:00,0.045752
2001-07-03 08:00,0.365385
2001-07-03 09:00,0.54638
2001-07-03 10:00,0.60022
2001-07-03 11:00,0.726372
2001-07-03 12:00,0.808282
2001-07-03 13:00,0.80579
2001-07-03 14:00,0.71725
2001-07-03 15:00,0.597598
2001-07-03 16:00,0.462075
2001-07-03 17:00,0.213155
2001-07-03 18:00,0.01924
2001-07-03 19:00,0.0
2001-07-03 20:00,0.0
2001-07-03 21:00,0.0
2001-07-03 22:00,0.0
2001-07-03 23:00,0.0
2001-07-04 00:00,0.0
2001-07-04 01:00,0.0
2001-07-04 02:00,0.0
2001-07-04 03:00,0.0
2001-07-04 04:00,0.0
2001-07-04 05:00,0.0
2001-07-04 06:00,0.0
2001-07-04 07:00,0.102672
2001-07-04 08:00,0.347725
2001-07-04 09:00,0.539413
2001-07-04 10:00,0.665555
2001-07-04 11:00,0.774058
2001-07-04 12:00,0.830572
2001-07-04 13:00,0.80673
2001-07-04 14:00,0.71177
2001-07-04 15:00,0.585712
2001-07-04 16:00,0.473808
2001-07-04 17:00,0.25913
2001-07-04 18:00,0.020685
2001-07-04 19:00,0.0
2001-07-04 20:00,0.0
2001-07-04 21:00,0.0
2001-07-04 22:00,0.0
2001-07-04 23:00,0.0
2001-07-05 00:00,0.0
2001-07-05 01:00,0.0
2001-07-05 02:00,0.0
2001-07-05 03:00,0.0
2001-07-05 04:00,0.0
2001-07-05 05:00,0.0
2001-07-05 06:00,0.01767
2001-07-05 07:00,0.18293
2001-07-05 08:00,0.418207
2001-07-05 09:00,0.558605
2001-07-05 10:00,0.668685
2001-07-05 11:00,0.764085
2001-07-05 12:00,0.794645
2001-07-05 13:00,0.781965
2001-07-05 14:00,0.713497
2001-07-05 15:00,0.60338
2001-07-05 16:00,0.506178
2001-07-05 17:00,0.305952
2001-07-05 18:00,0.037788
2001-07-05 19:00,0.0
2001-07-05 20:00,0.0
2001-07-05 21:00,0.0
2001-07-05 22:00,0.0
2001-07-05 23:00,0.0
2001-07-06 00:00,0.0
2001-07-06 01:00,0.0
2001-07-06 02:00,0.0
2001-07-06 03:00,0.0
2001-07-06 04:00,0.0
2001-07-06 05:00,0.0
2001-07-06 06:00,0.007832
2001-07-06 07:00,0.057398
2001-07-06 08:00,0.214505
2001-07-06 09:00,0.37965
2001-07-06 10:00,0.66902
2001-07-06 11:00,0.643805
2001-07-06 12:00,0.766445
2001-07-06 13:00,0.843512
2001-07-06 14:00,0.778285
2001-07-06 15:00,0.609698
2001-07-06 16:00,0.20693
2001-07-06 17:00,0.26102
2001-07-06 18:00,0.020705
2001-07-06 19:00,0.0
2001-07-06 20:00,0.0
2001-07-06 21:00,0.0
2001-07-06 22:00,0.0
2001-07-06 23:00,0.0
2001-07-07 00:00,0.0
2001-07-07 01:00,0.0
2001-07-07 02:00,0.0
2001-07-07 03:00,0.0
2001-07-07 04:00,0.0
2001-07-07 05:00,0.0
2001-07-07 06:00,0.0
2001-07-07 07:00,0.06925
2001-07-07 08:00,0.263698
2001-07-07 09:00,0.36507
2001-07-07 10:00,0.268012
2001-07-07 11:00,0.267745
2001-07-07 12:00,0.526418
2001-07-07 13:00,0.562663
2001-07-07 14:00,0.479755
2001-07-07 15:00,0.319085
2001-07-07 16:00,0.267347
2001-07-07 17:00,0.215142
2001-07-07 18:00,0.05355
2001-07-07 19:00,0.0
2001-07-07 20:00,0.0
2001-07-07 21:00,0.0
2001-07-07 22:00,0.0
2001-07-07 23:00,0.0
2001-07-08 00:00,0.0
2001-07-08 01:00,0.0
2001-07-08 02:00,0.0
2001-07-08 03:00,0.0
2001-07-08 04:00,0.0
2001-07-08 05:00,0.0
2001-07-08 06:00,0.0
2001-07-08 07:00,0.055347
2001-07-08 08:00,0.07534
2001-07-08 09:00,0.149152
2001-07-08 10:00,0.131718
2001-07-08 11:00,0.144842
2001-07-08 12:00,0.173625
2001-07-08 13:00,0.259402
2001-07-08 14:00,0.293625
2001-07-08 15:00,0.494075
2001-07-08 16:00,0.307773
2001-07-08 17:00,0.110195
2001-07-08 18:00,0.016767
2001-07-08 19:00,0.0
2001-07-08 20:00,0.0
2001-07-08 21:00,0.0
2001-07-08 22:00,0.0
2001-07-08 23:00,0.0
2001-07-09 00:00,0.0
2001-07-09 01:00,0.0
2001-07-09 02:00,0.0
2001-07-09 03:00,0.0
2001-07-09 04:00,0.0
2001-07-09 05:00,0.0
2001-07-09 06:00,0.0
2001-07-09 07:00,0.078095
2001-07-09 08:00,0.303175
2001-07-09 09:00,0.418458
2001-07-09 10:00,0.59134
2001-07-09 11:00,0.689582
2001-07-09 12:00,0.5835
2001-07-09 13:00,0.543388
2001-07-09 14:00,0.70618
2001-07-09 15:00,0.597282
2001-07-09 16:00,0.404765
2001-07-09 17:00,0.197918
2001-07-09 18:00,0.01936
2001-07-09 19:00,0.0
2001-07-09 20:00,0.0
2001-07-09 21:00,0.0
2001-07-09 22:00,0.0
2001-07-09 23:00,0.0
2001-07-10 00:00,0.0
2001-07-10 01:00,0.0
2001-07-10 02:00,0.0
2001-07-10 03:00,0.0
2001-07-10 04:00,0.0
2001-07-10 05:00,0.0
2001-07-10 06:00,0.0
2001-07-10 07:00,0.0654
2001-07-10 08:00,0.306018
2001-07-10 09:00,0.521105
2001-07-10 10:00,0.60946
2001-07-10 11:00,0.729372
2001-07-10 12:00,0.767035
2001-07-10 13:00,0.740595
2001-07-10 14:00,0.60915
2001-07-10 15:00,0.538885
2001-07-10 16:00,0.344092
2001-07-10 17:00,0.09933
2001-07-10 18:00,0.003355
2001-07-10 19:00,0.0
2001-07-10 20:00,0.0
2001-07-10 21:00,0.0
2001-07-10 22:00,0.0
2001-07-10 23:00,0.0
2001-07-11 00:00,0.0
2001-07-11 01:00,0.0
2001-07-11 02:00,0.0
2001-07-11 03:00,0.0
2001-07-11 04:00,0.0
2001-07-11 05:00,0.0
2001-07-11 06:00,0.0
2001-07-11 07:00,0.030382
2001-07-11 08:00,0.168718
2001-07-11 09:00,0.427138
2001-07-11 10:00,0.54754
2001-07-11 11:00,0.59474
2001-07-11 12:00,0.640185
2001-07-11 13:00,0.601788
2001-07-11 14:00,0.545888
2001-07-11 15:00,0.429615
2001-07-11 16:00,0.198672
2001-07-11 17:00,0.047042
2001-07-11 18:00,0.0
2001-07-11 19:00,0.0
2001-07-11 20:00,0.0
2001-07-11 21:00,0.0
2001-07-11 22:00,0.0
2001-07-11 23:00,0.0
2001-07-12 00:00,0.0
2001-07-12 01:00,0.0
2001-07-12 02:00,0.0
2001-07-12 03:00,0.0
2001-07-12 04:00,0.0
2001-07-12 05:00,0.0
2001-07-12 06:00,0.0
2001-07-12 07:00,0.00321
2001-07-12 08:00,0.047983
2001-07-12 09:00,0.34596
2001-07-12 10:00,0.530738
2001-07-12 11:00,0.576642
2001-07-12 12:00,0.598288
2001-07-12 13:00,0.564735
2001-07-12 14:00,0.536575
2001-07-12 15:00,0.402335
2001-07-12 16:00,0.190155
2001-07-12 17:00,0.042758
2001-07-12 18:00,0.0
2001-07-12 19:00,0.0
2001-07-12 20:00,0.0
2001-07-12 21:00,0.0
2001-07-12 22:00,0.0
2001-07-12 23:00,0.0
2001-07-13 00:00,0.0
2001-07-13 01:00,0.0
2001-07-13 02:00,0.0
2001-07-13 03:00,0.0
2001-07-13 04:00,0.0
2001-07-13 05:00,0.0
2001-07-13 06:00,0.0
2001-07-13 07:00,0.04079
2001-07-13 08:00,0.255338
2001-07-13 09:00,0.476045
2001-07-13 10:00,0.586992
2001-07-13 11:00,0.77816
2001-07-13 12:00,0.823548
2001-07-13 13:00,0.788878
2001-07-13 14:00,0.637858
2001-07-13 15:00,0.563702
2001-07-13 16:00,0.419452
2001-07-13 17:00,0.191078
2001-07-13 18:00,0.013152
2001-07-13 19:00,0.0
2001-07-13 20:00,0.0
2001-07-13 21:00,0.0
2001-07-13 22:00,0.0
2001-07-13 23:00,0.0
2001-07-14 00:00,0.0
2001-07-14 01:00,0.0
2001-07-14 02:00,0.0
2001-07-14 03:00,0.0
2001-07-14 04:00,0.0
2001-07-14 05:00,0.0
2001-07-14 06:00,0.040632
2001-07-14 07:00,0.044135
2001-07-14 08:00,0.238475
2001-07-14 09:00,0.396135
2001-07-14 10:00,0.34335
2001-07-14 11:00,0.5878
2001-07-14 12:00,0.61055
2001-07-14 13:00,0.5981
2001-07-14 14:00,0.62596
2001-07-14 15:00,0.594328
2001-07-14 16:00,0.427987
2001-07-14 17:00,0.259905
2001-07-14 18:00,0.043745
2001-07-14 19:00,0.0
2001-07-14 20:00,0.0
2001-07-14 21:00,0.0
2001-07-14 22:00,0.0
2001-07-14 23:00,0.0
2001-07-15 00:00,0.0
2001-07-15 01:00,0.0
2001-07-15 02:00,0.0
2001-07-15 03:00,0.0
2001-07-15 04:00,0.0
2001-07-15 05:00,0.0
2001-07-15 06:00,0.007232
2001-07-15 07:00,0.060365
2001-07-15 08:00,0.125972
2001-07-15 09:00,0.207325
2001-07-15 10:00,0.362282
2001-07-15 11:00,0.38773
2001-07-15 12:00,0.35952
2001-07-15 13:00,0.32298
2001-07-15 14:00,0.421335
2001-07-15 15:00,0.43624
2001-07-15 16:00,0.328548
2001-07-15 17:00,0.179895
2001-07-15 18:00,0.018035
2001-07-15 19:00,0.0
2001-07-15 20:00,0.0
2001-07-15 21:00,0.0
2001-07-15 22:00,0.0
2001-07-15 23:00,0.0
2001-07-16 00:00,0.0
2001-07-16 01:00,0.0
2001-07-16 02:00,0.0
2001-07-16 03:00,0.0
2001-07-16 04:00,0.0
2001-07-16 05:00,0.0
2001-07-16 06:00,0.0
2001-07-16 07:00,0.010075
2001-07-16 08:00,0.074578
2001-07-16 09:00,0.214428
2001-07-16 10:00,0.493707
2001-07-16 11:00,0.533765
2001-07-16 12:00,0.508572
2001-07-16 13:00,0.478535
2001-07-16 14:00,0.479717
2001-07-16 15:00,0.507678
2001-07-16 16:00,0.453793
2001-07-16 17:00,0.29533
2001-07-16 18:00,0.024505
2001-07-16 19:00,0.0
2001-07-16 20:00,0.0
2001-07-16 21:00,0.0
2001-07-16 22:00,0.0
2001-07-16 23:00,0.0
2001-07-17 00:00,0.0
2001-07-17 01:00,0.0
2001-07-17 02:00,0.0
2001-07-17 03:00,0.0
2001-07-17 04:00,0.0
2001-07-17 05:00,0.0
2001-07-17 06:00,0.002398
2001-07-17 07:00,0.068882
2001-07-17 08:00,0.19701
2001-07-17 09:00,0.23781
2001-07-17 10:00,0.446945
2001-07-17 11:00,0.502748
2001-07-17 12:00,0.626672
2001-07-17 13:00,0.494402
2001-07-17 14:00,0.435942
2001-07-17 15:00,0.646708
2001-07-17 16:00,0.35572
2001-07-17 17:00,0.1033
2001-07-17 18:00,0.059625
2001-07-17 19:00,0.0
2001-07-17 20:00,0.0
2001-07-17 21:00,0.0
2001-07-17 22:00,0.0
2001-07-17 23:00,0.0
2001-07-18 00:00,0.0
2001-07-18 01:00,0.0
2001-07-18 02:00,0.0
2001-07-18 03:00,0.0
2001-07-18 04:00,0.0
2001-07-18 05:00,0.0
2001-07-18 06:00,0.016902
2001-07-18 07:00,0.179832
2001-07-18 08:00,0.424352
2001-07-18 09:00,0.55391
2001-07-18 10:00,0.63171
2001-07-18 11:00,0.717273
2001-07-18 12:00,0.654655
2001-07-18 13:00,0.650178
2001-07-18 14:00,0.67595
2001-07-18 15:00,0.424275
2001-07-18 16:00,0.377643
2001-07-18 17:00,0.385918
2001-07-18 18:00,0.074685
2001-07-18 19:00,0.0
2001-07-18 20:00,0.0
2001-07-18 21:00,0.0
2001-07-18 22:00,0.0
2001-07-18 23:00,0.0
2001-07-19 00:00,0.0
2001-07-19 01:00,0.0
2001-07-19 02:00,0.0
2001-07-19 03:00,0.0
2001-07-19 04:00,0.0
2001-07-19 05:00,0.0
2001-07-19 06:00,0.000432
2001-07-19 07:00,0.10919
2001-07-19 08:00,0.28178
2001-07-19 09:00,0.394337
2001-07-19 10:00,0.649675
2001-07-19 11:00,0.70166
2001-07-19 12:00,0.741382
2001-07-19 13:00,0.805232
2001-07-19 14:00,0.58066
2001-07-19 15:00,0.517123
2001-07-19 16:00,0.334228
2001-07-19 17:00,0.253085
2001-07-19 18:00,0.040675
2001-07-19 19:00,0.0
2001-07-19 20:00,0.0
2001-07-19 21:00,0.0
2001-07-19 22:00,0.0
2001-07-19 23:00,0.0
2001-07-20 00:00,0.0
2001-07-20 01:00,0.0
2001-07-20 02:00,0.0
2001-07-20 03:00,0.0
2001-07-20 04:00,0.0
2001-07-20 05:00,0.0
2001-07-20 06:00,0.003732
2001-07-20 07:00,0.139072
2001-07-20 08:00,0.321075
2001-07-20 09:00,0.44666
2001-07-20 10:00,0.545048
2001-07-20 11:00,0.667483
2001-07-20 12:00,0.820205
2001-07-20 13:00,0.83863
2001-07-20 14:00,0.761285
2001-07-20 15:00,0.62631
2001-07-20 16:00,0.301638
2001-07-20 17:00,0.333772
2001-07-20 18:00,0.04834
2001-07-20 19:00,0.0
2001-07-20 20:00,0.0
2001-07-20 21:00,0.0
2001-07-20 22:00,0.0
2001-07-20 23:00,0.0
2001-07-21 00:00,0.0
2001-07-21 01:00,0.0
2001-07-21 02:00,0.0
2001-07-21 03:00,0.0
2001-07-21 04:00,0.0
2001-07-21 05:00,0.0
2001-07-21 06:00,0.00144
2001-07-21 07:00,0.035322
2001-07-21 08:00,0.152707
2001-07-21 09:00,0.273225
2001-07-21 10:00,0.340625
2001-07-21 11:00,0.738662
2001-07-21 12:00,0.208432
2001-07-21 13:00,0.825915
2001-07-21 14:00,0.814708
2001-07-21 15:00,0.639602
2001-07-21 16:00,0.486175
2001-07-21 17:00,0.337752
2001-07-21 18:00,0.055358
2001-07-21 19:00,0.0
2001-07-21 20:00,0.0
2001-07-21 21:00,0.0
2001-07-21 22:00,0.0
2001-07-21 23:00,0.0
2001-07-22 00:00,0.0
2001-07-22 01:00,0.0
2001-07-22 02:00,0.0
2001-07-22 03:00,0.0
2001-07-22 04:00,0.0
2001-07-22 05:00,0.0
2001-07-22 06:00,0.00359
2001-07-22 07:00,0.104265
2001-07-22 08:00,0.33039
2001-07-22 09:00,0.43408
2001-07-22 10:00,0.61244
2001-07-22 11:00,0.719408
2001-07-22 12:00,0.307498
2001-07-22 13:00,0.756865
2001-07-22 14:00,0.849793
2001-07-22 15:00,0.613238
2001-07-22 16:00,0.489548
2001-07-22 17:00,0.297782
2001-07-22 18:00,0.043555
2001-07-22 19:00,0.0
2001-07-22 20:00,0.0
2001-07-22 21:00,0.0
2001-07-22 22:00,0.0
2001-07-22 23:00,0.0
2001-07-23 00:00,0.0
2001-07-23 01:00,0.0
2001-07-23 02:00,0.0
2001-07-23 03:00,0.0
2001-07-23 04:00,0.0
2001-07-23 05:00,0.0
2001-07-23 06:00,0.005395
2001-07-23 07:00,0.069395
2001-07-23 08:00,0.177335
2001-07-23 09:00,0.233858
2001-07-23 10:00,0.621838
2001-07-23 11:00,0.667625
2001-07-23 12:00,0.597265
2001-07-23 13:00,0.597568
2001-07-23 14:00,0.679718
2001-07-23 15:00,0.51318
2001-07-23 16:00,0.571375
2001-07-23 17:00,0.173562
2001-07-23 18:00,0.020778
2001-07-23 19:00,0.0
2001-07-23 20:00,0.0
2001-07-23 21:00,0.0
2001-07-23 22:00,0.0
2001-07-23 23:00,0.0
2001-07-24 00:00,0.0
2001-07-24 01:00,0.0
2001-07-24 02:00,0.0
2001-07-24 03:00,0.0
2001-07-24 04:00,0.0
2001-07-24 05:00,0.0
2001-07-24 06:00,0.000588
2001-07-24 07:00,0.0
2001-07-24 08:00,0.029725
2001-07-24 09:00,0.23273
2001-07-24 10:00,0.69146
2001-07-24 11:00,0.778785
2001-07-24 12:00,0.866108
2001-07-24 13:00,0.817155
2001-07-24 14:00,0.772888
2001-07-24 15:00,0.57264
2001-07-24 16:00,0.450432
2001-07-24 17:00,0.159898
2001-07-24 18:00,0.018968
2001-07-24 19:00,0.0
2001-07-24 20:00,0.0
2001-07-24 21:00,0.0
2001-07-24 22:00,0.0
2001-07-24 23:00,0.0
2001-07-25 00:00,0.0
2001-07-25 01:00,0.0
2001-07-25 02:00,0.0
2001-07-25 03:00,0.0
2001-07-25 04:00,0.0
2001-07-25 05:00,0.0
2001-07-25 06:00,0.000338
2001-07-25 07:00,0.127302
2001-07-25 08:00,0.284615
2001-07-25 09:00,0.332758
2001-07-25 10:00,0.507665
2001-07-25 11:00,0.656322
2001-07-25 12:00,0.672428
2001-07-25 13:00,0.889712
2001-07-25 14:00,0.434585
2001-07-25 15:00,0.06115
2001-07-25 16:00,0.019317
2001-07-25 17:00,0.053522
2001-07-25 18:00,0.015457
2001-07-25 19:00,0.0
2001-07-25 20:00,0.0
2001-07-25 21:00,0.0
2001-07-25 22:00,0.0
2001-07-25 23:00,0.0
2001-07-26 00:00,0.0
2001-07-26 01:00,0.0
2001-07-26 02:00,0.0
2001-07-26 03:00,0.0
2001-07-26 04:00,0.0
2001-07-26 05:00,0.0
2001-07-26 06:00,0.01185
2001-07-26 07:00,0.159662
2001-07-26 08:00,0.408755
2001-07-26 09:00,0.416698
2001-07-26 10:00,0.708852
2001-07-26 11:00,0.58519
2001-07-26 12:00,0.782328
2001-07-26 13:00,0.683412
2001-07-26 14:00,0.787748
2001-07-26 15:00,0.581328
2001-07-26 16:00,0.537002
2001-07-26 17:00,0.392908
2001-07-26 18:00,0.06307
2001-07-26 19:00,0.0
2001-07-26 20:00,0.0
2001-07-26 21:00,0.0
2001-07-26 22:00,0.0
2001-07-26 23:00,0.0
2001-07-27 00:00,0.0
2001-07-27 01:00,0.0
2001-07-27 02:00,0.0
2001-07-27 03:00,0.0
2001-07-27 04:00,0.0
2001-07-27 05:00,0.0
2001-07-27 06:00,0.011977
2001-07-27 07:00,0.0924
2001-07-27 08:00,0.179558
2001-07-27 09:00,0.279273
2001-07-27 10:00,0.41399
2001-07-27 11:00,0.681718
2001-07-27 12:00,0.74682
2001-07-27 13:00,0.75158
2001-07-27 14:00,0.668628
2001-07-27 15:00,0.537908
2001-07-27 16:00,0.400602
2001-07-27 17:00,0.086908
2001-07-27 18:00,0.011745
2001-07-27 19:00,0.0
2001-07-27 20:00,0.0
2001-07-27 21:00,0.0
2001-07-27 22:00,0.0
2001-07-27 23:00,0.0
2001-07-28 00:00,0.0
2001-07-28 01:00,0.0
2001-07-28 02:00,0.0
2001-07-28 03:00,0.0
2001-07-28 04:00,0.0
2001-07-28 05:00,0.0
2001-07-28 06:00,0.00362
2001-07-28 07:00,0.08642
2001-07-28 08:00,0.229445
2001-07-28 09:00,0.504582
2001-07-28 10:00,0.41999
2001-07-28 11:00,0.699585
2001-07-28 12:00,0.68235
2001-07-28 13:00,0.661925
2001-07-28 14:00,0.769968
2001-07-28 15:00,0.617072
2001-07-28 16:00,0.525932
2001-07-28 17:00,0.319428
2001-07-28 18:00,0.051822
2001-07-28 19:00,0.0
2001-07-28 20:00,0.0
2001-07-28 21:00,0.0
2001-07-28 22:00,0.0
2001-07-28 23:00,0.0
2001-07-29 00:00,0.0
2001-07-29 01:00,0.0
2001-07-29 02:00,0.0
2001-07-29 03:00,0.0
2001-07-29 04:00,0.0
2001-07-29 05:00,0.0
2001-07-29 06:00,1.5e-05
2001-07-29 07:00,0.058642
2001-07-29 08:00,0.08643
2001-07-29 09:00,0.211765
2001-07-29 10:00,0.437183
2001-07-29 11:00,0.616592
2001-07-29 12:00,0.488707
2001-07-29 13:00,0.68363
2001-07-29 14:00,0.692892
2001-07-29 15:00,0.605425
2001-07-29 16:00,0.398492
2001-07-29 17:00,0.159085
2001-07-29 18:00,0.02073
2001-07-29 19:00,0.0
2001-07-29 20:00,0.0
2001-07-29 21:00,0.0
2001-07-29 22:00,0.0
2001-07-29 23:00,0.0
2001-07-30 00:00,0.0
2001-07-30 01:00,0.0
2001-07-30 02:00,0.0
2001-07-30 03:00,0.0
2001-07-30 04:00,0.0
2001-07-30 05:00,0.0
2001-07-30 06:00,0.000112
2001-07-30 07:00,0.03784
2001-07-30 08:00,0.139832
2001-07-30 09:00,0.345168
2001-07-30 10:00,0.310172
2001-07-30 11:00,0.685168
2001-07-30 12:00,0.80642
2001-07-30 13:00,0.759642
2001-07-30 14:00,0.13624
2001-07-30 15:00,0.022255
2001-07-30 16:00,0.02716
2001-07-30 17:00,0.11546
2001-07-30 18:00,0.065463
2001-07-30 19:00,0.0
2001-07-30 20:00,0.0
2001-07-30 21:00,0.0
2001-07-30 22:00,0.0
2001-07-30 23:00,0.0
2001-07-31 00:00,0.0
2001-07-31 01:00,0.0
2001-07-31 02:00,0.0
2001-07-31 03:00,0.0
2001-07-31 04:00,0.0
2001-07-31 05:00,0.0
2001-07-31 06:00,0.054417
2001-07-31 07:00,0.183245
2001-07-31 08:00,0.281248
2001-07-31 09:00,0.444318
2001-07-31 10:00,0.60336
2001-07-31 11:00,0.45705
2001-07-31 12:00,0.776545
2001-07-31 13:00,0.75203
2001-07-31 14:00,0.79668
2001-07-31 15:00,0.617495
2001-07-31 16:00,0.332962
2001-07-31 17:00,0.427955
2001-07-31 18:00,0.056438
2001-07-31 19:00,0.0
2001-07-31 20:00,0.0
2001-07-31 21:00,0.0
2001-07-31 22:00,0.0
2001-07-31 23:00,0.0
2001-08-01 00:00,0.0
2001-08-01 01:00,0.003452
2001-08-01 02:00,0.004567
2001-08-01 03:00,0.008222
2001-08-01 04:00,0.07868
2001-08-01 05:00,0.08651
2001-08-01 06:00,0.089842
2001-08-01 07:00,0.101433
2001-08-01 08:00,0.109265
2001-08-01 09:00,0.175922
2001-08-01 10:00,0.290022
2001-08-01 11:00,0.538
2001-08-01 12:00,0.614298
2001-08-01 13:00,0.599692
2001-08-01 14:00,0.555722
2001-08-01 15:00,0.43676
2001-08-01 16:00,0.26101
2001-08-01 17:00,0.079058
2001-08-01 18:00,0.0
2001-08-01 19:00,0.0
2001-08-01 20:00,0.003252
2001-08-01 21:00,0.0
2001-08-01 22:00,0.0
2001-08-01 23:00,0.000507
2001-08-02 00:00,0.0
2001-08-02 01:00,0.0
2001-08-02 02:00,0.0
2001-08-02 03:00,0.0
2001-08-02 04:00,0.0
2001-08-02 05:00,0.0
2001-08-02 06:00,0.0
2001-08-02 07:00,0.001458
2001-08-02 08:00,0.095778
2001-08-02 09:00,0.377075
2001-08-02 10:00,0.541442
2001-08-02 11:00,0.619595
2001-08-02 12:00,0.692448
2001-08-02 13:00,0.681355
2001-08-02 14:00,0.614975
2001-08-02 15:00,0.538572
2001-08-02 16:00,0.37876
2001-08-02 17:00,0.152972
2001-08-02 18:00,0.011708
2001-08-02 19:00,0.0
2001-08-02 20:00,0.0
2001-08-02 21:00,0.0
2001-08-02 22:00,0.0
2001-08-02 23:00,0.0
2001-08-03 00:00,0.0
2001-08-03 01:00,0.0
2001-08-03 02:00,0.0
2001-08-03 03:00,0.0
2001-08-03 04:00,0.0
2001-08-03 05:00,0.0
2001-08-03 06:00,0.0
2001-08-03 07:00,0.032888
2001-08-03 08:00,0.250968
2001-08-03 09:00,0.483145
2001-08-03 10:00,0.592735
2001-08-03 11:00,0.71097
2001-08-03 12:00,0.786842
2001-08-03 13:00,0.782335
2001-08-03 14:00,0.693642
2001-08-03 15:00,0.584212
2001-08-03 16:00,0.45725
2001-08-03 17:00,0.224625
2001-08-03 18:00,0.020072
2001-08-03 19:00,0.0
2001-08-03 20:00,0.0
2001-08-03 21:00,0.0
2001-08-03 22:00,0.0
2001-08-03 23:00,0.0
2001-08-04 00:00,0.0
2001-08-04 01:00,0.0
2001-08-04 02:00,0.0
2001-08-04 03:00,0.0
2001-08-04 04:00,0.0
2001-08-04 05:00,0.0
2001-08-04 06:00,0.00341
2001-08-04 07:00,0.11095
2001-08-04 08:00,0.358483
2001-08-04 09:00,0.545735
2001-08-04 10:00,0.664912
2001-08-04 11:00,0.789355
2001-08-04 12:00,0.832895
2001-08-04 13:00,0.804072
2001-08-04 14:00,0.725415
2001-08-04 15:00,0.598505
2001-08-04 16:00,0.41425
2001-08-04 17:00,0.260553
2001-08-04 18:00,0.020363
2001-08-04 19:00,0.0
2001-08-04 20:00,0.0
2001-08-04 21:00,0.0
2001-08-04 22:00,0.0
2001-08-04 23:00,0.0
2001-08-05 00:00,0.0
2001-08-05 01:00,0.0
2001-08-05 02:00,0.0
2001-08-05 03:00,0.0
2001-08-05 04:00,0.0
2001-08-05 05:00,0.0
2001-08-05 06:00,0.019918
2001-08-05 07:00,0.184512
2001-08-05 08:00,0.42206
2001-08-05 09:00,0.559552
2001-08-05 10:00,0.667785
2001-08-05 11:00,0.762377
2001-08-05 12:00,0.80044
2001-08-05 13:00,0.776675
2001-08-05 14:00,0.718485
2001-08-05 15:00,0.605448
2001-08-05 16:00,0.505328
2001-08-05 17:00,0.309805
2001-08-05 18:00,0.040908
2001-08-05 19:00,0.0
2001-08-05 20:00,0.0
2001-08-05 21:00,0.0
2001-08-05 22:00,0.0
2001-08-05 23:00,0.0
2001-08-06 00:00,0.0
2001-08-06 01:00,0.0
2001-08-06 02:00,0.0
2001-08-06 03:00,0.0
2001-08-06 04:00,0.0
2001-08-06 05:00,0.0
2001-08-06 06:00,0.0087
2001-08-06 07:00,0.070532
2001-08-06 08:00,0.273275
2001-08-06 09:00,0.494375
2001-08-06 10:00,0.584788
2001-08-06 11:00,0.727828
2001-08-06 12:00,0.356418
2001-08-06 13:00,0.754405
2001-08-06 14:00,0.600372
2001-08-06 15:00,0.406155
2001-08-06 16:00,0.257045
2001-08-06 17:00,0.12863
2001-08-06 18:00,0.014878
2001-08-06 19:00,0.0
2001-08-06 20:00,0.0
2001-08-06 21:00,0.0
2001-08-06 22:00,0.0
2001-08-06 23:00,0.0
2001-08-07 00:00,0.0
2001-08-07 01:00,0.0
2001-08-07 02:00,0.0
2001-08-07 03:00,0.0
2001-08-07 04:00,0.0
2001-08-07 05:00,0.0
2001-08-07 06:00,0.025768
2001-08-07 07:00,0.15882
2001-08-07 08:00,0.363382
2001-08-07 09:00,0.347702
2001-08-07 10:00,0.611105
2001-08-07 11:00,0.711285
2001-08-07 12:00,0.596305
2001-08-07 13:00,0.411702
2001-08-07 14:00,0.488678
2001-08-07 15:00,0.619995
2001-08-07 16:00,0.44051
2001-08-07 17:00,0.321978
2001-08-07 18:00,0.04481
2001-08-07 19:00,0.0
2001-08-07 20:00,0.0
2001-08-07 21:00,0.0
2001-08-07 22:00,0.0
2001-08-07 23:00,0.0
2001-08-08 00:00,0.0
2001-08-08 01:00,0.0
2001-08-08 02:00,0.0
2001-08-08 03:00,0.0
2001-08-08 04:00,0.0
2001-08-08 05:00,0.0
2001-08-08 06:00,0.046685
2001-08-08 07:00,0.202412
2001-08-08 08:00,0.314228
2001-08-08 09:00,0.319948
2001-08-08 10:00,0.673278
2001-08-08 11:00,0.481875
2001-08-08 12:00,0.57386
2001-08-08 13:00,0.789242
2001-08-08 14:00,0.59678
2001-08-08 15:00,0.35002
2001-08-08 16:00,0.2721
2001-08-08 17:00,0.121132
2001-08-08 18:00,0.00564
2001-08-08 19:00,0.0
2001-08-08 20:00,0.0
2001-08-08 21:00,0.0
2001-08-08 22:00,0.0
2001-08-08 23:00,0.0
2001-08-09 00:00,0.0
2001-08-09 01:00,0.0
2001-08-09 02:00,0.0
2001-08-09 03:00,0.0
2001-08-09 04:00,0.0
2001-08-09 05:00,0.0
2001-08-09 06:00,0.0
2001-08-09 07:00,0.046835
2001-08-09 08:00,0.206235
2001-08-09 09:00,0.419385
2001-08-09 10:00,0.592392
2001-08-09 11:00,0.557152
2001-08-09 12:00,0.653
2001-08-09 13:00,0.697428
2001-08-09 14:00,0.700423
2001-08-09 15:00,0.557128
2001-08-09 16:00,0.399915
2001-08-09 17:00,0.186392
2001-08-09 18:00,0.019198
2001-08-09 19:00,0.0
2001-08-09 20:00,0.0
2001-08-09 21:00,0.0
2001-08-09 22:00,0.0
2001-08-09 23:00,0.0
2001-08-10 00:00,0.0
2001-08-10 01:00,0.0
2001-08-10 02:00,0.0
2001-08-10 03:00,0.0
2001-08-10 04:00,0.0
2001-08-10 05:00,0.0
2001-08-10 06:00,0.0
2001-08-10 07:00,0.063507
2001-08-10 08:00,0.298685
2001-08-10 09:00,0.507565
2001-08-10 10:00,0.593442
2001-08-10 11:00,0.699168
2001-08-10 12:00,0.74672
2001-08-10 13:00,0.713382
2001-08-10 14:00,0.61305
2001-08-10 15:00,0.521552
2001-08-10 16:00,0.323082
2001-08-10 17:00,0.092088
2001-08-10 18:00,0.002878
2001-08-10 19:00,0.0
2001-08-10 20:00,0.0
2001-08-10 21:00,0.0
2001-08-10 22:00,0.0
2001-08-10 23:00,0.0
2001-08-11 00:00,0.0
2001-08-11 01:00,0.0
2001-08-11 02:00,0.0
2001-08-11 03:00,0.0
2001-08-11 04:00,0.0
2001-08-11 05:00,0.0
2001-08-11 06:00,0.0
2001-08-11 07:00,0.029375
2001-08-11 08:00,0.167495
2001-08-11 09:00,0.428155
2001-08-11 10:00,0.547555
2001-08-11 11:00,0.58937
2001-08-11 12:00,0.63203
2001-08-11 13:00,0.589122
2001-08-11 14:00,0.547242
2001-08-11 15:00,0.437502
2001-08-11 16:00,0.201248
2001-08-11 17:00,0.043903
2001-08-11 18:00,0.0
2001-08-11 19:00,0.0
2001-08-11 20:00,0.0
2001-08-11 21:00,0.0
2001-08-11 22:00,0.0
2001-08-11 23:00,0.0
2001-08-12 00:00,0.0
2001-08-12 01:00,0.0
2001-08-12 02:00,0.0
2001-08-12 03:00,0.0
2001-08-12 04:00,0.0
2001-08-12 05:00,0.0
2001-08-12 06:00,0.0
2001-08-12 07:00,0.003447
2001-08-12 08:00,0.050912
2001-08-12 09:00,0.339078
2001-08-12 10:00,0.527545
2001-08-12 11:00,0.570152
2001-08-12 12:00,0.593292
2001-08-12 13:00,0.560192
2001-08-12 14:00,0.53773
2001-08-12 15:00,0.400068
2001-08-12 16:00,0.17999
2001-08-12 17:00,0.040078
2001-08-12 18:00,0.0
2001-08-12 19:00,0.0
2001-08-12 20:00,0.0
2001-08-12 21:00,0.0
2001-08-12 22:00,0.0
2001-08-12 23:00,0.0
2001-08-13 00:00,0.0
2001-08-13 01:00,0.0
2001-08-13 02:00,0.0
2001-08-13 03:00,0.0
2001-08-13 04:00,0.0
2001-08-13 05:00,0.0
2001-08-13 06:00,0.051675
2001-08-13 07:00,0.08478
2001-08-13 08:00,0.14119
2001-08-13 09:00,0.116345
2001-08-13 10:00,0.180735
2001-08-13 11:00,0.290185
2001-08-13 12:00,0.156852
2001-08-13 13:00,0.302495
2001-08-13 14:00,0.276544
2001-08-13 15:00,0.229888
2001-08-13 16:00,0.144227
2001-08-13 17:00,0.034548
2001-08-13 18:00,0.005164
2001-08-13 19:00,0.0
2001-08-13 20:00,0.0
2001-08-13 21:00,0.0
2001-08-13 22:00,0.0
2001-08-13 23:00,0.0
2001-08-14 00:00,0.0
2001-08-14 01:00,0.0
2001-08-14 02:00,0.0
2001-08-14 03:00,0.0
2001-08-14 04:00,0.0
2001-08-14 05:00,0.0
2001-08-14 06:00,0.052325
2001-08-14 07:00,0.085565
2001-08-14 08:00,0.105822
2001-08-14 09:00,0.178568
2001-08-14 10:00,0.26472
2001-08-14 11:00,0.270798
2001-08-14 12:00,0.210685
2001-08-14 13:00,0.11877
2001-08-14 14:00,0.11675
2001-08-14 15:00,0.08748
2001-08-14 16:00,0.083078
2001-08-14 17:00,0.049555
2001-08-14 18:00,0.0
2001-08-14 19:00,0.0
2001-08-14 20:00,0.0
2001-08-14 21:00,0.0
2001-08-14 22:00,0.0
2001-08-14 23:00,0.0
2001-08-15 00:00,0.0
2001-08-15 01:00,0.0
2001-08-15 02:00,0.0
2001-08-15 03:00,0.0
2001-08-15 04:00,0.0
2001-08-15 05:00,0.0
2001-08-15 06:00,0.0
2001-08-15 07:00,0.044948
2001-08-15 08:00,0.191085
2001-08-15 09:00,0.267045
2001-08-15 10:00,0.335002
2001-08-15 11:00,0.277893
2001-08-15 12:00,0.179958
2001-08-15 13:00,0.206915
2001-08-15 14:00,0.215408
2001-08-15 15:00,0.191338
2001-08-15 16:00,0.10167
2001-08-15 17:00,0.097078
2001-08-15 18:00,0.021565
2001-08-15 19:00,0.0
2001-08-15 20:00,0.0
2001-08-15 21:00,0.0
2001-08-15 22:00,0.0
2001-08-15 23:00,0.0
2001-08-16 00:00,0.0
2001-08-16 01:00,0.0
2001-08-16 02:00,0.0
2001-08-16 03:00,0.0
2001-08-16 04:00,0.0
2001-08-16 05:00,0.0
2001-08-16 06:00,0.05204
2001-08-16 07:00,0.087588
2001-08-16 08:00,0.109318
2001-08-16 09:00,0.163412
2001-08-16 10:00,0.28346
2001-08-16 11:00,0.352962
2001-08-16 12:00,0.26824
2001-08-16 13:00,0.30735
2001-08-16 14:00,0.31606
2001-08-16 15:00,0.422752
2001-08-16 16:00,0.290742
2001-08-16 17:00,0.153788
2001-08-16 18:00,0.0382
2001-08-16 19:00,0.0
2001-08-16 20:00,0.0
2001-08-16 21:00,0.0
2001-08-16 22:00,0.0
2001-08-16 23:00,0.0
2001-08-17 00:00,0.0
2001-08-17 01:00,0.0
2001-08-17 02:00,0.0
2001-08-17 03:00,0.0
2001-08-17 04:00,0.0
2001-08-17 05:00,0.0
2001-08-17 06:00,0.05179
2001-08-17 07:00,0.084935
2001-08-17 08:00,0.128348
2001-08-17 09:00,0.35676
2001-08-17 10:00,0.221755
2001-08-17 11:00,0.232322
2001-08-17 12:00,0.371042
2001-08-17 13:00,0.087835
2001-08-17 14:00,0.13299
2001-08-17 15:00,0.279388
2001-08-17 16:00,0.134311
2001-08-17 17:00,0.062865
2001-08-17 18:00,0.01027
2001-08-17 19:00,0.0
2001-08-17 20:00,0.0
2001-08-17 21:00,0.0
2001-08-17 22:00,0.0
2001-08-17 23:00,0.0
2001-08-18 00:00,0.0
2001-08-18 01:00,0.0
2001-08-18 02:00,0.0
2001-08-18 03:00,0.0
2001-08-18 04:00,0.0
2001-08-18 05:00,0.0
2001-08-18 06:00,0.05244
2001-08-18 07:00,0.16938
2001-08-18 08:00,0.264068
2001-08-18 09:00,0.143477
2001-08-18 10:00,0.179002
2001-08-18 11:00,0.23314
2001-08-18 12:00,0.194055
2001-08-18 13:00,0.249282
2001-08-18 14:00,0.45598
2001-08-18 15:00,0.461022
2001-08-18 16:00,0.172162
2001-08-18 17:00,0.101125
2001-08-18 18:00,0.018588
2001-08-18 19:00,0.0
2001-08-18 20:00,0.0
2001-08-18 21:00,0.0
2001-08-18 22:00,0.0
2001-08-18 23:00,0.0
2001-08-19 00:00,0.0
2001-08-19 01:00,0.0
2001-08-19 02:00,0.0
2001-08-19 03:00,0.0
2001-08-19 04:00,0.0
2001-08-19 05:00,0.0
2001-08-19 06:00,0.052058
2001-08-19 07:00,0.078505
2001-08-19 08:00,0.211808
2001-08-19 09:00,0.409305
2001-08-19 10:00,0.45214
2001-08-19 11:00,0.43541
2001-08-19 12:00,0.61229
2001-08-19 13:00,0.505935
2001-08-19 14:00,0.468328
2001-08-19 15:00,0.562415
2001-08-19 16:00,0.311268
2001-08-19 17:00,0.07963
2001-08-19 18:00,0.020788
2001-08-19 19:00,0.0
2001-08-19 20:00,0.0
2001-08-19 21:00,0.0
2001-08-19 22:00,0.0
2001-08-19 23:00,0.0
2001-08-20 00:00,0.0
2001-08-20 01:00,0.0
2001-08-20 02:00,0.0
2001-08-20 03:00,0.0
2001-08-20 04:00,0.0
2001-08-20 05:00,0.0
2001-08-20 06:00,0.052157
2001-08-20 07:00,0.101658
2001-08-20 08:00,0.158542
2001-08-20 09:00,0.110848
2001-08-20 10:00,0.237685
2001-08-20 11:00,0.398468
2001-08-20 12:00,0.149725
2001-08-20 13:00,0.366908
2001-08-20 14:00,0.387648
2001-08-20 15:00,0.3139
2001-08-20 16:00,0.439845
2001-08-20 17:00,0.164088
2001-08-20 18:00,0.019008
2001-08-20 19:00,0.0
2001-08-20 20:00,0.0
2001-08-20 21:00,0.0
2001-08-20 22:00,0.0
2001-08-20 23:00,0.0
2001-08-21 00:00,0.0
2001-08-21 01:00,0.0
2001-08-21 02:00,0.0
2001-08-21 03:00,0.0
2001-08-21 04:00,0.0
2001-08-21 05:00,0.0
2001-08-21 06:00,0.001153
2001-08-21 07:00,0.016137
2001-08-21 08:00,0.034578
2001-08-21 09:00,0.05302
2001-08-21 10:00,0.071462
2001-08-21 11:00,0.089903
2001-08-21 12:00,0.160395
2001-08-21 13:00,0.58091
2001-08-21 14:00,0.554335
2001-08-21 15:00,0.454568
2001-08-21 16:00,0.410048
2001-08-21 17:00,0.129932
2001-08-21 18:00,0.019978
2001-08-21 19:00,0.0
2001-08-21 20:00,0.0
2001-08-21 21:00,0.0
2001-08-21 22:00,0.0
2001-08-21 23:00,0.0
2001-08-22 00:00,0.0
2001-08-22 01:00,0.0
2001-08-22 02:00,0.0
2001-08-22 03:00,0.0
2001-08-22 04:00,0.0
2001-08-22 05:00,0.0
2001-08-22 06:00,0.010308
2001-08-22 07:00,0.065025
2001-08-22 08:00,0.103727
2001-08-22 09:00,0.082135
2001-08-22 10:00,0.0777
2001-08-22 11:00,0.07082
2001-08-22 12:00,0.060712
2001-08-22 13:00,0.060445
2001-08-22 14:00,0.08596
2001-08-22 15:00,0.118742
2001-08-22 16:00,0.099522
2001-08-22 17:00,0.08644
2001-08-22 18:00,0.020855
2001-08-22 19:00,0.0
2001-08-22 20:00,0.0
2001-08-22 21:00,0.0
2001-08-22 22:00,0.0
2001-08-22 23:00,0.0
2001-08-23 00:00,0.0
2001-08-23 01:00,0.0
2001-08-23 02:00,0.0
2001-08-23 03:00,0.0
2001-08-23 04:00,0.0
2001-08-23 05:00,0.0
2001-08-23 06:00,0.051848
2001-08-23 07:00,0.084338
2001-08-23 08:00,0.155788
2001-08-23 09:00,0.148008
2001-08-23 10:00,0.24073
2001-08-23 11:00,0.252798
2001-08-23 12:00,0.171565
2001-08-23 13:00,0.085787
2001-08-23 14:00,0.104253
2001-08-23 15:00,0.07686
2001-08-23 16:00,0.105722
2001-08-23 17:00,0.103655
2001-08-23 18:00,0.01306
2001-08-23 19:00,0.0
2001-08-23 20:00,0.0
2001-08-23 21:00,0.0
2001-08-23 22:00,0.0
2001-08-23 23:00,0.0
2001-08-24 00:00,0.0
2001-08-24 01:00,0.0
2001-08-24 02:00,0.0
2001-08-24 03:00,0.0
2001-08-24 04:00,0.0
2001-08-24 05:00,0.0
2001-08-24 06:00,0.052555
2001-08-24 07:00,0.084228
2001-08-24 08:00,0.14617
2001-08-24 09:00,0.244405
2001-08-24 10:00,0.241595
2001-08-24 11:00,0.301087
2001-08-24 12:00,0.471403
2001-08-24 13:00,0.420037
2001-08-24 14:00,0.420108
2001-08-24 15:00,0.397685
2001-08-24 16:00,0.252522
2001-08-24 17:00,0.115948
2001-08-24 18:00,0.01756
2001-08-24 19:00,0.0
2001-08-24 20:00,0.0
2001-08-24 21:00,0.0
2001-08-24 22:00,0.0
2001-08-24 23:00,0.0
2001-08-25 00:00,0.0
2001-08-25 01:00,0.0
2001-08-25 02:00,0.0
2001-08-25 03:00,0.0
2001-08-25 04:00,0.0
2001-08-25 05:00,0.0
2001-08-25 06:00,0.003218
2001-08-25 07:00,0.095992
2001-08-25 08:00,0.212508
2001-08-25 09:00,0.343438
2001-08-25 10:00,0.555595
2001-08-25 11:00,0.405938
2001-08-25 12:00,0.410032
2001-08-25 13:00,0.506102
2001-08-25 14:00,0.675235
2001-08-25 15:00,0.357602
2001-08-25 16:00,0.166225
2001-08-25 17:00,0.21263
2001-08-25 18:00,0.041388
2001-08-25 19:00,0.0
2001-08-25 20:00,0.0
2001-08-25 21:00,0.0
2001-08-25 22:00,0.0
2001-08-25 23:00,0.0
2001-08-26 00:00,0.0
2001-08-26 01:00,0.0
2001-08-26 02:00,0.0
2001-08-26 03:00,0.0
2001-08-26 04:00,0.0
2001-08-26 05:00,0.0
2001-08-26 06:00,0.004288
2001-08-26 07:00,0.05934
2001-08-26 08:00,0.16662
2001-08-26 09:00,0.352272
2001-08-26 10:00,0.47927
2001-08-26 11:00,0.527455
2001-08-26 12:00,0.626268
2001-08-26 13:00,0.670952
2001-08-26 14:00,0.523858
2001-08-26 15:00,0.507238
2001-08-26 16:00,0.292983
2001-08-26 17:00,0.102855
2001-08-26 18:00,0.02003
2001-08-26 19:00,0.0
2001-08-26 20:00,0.0
2001-08-26 21:00,0.0
2001-08-26 22:00,0.0
2001-08-26 23:00,0.0
2001-08-27 00:00,0.0
2001-08-27 01:00,0.0
2001-08-27 02:00,0.0
2001-08-27 03:00,0.0
2001-08-27 04:00,0.0
2001-08-27 05:00,0.0
2001-08-27 06:00,0.000428
2001-08-27 07:00,0.052065
2001-08-27 08:00,0.161592
2001-08-27 09:00,0.384815
2001-08-27 10:00,0.57709
2001-08-27 11:00,0.585112
2001-08-27 12:00,0.547805
2001-08-27 13:00,0.800478
2001-08-27 14:00,0.729772
2001-08-27 15:00,0.424102
2001-08-27 16:00,0.34011
2001-08-27 17:00,0.11851
2001-08-27 18:00,0.020855
2001-08-27 19:00,0.0
2001-08-27 20:00,0.0
2001-08-27 21:00,0.0
2001-08-27 22:00,0.0
2001-08-27 23:00,0.0
2001-08-28 00:00,0.0
2001-08-28 01:00,0.0
2001-08-28 02:00,0.0
2001-08-28 03:00,0.0
2001-08-28 04:00,0.0
2001-08-28 05:00,0.0
2001-08-28 06:00,0.002623
2001-08-28 07:00,0.11341
2001-08-28 08:00,0.179032
2001-08-28 09:00,0.359805
2001-08-28 10:00,0.468092
2001-08-28 11:00,0.456545
2001-08-28 12:00,0.375458
2001-08-28 13:00,0.68068
2001-08-28 14:00,0.596795
2001-08-28 15:00,0.464053
2001-08-28 16:00,0.124872
2001-08-28 17:00,0.096642
2001-08-28 18:00,0.01966
2001-08-28 19:00,0.0
2001-08-28 20:00,0.0
2001-08-28 21:00,0.0
2001-08-28 22:00,0.0
2001-08-28 23:00,0.0
2001-08-29 00:00,0.0
2001-08-29 01:00,0.0
2001-08-29 02:00,0.0
2001-08-29 03:00,0.0
2001-08-29 04:00,0.0
2001-08-29 05:00,0.0
2001-08-29 06:00,0.011268
2001-08-29 07:00,0.0423
2001-08-29 08:00,0.07905
2001-08-29 09:00,0.104222
2001-08-29 10:00,0.321178
2001-08-29 11:00,0.341115
2001-08-29 12:00,0.49904
2001-08-29 13:00,0.618508
2001-08-29 14:00,0.328275
2001-08-29 15:00,0.31765
2001-08-29 16:00,0.092392
2001-08-29 17:00,0.023548
2001-08-29 18:00,0.014882
2001-08-29 19:00,0.0
2001-08-29 20:00,0.0
2001-08-29 21:00,0.0
2001-08-29 22:00,0.0
2001-08-29 23:00,0.0
2001-08-30 00:00,0.0
2001-08-30 01:00,0.0
2001-08-30 02:00,0.0
2001-08-30 03:00,0.0
2001-08-30 04:00,0.0
2001-08-30 05:00,0.0
2001-08-30 06:00,0.0
2001-08-30 07:00,0.0
2001-08-30 08:00,0.0
2001-08-30 09:00,5e-06
2001-08-30 10:00,0.00796
2001-08-30 11:00,0.037903
2001-08-30 12:00,0.082538
2001-08-30 13:00,0.094875
2001-08-30 14:00,0.159158
2001-08-30 15:00,0.121428
2001-08-30 16:00,0.110952
2001-08-30 17:00,0.07973
2001-08-30 18:00,0.01918
2001-08-30 19:00,0.0
2001-08-30 20:00,0.0
2001-08-30 21:00,0.0
2001-08-30 22:00,0.0
2001-08-30 23:00,0.0
2001-08-31 00:00,0.0
2001-08-31 01:00,0.0
2001-08-31 02:00,0.0
2001-08-31 03:00,0.0
2001-08-31 04:00,0.0
2001-08-31 05:00,0.0
2001-08-31 06:00,0.0
2001-08-31 07:00,0.073502
2001-08-31 08:00,0.158372
2001-08-31 09:00,0.419275
2001-08-31 10:00,0.619928
2001-08-31 11:00,0.777037
2001-08-31 12:00,0.616957
2001-08-31 13:00,0.425465
2001-08-31 14:00,0.653095
2001-08-31 15:00,0.549615
2001-08-31 16:00,0.222675
2001-08-31 17:00,0.24678
2001-08-31 18:00,0.013508
2001-08-31 19:00,0.0
2001-08-31 20:00,0.0
2001-08-31 21:00,0.0
2001-08-31 22:00,0.0
2001-08-31 23:00,0.0
2001-09-01 00:00,0.0
2001-09-01 01:00,0.0
2001-09-01 02:00,0.0
2001-09-01 03:00,0.0
2001-09-01 04:00,0.000332
2001-09-01 05:00,0.0
2001-09-01 06:00,0.0
2001-09-01 07:00,0.0
2001-09-01 08:00,0.008398
2001-09-01 09:00,0.254015
2001-09-01 10:00,0.506168
2001-09-01 11:00,0.639182
2001-09-01 12:00,0.695582
2001-09-01 13:00,0.683777
2001-09-01 14:00,0.706258
2001-09-01 15:00,0.444012
2001-09-01 16:00,0.277762
2001-09-01 17:00,0.09259
2001-09-01 18:00,0.0
2001-09-01 19:00,0.0
2001-09-01 20:00,0.0
2001-09-01 21:00,0.0
2001-09-01 22:00,0.0
2001-09-01 23:00,0.0
2001-09-02 00:00,0.0
2001-09-02 01:00,0.0
2001-09-02 02:00,0.0
2001-09-02 03:00,0.0
2001-09-02 04:00,0.0
2001-09-02 05:00,0.0
2001-09-02 06:00,0.0
2001-09-02 07:00,0.002158
2001-09-02 08:00,0.102868
2001-09-02 09:00,0.37485
2001-09-02 10:00,0.53788
2001-09-02 11:00,0.626915
2001-09-02 12:00,0.69194
2001-09-02 13:00,0.686997
2001-09-02 14:00,0.62521
2001-09-02 15:00,0.546345
2001-09-02 16:00,0.39228
2001-09-02 17:00,0.15925
2001-09-02 18:00,0.011715
2001-09-02 19:00,0.0
2001-09-02 20:00,0.0
2001-09-02 21:00,0.0
2001-09-02 22:00,0.0
2001-09-02 23:00,0.0
2001-09-03 00:00,0.0
2001-09-03 01:00,0.0
2001-09-03 02:00,0.0
2001-09-03 03:00,0.0
2001-09-03 04:00,0.0
2001-09-03 05:00,0.0
2001-09-03 06:00,0.051168
2001-09-03 07:00,0.104218
2001-09-03 08:00,0.232578
2001-09-03 09:00,0.466455
2001-09-03 10:00,0.577878
2001-09-03 11:00,0.686818
2001-09-03 12:00,0.759902
2001-09-03 13:00,0.757325
2001-09-03 14:00,0.683135
2001-09-03 15:00,0.577172
2001-09-03 16:00,0.449068
2001-09-03 17:00,0.176782
2001-09-03 18:00,0.02005
2001-09-03 19:00,0.0
2001-09-03 20:00,0.0
2001-09-03 21:00,0.0
2001-09-03 22:00,0.0
2001-09-03 23:00,0.0
2001-09-04 00:00,0.0
2001-09-04 01:00,0.0
2001-09-04 02:00,0.0
2001-09-04 03:00,0.0
2001-09-04 04:00,0.0
2001-09-04 05:00,0.0
2001-09-04 06:00,0.008625
2001-09-04 07:00,0.104948
2001-09-04 08:00,0.344103
2001-09-04 09:00,0.508665
2001-09-04 10:00,0.637805
2001-09-04 11:00,0.741038
2001-09-04 12:00,0.814758
2001-09-04 13:00,0.79203
2001-09-04 14:00,0.709548
2001-09-04 15:00,0.584735
2001-09-04 16:00,0.46632
2001-09-04 17:00,0.245222
2001-09-04 18:00,0.020638
2001-09-04 19:00,0.0
2001-09-04 20:00,0.0
2001-09-04 21:00,0.0
2001-09-04 22:00,0.0
2001-09-04 23:00,0.0
2001-09-05 00:00,0.0
2001-09-05 01:00,0.0
2001-09-05 02:00,0.0
2001-09-05 03:00,0.0
2001-09-05 04:00,0.0
2001-09-05 05:00,0.0
2001-09-05 06:00,0.020455
2001-09-05 07:00,0.191968
2001-09-05 08:00,0.41953
2001-09-05 09:00,0.558088
2001-09-05 10:00,0.666415
2001-09-05 11:00,0.75393
2001-09-05 12:00,0.788358
2001-09-05 13:00,0.776398
2001-09-05 14:00,0.71811
2001-09-05 15:00,0.60189
2001-09-05 16:00,0.49637
2001-09-05 17:00,0.302147
2001-09-05 18:00,0.039185
2001-09-05 19:00,0.0
2001-09-05 20:00,0.0
2001-09-05 21:00,0.0
2001-09-05 22:00,0.0
2001-09-05 23:00,0.0
2001-09-06 00:00,0.0
2001-09-06 01:00,0.0
2001-09-06 02:00,0.0
2001-09-06 03:00,0.0
2001-09-06 04:00,0.0
2001-09-06 05:00,0.0
2001-09-06 06:00,0.019965
2001-09-06 07:00,0.15919
2001-09-06 08:00,0.415695
2001-09-06 09:00,0.44706
2001-09-06 10:00,0.593515
2001-09-06 11:00,0.708288
2001-09-06 12:00,0.843608
2001-09-06 13:00,0.82931
2001-09-06 14:00,0.766358
2001-09-06 15:00,0.560965
2001-09-06 16:00,0.515095
2001-09-06 17:00,0.329272
2001-09-06 18:00,0.045562
2001-09-06 19:00,0.0
2001-09-06 20:00,0.0
2001-09-06 21:00,0.0
2001-09-06 22:00,0.0
2001-09-06 23:00,0.0
2001-09-07 00:00,0.0
2001-09-07 01:00,0.0
2001-09-07 02:00,0.0
2001-09-07 03:00,0.0
2001-09-07 04:00,0.0
2001-09-07 05:00,0.0
2001-09-07 06:00,0.013865
2001-09-07 07:00,0.120435
2001-09-07 08:00,0.301555
2001-09-07 09:00,0.30604
2001-09-07 10:00,0.635962
2001-09-07 11:00,0.329805
2001-09-07 12:00,0.499395
2001-09-07 13:00,0.445935
2001-09-07 14:00,0.668413
2001-09-07 15:00,0.672535
2001-09-07 16:00,0.451075
2001-09-07 17:00,0.297983
2001-09-07 18:00,0.045267
2001-09-07 19:00,0.0
2001-09-07 20:00,0.0
2001-09-07 21:00,0.0
2001-09-07 22:00,0.0
2001-09-07 23:00,0.0
2001-09-08 00:00,0.0
2001-09-08 01:00,0.0
2001-09-08 02:00,0.0
2001-09-08 03:00,0.0
2001-09-08 04:00,0.0
2001-09-08 05:00,0.0
2001-09-08 06:00,0.05212
2001-09-08 07:00,0.08616
2001-09-08 08:00,0.152575
2001-09-08 09:00,0.211598
2001-09-08 10:00,0.42692
2001-09-08 11:00,0.507277
2001-09-08 12:00,0.68628
2001-09-08 13:00,0.544388
2001-09-08 14:00,0.550305
2001-09-08 15:00,0.471337
2001-09-08 16:00,0.427818
2001-09-08 17:00,0.225472
2001-09-08 18:00,0.03018
2001-09-08 19:00,0.0
2001-09-08 20:00,0.0
2001-09-08 21:00,0.0
2001-09-08 22:00,0.0
2001-09-08 23:00,0.0
2001-09-09 00:00,0.0
2001-09-09 01:00,0.0
2001-09-09 02:00,0.0
2001-09-09 03:00,0.0
2001-09-09 04:00,0.0
2001-09-09 05:00,0.0
2001-09-09 06:00,0.0
2001-09-09 07:00,0.065602
2001-09-09 08:00,0.20921
2001-09-09 09:00,0.444798
2001-09-09 10:00,0.59267
2001-09-09 11:00,0.688912
2001-09-09 12:00,0.59759
2001-09-09 13:00,0.676735
2001-09-09 14:00,0.635092
2001-09-09 15:00,0.445708
2001-09-09 16:00,0.25597
2001-09-09 17:00,0.085787
2001-09-09 18:00,0.0092
2001-09-09 19:00,0.0
2001-09-09 20:00,0.0
2001-09-09 21:00,0.0
2001-09-09 22:00,0.0
2001-09-09 23:00,0.0
2001-09-10 00:00,0.0
2001-09-10 01:00,0.0
2001-09-10 02:00,0.0
2001-09-10 03:00,0.0
2001-09-10 04:00,0.0
2001-09-10 05:00,0.0
2001-09-10 06:00,0.0
2001-09-10 07:00,0.07461
2001-09-10 08:00,0.098715
2001-09-10 09:00,0.427657
2001-09-10 10:00,0.589018
2001-09-10 11:00,0.672442
2001-09-10 12:00,0.723842
2001-09-10 13:00,0.69614
2001-09-10 14:00,0.546098
2001-09-10 15:00,0.3624
2001-09-10 16:00,0.205257
2001-09-10 17:00,0.083942
2001-09-10 18:00,0.002655
2001-09-10 19:00,0.0
2001-09-10 20:00,0.0
2001-09-10 21:00,0.0
2001-09-10 22:00,0.0
2001-09-10 23:00,0.0
2001-09-11 00:00,0.0
2001-09-11 01:00,0.0
2001-09-11 02:00,0.0
2001-09-11 03:00,0.0
2001-09-11 04:00,0.0
2001-09-11 05:00,0.0
2001-09-11 06:00,0.0
2001-09-11 07:00,0.02687
2001-09-11 08:00,0.155765
2001-09-11 09:00,0.404645
2001-09-11 10:00,0.5393
2001-09-11 11:00,0.56666
2001-09-11 12:00,0.608617
2001-09-11 13:00,0.567018
2001-09-11 14:00,0.54016
2001-09-11 15:00,0.417258
2001-09-11 16:00,0.197015
2001-09-11 17:00,0.043388
2001-09-11 18:00,0.0
2001-09-11 19:00,0.0
2001-09-11 20:00,0.0
2001-09-11 21:00,0.0
2001-09-11 22:00,0.0
2001-09-11 23:00,0.0
2001-09-12 00:00,0.0
2001-09-12 01:00,0.0
2001-09-12 02:00,0.0
2001-09-12 03:00,0.0
2001-09-12 04:00,0.0
2001-09-12 05:00,0.0
2001-09-12 06:00,0.0
2001-09-12 07:00,0.0
2001-09-12 08:00,0.054745
2001-09-12 09:00,0.319655
2001-09-12 10:00,0.511602
2001-09-12 11:00,0.556362
2001-09-12 12:00,0.580778
2001-09-12 13:00,0.558418
2001-09-12 14:00,0.529382
2001-09-12 15:00,0.368482
2001-09-12 16:00,0.16901
2001-09-12 17:00,0.029282
2001-09-12 18:00,0.0
2001-09-12 19:00,0.0
2001-09-12 20:00,0.0
2001-09-12 21:00,0.0
2001-09-12 22:00,0.0
2001-09-12 23:00,0.0
2001-09-13 00:00,0.0
2001-09-13 01:00,0.0
2001-09-13 02:00,0.0
2001-09-13 03:00,0.0
2001-09-13 04:00,0.0
2001-09-13 05:00,0.0
2001-09-13 06:00,0.000865
2001-09-13 07:00,0.100765
2001-09-13 08:00,0.327095
2001-09-13 09:00,0.489908
2001-09-13 10:00,0.59573
2001-09-13 11:00,0.6754
2001-09-13 12:00,0.488018
2001-09-13 13:00,0.651198
2001-09-13 14:00,0.58925
2001-09-13 15:00,0.403035
2001-09-13 16:00,0.156265
2001-09-13 17:00,0.063698
2001-09-13 18:00,0.00813
2001-09-13 19:00,0.0
2001-09-13 20:00,0.0
2001-09-13 21:00,0.0
2001-09-13 22:00,0.0
2001-09-13 23:00,0.0
2001-09-14 00:00,0.0
2001-09-14 01:00,0.0
2001-09-14 02:00,0.0
2001-09-14 03:00,0.0
2001-09-14 04:00,0.0
2001-09-14 05:00,0.0
2001-09-14 06:00,0.0
2001-09-14 07:00,0.02832
2001-09-14 08:00,0.126452
2001-09-14 09:00,0.4032
2001-09-14 10:00,0.496765
2001-09-14 11:00,0.626355
2001-09-14 12:00,0.599998
2001-09-14 13:00,0.65478
2001-09-14 14:00,0.666873
2001-09-14 15:00,0.186635
2001-09-14 16:00,0.218338
2001-09-14 17:00,0.082493
2001-09-14 18:00,0.016515
2001-09-14 19:00,0.0
2001-09-14 20:00,0.0
2001-09-14 21:00,0.0
2001-09-14 22:00,0.0
2001-09-14 23:00,0.0
2001-09-15 00:00,0.0
2001-09-15 01:00,0.0
2001-09-15 02:00,0.0
2001-09-15 03:00,0.0
2001-09-15 04:00,0.0
2001-09-15 05:00,0.0
2001-09-15 06:00,0.0
2001-09-15 07:00,0.061232
2001-09-15 08:00,0.154792
2001-09-15 09:00,0.383587
2001-09-15 10:00,0.5693
2001-09-15 11:00,0.593558
2001-09-15 12:00,0.227712
2001-09-15 13:00,0.383092
2001-09-15 14:00,0.436752
2001-09-15 15:00,0.35762
2001-09-15 16:00,0.415212
2001-09-15 17:00,0.169672
2001-09-15 18:00,0.019
2001-09-15 19:00,0.0
2001-09-15 20:00,0.0
2001-09-15 21:00,0.0
2001-09-15 22:00,0.0
2001-09-15 23:00,0.0
2001-09-16 00:00,0.0
2001-09-16 01:00,0.0
2001-09-16 02:00,0.0
2001-09-16 03:00,0.0
2001-09-16 04:00,0.0
2001-09-16 05:00,0.0
2001-09-16 06:00,0.000205
2001-09-16 07:00,0.053575
2001-09-16 08:00,0.15967
2001-09-16 09:00,0.27766
2001-09-16 10:00,0.476032
2001-09-16 11:00,0.473455
2001-09-16 12:00,0.594325
2001-09-16 13:00,0.423065
2001-09-16 14:00,0.404852
2001-09-16 15:00,0.082852
2001-09-16 16:00,0.156525
2001-09-16 17:00,0.09177
2001-09-16 18:00,0.00694
2001-09-16 19:00,0.0
2001-09-16 20:00,0.0
2001-09-16 21:00,0.0
2001-09-16 22:00,0.0
2001-09-16 23:00,0.0
2001-09-17 00:00,0.0
2001-09-17 01:00,0.0
2001-09-17 02:00,0.0
2001-09-17 03:00,0.0
2001-09-17 04:00,0.0
2001-09-17 05:00,0.0
2001-09-17 06:00,0.05139
2001-09-17 07:00,0.11903
2001-09-17 08:00,0.10273
2001-09-17 09:00,0.157325
2001-09-17 10:00,0.207095
2001-09-17 11:00,0.25906
2001-09-17 12:00,0.344622
2001-09-17 13:00,0.290175
2001-09-17 14:00,0.158622
2001-09-17 15:00,0.232155
2001-09-17 16:00,0.080885
2001-09-17 17:00,0.0
2001-09-17 18:00,0.0
2001-09-17 19:00,0.0
2001-09-17 20:00,0.0
2001-09-17 21:00,0.0
2001-09-17 22:00,0.0
2001-09-17 23:00,0.0
2001-09-18 00:00,0.0
2001-09-18 01:00,0.0
2001-09-18 02:00,0.0
2001-09-18 03:00,0.0
2001-09-18 04:00,0.0
2001-09-18 05:00,0.0
2001-09-18 06:00,0.051768
2001-09-18 07:00,0.107935
2001-09-18 08:00,0.24797
2001-09-18 09:00,0.192602
2001-09-18 10:00,0.351415
2001-09-18 11:00,0.564448
2001-09-18 12:00,0.583202
2001-09-18 13:00,0.272658
2001-09-18 14:00,0.134267
2001-09-18 15:00,0.016078
2001-09-18 16:00,0.046275
2001-09-18 17:00,0.03519
2001-09-18 18:00,0.00589
2001-09-18 19:00,0.0
2001-09-18 20:00,0.0
2001-09-18 21:00,0.0
2001-09-18 22:00,0.0
2001-09-18 23:00,0.0
2001-09-19 00:00,0.0
2001-09-19 01:00,0.0
2001-09-19 02:00,0.0
2001-09-19 03:00,0.0
2001-09-19 04:00,0.0
2001-09-19 05:00,0.0
2001-09-19 06:00,0.0
2001-09-19 07:00,0.03624
2001-09-19 08:00,0.09318
2001-09-19 09:00,0.375305
2001-09-19 10:00,0.474328
2001-09-19 11:00,0.686808
2001-09-19 12:00,0.764135
2001-09-19 13:00,0.611617
2001-09-19 14:00,0.61537
2001-09-19 15:00,0.469825
2001-09-19 16:00,0.329613
2001-09-19 17:00,0.094095
2001-09-19 18:00,0.009602
2001-09-19 19:00,0.0
2001-09-19 20:00,0.0
2001-09-19 21:00,0.0
2001-09-19 22:00,0.0
2001-09-19 23:00,0.0
2001-09-20 00:00,0.0
2001-09-20 01:00,0.0
2001-09-20 02:00,0.0
2001-09-20 03:00,0.0
2001-09-20 04:00,0.0
2001-09-20 05:00,0.0
2001-09-20 06:00,0.0
2001-09-20 07:00,0.049688
2001-09-20 08:00,0.267615
2001-09-20 09:00,0.52891
2001-09-20 10:00,0.574552
2001-09-20 11:00,0.636095
2001-09-20 12:00,0.653108
2001-09-20 13:00,0.532212
2001-09-20 14:00,0.4929
2001-09-20 15:00,0.457985
2001-09-20 16:00,0.26139
2001-09-20 17:00,0.1325
2001-09-20 18:00,0.013588
2001-09-20 19:00,0.0
2001-09-20 20:00,0.0
2001-09-20 21:00,0.0
2001-09-20 22:00,0.0
2001-09-20 23:00,0.0
2001-09-21 00:00,0.0
2001-09-21 01:00,0.0
2001-09-21 02:00,0.0
2001-09-21 03:00,0.0
2001-09-21 04:00,0.0
2001-09-21 05:00,0.0
2001-09-21 06:00,0.0
2001-09-21 07:00,0.088578
2001-09-21 08:00,0.356232
2001-09-21 09:00,0.53519
2001-09-21 10:00,0.574712
2001-09-21 11:00,0.688485
2001-09-21 12:00,0.764998
2001-09-21 13:00,0.726735
2001-09-21 14:00,0.62785
2001-09-21 15:00,0.495315
2001-09-21 16:00,0.38817
2001-09-21 17:00,0.17779
2001-09-21 18:00,0.009675
2001-09-21 19:00,0.0
2001-09-21 20:00,0.0
2001-09-21 21:00,0.0
2001-09-21 22:00,0.0
2001-09-21 23:00,0.0
2001-09-22 00:00,0.0
2001-09-22 01:00,0.0
2001-09-22 02:00,0.0
2001-09-22 03:00,0.0
2001-09-22 04:00,0.0
2001-09-22 05:00,0.0
2001-09-22 06:00,0.0
2001-09-22 07:00,0.042872
2001-09-22 08:00,0.156772
2001-09-22 09:00,0.327368
2001-09-22 10:00,0.517168
2001-09-22 11:00,0.603205
2001-09-22 12:00,0.693092
2001-09-22 13:00,0.685735
2001-09-22 14:00,0.6113
2001-09-22 15:00,0.517138
2001-09-22 16:00,0.202825
2001-09-22 17:00,0.079398
2001-09-22 18:00,0.009685
2001-09-22 19:00,0.0
2001-09-22 20:00,0.0
2001-09-22 21:00,0.0
2001-09-22 22:00,0.0
2001-09-22 23:00,0.0
2001-09-23 00:00,0.0
2001-09-23 01:00,0.0
2001-09-23 02:00,0.0
2001-09-23 03:00,0.0
2001-09-23 04:00,0.0
2001-09-23 05:00,0.0
2001-09-23 06:00,0.0
2001-09-23 07:00,0.008092
2001-09-23 08:00,0.051662
2001-09-23 09:00,0.037482
2001-09-23 10:00,0.043972
2001-09-23 11:00,0.10496
2001-09-23 12:00,0.090605
2001-09-23 13:00,0.087388
2001-09-23 14:00,0.114398
2001-09-23 15:00,0.091757
2001-09-23 16:00,0.097195
2001-09-23 17:00,0.084287
2001-09-23 18:00,0.020668
2001-09-23 19:00,0.0
2001-09-23 20:00,0.0
2001-09-23 21:00,0.0
2001-09-23 22:00,0.0
2001-09-23 23:00,0.0
2001-09-24 00:00,0.0
2001-09-24 01:00,0.0
2001-09-24 02:00,0.0
2001-09-24 03:00,0.0
2001-09-24 04:00,0.0
2001-09-24 05:00,0.0
2001-09-24 06:00,0.023575
2001-09-24 07:00,0.07871
2001-09-24 08:00,0.223792
2001-09-24 09:00,0.237785
2001-09-24 10:00,0.237415
2001-09-24 11:00,0.543392
2001-09-24 12:00,0.63522
2001-09-24 13:00,0.628508
2001-09-24 14:00,0.605642
2001-09-24 15:00,0.510145
2001-09-24 16:00,0.392155
2001-09-24 17:00,0.13739
2001-09-24 18:00,0.015682
2001-09-24 19:00,0.0
2001-09-24 20:00,0.0
2001-09-24 21:00,0.0
2001-09-24 22:00,0.0
2001-09-24 23:00,0.0
2001-09-25 00:00,0.0
2001-09-25 01:00,0.0
2001-09-25 02:00,0.0
2001-09-25 03:00,0.0
2001-09-25 04:00,0.0
2001-09-25 05:00,0.0
2001-09-25 06:00,0.0004
2001-09-25 07:00,0.03495
2001-09-25 08:00,0.19135
2001-09-25 09:00,0.26913
2001-09-25 10:00,0.529655
2001-09-25 11:00,0.51118
2001-09-25 12:00,0.57476
2001-09-25 13:00,0.525905
2001-09-25 14:00,0.447248
2001-09-25 15:00,0.434282
2001-09-25 16:00,0.21032
2001-09-25 17:00,0.09994
2001-09-25 18:00,0.007315
2001-09-25 19:00,0.0
2001-09-25 20:00,0.0
2001-09-25 21:00,0.0
2001-09-25 22:00,0.0
2001-09-25 23:00,0.0
2001-09-26 00:00,0.0
2001-09-26 01:00,0.0
2001-09-26 02:00,0.0
2001-09-26 03:00,0.0
2001-09-26 04:00,0.0
2001-09-26 05:00,0.0
2001-09-26 06:00,0.050142
2001-09-26 07:00,0.054405
2001-09-26 08:00,0.07068
2001-09-26 09:00,0.170375
2001-09-26 10:00,0.306298
2001-09-26 11:00,0.471362
2001-09-26 12:00,0.383587
2001-09-26 13:00,0.61852
2001-09-26 14:00,0.714608
2001-09-26 15:00,0.483445
2001-09-26 16:00,0.431732
2001-09-26 17:00,0.143602
2001-09-26 18:00,0.00892
2001-09-26 19:00,0.0
2001-09-26 20:00,0.0
2001-09-26 21:00,0.0
2001-09-26 22:00,0.0
2001-09-26 23:00,0.0
2001-09-27 00:00,0.0
2001-09-27 01:00,0.0
2001-09-27 02:00,0.0
2001-09-27 03:00,0.0
2001-09-27 04:00,0.0
2001-09-27 05:00,0.0
2001-09-27 06:00,0.049972
2001-09-27 07:00,0.091575
2001-09-27 08:00,0.33784
2001-09-27 09:00,0.529263
2001-09-27 10:00,0.571715
2001-09-27 11:00,0.745405
2001-09-27 12:00,0.715028
2001-09-27 13:00,0.751055
2001-09-27 14:00,0.68524
2001-09-27 15:00,0.55343
2001-09-27 16:00,0.388972
2001-09-27 17:00,0.14889
2001-09-27 18:00,0.013402
2001-09-27 19:00,0.0
2001-09-27 20:00,0.0
2001-09-27 21:00,0.0
2001-09-27 22:00,0.0
2001-09-27 23:00,0.0
2001-09-28 00:00,0.0
2001-09-28 01:00,0.0
2001-09-28 02:00,0.0
2001-09-28 03:00,0.0
2001-09-28 04:00,0.0
2001-09-28 05:00,0.0
2001-09-28 06:00,7e-06
2001-09-28 07:00,0.057765
2001-09-28 08:00,0.0782
2001-09-28 09:00,0.131495
2001-09-28 10:00,0.303555
2001-09-28 11:00,0.663727
2001-09-28 12:00,0.680237
2001-09-28 13:00,0.657775
2001-09-28 14:00,0.224042
2001-09-28 15:00,0.088418
2001-09-28 16:00,0.39223
2001-09-28 17:00,0.08591
2001-09-28 18:00,0.0
2001-09-28 19:00,0.0
2001-09-28 20:00,0.0
2001-09-28 21:00,0.0
2001-09-28 22:00,0.0
2001-09-28 23:00,0.0
2001-09-29 00:00,0.0
2001-09-29 01:00,0.0
2001-09-29 02:00,0.0
2001-09-29 03:00,0.0
2001-09-29 04:00,0.0
2001-09-29 05:00,0.0
2001-09-29 06:00,0.009417
2001-09-29 07:00,0.068445
2001-09-29 08:00,0.28487
2001-09-29 09:00,0.502263
2001-09-29 10:00,0.567025
2001-09-29 11:00,0.655072
2001-09-29 12:00,0.624512
2001-09-29 13:00,0.72253
2001-09-29 14:00,0.651892
2001-09-29 15:00,0.464795
2001-09-29 16:00,0.324758
2001-09-29 17:00,0.102665
2001-09-29 18:00,0.005705
2001-09-29 19:00,0.0
2001-09-29 20:00,0.0
2001-09-29 21:00,0.0
2001-09-29 22:00,0.0
2001-09-29 23:00,0.0
2001-09-30 00:00,0.0
2001-09-30 01:00,0.0
2001-09-30 02:00,0.0
2001-09-30 03:00,0.0
2001-09-30 04:00,0.0
2001-09-30 05:00,0.0
2001-09-30 06:00,0.0
2001-09-30 07:00,0.06252
2001-09-30 08:00,0.283658
2001-09-30 09:00,0.50957
2001-09-30 10:00,0.623565
2001-09-30 11:00,0.716045
2001-09-30 12:00,0.685432
2001-09-30 13:00,0.728115
2001-09-30 14:00,0.65726
2001-09-30 15:00,0.520953
2001-09-30 16:00,0.30041
2001-09-30 17:00,0.106812
2001-09-30 18:00,0.006132
2001-09-30 19:00,0.0
2001-09-30 20:00,0.0
2001-09-30 21:00,0.0
2001-09-30 22:00,0.0
2001-09-30 23:00,0.0
2001-10-01 00:00,0.0
2001-10-01 01:00,0.0
2001-10-01 02:00,0.0
2001-10-01 03:00,0.0
2001-10-01 04:00,0.0
2001-10-01 05:00,0.0
2001-10-01 06:00,0.0
2001-10-01 07:00,0.0
2001-10-01 08:00,5e-06
2001-10-01 09:00,0.286502
2001-10-01 10:00,0.56084
2001-10-01 11:00,0.669318
2001-10-01 12:00,0.731845
2001-10-01 13:00,0.715878
2001-10-01 14:00,0.637348
2001-10-01 15:00,0.50783
2001-10-01 16:00,0.315372
2001-10-01 17:00,0.079098
2001-10-01 18:00,0.0
2001-10-01 19:00,0.0
2001-10-01 20:00,0.0
2001-10-01 21:00,0.0
2001-10-01 22:00,0.0
2001-10-01 23:00,0.0
2001-10-02 00:00,0.0
2001-10-02 01:00,0.0
2001-10-02 02:00,0.0
2001-10-02 03:00,0.0
2001-10-02 04:00,0.0
2001-10-02 05:00,0.0
2001-10-02 06:00,0.0
2001-10-02 07:00,0.00224
2001-10-02 08:00,0.105623
2001-10-02 09:00,0.357195
2001-10-02 10:00,0.52729
2001-10-02 11:00,0.600712
2001-10-02 12:00,0.662682
2001-10-02 13:00,0.656263
2001-10-02 14:00,0.590883
2001-10-02 15:00,0.52576
2001-10-02 16:00,0.362788
2001-10-02 17:00,0.144802
2001-10-02 18:00,0.01095
2001-10-02 19:00,0.0
2001-10-02 20:00,0.0
2001-10-02 21:00,0.0
2001-10-02 22:00,0.0
2001-10-02 23:00,0.0
2001-10-03 00:00,0.0
2001-10-03 01:00,0.0
2001-10-03 02:00,0.0
2001-10-03 03:00,0.0
2001-10-03 04:00,0.0
2001-10-03 05:00,0.0
2001-10-03 06:00,0.0
2001-10-03 07:00,0.032665
2001-10-03 08:00,0.249582
2001-10-03 09:00,0.46517
2001-10-03 10:00,0.395085
2001-10-03 11:00,0.51922
2001-10-03 12:00,0.80687
2001-10-03 13:00,0.778452
2001-10-03 14:00,0.693235
2001-10-03 15:00,0.590642
2001-10-03 16:00,0.472465
2001-10-03 17:00,0.229808
2001-10-03 18:00,0.02029
2001-10-03 19:00,0.0
2001-10-03 20:00,0.0
2001-10-03 21:00,0.0
2001-10-03 22:00,0.0
2001-10-03 23:00,0.0
2001-10-04 00:00,0.0
2001-10-04 01:00,0.0
2001-10-04 02:00,0.0
2001-10-04 03:00,0.0
2001-10-04 04:00,0.0
2001-10-04 05:00,0.0
2001-10-04 06:00,0.000627
2001-10-04 07:00,0.096575
2001-10-04 08:00,0.331002
2001-10-04 09:00,0.523525
2001-10-04 10:00,0.625848
2001-10-04 11:00,0.7591
2001-10-04 12:00,0.812042
2001-10-04 13:00,0.807592
2001-10-04 14:00,0.720105
2001-10-04 15:00,0.595045
2001-10-04 16:00,0.48662
2001-10-04 17:00,0.253722
2001-10-04 18:00,0.020962
2001-10-04 19:00,0.0
2001-10-04 20:00,0.0
2001-10-04 21:00,0.0
2001-10-04 22:00,0.0
2001-10-04 23:00,0.0
2001-10-05 00:00,0.0
2001-10-05 01:00,0.0
2001-10-05 02:00,0.0
2001-10-05 03:00,0.0
2001-10-05 04:00,0.0
2001-10-05 05:00,0.0
2001-10-05 06:00,0.02161
2001-10-05 07:00,0.190698
2001-10-05 08:00,0.414368
2001-10-05 09:00,0.553925
2001-10-05 10:00,0.656905
2001-10-05 11:00,0.740068
2001-10-05 12:00,0.770932
2001-10-05 13:00,0.756277
2001-10-05 14:00,0.70384
2001-10-05 15:00,0.598007
2001-10-05 16:00,0.492262
2001-10-05 17:00,0.295545
2001-10-05 18:00,0.038502
2001-10-05 19:00,0.0
2001-10-05 20:00,0.0
2001-10-05 21:00,0.0
2001-10-05 22:00,0.0
2001-10-05 23:00,0.0
2001-10-06 00:00,0.0
2001-10-06 01:00,0.0
2001-10-06 02:00,0.0
2001-10-06 03:00,0.0
2001-10-06 04:00,0.0
2001-10-06 05:00,0.0
2001-10-06 06:00,0.020785
2001-10-06 07:00,0.100605
2001-10-06 08:00,0.303058
2001-10-06 09:00,0.493308
2001-10-06 10:00,0.50255
2001-10-06 11:00,0.596985
2001-10-06 12:00,0.638128
2001-10-06 13:00,0.554718
2001-10-06 14:00,0.526682
2001-10-06 15:00,0.406422
2001-10-06 16:00,0.480412
2001-10-06 17:00,0.327988
2001-10-06 18:00,0.052905
2001-10-06 19:00,0.0
2001-10-06 20:00,0.0
2001-10-06 21:00,0.0
2001-10-06 22:00,0.0
2001-10-06 23:00,0.0
2001-10-07 00:00,0.0
2001-10-07 01:00,0.0
2001-10-07 02:00,0.0
2001-10-07 03:00,0.0
2001-10-07 04:00,0.0
2001-10-07 05:00,0.0
2001-10-07 06:00,0.049425
2001-10-07 07:00,0.089422
2001-10-07 08:00,0.26404
2001-10-07 09:00,0.314062
2001-10-07 10:00,0.579662
2001-10-07 11:00,0.582072
2001-10-07 12:00,0.640938
2001-10-07 13:00,0.80852
2001-10-07 14:00,0.528805
2001-10-07 15:00,0.456225
2001-10-07 16:00,0.31447
2001-10-07 17:00,0.240995
2001-10-07 18:00,0.038725
2001-10-07 19:00,0.0
2001-10-07 20:00,0.0
2001-10-07 21:00,0.0
2001-10-07 22:00,0.0
2001-10-07 23:00,0.0
2001-10-08 00:00,0.0
2001-10-08 01:00,0.0
2001-10-08 02:00,0.0
2001-10-08 03:00,0.0
2001-10-08 04:00,0.0
2001-10-08 05:00,0.0
2001-10-08 06:00,0.0
2001-10-08 07:00,0.034705
2001-10-08 08:00,0.155895
2001-10-08 09:00,0.390995
2001-10-08 10:00,0.427558
2001-10-08 11:00,0.112458
2001-10-08 12:00,0.207502
2001-10-08 13:00,0.25347
2001-10-08 14:00,0.57402
2001-10-08 15:00,0.485785
2001-10-08 16:00,0.26553
2001-10-08 17:00,0.306355
2001-10-08 18:00,0.042408
2001-10-08 19:00,0.0
2001-10-08 20:00,0.0
2001-10-08 21:00,0.0
2001-10-08 22:00,0.0
2001-10-08 23:00,0.0
2001-10-09 00:00,0.0
2001-10-09 01:00,0.0
2001-10-09 02:00,0.0
2001-10-09 03:00,0.0
2001-10-09 04:00,0.0
2001-10-09 05:00,0.0
2001-10-09 06:00,0.000162
2001-10-09 07:00,0.06766
2001-10-09 08:00,0.14415
2001-10-09 09:00,0.493078
2001-10-09 10:00,0.610253
2001-10-09 11:00,0.734242
2001-10-09 12:00,0.751412
2001-10-09 13:00,0.669302
2001-10-09 14:00,0.65037
2001-10-09 15:00,0.502118
2001-10-09 16:00,0.265218
2001-10-09 17:00,0.094175
2001-10-09 18:00,0.007442
2001-10-09 19:00,0.0
2001-10-09 20:00,0.0
2001-10-09 21:00,0.0
2001-10-09 22:00,0.0
2001-10-09 23:00,0.0
2001-10-10 00:00,0.0
2001-10-10 01:00,0.0
2001-10-10 02:00,0.0
2001-10-10 03:00,0.0
2001-10-10 04:00,0.0
2001-10-10 05:00,0.0
2001-10-10 06:00,0.05133
2001-10-10 07:00,0.09351
2001-10-10 08:00,0.267152
2001-10-10 09:00,0.470185
2001-10-10 10:00,0.560625
2001-10-10 11:00,0.65226
2001-10-10 12:00,0.692455
2001-10-10 13:00,0.659822
2001-10-10 14:00,0.573578
2001-10-10 15:00,0.486838
2001-10-10 16:00,0.278932
2001-10-10 17:00,0.079523
2001-10-10 18:00,1.8e-05
2001-10-10 19:00,0.0
2001-10-10 20:00,0.0
2001-10-10 21:00,0.0
2001-10-10 22:00,0.0
2001-10-10 23:00,0.0
2001-10-11 00:00,0.0
2001-10-11 01:00,0.0
2001-10-11 02:00,0.0
2001-10-11 03:00,0.0
2001-10-11 04:00,0.0
2001-10-11 05:00,0.0
2001-10-11 06:00,0.0
2001-10-11 07:00,0.025852
2001-10-11 08:00,0.147408
2001-10-11 09:00,0.39818
2001-10-11 10:00,0.53872
2001-10-11 11:00,0.571315
2001-10-11 12:00,0.606088
2001-10-11 13:00,0.56174
2001-10-11 14:00,0.536727
2001-10-11 15:00,0.41709
2001-10-11 16:00,0.182745
2001-10-11 17:00,0.04068
2001-10-11 18:00,0.0
2001-10-11 19:00,0.0
2001-10-11 20:00,0.0
2001-10-11 21:00,0.0
2001-10-11 22:00,0.0
2001-10-11 23:00,0.0
2001-10-12 00:00,0.0
2001-10-12 01:00,0.0
2001-10-12 02:00,0.0
2001-10-12 03:00,0.0
2001-10-12 04:00,0.0
2001-10-12 05:00,0.0
2001-10-12 06:00,0.0
2001-10-12 07:00,0.00236
2001-10-12 08:00,0.059162
2001-10-12 09:00,0.260688
2001-10-12 10:00,0.493335
2001-10-12 11:00,0.5491
2001-10-12 12:00,0.498248
2001-10-12 13:00,0.507708
2001-10-12 14:00,0.476458
2001-10-12 15:00,0.34069
2001-10-12 16:00,0.151845
2001-10-12 17:00,0.012095
2001-10-12 18:00,0.0
2001-10-12 19:00,0.0
2001-10-12 20:00,0.0
2001-10-12 21:00,0.0
2001-10-12 22:00,0.0
2001-10-12 23:00,0.0
2001-10-13 00:00,0.0
2001-10-13 01:00,0.0
2001-10-13 02:00,0.0
2001-10-13 03:00,0.0
2001-10-13 04:00,0.0
2001-10-13 05:00,0.0
2001-10-13 06:00,0.0
2001-10-13 07:00,0.04969
2001-10-13 08:00,0.236465
2001-10-13 09:00,0.458668
2001-10-13 10:00,0.550242
2001-10-13 11:00,0.598308
2001-10-13 12:00,0.59049
2001-10-13 13:00,0.603892
2001-10-13 14:00,0.557032
2001-10-13 15:00,0.46231
2001-10-13 16:00,0.219428
2001-10-13 17:00,0.073342
2001-10-13 18:00,0.002678
2001-10-13 19:00,0.0
2001-10-13 20:00,0.0
2001-10-13 21:00,0.0
2001-10-13 22:00,0.0
2001-10-13 23:00,0.0
2001-10-14 00:00,0.0
2001-10-14 01:00,0.0
2001-10-14 02:00,0.0
2001-10-14 03:00,0.0
2001-10-14 04:00,0.0
2001-10-14 05:00,0.0
2001-10-14 06:00,0.0
2001-10-14 07:00,0.04204
2001-10-14 08:00,0.104912
2001-10-14 09:00,0.379372
2001-10-14 10:00,0.500032
2001-10-14 11:00,0.597542
2001-10-14 12:00,0.63235
2001-10-14 13:00,0.60197
2001-10-14 14:00,0.54047
2001-10-14 15:00,0.439793
2001-10-14 16:00,0.234502
2001-10-14 17:00,0.05953
2001-10-14 18:00,0.0
2001-10-14 19:00,0.0
2001-10-14 20:00,0.0
2001-10-14 21:00,0.0
2001-10-14 22:00,0.0
2001-10-14 23:00,0.0
2001-10-15 00:00,0.0
2001-10-15 01:00,0.0
2001-10-15 02:00,0.0
2001-10-15 03:00,0.0
2001-10-15 04:00,0.0
2001-10-15 05:00,0.0
2001-10-15 06:00,0.0
2001-10-15 07:00,0.057415
2001-10-15 08:00,0.265228
2001-10-15 09:00,0.490105
2001-10-15 10:00,0.59055
2001-10-15 11:00,0.687968
2001-10-15 12:00,0.724898
2001-10-15 13:00,0.663178
2001-10-15 14:00,0.59426
2001-10-15 15:00,0.448353
2001-10-15 16:00,0.120828
2001-10-15 17:00,0.020845
2001-10-15 18:00,0.0
2001-10-15 19:00,0.0
2001-10-15 20:00,0.0
2001-10-15 21:00,0.0
2001-10-15 22:00,0.0
2001-10-15 23:00,0.0
2001-10-16 00:00,0.0
2001-10-16 01:00,0.0
2001-10-16 02:00,0.0
2001-10-16 03:00,0.0
2001-10-16 04:00,0.0
2001-10-16 05:00,0.0
2001-10-16 06:00,0.0
2001-10-16 07:00,0.030942
2001-10-16 08:00,0.136665
2001-10-16 09:00,0.503425
2001-10-16 10:00,0.568947
2001-10-16 11:00,0.682105
2001-10-16 12:00,0.642288
2001-10-16 13:00,0.612858
2001-10-16 14:00,0.584242
2001-10-16 15:00,0.435392
2001-10-16 16:00,0.29661
2001-10-16 17:00,0.083628
2001-10-16 18:00,0.002967
2001-10-16 19:00,0.0
2001-10-16 20:00,0.0
2001-10-16 21:00,0.0
2001-10-16 22:00,0.0
2001-10-16 23:00,0.0
2001-10-17 00:00,0.0
2001-10-17 01:00,0.0
2001-10-17 02:00,0.0
2001-10-17 03:00,0.0
2001-10-17 04:00,0.0
2001-10-17 05:00,0.0
2001-10-17 06:00,0.0
2001-10-17 07:00,0.053537
2001-10-17 08:00,0.234788
2001-10-17 09:00,0.465755
2001-10-17 10:00,0.584492
2001-10-17 11:00,0.635658
2001-10-17 12:00,0.746062
2001-10-17 13:00,0.597345
2001-10-17 14:00,0.538625
2001-10-17 15:00,0.415855
2001-10-17 16:00,0.265095
2001-10-17 17:00,0.073372
2001-10-17 18:00,0.011178
2001-10-17 19:00,0.0
2001-10-17 20:00,0.0
2001-10-17 21:00,0.0
2001-10-17 22:00,0.0
2001-10-17 23:00,0.0
2001-10-18 00:00,0.0
2001-10-18 01:00,0.0
2001-10-18 02:00,0.0
2001-10-18 03:00,0.0
2001-10-18 04:00,0.0
2001-10-18 05:00,0.0
2001-10-18 06:00,0.0
2001-10-18 07:00,0.01216
2001-10-18 08:00,0.04529
2001-10-18 09:00,0.091512
2001-10-18 10:00,0.324518
2001-10-18 11:00,0.617635
2001-10-18 12:00,0.502322
2001-10-18 13:00,0.43562
2001-10-18 14:00,0.461673
2001-10-18 15:00,0.399895
2001-10-18 16:00,0.090875
2001-10-18 17:00,0.062002
2001-10-18 18:00,0.0
2001-10-18 19:00,0.0
2001-10-18 20:00,0.0
2001-10-18 21:00,0.0
2001-10-18 22:00,0.0
2001-10-18 23:00,0.0
2001-10-19 00:00,0.0
2001-10-19 01:00,0.0
2001-10-19 02:00,0.0
2001-10-19 03:00,0.0
2001-10-19 04:00,0.0
2001-10-19 05:00,0.0
2001-10-19 06:00,0.0
2001-10-19 07:00,0.022338
2001-10-19 08:00,0.092058
2001-10-19 09:00,0.287455
2001-10-19 10:00,0.466035
2001-10-19 11:00,0.302575
2001-10-19 12:00,0.567642
2001-10-19 13:00,0.313592
2001-10-19 14:00,0.124358
2001-10-19 15:00,0.079655
2001-10-19 16:00,0.065995
2001-10-19 17:00,0.02732
2001-10-19 18:00,0.0
2001-10-19 19:00,0.0
2001-10-19 20:00,0.0
2001-10-19 21:00,0.0
2001-10-19 22:00,0.0
2001-10-19 23:00,0.0
2001-10-20 00:00,0.0
2001-10-20 01:00,0.0
2001-10-20 02:00,0.0
2001-10-20 03:00,0.0
2001-10-20 04:00,0.0
2001-10-20 05:00,0.0
2001-10-20 06:00,0.0
2001-10-20 07:00,0.046088
2001-10-20 08:00,0.185468
2001-10-20 09:00,0.416168
2001-10-20 10:00,0.54599
2001-10-20 11:00,0.528842
2001-10-20 12:00,0.489735
2001-10-20 13:00,0.485555
2001-10-20 14:00,0.481645
2001-10-20 15:00,0.32073
2001-10-20 16:00,0.15647
2001-10-20 17:00,0.05662
2001-10-20 18:00,0.0
2001-10-20 19:00,0.0
2001-10-20 20:00,0.0
2001-10-20 21:00,0.0
2001-10-20 22:00,0.0
2001-10-20 23:00,0.0
2001-10-21 00:00,0.0
2001-10-21 01:00,0.0
2001-10-21 02:00,0.0
2001-10-21 03:00,0.0
2001-10-21 04:00,0.0
2001-10-21 05:00,0.0
2001-10-21 06:00,0.0
2001-10-21 07:00,0.045085
2001-10-21 08:00,0.187695
2001-10-21 09:00,0.40745
2001-10-21 10:00,0.54296
2001-10-21 11:00,0.577565
2001-10-21 12:00,0.622488
2001-10-21 13:00,0.593862
2001-10-21 14:00,0.538873
2001-10-21 15:00,0.416665
2001-10-21 16:00,0.195083
2001-10-21 17:00,0.05722
2001-10-21 18:00,0.0
2001-10-21 19:00,0.0
2001-10-21 20:00,0.0
2001-10-21 21:00,0.0
2001-10-21 22:00,0.0
2001-10-21 23:00,0.0
2001-10-22 00:00,0.0
2001-10-22 01:00,0.0
2001-10-22 02:00,0.0
2001-10-22 03:00,0.0
2001-10-22 04:00,0.0
2001-10-22 05:00,0.0
2001-10-22 06:00,0.0
2001-10-22 07:00,0.044348
2001-10-22 08:00,0.227468
2001-10-22 09:00,0.445832
2001-10-22 10:00,0.55212
2001-10-22 11:00,0.612515
2001-10-22 12:00,0.657112
2001-10-22 13:00,0.621728
2001-10-22 14:00,0.556128
2001-10-22 15:00,0.46207
2001-10-22 16:00,0.253192
2001-10-22 17:00,0.062772
2001-10-22 18:00,0.0
2001-10-22 19:00,0.0
2001-10-22 20:00,0.0
2001-10-22 21:00,0.0
2001-10-22 22:00,0.0
2001-10-22 23:00,0.0
2001-10-23 00:00,0.0
2001-10-23 01:00,0.0
2001-10-23 02:00,0.0
2001-10-23 03:00,0.0
2001-10-23 04:00,0.0
2001-10-23 05:00,0.0
2001-10-23 06:00,0.0
2001-10-23 07:00,0.055065
2001-10-23 08:00,0.287238
2001-10-23 09:00,0.506218
2001-10-23 10:00,0.581605
2001-10-23 11:00,0.668222
2001-10-23 12:00,0.725655
2001-10-23 13:00,0.699075
2001-10-23 14:00,0.606645
2001-10-23 15:00,0.518745
2001-10-23 16:00,0.305495
2001-10-23 17:00,0.06773
2001-10-23 18:00,0.0
2001-10-23 19:00,0.0
2001-10-23 20:00,0.0
2001-10-23 21:00,0.0
2001-10-23 22:00,0.0
2001-10-23 23:00,0.0
2001-10-24 00:00,0.0
2001-10-24 01:00,0.0
2001-10-24 02:00,0.0
2001-10-24 03:00,0.0
2001-10-24 04:00,0.0
2001-10-24 05:00,0.0
2001-10-24 06:00,0.0
2001-10-24 07:00,0.05684
2001-10-24 08:00,0.297128
2001-10-24 09:00,0.507335
2001-10-24 10:00,0.58397
2001-10-24 11:00,0.658188
2001-10-24 12:00,0.707508
2001-10-24 13:00,0.678148
2001-10-24 14:00,0.578275
2001-10-24 15:00,0.489895
2001-10-24 16:00,0.233205
2001-10-24 17:00,0.065795
2001-10-24 18:00,0.0
2001-10-24 19:00,0.0
2001-10-24 20:00,0.0
2001-10-24 21:00,0.0
2001-10-24 22:00,0.0
2001-10-24 23:00,0.0
2001-10-25 00:00,0.0
2001-10-25 01:00,0.0
2001-10-25 02:00,0.0
2001-10-25 03:00,0.0
2001-10-25 04:00,0.0
2001-10-25 05:00,0.0
2001-10-25 06:00,0.0
2001-10-25 07:00,0.057732
2001-10-25 08:00,0.287115
2001-10-25 09:00,0.482112
2001-10-25 10:00,0.57245
2001-10-25 11:00,0.642332
2001-10-25 12:00,0.696005
2001-10-25 13:00,0.611865
2001-10-25 14:00,0.556023
2001-10-25 15:00,0.483072
2001-10-25 16:00,0.239905
2001-10-25 17:00,0.055303
2001-10-25 18:00,0.0
2001-10-25 19:00,0.0
2001-10-25 20:00,0.0
2001-10-25 21:00,0.0
2001-10-25 22:00,0.0
2001-10-25 23:00,0.0
2001-10-26 00:00,0.0
2001-10-26 01:00,0.0
2001-10-26 02:00,0.0
2001-10-26 03:00,0.0
2001-10-26 04:00,0.0
2001-10-26 05:00,0.0
2001-10-26 06:00,0.0
2001-10-26 07:00,0.047438
2001-10-26 08:00,0.272538
2001-10-26 09:00,0.48522
2001-10-26 10:00,0.575362
2001-10-26 11:00,0.64698
2001-10-26 12:00,0.692578
2001-10-26 13:00,0.661628
2001-10-26 14:00,0.556513
2001-10-26 15:00,0.487165
2001-10-26 16:00,0.26901
2001-10-26 17:00,0.05594
2001-10-26 18:00,0.0
2001-10-26 19:00,0.0
2001-10-26 20:00,0.0
2001-10-26 21:00,0.0
2001-10-26 22:00,0.0
2001-10-26 23:00,0.0
2001-10-27 00:00,0.0
2001-10-27 01:00,0.0
2001-10-27 02:00,0.0
2001-10-27 03:00,0.0
2001-10-27 04:00,0.0
2001-10-27 05:00,0.0
2001-10-27 06:00,0.0
2001-10-27 07:00,0.049968
2001-10-27 08:00,0.30184
2001-10-27 09:00,0.504995
2001-10-27 10:00,0.594493
2001-10-27 11:00,0.669835
2001-10-27 12:00,0.717985
2001-10-27 13:00,0.674645
2001-10-27 14:00,0.577545
2001-10-27 15:00,0.49661
2001-10-27 16:00,0.267738
2001-10-27 17:00,0.058432
2001-10-27 18:00,0.0
2001-10-27 19:00,0.0
2001-10-27 20:00,0.0
2001-10-27 21:00,0.0
2001-10-27 22:00,0.0
2001-10-27 23:00,0.0
2001-10-28 00:00,0.0
2001-10-28 01:00,0.0
2001-10-28 02:00,0.0
2001-10-28 03:00,0.0
2001-10-28 04:00,0.0
2001-10-28 05:00,0.0
2001-10-28 06:00,0.0
2001-10-28 07:00,0.04507
2001-10-28 08:00,0.273565
2001-10-28 09:00,0.47908
2001-10-28 10:00,0.572358
2001-10-28 11:00,0.641408
2001-10-28 12:00,0.691128
2001-10-28 13:00,0.646668
2001-10-28 14:00,0.56796
2001-10-28 15:00,0.487405
2001-10-28 16:00,0.240275
2001-10-28 17:00,0.055737
2001-10-28 18:00,0.0
2001-10-28 19:00,0.0
2001-10-28 20:00,0.0
2001-10-28 21:00,0.0
2001-10-28 22:00,0.0
2001-10-28 23:00,0.0
2001-10-29 00:00,0.0
2001-10-29 01:00,0.0
2001-10-29 02:00,0.0
2001-10-29 03:00,0.0
2001-10-29 04:00,0.0
2001-10-29 05:00,0.0
2001-10-29 06:00,0.051795
2001-10-29 07:00,0.122615
2001-10-29 08:00,0.259452
2001-10-29 09:00,0.478855
2001-10-29 10:00,0.56808
2001-10-29 11:00,0.63745
2001-10-29 12:00,0.673908
2001-10-29 13:00,0.639678
2001-10-29 14:00,0.55962
2001-10-29 15:00,0.467145
2001-10-29 16:00,0.239368
2001-10-29 17:00,0.050192
2001-10-29 18:00,0.0
2001-10-29 19:00,0.0
2001-10-29 20:00,0.0
2001-10-29 21:00,0.0
2001-10-29 22:00,0.0
2001-10-29 23:00,0.0
2001-10-30 00:00,0.0
2001-10-30 01:00,0.0
2001-10-30 02:00,0.0
2001-10-30 03:00,0.0
2001-10-30 04:00,0.0
2001-10-30 05:00,0.0
2001-10-30 06:00,0.0
2001-10-30 07:00,0.043938
2001-10-30 08:00,0.23797
2001-10-30 09:00,0.480342
2001-10-30 10:00,0.564168
2001-10-30 11:00,0.6292
2001-10-30 12:00,0.67357
2001-10-30 13:00,0.63427
2001-10-30 14:00,0.555225
2001-10-30 15:00,0.470708
2001-10-30 16:00,0.225328
2001-10-30 17:00,0.049358
2001-10-30 18:00,0.0
2001-10-30 19:00,0.0
2001-10-30 20:00,0.0
2001-10-30 21:00,0.0
2001-10-30 22:00,0.0
2001-10-30 23:00,0.0
2001-10-31 00:00,0.0
2001-10-31 01:00,0.0
2001-10-31 02:00,0.0
2001-10-31 03:00,0.0
2001-10-31 04:00,0.0
2001-10-31 05:00,0.0
2001-10-31 06:00,0.000223
2001-10-31 07:00,0.03736
2001-10-31 08:00,0.151228
2001-10-31 09:00,0.39808
2001-10-31 10:00,0.52066
2001-10-31 11:00,0.565748
2001-10-31 12:00,0.615715
2001-10-31 13:00,0.58219
2001-10-31 14:00,0.535972
2001-10-31 15:00,0.418822
2001-10-31 16:00,0.197048
2001-10-31 17:00,0.047972
2001-10-31 18:00,0.0
2001-10-31 19:00,0.0
2001-10-31 20:00,0.0
2001-10-31 21:00,0.0
2001-10-31 22:00,0.0
2001-10-31 23:00,0.0
2001-11-01 00:00,0.0
2001-11-01 01:00,0.0
2001-11-01 02:00,0.0
2001-11-01 03:00,0.0
2001-11-01 04:00,0.0
2001-11-01 05:00,0.0
2001-11-01 06:00,0.0
2001-11-01 07:00,0.0
2001-11-01 08:00,0.008482
2001-11-01 09:00,0.241483
2001-11-01 10:00,0.473732
2001-11-01 11:00,0.592345
2001-11-01 12:00,0.643252
2001-11-01 13:00,0.639205
2001-11-01 14:00,0.577352
2001-11-01 15:00,0.450178
2001-11-01 16:00,0.26979
2001-11-01 17:00,0.054462
2001-11-01 18:00,0.0
2001-11-01 19:00,0.0
2001-11-01 20:00,0.0
2001-11-01 21:00,0.0
2001-11-01 22:00,0.0
2001-11-01 23:00,0.0
2001-11-02 00:00,0.0
2001-11-02 01:00,0.0
2001-11-02 02:00,0.0
2001-11-02 03:00,0.0
2001-11-02 04:00,0.0
2001-11-02 05:00,0.0
2001-11-02 06:00,0.0
2001-11-02 07:00,0.004558
2001-11-02 08:00,0.103102
2001-11-02 09:00,0.345645
2001-11-02 10:00,0.52453
2001-11-02 11:00,0.602523
2001-11-02 12:00,0.663062
2001-11-02 13:00,0.654298
2001-11-02 14:00,0.59922
2001-11-02 15:00,0.536865
2001-11-02 16:00,0.364948
2001-11-02 17:00,0.141605
2001-11-02 18:00,0.010348
2001-11-02 19:00,0.0
2001-11-02 20:00,0.0
2001-11-02 21:00,0.0
2001-11-02 22:00,0.0
2001-11-02 23:00,0.0
2001-11-03 00:00,0.0
2001-11-03 01:00,0.0
2001-11-03 02:00,0.0
2001-11-03 03:00,0.0
2001-11-03 04:00,0.0
2001-11-03 05:00,0.0
2001-11-03 06:00,0.0
2001-11-03 07:00,0.02657
2001-11-03 08:00,0.18717
2001-11-03 09:00,0.414492
2001-11-03 10:00,0.479122
2001-11-03 11:00,0.616775
2001-11-03 12:00,0.716418
2001-11-03 13:00,0.832048
2001-11-03 14:00,0.725842
2001-11-03 15:00,0.56725
2001-11-03 16:00,0.374665
2001-11-03 17:00,0.179065
2001-11-03 18:00,0.019965
2001-11-03 19:00,0.0
2001-11-03 20:00,0.0
2001-11-03 21:00,0.0
2001-11-03 22:00,0.0
2001-11-03 23:00,0.0
2001-11-04 00:00,0.0
2001-11-04 01:00,0.0
2001-11-04 02:00,0.0
2001-11-04 03:00,0.0
2001-11-04 04:00,0.0
2001-11-04 05:00,0.0
2001-11-04 06:00,7.2e-05
2001-11-04 07:00,0.100825
2001-11-04 08:00,0.334545
2001-11-04 09:00,0.523545
2001-11-04 10:00,0.649668
2001-11-04 11:00,0.762207
2001-11-04 12:00,0.806032
2001-11-04 13:00,0.781362
2001-11-04 14:00,0.701513
2001-11-04 15:00,0.581168
2001-11-04 16:00,0.46315
2001-11-04 17:00,0.24131
2001-11-04 18:00,0.020665
2001-11-04 19:00,0.0
2001-11-04 20:00,0.0
2001-11-04 21:00,0.0
2001-11-04 22:00,0.0
2001-11-04 23:00,0.0
2001-11-05 00:00,0.0
2001-11-05 01:00,0.0
2001-11-05 02:00,0.0
2001-11-05 03:00,0.0
2001-11-05 04:00,0.0
2001-11-05 05:00,0.0
2001-11-05 06:00,0.013652
2001-11-05 07:00,0.154008
2001-11-05 08:00,0.401665
2001-11-05 09:00,0.549868
2001-11-05 10:00,0.64836
2001-11-05 11:00,0.73842
2001-11-05 12:00,0.774172
2001-11-05 13:00,0.760698
2001-11-05 14:00,0.70351
2001-11-05 15:00,0.582952
2001-11-05 16:00,0.424755
2001-11-05 17:00,0.256992
2001-11-05 18:00,0.03849
2001-11-05 19:00,0.0
2001-11-05 20:00,0.0
2001-11-05 21:00,0.0
2001-11-05 22:00,0.0
2001-11-05 23:00,0.0
2001-11-06 00:00,0.0
2001-11-06 01:00,0.0
2001-11-06 02:00,0.0
2001-11-06 03:00,0.0
2001-11-06 04:00,0.0
2001-11-06 05:00,0.0
2001-11-06 06:00,0.0145
2001-11-06 07:00,0.07619
2001-11-06 08:00,0.21043
2001-11-06 09:00,0.239445
2001-11-06 10:00,0.280945
2001-11-06 11:00,0.280405
2001-11-06 12:00,0.33973
2001-11-06 13:00,0.5451
2001-11-06 14:00,0.621955
2001-11-06 15:00,0.570868
2001-11-06 16:00,0.48198
2001-11-06 17:00,0.306962
2001-11-06 18:00,0.040625
2001-11-06 19:00,0.0
2001-11-06 20:00,0.0
2001-11-06 21:00,0.0
2001-11-06 22:00,0.0
2001-11-06 23:00,0.0
2001-11-07 00:00,0.0
2001-11-07 01:00,0.0
2001-11-07 02:00,0.0
2001-11-07 03:00,0.0
2001-11-07 04:00,0.0
2001-11-07 05:00,0.0
2001-11-07 06:00,0.053905
2001-11-07 07:00,0.156387
2001-11-07 08:00,0.311913
2001-11-07 09:00,0.40753
2001-11-07 10:00,0.692508
2001-11-07 11:00,0.598412
2001-11-07 12:00,0.752778
2001-11-07 13:00,0.425912
2001-11-07 14:00,0.588122
2001-11-07 15:00,0.31304
2001-11-07 16:00,0.271145
2001-11-07 17:00,0.203168
2001-11-07 18:00,0.046002
2001-11-07 19:00,0.0
2001-11-07 20:00,0.0
2001-11-07 21:00,0.0
2001-11-07 22:00,0.0
2001-11-07 23:00,0.0
2001-11-08 00:00,0.0
2001-11-08 01:00,0.0
2001-11-08 02:00,0.0
2001-11-08 03:00,0.0
2001-11-08 04:00,0.0
2001-11-08 05:00,0.0
2001-11-08 06:00,0.004512
2001-11-08 07:00,0.111512
2001-11-08 08:00,0.299935
2001-11-08 09:00,0.412742
2001-11-08 10:00,0.571438
2001-11-08 11:00,0.582238
2001-11-08 12:00,0.753688
2001-11-08 13:00,0.375872
2001-11-08 14:00,0.515338
2001-11-08 15:00,0.207595
2001-11-08 16:00,0.14151
2001-11-08 17:00,0.085778
2001-11-08 18:00,0.018228
2001-11-08 19:00,0.0
2001-11-08 20:00,0.0
2001-11-08 21:00,0.0
2001-11-08 22:00,0.0
2001-11-08 23:00,0.0
2001-11-09 00:00,0.0
2001-11-09 01:00,0.0
2001-11-09 02:00,0.0
2001-11-09 03:00,0.0
2001-11-09 04:00,0.0
2001-11-09 05:00,0.0
2001-11-09 06:00,0.000845
2001-11-09 07:00,0.06083
2001-11-09 08:00,0.12976
2001-11-09 09:00,0.355308
2001-11-09 10:00,0.43874
2001-11-09 11:00,0.401415
2001-11-09 12:00,0.601825
2001-11-09 13:00,0.67512
2001-11-09 14:00,0.357717
2001-11-09 15:00,0.21868
2001-11-09 16:00,0.020135
2001-11-09 17:00,0.006272
2001-11-09 18:00,0.000177
2001-11-09 19:00,0.0
2001-11-09 20:00,0.0
2001-11-09 21:00,0.0
2001-11-09 22:00,0.0
2001-11-09 23:00,0.0
2001-11-10 00:00,0.0
2001-11-10 01:00,0.0
2001-11-10 02:00,0.0
2001-11-10 03:00,0.0
2001-11-10 04:00,0.0
2001-11-10 05:00,0.0
2001-11-10 06:00,0.0
2001-11-10 07:00,0.04127
2001-11-10 08:00,0.255137
2001-11-10 09:00,0.462298
2001-11-10 10:00,0.577312
2001-11-10 11:00,0.690038
2001-11-10 12:00,0.760972
2001-11-10 13:00,0.63093
2001-11-10 14:00,0.5713
2001-11-10 15:00,0.298215
2001-11-10 16:00,0.175452
2001-11-10 17:00,0.061858
2001-11-10 18:00,2e-06
2001-11-10 19:00,0.0
2001-11-10 20:00,0.0
2001-11-10 21:00,0.0
2001-11-10 22:00,0.0
2001-11-10 23:00,0.0
2001-11-11 00:00,0.0
2001-11-11 01:00,0.0
2001-11-11 02:00,0.0
2001-11-11 03:00,0.0
2001-11-11 04:00,0.0
2001-11-11 05:00,0.0
2001-11-11 06:00,0.0
2001-11-11 07:00,0.022438
2001-11-11 08:00,0.138325
2001-11-11 09:00,0.37267
2001-11-11 10:00,0.517142
2001-11-11 11:00,0.551575
2001-11-11 12:00,0.576065
2001-11-11 13:00,0.549375
2001-11-11 14:00,0.492508
2001-11-11 15:00,0.319902
2001-11-11 16:00,0.11943
2001-11-11 17:00,0.03333
2001-11-11 18:00,0.0
2001-11-11 19:00,0.0
2001-11-11 20:00,0.0
2001-11-11 21:00,0.0
2001-11-11 22:00,0.0
2001-11-11 23:00,0.0
2001-11-12 00:00,0.0
2001-11-12 01:00,0.0
2001-11-12 02:00,0.0
2001-11-12 03:00,0.0
2001-11-12 04:00,0.0
2001-11-12 05:00,0.0
2001-11-12 06:00,0.0
2001-11-12 07:00,0.0
2001-11-12 08:00,0.0
2001-11-12 09:00,0.0
2001-11-12 10:00,0.018078
2001-11-12 11:00,0.01167
2001-11-12 12:00,0.08297
2001-11-12 13:00,0.07597
2001-11-12 14:00,0.09061
2001-11-12 15:00,0.129645
2001-11-12 16:00,0.082162
2001-11-12 17:00,0.019762
2001-11-12 18:00,0.0
2001-11-12 19:00,0.0
2001-11-12 20:00,0.0
2001-11-12 21:00,0.0
2001-11-12 22:00,0.0
2001-11-12 23:00,0.0
2001-11-13 00:00,0.0
2001-11-13 01:00,0.0
2001-11-13 02:00,0.0
2001-11-13 03:00,0.0
2001-11-13 04:00,0.0
2001-11-13 05:00,0.0
2001-11-13 06:00,0.0
2001-11-13 07:00,0.014165
2001-11-13 08:00,0.141865
2001-11-13 09:00,0.416923
2001-11-13 10:00,0.544035
2001-11-13 11:00,0.593253
2001-11-13 12:00,0.63168
2001-11-13 13:00,0.59337
2001-11-13 14:00,0.546008
2001-11-13 15:00,0.42046
2001-11-13 16:00,0.191885
2001-11-13 17:00,0.042378
2001-11-13 18:00,0.0
2001-11-13 19:00,0.0
2001-11-13 20:00,0.0
2001-11-13 21:00,0.0
2001-11-13 22:00,0.0
2001-11-13 23:00,0.0
2001-11-14 00:00,0.0
2001-11-14 01:00,0.0
2001-11-14 02:00,0.0
2001-11-14 03:00,0.0
2001-11-14 04:00,0.0
2001-11-14 05:00,0.0
2001-11-14 06:00,0.0
2001-11-14 07:00,0.015997
2001-11-14 08:00,0.138025
2001-11-14 09:00,0.39659
2001-11-14 10:00,0.535768
2001-11-14 11:00,0.569285
2001-11-14 12:00,0.603972
2001-11-14 13:00,0.578668
2001-11-14 14:00,0.313122
2001-11-14 15:00,0.374382
2001-11-14 16:00,0.18073
2001-11-14 17:00,0.033905
2001-11-14 18:00,0.0
2001-11-14 19:00,0.0
2001-11-14 20:00,0.0
2001-11-14 21:00,0.0
2001-11-14 22:00,0.0
2001-11-14 23:00,0.0
2001-11-15 00:00,0.0
2001-11-15 01:00,0.0
2001-11-15 02:00,0.0
2001-11-15 03:00,0.0
2001-11-15 04:00,0.0
2001-11-15 05:00,0.0
2001-11-15 06:00,0.0
2001-11-15 07:00,0.015102
2001-11-15 08:00,0.124412
2001-11-15 09:00,0.373398
2001-11-15 10:00,0.52116
2001-11-15 11:00,0.55721
2001-11-15 12:00,0.582868
2001-11-15 13:00,0.554408
2001-11-15 14:00,0.527685
2001-11-15 15:00,0.40106
2001-11-15 16:00,0.18689
2001-11-15 17:00,0.042385
2001-11-15 18:00,0.0
2001-11-15 19:00,0.0
2001-11-15 20:00,0.0
2001-11-15 21:00,0.0
2001-11-15 22:00,0.0
2001-11-15 23:00,0.0
2001-11-16 00:00,0.0
2001-11-16 01:00,0.0
2001-11-16 02:00,0.0
2001-11-16 03:00,0.0
2001-11-16 04:00,0.0
2001-11-16 05:00,0.0
2001-11-16 06:00,0.00349
2001-11-16 07:00,0.022432
2001-11-16 08:00,0.126058
2001-11-16 09:00,0.38022
2001-11-16 10:00,0.52254
2001-11-16 11:00,0.558148
2001-11-16 12:00,0.589865
2001-11-16 13:00,0.56044
2001-11-16 14:00,0.531475
2001-11-16 15:00,0.363102
2001-11-16 16:00,0.166118
2001-11-16 17:00,0.041608
2001-11-16 18:00,0.0
2001-11-16 19:00,0.0
2001-11-16 20:00,0.0
2001-11-16 21:00,0.0
2001-11-16 22:00,0.0
2001-11-16 23:00,0.0
2001-11-17 00:00,0.0
2001-11-17 01:00,0.0
2001-11-17 02:00,0.0
2001-11-17 03:00,0.0
2001-11-17 04:00,0.0
2001-11-17 05:00,0.0
2001-11-17 06:00,0.0
2001-11-17 07:00,0.016245
2001-11-17 08:00,0.120025
2001-11-17 09:00,0.37241
2001-11-17 10:00,0.521548
2001-11-17 11:00,0.554985
2001-11-17 12:00,0.574742
2001-11-17 13:00,0.549498
2001-11-17 14:00,0.470152
2001-11-17 15:00,0.369358
2001-11-17 16:00,0.158925
2001-11-17 17:00,0.035525
2001-11-17 18:00,0.0
2001-11-17 19:00,0.0
2001-11-17 20:00,0.0
2001-11-17 21:00,0.0
2001-11-17 22:00,0.0
2001-11-17 23:00,0.0
2001-11-18 00:00,0.0
2001-11-18 01:00,0.0
2001-11-18 02:00,0.0
2001-11-18 03:00,0.0
2001-11-18 04:00,0.0
2001-11-18 05:00,0.0
2001-11-18 06:00,0.0
2001-11-18 07:00,0.008208
2001-11-18 08:00,0.103302
2001-11-18 09:00,0.342295
2001-11-18 10:00,0.50256
2001-11-18 11:00,0.51811
2001-11-18 12:00,0.557522
2001-11-18 13:00,0.507102
2001-11-18 14:00,0.44588
2001-11-18 15:00,0.340957
2001-11-18 16:00,0.135288
2001-11-18 17:00,0.037728
2001-11-18 18:00,0.0
2001-11-18 19:00,0.0
2001-11-18 20:00,0.0
2001-11-18 21:00,0.0
2001-11-18 22:00,0.0
2001-11-18 23:00,0.0
2001-11-19 00:00,0.0
2001-11-19 01:00,0.0
2001-11-19 02:00,0.0
2001-11-19 03:00,0.0
2001-11-19 04:00,0.0
2001-11-19 05:00,0.0
2001-11-19 06:00,0.051723
2001-11-19 07:00,0.094768
2001-11-19 08:00,0.168748
2001-11-19 09:00,0.425378
2001-11-19 10:00,0.539028
2001-11-19 11:00,0.549122
2001-11-19 12:00,0.617632
2001-11-19 13:00,0.527758
2001-11-19 14:00,0.465968
2001-11-19 15:00,0.376265
2001-11-19 16:00,0.15893
2001-11-19 17:00,0.040615
2001-11-19 18:00,0.0
2001-11-19 19:00,0.0
2001-11-19 20:00,0.0
2001-11-19 21:00,0.0
2001-11-19 22:00,0.0
2001-11-19 23:00,0.0
2001-11-20 00:00,0.0
2001-11-20 01:00,0.0
2001-11-20 02:00,0.0
2001-11-20 03:00,0.0
2001-11-20 04:00,0.0
2001-11-20 05:00,0.0
2001-11-20 06:00,0.0
2001-11-20 07:00,0.012705
2001-11-20 08:00,0.116295
2001-11-20 09:00,0.393258
2001-11-20 10:00,0.531198
2001-11-20 11:00,0.55695
2001-11-20 12:00,0.581548
2001-11-20 13:00,0.581995
2001-11-20 14:00,0.530892
2001-11-20 15:00,0.400748
2001-11-20 16:00,0.158502
2001-11-20 17:00,0.027428
2001-11-20 18:00,0.0
2001-11-20 19:00,0.0
2001-11-20 20:00,0.0
2001-11-20 21:00,0.0
2001-11-20 22:00,0.0
2001-11-20 23:00,0.0
2001-11-21 00:00,0.0
2001-11-21 01:00,0.0
2001-11-21 02:00,0.0
2001-11-21 03:00,0.001028
2001-11-21 04:00,0.014394
2001-11-21 05:00,0.030845
2001-11-21 06:00,0.047295
2001-11-21 07:00,0.063746
2001-11-21 08:00,0.107098
2001-11-21 09:00,0.317661
2001-11-21 10:00,0.326758
2001-11-21 11:00,0.335856
2001-11-21 12:00,0.344953
2001-11-21 13:00,0.35405
2001-11-21 14:00,0.363147
2001-11-21 15:00,0.372244
2001-11-21 16:00,0.381341
2001-11-21 17:00,0.390438
2001-11-21 18:00,0.399535
2001-11-21 19:00,0.408632
2001-11-21 20:00,0.417729
2001-11-21 21:00,0.426826
2001-11-21 22:00,0.435924
2001-11-21 23:00,0.445021
2001-11-22 00:00,0.454118
2001-11-22 01:00,0.463215
2001-11-22 02:00,0.472312
2001-11-22 03:00,0.481409
2001-11-22 04:00,0.490506
2001-11-22 05:00,0.499603
2001-11-22 06:00,0.5087
2001-11-22 07:00,0.517797
2001-11-22 08:00,0.526894
2001-11-22 09:00,0.535992
2001-11-22 10:00,0.545089
2001-11-22 11:00,0.56815
2001-11-22 12:00,0.603412
2001-11-22 13:00,0.57463
2001-11-22 14:00,0.54289
2001-11-22 15:00,0.41811
2001-11-22 16:00,0.17722
2001-11-22 17:00,0.040622
2001-11-22 18:00,0.0
2001-11-22 19:00,0.0
2001-11-22 20:00,0.0
2001-11-22 21:00,0.0
2001-11-22 22:00,0.0
2001-11-22 23:00,0.0
2001-11-23 00:00,0.0
2001-11-23 01:00,0.0
2001-11-23 02:00,0.0
2001-11-23 03:00,0.0
2001-11-23 04:00,0.0
2001-11-23 05:00,0.0
2001-11-23 06:00,0.0
2001-11-23 07:00,0.009165
2001-11-23 08:00,0.09915
2001-11-23 09:00,0.410665
2001-11-23 10:00,0.54032
2001-11-23 11:00,0.57391
2001-11-23 12:00,0.611205
2001-11-23 13:00,0.580885
2001-11-23 14:00,0.541288
2001-11-23 15:00,0.402155
2001-11-23 16:00,0.165312
2001-11-23 17:00,0.04037
2001-11-23 18:00,0.0
2001-11-23 19:00,0.0
2001-11-23 20:00,0.0
2001-11-23 21:00,0.0
2001-11-23 22:00,0.0
2001-11-23 23:00,0.0
2001-11-24 00:00,0.0
2001-11-24 01:00,0.0
2001-11-24 02:00,0.0
2001-11-24 03:00,0.0
2001-11-24 04:00,0.0
2001-11-24 05:00,0.0
2001-11-24 06:00,0.0
2001-11-24 07:00,0.009533
2001-11-24 08:00,0.091738
2001-11-24 09:00,0.371288
2001-11-24 10:00,0.512413
2001-11-24 11:00,0.55475
2001-11-24 12:00,0.58017
2001-11-24 13:00,0.559322
2001-11-24 14:00,0.534498
2001-11-24 15:00,0.393425
2001-11-24 16:00,0.170097
2001-11-24 17:00,0.03841
2001-11-24 18:00,0.0
2001-11-24 19:00,0.0
2001-11-24 20:00,0.0
2001-11-24 21:00,0.0
2001-11-24 22:00,0.0
2001-11-24 23:00,0.0
2001-11-25 00:00,0.0
2001-11-25 01:00,0.0
2001-11-25 02:00,0.0
2001-11-25 03:00,0.0
2001-11-25 04:00,0.0
2001-11-25 05:00,0.0
2001-11-25 06:00,0.0
2001-11-25 07:00,0.008432
2001-11-25 08:00,0.084018
2001-11-25 09:00,0.271585
2001-11-25 10:00,0.449738
2001-11-25 11:00,0.528815
2001-11-25 12:00,0.532765
2001-11-25 13:00,0.471168
2001-11-25 14:00,0.43076
2001-11-25 15:00,0.2798
2001-11-25 16:00,0.119422
2001-11-25 17:00,0.013112
2001-11-25 18:00,0.0
2001-11-25 19:00,0.0
2001-11-25 20:00,0.0
2001-11-25 21:00,0.0
2001-11-25 22:00,0.0
2001-11-25 23:00,0.0
2001-11-26 00:00,0.0
2001-11-26 01:00,0.0
2001-11-26 02:00,0.0
2001-11-26 03:00,0.0
2001-11-26 04:00,0.0
2001-11-26 05:00,0.0
2001-11-26 06:00,0.0
2001-11-26 07:00,0.010195
2001-11-26 08:00,0.082758
2001-11-26 09:00,0.260138
2001-11-26 10:00,0.43665
2001-11-26 11:00,0.535898
2001-11-26 12:00,0.540348
2001-11-26 13:00,0.541135
2001-11-26 14:00,0.50785
2001-11-26 15:00,0.337075
2001-11-26 16:00,0.137752
2001-11-26 17:00,0.035405
2001-11-26 18:00,0.0
2001-11-26 19:00,0.0
2001-11-26 20:00,0.0
2001-11-26 21:00,0.0
2001-11-26 22:00,0.0
2001-11-26 23:00,0.0
2001-11-27 00:00,0.0
2001-11-27 01:00,0.0
2001-11-27 02:00,0.0
2001-11-27 03:00,0.0
2001-11-27 04:00,0.0
2001-11-27 05:00,0.0
2001-11-27 06:00,0.0
2001-11-27 07:00,0.009875
2001-11-27 08:00,0.08237
2001-11-27 09:00,0.345958
2001-11-27 10:00,0.514815
2001-11-27 11:00,0.558932
2001-11-27 12:00,0.59432
2001-11-27 13:00,0.570205
2001-11-27 14:00,0.541368
2001-11-27 15:00,0.406502
2001-11-27 16:00,0.183215
2001-11-27 17:00,0.04078
2001-11-27 18:00,0.0
2001-11-27 19:00,0.0
2001-11-27 20:00,0.0
2001-11-27 21:00,0.0
2001-11-27 22:00,0.0
2001-11-27 23:00,0.0
2001-11-28 00:00,0.0
2001-11-28 01:00,0.0
2001-11-28 02:00,0.0
2001-11-28 03:00,0.0
2001-11-28 04:00,0.0
2001-11-28 05:00,0.0
2001-11-28 06:00,0.0
2001-11-28 07:00,0.008917
2001-11-28 08:00,0.063435
2001-11-28 09:00,0.386782
2001-11-28 10:00,0.53447
2001-11-28 11:00,0.569745
2001-11-28 12:00,0.607962
2001-11-28 13:00,0.577438
2001-11-28 14:00,0.544935
2001-11-28 15:00,0.417025
2001-11-28 16:00,0.19018
2001-11-28 17:00,0.043367
2001-11-28 18:00,0.0
2001-11-28 19:00,0.0
2001-11-28 20:00,0.0
2001-11-28 21:00,0.0
2001-11-28 22:00,0.0
2001-11-28 23:00,0.0
2001-11-29 00:00,0.0
2001-11-29 01:00,0.0
2001-11-29 02:00,0.0
2001-11-29 03:00,0.0
2001-11-29 04:00,0.0
2001-11-29 05:00,0.0
2001-11-29 06:00,0.0
2001-11-29 07:00,0.006745
2001-11-29 08:00,0.05054
2001-11-29 09:00,0.375992
2001-11-29 10:00,0.528815
2001-11-29 11:00,0.559528
2001-11-29 12:00,0.590205
2001-11-29 13:00,0.564138
2001-11-29 14:00,0.519258
2001-11-29 15:00,0.39245
2001-11-29 16:00,0.203828
2001-11-29 17:00,0.041518
2001-11-29 18:00,0.0
2001-11-29 19:00,0.0
2001-11-29 20:00,0.0
2001-11-29 21:00,0.0
2001-11-29 22:00,0.0
2001-11-29 23:00,0.0
2001-11-30 00:00,0.0
2001-11-30 01:00,0.0
2001-11-30 02:00,0.0
2001-11-30 03:00,0.0
2001-11-30 04:00,0.0
2001-11-30 05:00,0.0
2001-11-30 06:00,0.0
2001-11-30 07:00,0.008003
2001-11-30 08:00,0.069382
2001-11-30 09:00,0.311665
2001-11-30 10:00,0.486168
2001-11-30 11:00,0.546038
2001-11-30 12:00,0.5525
2001-11-30 13:00,0.548685
2001-11-30 14:00,0.501338
2001-11-30 15:00,0.363502
2001-11-30 16:00,0.155725
2001-11-30 17:00,0.035002
2001-11-30 18:00,0.0
2001-11-30 19:00,0.0
2001-11-30 20:00,0.0
2001-11-30 21:00,0.0
2001-11-30 22:00,0.0
2001-11-30 23:00,0.0
2001-12-01 00:00,0.0
2001-12-01 01:00,0.0
2001-12-01 02:00,0.0
2001-12-01 03:00,0.0
2001-12-01 04:00,0.0
2001-12-01 05:00,0.0
2001-12-01 06:00,0.0
2001-12-01 07:00,0.0
2001-12-01 08:00,0.010458
2001-12-01 09:00,0.234905
2001-12-01 10:00,0.4597
2001-12-01 11:00,0.58462
2001-12-01 12:00,0.63818
2001-12-01 13:00,0.633885
2001-12-01 14:00,0.574438
2001-12-01 15:00,0.44557
2001-12-01 16:00,0.261702
2001-12-01 17:00,0.045372
2001-12-01 18:00,0.0
2001-12-01 19:00,0.0
2001-12-01 20:00,0.0
2001-12-01 21:00,0.006738
2001-12-01 22:00,0.000302
2001-12-01 23:00,0.001095
2001-12-02 00:00,0.0
2001-12-02 01:00,0.0
2001-12-02 02:00,0.0
2001-12-02 03:00,0.0
2001-12-02 04:00,0.0
2001-12-02 05:00,0.0
2001-12-02 06:00,0.0
2001-12-02 07:00,0.004262
2001-12-02 08:00,0.114445
2001-12-02 09:00,0.350225
2001-12-02 10:00,0.525942
2001-12-02 11:00,0.598195
2001-12-02 12:00,0.666475
2001-12-02 13:00,0.658632
2001-12-02 14:00,0.595555
2001-12-02 15:00,0.52715
2001-12-02 16:00,0.358887
2001-12-02 17:00,0.142612
2001-12-02 18:00,0.00613
2001-12-02 19:00,0.0
2001-12-02 20:00,0.0
2001-12-02 21:00,0.0
2001-12-02 22:00,0.0
2001-12-02 23:00,0.0
2001-12-03 00:00,0.0
2001-12-03 01:00,0.0
2001-12-03 02:00,0.0
2001-12-03 03:00,0.0
2001-12-03 04:00,0.0
2001-12-03 05:00,0.0
2001-12-03 06:00,0.0
2001-12-03 07:00,0.096008
2001-12-03 08:00,0.374845
2001-12-03 09:00,0.510515
2001-12-03 10:00,0.61509
2001-12-03 11:00,0.736065
2001-12-03 12:00,0.824372
2001-12-03 13:00,0.819925
2001-12-03 14:00,0.730763
2001-12-03 15:00,0.606802
2001-12-03 16:00,0.483945
2001-12-03 17:00,0.264015
2001-12-03 18:00,0.02122
2001-12-03 19:00,0.0
2001-12-03 20:00,0.0
2001-12-03 21:00,0.0
2001-12-03 22:00,0.0
2001-12-03 23:00,0.0
2001-12-04 00:00,0.0
2001-12-04 01:00,0.0
2001-12-04 02:00,0.0
2001-12-04 03:00,0.0
2001-12-04 04:00,0.0
2001-12-04 05:00,0.0
2001-12-04 06:00,0.001592
2001-12-04 07:00,0.133125
2001-12-04 08:00,0.348115
2001-12-04 09:00,0.522878
2001-12-04 10:00,0.675035
2001-12-04 11:00,0.777272
2001-12-04 12:00,0.835135
2001-12-04 13:00,0.80869
2001-12-04 14:00,0.737552
2001-12-04 15:00,0.610518
2001-12-04 16:00,0.488562
2001-12-04 17:00,0.24835
2001-12-04 18:00,0.021505
2001-12-04 19:00,0.0
2001-12-04 20:00,0.0
2001-12-04 21:00,0.0
2001-12-04 22:00,0.0
2001-12-04 23:00,0.0
2001-12-05 00:00,0.0
2001-12-05 01:00,0.0
2001-12-05 02:00,0.0
2001-12-05 03:00,0.0
2001-12-05 04:00,0.0
2001-12-05 05:00,0.0
2001-12-05 06:00,0.017432
2001-12-05 07:00,0.172902
2001-12-05 08:00,0.394325
2001-12-05 09:00,0.528835
2001-12-05 10:00,0.6292
2001-12-05 11:00,0.71432
2001-12-05 12:00,0.7576
2001-12-05 13:00,0.74517
2001-12-05 14:00,0.700668
2001-12-05 15:00,0.52986
2001-12-05 16:00,0.466085
2001-12-05 17:00,0.28644
2001-12-05 18:00,0.028985
2001-12-05 19:00,0.0
2001-12-05 20:00,0.0
2001-12-05 21:00,0.0
2001-12-05 22:00,0.0
2001-12-05 23:00,0.0
2001-12-06 00:00,0.0
2001-12-06 01:00,0.0
2001-12-06 02:00,0.0
2001-12-06 03:00,0.0
2001-12-06 04:00,0.0
2001-12-06 05:00,0.0
2001-12-06 06:00,0.000223
2001-12-06 07:00,0.019925
2001-12-06 08:00,0.2537
2001-12-06 09:00,0.547792
2001-12-06 10:00,0.721372
2001-12-06 11:00,0.650918
2001-12-06 12:00,0.63924
2001-12-06 13:00,0.593402
2001-12-06 14:00,0.462342
2001-12-06 15:00,0.377775
2001-12-06 16:00,0.482952
2001-12-06 17:00,0.306642
2001-12-06 18:00,0.0565
2001-12-06 19:00,0.0
2001-12-06 20:00,0.0
2001-12-06 21:00,0.0
2001-12-06 22:00,0.0
2001-12-06 23:00,0.0
2001-12-07 00:00,0.0
2001-12-07 01:00,0.0
2001-12-07 02:00,0.0
2001-12-07 03:00,0.0
2001-12-07 04:00,0.0
2001-12-07 05:00,0.0
2001-12-07 06:00,0.05085
2001-12-07 07:00,0.105132
2001-12-07 08:00,0.20475
2001-12-07 09:00,0.309185
2001-12-07 10:00,0.450922
2001-12-07 11:00,0.316892
2001-12-07 12:00,0.21462
2001-12-07 13:00,0.505193
2001-12-07 14:00,0.288717
2001-12-07 15:00,0.339822
2001-12-07 16:00,0.26401
2001-12-07 17:00,0.14423
2001-12-07 18:00,0.0
2001-12-07 19:00,0.0
2001-12-07 20:00,0.0
2001-12-07 21:00,0.0
2001-12-07 22:00,0.0
2001-12-07 23:00,0.0
2001-12-08 00:00,0.0
2001-12-08 01:00,0.0
2001-12-08 02:00,0.0
2001-12-08 03:00,0.0
2001-12-08 04:00,0.0
2001-12-08 05:00,0.0
2001-12-08 06:00,0.051828
2001-12-08 07:00,0.082282
2001-12-08 08:00,0.084328
2001-12-08 09:00,0.084562
2001-12-08 10:00,0.09279
2001-12-08 11:00,0.14324
2001-12-08 12:00,0.205632
2001-12-08 13:00,0.242988
2001-12-08 14:00,0.32051
2001-12-08 15:00,0.252042
2001-12-08 16:00,0.06429
2001-12-08 17:00,0.085912
2001-12-08 18:00,0.02033
2001-12-08 19:00,0.0
2001-12-08 20:00,0.0
2001-12-08 21:00,0.0
2001-12-08 22:00,0.0
2001-12-08 23:00,0.0
2001-12-09 00:00,0.0
2001-12-09 01:00,0.0
2001-12-09 02:00,0.0
2001-12-09 03:00,0.0
2001-12-09 04:00,0.0
2001-12-09 05:00,0.0
2001-12-09 06:00,0.001605
2001-12-09 07:00,0.079387
2001-12-09 08:00,0.318778
2001-12-09 09:00,0.494562
2001-12-09 10:00,0.64423
2001-12-09 11:00,0.697265
2001-12-09 12:00,0.75287
2001-12-09 13:00,0.79488
2001-12-09 14:00,0.793398
2001-12-09 15:00,0.225393
2001-12-09 16:00,0.344525
2001-12-09 17:00,0.110778
2001-12-09 18:00,0.019762
2001-12-09 19:00,0.0
2001-12-09 20:00,0.0
2001-12-09 21:00,0.0
2001-12-09 22:00,0.0
2001-12-09 23:00,0.0
2001-12-10 00:00,0.0
2001-12-10 01:00,0.0
2001-12-10 02:00,0.0
2001-12-10 03:00,0.0
2001-12-10 04:00,0.0
2001-12-10 05:00,0.0
2001-12-10 06:00,0.000382
2001-12-10 07:00,0.019825
2001-12-10 08:00,0.100402
2001-12-10 09:00,0.368732
2001-12-10 10:00,0.590145
2001-12-10 11:00,0.628895
2001-12-10 12:00,0.720262
2001-12-10 13:00,0.694862
2001-12-10 14:00,0.596372
2001-12-10 15:00,0.507892
2001-12-10 16:00,0.29633
2001-12-10 17:00,0.079582
2001-12-10 18:00,0.0
2001-12-10 19:00,0.0
2001-12-10 20:00,0.0
2001-12-10 21:00,0.0
2001-12-10 22:00,0.0
2001-12-10 23:00,0.0
2001-12-11 00:00,0.0
2001-12-11 01:00,0.0
2001-12-11 02:00,0.0
2001-12-11 03:00,0.0
2001-12-11 04:00,0.0
2001-12-11 05:00,0.0
2001-12-11 06:00,0.0
2001-12-11 07:00,0.017355
2001-12-11 08:00,0.116542
2001-12-11 09:00,0.32671
2001-12-11 10:00,0.489578
2001-12-11 11:00,0.547012
2001-12-11 12:00,0.5681
2001-12-11 13:00,0.558015
2001-12-11 14:00,0.522672
2001-12-11 15:00,0.379623
2001-12-11 16:00,0.160372
2001-12-11 17:00,0.038865
2001-12-11 18:00,0.0
2001-12-11 19:00,0.0
2001-12-11 20:00,0.0
2001-12-11 21:00,0.0
2001-12-11 22:00,0.0
2001-12-11 23:00,0.0
2001-12-12 00:00,0.0
2001-12-12 01:00,0.0
2001-12-12 02:00,0.0
2001-12-12 03:00,0.0
2001-12-12 04:00,0.0
2001-12-12 05:00,0.0
2001-12-12 06:00,0.0
2001-12-12 07:00,0.0
2001-12-12 08:00,0.063025
2001-12-12 09:00,0.294962
2001-12-12 10:00,0.284812
2001-12-12 11:00,0.428218
2001-12-12 12:00,0.282212
2001-12-12 13:00,0.253395
2001-12-12 14:00,0.251918
2001-12-12 15:00,0.143565
2001-12-12 16:00,0.073435
2001-12-12 17:00,0.01062
2001-12-12 18:00,0.0
2001-12-12 19:00,0.0
2001-12-12 20:00,0.0
2001-12-12 21:00,0.0
2001-12-12 22:00,0.0
2001-12-12 23:00,0.0
2001-12-13 00:00,0.0
2001-12-13 01:00,0.0
2001-12-13 02:00,0.0
2001-12-13 03:00,0.0
2001-12-13 04:00,0.0
2001-12-13 05:00,0.0
2001-12-13 06:00,0.0518
2001-12-13 07:00,0.083662
2001-12-13 08:00,0.140408
2001-12-13 09:00,0.28964
2001-12-13 10:00,0.40839
2001-12-13 11:00,0.387222
2001-12-13 12:00,0.278678
2001-12-13 13:00,0.462438
2001-12-13 14:00,0.42166
2001-12-13 15:00,0.413852
2001-12-13 16:00,0.177167
2001-12-13 17:00,0.04258
2001-12-13 18:00,0.0
2001-12-13 19:00,0.0
2001-12-13 20:00,0.0
2001-12-13 21:00,0.0
2001-12-13 22:00,0.0
2001-12-13 23:00,0.0
2001-12-14 00:00,0.0
2001-12-14 01:00,0.0
2001-12-14 02:00,0.0
2001-12-14 03:00,0.0
2001-12-14 04:00,0.0
2001-12-14 05:00,0.0
2001-12-14 06:00,0.0
2001-12-14 07:00,0.006925
2001-12-14 08:00,0.080432
2001-12-14 09:00,0.250252
2001-12-14 10:00,0.367688
2001-12-14 11:00,0.481497
2001-12-14 12:00,0.49834
2001-12-14 13:00,0.433588
2001-12-14 14:00,0.32435
2001-12-14 15:00,0.245392
2001-12-14 16:00,0.116028
2001-12-14 17:00,0.043868
2001-12-14 18:00,0.0
2001-12-14 19:00,0.0
2001-12-14 20:00,0.0
2001-12-14 21:00,0.0
2001-12-14 22:00,0.0
2001-12-14 23:00,0.0
2001-12-15 00:00,0.0
2001-12-15 01:00,0.0
2001-12-15 02:00,0.0
2001-12-15 03:00,0.0
2001-12-15 04:00,0.0
2001-12-15 05:00,0.0
2001-12-15 06:00,0.0
2001-12-15 07:00,0.004247
2001-12-15 08:00,0.075032
2001-12-15 09:00,0.243205
2001-12-15 10:00,0.46197
2001-12-15 11:00,0.53575
2001-12-15 12:00,0.53423
2001-12-15 13:00,0.406928
2001-12-15 14:00,0.443312
2001-12-15 15:00,0.392525
2001-12-15 16:00,0.165082
2001-12-15 17:00,0.040072
2001-12-15 18:00,0.0
2001-12-15 19:00,0.0
2001-12-15 20:00,0.0
2001-12-15 21:00,0.0
2001-12-15 22:00,0.0
2001-12-15 23:00,0.0
2001-12-16 00:00,0.0
2001-12-16 01:00,0.0
2001-12-16 02:00,0.0
2001-12-16 03:00,0.0
2001-12-16 04:00,0.0
2001-12-16 05:00,0.0
2001-12-16 06:00,0.0
2001-12-16 07:00,0.005852
2001-12-16 08:00,0.069398
2001-12-16 09:00,0.287122
2001-12-16 10:00,0.516828
2001-12-16 11:00,0.56772
2001-12-16 12:00,0.581202
2001-12-16 13:00,0.560635
2001-12-16 14:00,0.532413
2001-12-16 15:00,0.391008
2001-12-16 16:00,0.176762
2001-12-16 17:00,0.04316
2001-12-16 18:00,0.0
2001-12-16 19:00,0.0
2001-12-16 20:00,0.0
2001-12-16 21:00,0.0
2001-12-16 22:00,0.0
2001-12-16 23:00,0.0
2001-12-17 00:00,0.0
2001-12-17 01:00,0.0
2001-12-17 02:00,0.0
2001-12-17 03:00,0.0
2001-12-17 04:00,0.0
2001-12-17 05:00,0.0
2001-12-17 06:00,0.002375
2001-12-17 07:00,0.00291
2001-12-17 08:00,0.069408
2001-12-17 09:00,0.264228
2001-12-17 10:00,0.479468
2001-12-17 11:00,0.549858
2001-12-17 12:00,0.56017
2001-12-17 13:00,0.55218
2001-12-17 14:00,0.528105
2001-12-17 15:00,0.389362
2001-12-17 16:00,0.177055
2001-12-17 17:00,0.0419
2001-12-17 18:00,0.0
2001-12-17 19:00,0.0
2001-12-17 20:00,0.0
2001-12-17 21:00,0.0
2001-12-17 22:00,0.0
2001-12-17 23:00,0.0
2001-12-18 00:00,0.0
2001-12-18 01:00,0.0
2001-12-18 02:00,0.0
2001-12-18 03:00,0.0
2001-12-18 04:00,0.0
2001-12-18 05:00,0.0
2001-12-18 06:00,0.0
2001-12-18 07:00,0.003628
2001-12-18 08:00,0.065
2001-12-18 09:00,0.284622
2001-12-18 10:00,0.513717
2001-12-18 11:00,0.56775
2001-12-18 12:00,0.59788
2001-12-18 13:00,0.56247
2001-12-18 14:00,0.539475
2001-12-18 15:00,0.415625
2001-12-18 16:00,0.198422
2001-12-18 17:00,0.045702
2001-12-18 18:00,0.0
2001-12-18 19:00,0.0
2001-12-18 20:00,0.0
2001-12-18 21:00,0.0
2001-12-18 22:00,0.0
2001-12-18 23:00,0.0
2001-12-19 00:00,0.0
2001-12-19 01:00,0.0
2001-12-19 02:00,0.0
2001-12-19 03:00,0.0
2001-12-19 04:00,0.0
2001-12-19 05:00,0.0
2001-12-19 06:00,0.0
2001-12-19 07:00,0.00363
2001-12-19 08:00,0.060452
2001-12-19 09:00,0.276828
2001-12-19 10:00,0.507342
2001-12-19 11:00,0.559605
2001-12-19 12:00,0.58836
2001-12-19 13:00,0.569532
2001-12-19 14:00,0.54335
2001-12-19 15:00,0.415278
2001-12-19 16:00,0.223628
2001-12-19 17:00,0.046342
2001-12-19 18:00,0.0
2001-12-19 19:00,0.0
2001-12-19 20:00,0.0
2001-12-19 21:00,0.0
2001-12-19 22:00,0.0
2001-12-19 23:00,0.0
2001-12-20 00:00,0.0
2001-12-20 01:00,0.0
2001-12-20 02:00,0.0
2001-12-20 03:00,0.0
2001-12-20 04:00,0.0
2001-12-20 05:00,0.0
2001-12-20 06:00,0.0
2001-12-20 07:00,0.00381
2001-12-20 08:00,0.061945
2001-12-20 09:00,0.297748
2001-12-20 10:00,0.53542
2001-12-20 11:00,0.566915
2001-12-20 12:00,0.579235
2001-12-20 13:00,0.600158
2001-12-20 14:00,0.516365
2001-12-20 15:00,0.429465
2001-12-20 16:00,0.104708
2001-12-20 17:00,0.048865
2001-12-20 18:00,0.0
2001-12-20 19:00,0.0
2001-12-20 20:00,0.0
2001-12-20 21:00,0.0
2001-12-20 22:00,0.0
2001-12-20 23:00,0.0
2001-12-21 00:00,0.0
2001-12-21 01:00,0.0
2001-12-21 02:00,0.0
2001-12-21 03:00,0.0
2001-12-21 04:00,0.0
2001-12-21 05:00,0.0
2001-12-21 06:00,0.0
2001-12-21 07:00,1.5e-05
2001-12-21 08:00,0.038065
2001-12-21 09:00,0.31483
2001-12-21 10:00,0.543507
2001-12-21 11:00,0.601755
2001-12-21 12:00,0.64064
2001-12-21 13:00,0.621572
2001-12-21 14:00,0.56114
2001-12-21 15:00,0.459018
2001-12-21 16:00,0.228222
2001-12-21 17:00,0.051003
2001-12-21 18:00,0.0
2001-12-21 19:00,0.0
2001-12-21 20:00,0.0
2001-12-21 21:00,0.0
2001-12-21 22:00,0.0
2001-12-21 23:00,0.0
2001-12-22 00:00,0.0
2001-12-22 01:00,0.0
2001-12-22 02:00,0.0
2001-12-22 03:00,0.0
2001-12-22 04:00,0.0
2001-12-22 05:00,0.0
2001-12-22 06:00,0.0
2001-12-22 07:00,0.0
2001-12-22 08:00,0.035705
2001-12-22 09:00,0.306235
2001-12-22 10:00,0.53893
2001-12-22 11:00,0.593733
2001-12-22 12:00,0.63255
2001-12-22 13:00,0.615268
2001-12-22 14:00,0.554645
2001-12-22 15:00,0.465812
2001-12-22 16:00,0.236722
2001-12-22 17:00,0.049135
2001-12-22 18:00,0.0
2001-12-22 19:00,0.0
2001-12-22 20:00,0.0
2001-12-22 21:00,0.0
2001-12-22 22:00,0.0
2001-12-22 23:00,0.0
2001-12-23 00:00,0.0
2001-12-23 01:00,0.0
2001-12-23 02:00,0.0
2001-12-23 03:00,0.0
2001-12-23 04:00,0.0
2001-12-23 05:00,0.0
2001-12-23 06:00,0.0
2001-12-23 07:00,0.0
2001-12-23 08:00,0.037605
2001-12-23 09:00,0.29168
2001-12-23 10:00,0.526202
2001-12-23 11:00,0.570882
2001-12-23 12:00,0.604238
2001-12-23 13:00,0.582265
2001-12-23 14:00,0.542908
2001-12-23 15:00,0.415422
2001-12-23 16:00,0.205208
2001-12-23 17:00,0.049468
2001-12-23 18:00,0.0
2001-12-23 19:00,0.0
2001-12-23 20:00,0.0
2001-12-23 21:00,0.0
2001-12-23 22:00,0.0
2001-12-23 23:00,0.0
2001-12-24 00:00,0.0
2001-12-24 01:00,0.0
2001-12-24 02:00,0.0
2001-12-24 03:00,0.0
2001-12-24 04:00,0.0
2001-12-24 05:00,0.0
2001-12-24 06:00,0.0
2001-12-24 07:00,8e-05
2001-12-24 08:00,0.052295
2001-12-24 09:00,0.268202
2001-12-24 10:00,0.500355
2001-12-24 11:00,0.553243
2001-12-24 12:00,0.584295
2001-12-24 13:00,0.572745
2001-12-24 14:00,0.540008
2001-12-24 15:00,0.40879
2001-12-24 16:00,0.195992
2001-12-24 17:00,0.048192
2001-12-24 18:00,0.0
2001-12-24 19:00,0.0
2001-12-24 20:00,0.0
2001-12-24 21:00,0.0
2001-12-24 22:00,0.0
2001-12-24 23:00,0.0
2001-12-25 00:00,0.0
2001-12-25 01:00,0.0
2001-12-25 02:00,0.0
2001-12-25 03:00,0.0
2001-12-25 04:00,0.0
2001-12-25 05:00,0.0
2001-12-25 06:00,0.0
2001-12-25 07:00,1.8e-05
2001-12-25 08:00,0.051608
2001-12-25 09:00,0.26255
2001-12-25 10:00,0.490527
2001-12-25 11:00,0.548815
2001-12-25 12:00,0.570548
2001-12-25 13:00,0.563435
2001-12-25 14:00,0.541925
2001-12-25 15:00,0.413248
2001-12-25 16:00,0.19447
2001-12-25 17:00,0.04753
2001-12-25 18:00,0.0
2001-12-25 19:00,0.0
2001-12-25 20:00,0.0
2001-12-25 21:00,0.0
2001-12-25 22:00,0.0
2001-12-25 23:00,0.0
2001-12-26 00:00,0.0
2001-12-26 01:00,0.0
2001-12-26 02:00,0.0
2001-12-26 03:00,0.0
2001-12-26 04:00,0.0
2001-12-26 05:00,0.0
2001-12-26 06:00,0.0
2001-12-26 07:00,4.2e-05
2001-12-26 08:00,0.055838
2001-12-26 09:00,0.248318
2001-12-26 10:00,0.478742
2001-12-26 11:00,0.547102
2001-12-26 12:00,0.563092
2001-12-26 13:00,0.555972
2001-12-26 14:00,0.53729
2001-12-26 15:00,0.39982
2001-12-26 16:00,0.170785
2001-12-26 17:00,0.042238
2001-12-26 18:00,0.0
2001-12-26 19:00,0.0
2001-12-26 20:00,0.0
2001-12-26 21:00,0.0
2001-12-26 22:00,0.0
2001-12-26 23:00,0.0
2001-12-27 00:00,0.0
2001-12-27 01:00,0.0
2001-12-27 02:00,0.0
2001-12-27 03:00,0.0
2001-12-27 04:00,0.0
2001-12-27 05:00,0.0
2001-12-27 06:00,0.0
2001-12-27 07:00,1.5e-05
2001-12-27 08:00,0.054965
2001-12-27 09:00,0.272195
2001-12-27 10:00,0.45618
2001-12-27 11:00,0.54617
2001-12-27 12:00,0.563672
2001-12-27 13:00,0.55645
2001-12-27 14:00,0.5377
2001-12-27 15:00,0.38897
2001-12-27 16:00,0.188765
2001-12-27 17:00,0.054072
2001-12-27 18:00,0.0
2001-12-27 19:00,0.0
2001-12-27 20:00,0.0
2001-12-27 21:00,0.0
2001-12-27 22:00,0.0
2001-12-27 23:00,0.0
2001-12-28 00:00,0.0
2001-12-28 01:00,0.0
2001-12-28 02:00,0.0
2001-12-28 03:00,0.0
2001-12-28 04:00,0.0
2001-12-28 05:00,0.0
2001-12-28 06:00,0.0
2001-12-28 07:00,0.000118
2001-12-28 08:00,0.054402
2001-12-28 09:00,0.289978
2001-12-28 10:00,0.531018
2001-12-28 11:00,0.582445
2001-12-28 12:00,0.628902
2001-12-28 13:00,0.614032
2001-12-28 14:00,0.556838
2001-12-28 15:00,0.476713
2001-12-28 16:00,0.254255
2001-12-28 17:00,0.060735
2001-12-28 18:00,0.0
2001-12-28 19:00,0.0
2001-12-28 20:00,0.0
2001-12-28 21:00,0.0
2001-12-28 22:00,0.0
2001-12-28 23:00,0.0
2001-12-29 00:00,0.0
2001-12-29 01:00,0.0
2001-12-29 02:00,0.0
2001-12-29 03:00,0.0
2001-12-29 04:00,0.0
2001-12-29 05:00,0.0
2001-12-29 06:00,0.0
2001-12-29 07:00,0.000738
2001-12-29 08:00,0.052022
2001-12-29 09:00,0.286825
2001-12-29 10:00,0.527065
2001-12-29 11:00,0.57158
2001-12-29 12:00,0.616448
2001-12-29 13:00,0.600345
2001-12-29 14:00,0.55049
2001-12-29 15:00,0.45046
2001-12-29 16:00,0.22965
2001-12-29 17:00,0.057097
2001-12-29 18:00,0.0
2001-12-29 19:00,0.0
2001-12-29 20:00,0.0
2001-12-29 21:00,0.0
2001-12-29 22:00,0.0
2001-12-29 23:00,0.0
2001-12-30 00:00,0.0
2001-12-30 01:00,0.0
2001-12-30 02:00,0.0
2001-12-30 03:00,0.0
2001-12-30 04:00,0.0
2001-12-30 05:00,0.0
2001-12-30 06:00,0.00052
2001-12-30 07:00,0.000492
2001-12-30 08:00,0.054307
2001-12-30 09:00,0.258008
2001-12-30 10:00,0.49266
2001-12-30 11:00,0.550665
2001-12-30 12:00,0.580698
2001-12-30 13:00,0.57147
2001-12-30 14:00,0.542058
2001-12-30 15:00,0.418472
2001-12-30 16:00,0.2106
2001-12-30 17:00,0.053338
2001-12-30 18:00,0.0
2001-12-30 19:00,0.0
2001-12-30 20:00,0.0
2001-12-30 21:00,0.0
2001-12-30 22:00,0.0
2001-12-30 23:00,0.0
2001-12-31 00:00,0.0
2001-12-31 01:00,0.0
2001-12-31 02:00,0.0
2001-12-31 03:00,0.0
2001-12-31 04:00,0.0
2001-12-31 05:00,0.0
2001-12-31 06:00,0.0
2001-12-31 07:00,7e-06
2001-12-31 08:00,0.060618
2001-12-31 09:00,0.182275
2001-12-31 10:00,0.381115
2001-12-31 11:00,0.4905
2001-12-31 12:00,0.539948
2001-12-31 13:00,0.542948
2001-12-31 14:00,0.484778
2001-12-31 15:00,0.358935
2001-12-31 16:00,0.15702
2001-12-31 17:00,0.04807
2001-12-31 18:00,0.0
2001-12-31 19:00,0.0
2001-12-31 20:00,0.0
2001-12-31 21:00,0.0
2001-12-31 22:00,0.0
2001-12-31 23:00,0.0
