timestamp,temperature_c
2001-01-01 00:00,17.088
2001-01-01 01:00,16.06
2001-01-01 02:00,15.795
2001-01-01 03:00,15.162
2001-01-01 04:00,14.872
2001-01-01 05:00,14.75
2001-01-01 06:00,14.722
2001-01-01 07:00,14.328
2001-01-01 08:00,14.805
2001-01-01 09:00,17.222
2001-01-01 10:00,19.83
2001-01-01 11:00,21.932
2001-01-01 12:00,24.392
2001-01-01 13:00,25.4
2001-01-01 14:00,25.945
2001-01-01 15:00,26.54
2001-01-01 16:00,25.462
2001-01-01 17:00,23.518
2001-01-01 18:00,21.748
2001-01-01 19:00,20.375
2001-01-01 20:00,19.565
2001-01-01 21:00,18.935
2001-01-01 22:00,18.445
2001-01-01 23:00,17.898
2001-01-02 00:00,16.265
2001-01-02 01:00,16.337
2001-01-02 02:00,15.91
2001-01-02 03:00,15.38
2001-01-02 04:00,14.665
2001-01-02 05:00,13.472
2001-01-02 06:00,12.39
2001-01-02 07:00,12.335
2001-01-02 08:00,13.545
2001-01-02 09:00,18.752
2001-01-02 10:00,22.795
2001-01-02 11:00,24.865
2001-01-02 12:00,26.822
2001-01-02 13:00,27.952
2001-01-02 14:00,28.643
2001-01-02 15:00,28.872
2001-01-02 16:00,28.182
2001-01-02 17:00,27.14
2001-01-02 18:00,24.478
2001-01-02 19:00,21.537
2001-01-02 20:00,20.218
2001-01-02 21:00,19.877
2001-01-02 22:00,18.87
2001-01-02 23:00,19.08
2001-01-03 00:00,21.718
2001-01-03 01:00,21.168
2001-01-03 02:00,20.08
2001-01-03 03:00,19.718
2001-01-03 04:00,19.1
2001-01-03 05:00,19.11
2001-01-03 06:00,18.872
2001-01-03 07:00,18.365
2001-01-03 08:00,20.338
2001-01-03 09:00,24.123
2001-01-03 10:00,27.062
2001-01-03 11:00,30.135
2001-01-03 12:00,33.158
2001-01-03 13:00,34.628
2001-01-03 14:00,35.075
2001-01-03 15:00,35.495
2001-01-03 16:00,35.39
2001-01-03 17:00,34.862
2001-01-03 18:00,30.648
2001-01-03 19:00,26.447
2001-01-03 20:00,25.76
2001-01-03 21:00,24.768
2001-01-03 22:00,24.155
2001-01-03 23:00,22.053
2001-01-04 00:00,24.825
2001-01-04 01:00,23.52
2001-01-04 02:00,22.918
2001-01-04 03:00,22.482
2001-01-04 04:00,21.332
2001-01-04 05:00,20.782
2001-01-04 06:00,20.94
2001-01-04 07:00,21.815
2001-01-04 08:00,25.47
2001-01-04 09:00,29.478
2001-01-04 10:00,32.03
2001-01-04 11:00,34.47
2001-01-04 12:00,36.188
2001-01-04 13:00,37.38
2001-01-04 14:00,38.228
2001-01-04 15:00,38.085
2001-01-04 16:00,37.425
2001-01-04 17:00,36.408
2001-01-04 18:00,34.315
2001-01-04 19:00,30.212
2001-01-04 20:00,28.312
2001-01-04 21:00,27.623
2001-01-04 22:00,26.832
2001-01-04 23:00,25.697
2001-01-05 00:00,31.028
2001-01-05 01:00,29.882
2001-01-05 02:00,28.785
2001-01-05 03:00,27.9
2001-01-05 04:00,27.123
2001-01-05 05:00,26.785
2001-01-05 06:00,26.435
2001-01-05 07:00,27.41
2001-01-05 08:00,30.338
2001-01-05 09:00,33.862
2001-01-05 10:00,37.585
2001-01-05 11:00,40.15
2001-01-05 12:00,42.105
2001-01-05 13:00,42.925
2001-01-05 14:00,42.672
2001-01-05 15:00,42.942
2001-01-05 16:00,42.69
2001-01-05 17:00,42.05
2001-01-05 18:00,40.692
2001-01-05 19:00,36.955
2001-01-05 20:00,35.032
2001-01-05 21:00,34.122
2001-01-05 22:00,32.653
2001-01-05 23:00,31.678
2001-01-06 00:00,32.382
2001-01-06 01:00,32.02
2001-01-06 02:00,31.623
2001-01-06 03:00,31.2
2001-01-06 04:00,30.795
2001-01-06 05:00,30.693
2001-01-06 06:00,30.808
2001-01-06 07:00,31.6
2001-01-06 08:00,33.01
2001-01-06 09:00,34.455
2001-01-06 10:00,35.892
2001-01-06 11:00,37.212
2001-01-06 12:00,38.37
2001-01-06 13:00,38.77
2001-01-06 14:00,39.38
2001-01-06 15:00,40.04
2001-01-06 16:00,39.902
2001-01-06 17:00,39.428
2001-01-06 18:00,38.642
2001-01-06 19:00,37.2
2001-01-06 20:00,36.212
2001-01-06 21:00,35.31
2001-01-06 22:00,34.13
2001-01-06 23:00,32.755
2001-01-07 00:00,28.062
2001-01-07 01:00,28.02
2001-01-07 02:00,28.26
2001-01-07 03:00,28.078
2001-01-07 04:00,28.0
2001-01-07 05:00,27.618
2001-01-07 06:00,27.468
2001-01-07 07:00,28.53
2001-01-07 08:00,29.992
2001-01-07 09:00,31.772
2001-01-07 10:00,33.408
2001-01-07 11:00,33.518
2001-01-07 12:00,35.132
2001-01-07 13:00,36.02
2001-01-07 14:00,36.408
2001-01-07 15:00,36.108
2001-01-07 16:00,35.892
2001-01-07 17:00,35.512
2001-01-07 18:00,34.642
2001-01-07 19:00,32.878
2001-01-07 20:00,31.508
2001-01-07 21:00,30.788
2001-01-07 22:00,30.15
2001-01-07 23:00,29.66
2001-01-08 00:00,27.895
2001-01-08 01:00,27.642
2001-01-08 02:00,27.41
2001-01-08 03:00,27.197
2001-01-08 04:00,27.098
2001-01-08 05:00,27.09
2001-01-08 06:00,26.958
2001-01-08 07:00,27.782
2001-01-08 08:00,29.41
2001-01-08 09:00,30.678
2001-01-08 10:00,31.888
2001-01-08 11:00,32.35
2001-01-08 12:00,34.022
2001-01-08 13:00,35.885
2001-01-08 14:00,34.87
2001-01-08 15:00,34.225
2001-01-08 16:00,35.025
2001-01-08 17:00,34.052
2001-01-08 18:00,33.368
2001-01-08 19:00,31.465
2001-01-08 20:00,30.375
2001-01-08 21:00,29.545
2001-01-08 22:00,28.992
2001-01-08 23:00,28.558
2001-01-09 00:00,26.59
2001-01-09 01:00,26.638
2001-01-09 02:00,26.392
2001-01-09 03:00,26.155
2001-01-09 04:00,25.892
2001-01-09 05:00,26.1
2001-01-09 06:00,25.93
2001-01-09 07:00,26.082
2001-01-09 08:00,27.25
2001-01-09 09:00,28.93
2001-01-09 10:00,30.322
2001-01-09 11:00,30.965
2001-01-09 12:00,32.22
2001-01-09 13:00,33.395
2001-01-09 14:00,33.602
2001-01-09 15:00,34.325
2001-01-09 16:00,34.332
2001-01-09 17:00,33.76
2001-01-09 18:00,32.638
2001-01-09 19:00,29.47
2001-01-09 20:00,28.395
2001-01-09 21:00,27.785
2001-01-09 22:00,27.275
2001-01-09 23:00,26.858
2001-01-10 00:00,26.748
2001-01-10 01:00,26.408
2001-01-10 02:00,26.6
2001-01-10 03:00,25.938
2001-01-10 04:00,25.58
2001-01-10 05:00,25.368
2001-01-10 06:00,25.418
2001-01-10 07:00,25.86
2001-01-10 08:00,27.792
2001-01-10 09:00,29.845
2001-01-10 10:00,31.99
2001-01-10 11:00,33.925
2001-01-10 12:00,34.845
2001-01-10 13:00,34.86
2001-01-10 14:00,35.805
2001-01-10 15:00,35.858
2001-01-10 16:00,36.28
2001-01-10 17:00,34.11
2001-01-10 18:00,31.342
2001-01-10 19:00,29.4
2001-01-10 20:00,28.695
2001-01-10 21:00,28.298
2001-01-10 22:00,27.91
2001-01-10 23:00,27.32
2001-01-11 00:00,22.27
2001-01-11 01:00,21.62
2001-01-11 02:00,21.61
2001-01-11 03:00,22.718
2001-01-11 04:00,21.992
2001-01-11 05:00,20.605
2001-01-11 06:00,20.005
2001-01-11 07:00,20.31
2001-01-11 08:00,22.035
2001-01-11 09:00,26.45
2001-01-11 10:00,29.602
2001-01-11 11:00,31.672
2001-01-11 12:00,32.805
2001-01-11 13:00,33.545
2001-01-11 14:00,34.132
2001-01-11 15:00,33.788
2001-01-11 16:00,32.902
2001-01-11 17:00,31.008
2001-01-11 18:00,27.552
2001-01-11 19:00,25.99
2001-01-11 20:00,25.072
2001-01-11 21:00,23.995
2001-01-11 22:00,23.658
2001-01-11 23:00,22.568
2001-01-12 00:00,24.405
2001-01-12 01:00,23.678
2001-01-12 02:00,23.08
2001-01-12 03:00,22.188
2001-01-12 04:00,21.53
2001-01-12 05:00,21.248
2001-01-12 06:00,21.565
2001-01-12 07:00,20.692
2001-01-12 08:00,21.67
2001-01-12 09:00,26.26
2001-01-12 10:00,29.738
2001-01-12 11:00,31.425
2001-01-12 12:00,32.58
2001-01-12 13:00,33.68
2001-01-12 14:00,34.418
2001-01-12 15:00,33.942
2001-01-12 16:00,32.74
2001-01-12 17:00,31.172
2001-01-12 18:00,27.675
2001-01-12 19:00,25.952
2001-01-12 20:00,24.755
2001-01-12 21:00,24.085
2001-01-12 22:00,23.932
2001-01-12 23:00,22.418
2001-01-13 00:00,21.402
2001-01-13 01:00,20.398
2001-01-13 02:00,20.03
2001-01-13 03:00,19.848
2001-01-13 04:00,19.59
2001-01-13 05:00,19.308
2001-01-13 06:00,20.228
2001-01-13 07:00,20.088
2001-01-13 08:00,20.358
2001-01-13 09:00,21.77
2001-01-13 10:00,23.495
2001-01-13 11:00,25.053
2001-01-13 12:00,26.36
2001-01-13 13:00,27.57
2001-01-13 14:00,28.09
2001-01-13 15:00,27.965
2001-01-13 16:00,26.352
2001-01-13 17:00,24.755
2001-01-13 18:00,23.305
2001-01-13 19:00,22.705
2001-01-13 20:00,22.002
2001-01-13 21:00,20.712
2001-01-13 22:00,19.84
2001-01-13 23:00,19.438
2001-01-14 00:00,18.655
2001-01-14 01:00,17.952
2001-01-14 02:00,17.585
2001-01-14 03:00,17.958
2001-01-14 04:00,17.818
2001-01-14 05:00,17.56
2001-01-14 06:00,17.588
2001-01-14 07:00,17.335
2001-01-14 08:00,17.352
2001-01-14 09:00,19.398
2001-01-14 10:00,21.54
2001-01-14 11:00,23.803
2001-01-14 12:00,25.803
2001-01-14 13:00,27.242
2001-01-14 14:00,27.535
2001-01-14 15:00,27.505
2001-01-14 16:00,26.542
2001-01-14 17:00,25.158
2001-01-14 18:00,22.075
2001-01-14 19:00,19.79
2001-01-14 20:00,18.615
2001-01-14 21:00,17.81
2001-01-14 22:00,17.332
2001-01-14 23:00,16.412
2001-01-15 00:00,15.672
2001-01-15 01:00,15.082
2001-01-15 02:00,14.652
2001-01-15 03:00,14.128
2001-01-15 04:00,13.402
2001-01-15 05:00,12.848
2001-01-15 06:00,12.175
2001-01-15 07:00,12.152
2001-01-15 08:00,13.238
2001-01-15 09:00,15.812
2001-01-15 10:00,20.24
2001-01-15 11:00,23.67
2001-01-15 12:00,25.478
2001-01-15 13:00,24.895
2001-01-15 14:00,24.525
2001-01-15 15:00,25.198
2001-01-15 16:00,25.32
2001-01-15 17:00,23.368
2001-01-15 18:00,20.86
2001-01-15 19:00,18.352
2001-01-15 20:00,17.25
2001-01-15 21:00,16.248
2001-01-15 22:00,15.652
2001-01-15 23:00,14.915
2001-01-16 00:00,14.258
2001-01-16 01:00,13.22
2001-01-16 02:00,12.652
2001-01-16 03:00,12.17
2001-01-16 04:00,11.53
2001-01-16 05:00,10.972
2001-01-16 06:00,10.67
2001-01-16 07:00,10.108
2001-01-16 08:00,10.532
2001-01-16 09:00,13.768
2001-01-16 10:00,17.422
2001-01-16 11:00,20.508
2001-01-16 12:00,22.452
2001-01-16 13:00,23.697
2001-01-16 14:00,24.357
2001-01-16 15:00,24.612
2001-01-16 16:00,23.612
2001-01-16 17:00,21.968
2001-01-16 18:00,19.197
2001-01-16 19:00,17.13
2001-01-16 20:00,16.43
2001-01-16 21:00,15.882
2001-01-16 22:00,14.735
2001-01-16 23:00,14.478
2001-01-17 00:00,13.762
2001-01-17 01:00,12.892
2001-01-17 02:00,12.332
2001-01-17 03:00,11.895
2001-01-17 04:00,11.452
2001-01-17 05:00,10.812
2001-01-17 06:00,10.048
2001-01-17 07:00,9.615
2001-01-17 08:00,10.325
2001-01-17 09:00,13.562
2001-01-17 10:00,17.412
2001-01-17 11:00,20.27
2001-01-17 12:00,22.1
2001-01-17 13:00,24.08
2001-01-17 14:00,25.22
2001-01-17 15:00,26.2
2001-01-17 16:00,25.785
2001-01-17 17:00,24.972
2001-01-17 18:00,21.398
2001-01-17 19:00,18.557
2001-01-17 20:00,17.44
2001-01-17 21:00,16.39
2001-01-17 22:00,15.638
2001-01-17 23:00,14.998
2001-01-18 00:00,14.89
2001-01-18 01:00,14.54
2001-01-18 02:00,13.68
2001-01-18 03:00,12.928
2001-01-18 04:00,13.048
2001-01-18 05:00,13.188
2001-01-18 06:00,12.648
2001-01-18 07:00,11.885
2001-01-18 08:00,12.66
2001-01-18 09:00,16.965
2001-01-18 10:00,21.395
2001-01-18 11:00,23.505
2001-01-18 12:00,25.142
2001-01-18 13:00,26.37
2001-01-18 14:00,27.98
2001-01-18 15:00,27.975
2001-01-18 16:00,27.472
2001-01-18 17:00,25.368
2001-01-18 18:00,22.352
2001-01-18 19:00,19.962
2001-01-18 20:00,18.26
2001-01-18 21:00,17.053
2001-01-18 22:00,15.995
2001-01-18 23:00,15.512
2001-01-19 00:00,14.995
2001-01-19 01:00,14.57
2001-01-19 02:00,13.618
2001-01-19 03:00,12.878
2001-01-19 04:00,12.418
2001-01-19 05:00,12.13
2001-01-19 06:00,11.715
2001-01-19 07:00,11.435
2001-01-19 08:00,12.145
2001-01-19 09:00,17.348
2001-01-19 10:00,21.07
2001-01-19 11:00,23.208
2001-01-19 12:00,25.008
2001-01-19 13:00,26.282
2001-01-19 14:00,27.048
2001-01-19 15:00,27.585
2001-01-19 16:00,27.235
2001-01-19 17:00,25.89
2001-01-19 18:00,23.188
2001-01-19 19:00,20.197
2001-01-19 20:00,18.548
2001-01-19 21:00,17.32
2001-01-19 22:00,17.17
2001-01-19 23:00,17.882
2001-01-20 00:00,15.618
2001-01-20 01:00,14.215
2001-01-20 02:00,13.438
2001-01-20 03:00,13.245
2001-01-20 04:00,12.738
2001-01-20 05:00,12.008
2001-01-20 06:00,11.5
2001-01-20 07:00,11.332
2001-01-20 08:00,12.108
2001-01-20 09:00,17.165
2001-01-20 10:00,21.222
2001-01-20 11:00,23.532
2001-01-20 12:00,25.132
2001-01-20 13:00,26.732
2001-01-20 14:00,29.115
2001-01-20 15:00,29.53
2001-01-20 16:00,29.015
2001-01-20 17:00,27.795
2001-01-20 18:00,24.538
2001-01-20 19:00,21.245
2001-01-20 20:00,19.67
2001-01-20 21:00,18.1
2001-01-20 22:00,17.585
2001-01-20 23:00,16.738
2001-01-21 00:00,15.778
2001-01-21 01:00,14.872
2001-01-21 02:00,14.108
2001-01-21 03:00,13.862
2001-01-21 04:00,13.622
2001-01-21 05:00,13.32
2001-01-21 06:00,13.182
2001-01-21 07:00,13.568
2001-01-21 08:00,15.546
2001-01-21 09:00,19.672
2001-01-21 10:00,22.235
2001-01-21 11:00,25.32
2001-01-21 12:00,27.765
2001-01-21 13:00,29.4
2001-01-21 14:00,29.712
2001-01-21 15:00,29.188
2001-01-21 16:00,29.2
2001-01-21 17:00,27.218
2001-01-21 18:00,24.932
2001-01-21 19:00,21.978
2001-01-21 20:00,20.98
2001-01-21 21:00,20.088
2001-01-21 22:00,19.088
2001-01-21 23:00,18.5
2001-01-22 00:00,17.725
2001-01-22 01:00,16.982
2001-01-22 02:00,16.618
2001-01-22 03:00,16.49
2001-01-22 04:00,16.328
2001-01-22 05:00,15.49
2001-01-22 06:00,14.922
2001-01-22 07:00,14.51
2001-01-22 08:00,15.7
2001-01-22 09:00,18.805
2001-01-22 10:00,22.392
2001-01-22 11:00,25.525
2001-01-22 12:00,27.985
2001-01-22 13:00,29.685
2001-01-22 14:00,30.305
2001-01-22 15:00,30.325
2001-01-22 16:00,29.43
2001-01-22 17:00,27.788
2001-01-22 18:00,25.215
2001-01-22 19:00,23.055
2001-01-22 20:00,21.862
2001-01-22 21:00,21.258
2001-01-22 22:00,20.93
2001-01-22 23:00,20.918
2001-01-23 00:00,21.0
2001-01-23 01:00,21.222
2001-01-23 02:00,19.088
2001-01-23 03:00,18.245
2001-01-23 04:00,17.662
2001-01-23 05:00,17.852
2001-01-23 06:00,16.405
2001-01-23 07:00,15.933
2001-01-23 08:00,16.57
2001-01-23 09:00,19.27
2001-01-23 10:00,22.768
2001-01-23 11:00,24.763
2001-01-23 12:00,26.695
2001-01-23 13:00,27.995
2001-01-23 14:00,28.838
2001-01-23 15:00,29.41
2001-01-23 16:00,28.572
2001-01-23 17:00,27.115
2001-01-23 18:00,24.848
2001-01-23 19:00,22.1
2001-01-23 20:00,21.1
2001-01-23 21:00,20.482
2001-01-23 22:00,19.298
2001-01-23 23:00,17.908
2001-01-24 00:00,16.815
2001-01-24 01:00,16.418
2001-01-24 02:00,15.918
2001-01-24 03:00,15.558
2001-01-24 04:00,14.618
2001-01-24 05:00,14.258
2001-01-24 06:00,13.96
2001-01-24 07:00,13.38
2001-01-24 08:00,14.055
2001-01-24 09:00,17.762
2001-01-24 10:00,22.795
2001-01-24 11:00,25.622
2001-01-24 12:00,27.918
2001-01-24 13:00,30.192
2001-01-24 14:00,31.062
2001-01-24 15:00,31.838
2001-01-24 16:00,29.845
2001-01-24 17:00,27.995
2001-01-24 18:00,24.84
2001-01-24 19:00,21.795
2001-01-24 20:00,20.348
2001-01-24 21:00,18.858
2001-01-24 22:00,17.612
2001-01-24 23:00,16.18
2001-01-25 00:00,15.225
2001-01-25 01:00,14.575
2001-01-25 02:00,14.625
2001-01-25 03:00,14.468
2001-01-25 04:00,14.448
2001-01-25 05:00,14.515
2001-01-25 06:00,14.532
2001-01-25 07:00,14.79
2001-01-25 08:00,15.368
2001-01-25 09:00,18.332
2001-01-25 10:00,22.24
2001-01-25 11:00,25.42
2001-01-25 12:00,27.402
2001-01-25 13:00,28.373
2001-01-25 14:00,27.675
2001-01-25 15:00,29.468
2001-01-25 16:00,30.402
2001-01-25 17:00,28.195
2001-01-25 18:00,24.732
2001-01-25 19:00,21.69
2001-01-25 20:00,19.87
2001-01-25 21:00,18.75
2001-01-25 22:00,17.868
2001-01-25 23:00,17.202
2001-01-26 00:00,16.528
2001-01-26 01:00,16.343
2001-01-26 02:00,15.842
2001-01-26 03:00,15.528
2001-01-26 04:00,15.105
2001-01-26 05:00,14.658
2001-01-26 06:00,14.25
2001-01-26 07:00,14.448
2001-01-26 08:00,15.828
2001-01-26 09:00,20.15
2001-01-26 10:00,24.472
2001-01-26 11:00,27.83
2001-01-26 12:00,29.83
2001-01-26 13:00,31.185
2001-01-26 14:00,32.028
2001-01-26 15:00,32.513
2001-01-26 16:00,32.01
2001-01-26 17:00,29.975
2001-01-26 18:00,26.65
2001-01-26 19:00,23.172
2001-01-26 20:00,22.215
2001-01-26 21:00,21.632
2001-01-26 22:00,19.295
2001-01-26 23:00,17.488
2001-01-27 00:00,17.23
2001-01-27 01:00,16.992
2001-01-27 02:00,16.962
2001-01-27 03:00,16.622
2001-01-27 04:00,16.24
2001-01-27 05:00,15.665
2001-01-27 06:00,15.1
2001-01-27 07:00,14.66
2001-01-27 08:00,16.048
2001-01-27 09:00,19.918
2001-01-27 10:00,24.758
2001-01-27 11:00,27.295
2001-01-27 12:00,28.978
2001-01-27 13:00,30.232
2001-01-27 14:00,30.925
2001-01-27 15:00,30.25
2001-01-27 16:00,29.51
2001-01-27 17:00,28.053
2001-01-27 18:00,25.268
2001-01-27 19:00,22.612
2001-01-27 20:00,21.738
2001-01-27 21:00,20.775
2001-01-27 22:00,20.252
2001-01-27 23:00,19.978
2001-01-28 00:00,19.25
2001-01-28 01:00,18.5
2001-01-28 02:00,17.872
2001-01-28 03:00,17.215
2001-01-28 04:00,16.69
2001-01-28 05:00,16.23
2001-01-28 06:00,16.195
2001-01-28 07:00,15.958
2001-01-28 08:00,16.84
2001-01-28 09:00,18.585
2001-01-28 10:00,21.732
2001-01-28 11:00,24.33
2001-01-28 12:00,25.308
2001-01-28 13:00,25.465
2001-01-28 14:00,24.69
2001-01-28 15:00,25.022
2001-01-28 16:00,25.505
2001-01-28 17:00,24.478
2001-01-28 18:00,22.43
2001-01-28 19:00,20.208
2001-01-28 20:00,19.648
2001-01-28 21:00,18.832
2001-01-28 22:00,18.345
2001-01-28 23:00,17.045
2001-01-29 00:00,16.632
2001-01-29 01:00,16.39
2001-01-29 02:00,16.058
2001-01-29 03:00,15.995
2001-01-29 04:00,15.515
2001-01-29 05:00,14.492
2001-01-29 06:00,13.502
2001-01-29 07:00,13.308
2001-01-29 08:00,14.595
2001-01-29 09:00,17.778
2001-01-29 10:00,21.432
2001-01-29 11:00,24.028
2001-01-29 12:00,26.24
2001-01-29 13:00,27.24
2001-01-29 14:00,27.322
2001-01-29 15:00,27.215
2001-01-29 16:00,27.058
2001-01-29 17:00,25.345
2001-01-29 18:00,21.88
2001-01-29 19:00,19.143
2001-01-29 20:00,17.985
2001-01-29 21:00,17.052
2001-01-29 22:00,15.952
2001-01-29 23:00,15.47
2001-01-30 00:00,14.22
2001-01-30 01:00,13.978
2001-01-30 02:00,14.067
2001-01-30 03:00,13.788
2001-01-30 04:00,12.858
2001-01-30 05:00,12.108
2001-01-30 06:00,12.038
2001-01-30 07:00,11.742
2001-01-30 08:00,12.852
2001-01-30 09:00,18.095
2001-01-30 10:00,22.38
2001-01-30 11:00,24.282
2001-01-30 12:00,25.635
2001-01-30 13:00,26.935
2001-01-30 14:00,27.64
2001-01-30 15:00,28.538
2001-01-30 16:00,27.82
2001-01-30 17:00,27.268
2001-01-30 18:00,24.162
2001-01-30 19:00,20.982
2001-01-30 20:00,19.04
2001-01-30 21:00,17.812
2001-01-30 22:00,17.148
2001-01-30 23:00,16.455
2001-01-31 00:00,15.758
2001-01-31 01:00,15.125
2001-01-31 02:00,14.495
2001-01-31 03:00,13.928
2001-01-31 04:00,15.105
2001-01-31 05:00,15.602
2001-01-31 06:00,15.228
2001-01-31 07:00,13.865
2001-01-31 08:00,14.415
2001-01-31 09:00,19.582
2001-01-31 10:00,22.37
2001-01-31 11:00,24.557
2001-01-31 12:00,26.32
2001-01-31 13:00,27.75
2001-01-31 14:00,29.31
2001-01-31 15:00,29.625
2001-01-31 16:00,29.348
2001-01-31 17:00,27.495
2001-01-31 18:00,23.638
2001-01-31 19:00,20.55
2001-01-31 20:00,19.21
2001-01-31 21:00,18.322
2001-01-31 22:00,17.28
2001-01-31 23:00,16.458
2001-02-01 00:00,16.925
2001-02-01 01:00,16.41
2001-02-01 02:00,16.348
2001-02-01 03:00,16.258
2001-02-01 04:00,16.01
2001-02-01 05:00,15.82
2001-02-01 06:00,15.588
2001-02-01 07:00,15.312
2001-02-01 08:00,15.758
2001-02-01 09:00,17.553
2001-02-01 10:00,20.082
2001-02-01 11:00,22.45
2001-02-01 12:00,23.905
2001-02-01 13:00,25.538
2001-02-01 14:00,26.242
2001-02-01 15:00,25.815
2001-02-01 16:00,24.888
2001-02-01 17:00,23.635
2001-02-01 18:00,21.728
2001-02-01 19:00,20.172
2001-02-01 20:00,19.112
2001-02-01 21:00,18.228
2001-02-01 22:00,17.525
2001-02-01 23:00,16.602
2001-02-02 00:00,20.57
2001-02-02 01:00,19.932
2001-02-02 02:00,19.075
2001-02-02 03:00,18.52
2001-02-02 04:00,18.58
2001-02-02 05:00,18.162
2001-02-02 06:00,17.935
2001-02-02 07:00,17.455
2001-02-02 08:00,18.428
2001-02-02 09:00,20.865
2001-02-02 10:00,23.348
2001-02-02 11:00,25.925
2001-02-02 12:00,26.298
2001-02-02 13:00,27.265
2001-02-02 14:00,28.082
2001-02-02 15:00,28.435
2001-02-02 16:00,28.368
2001-02-02 17:00,27.488
2001-02-02 18:00,24.947
2001-02-02 19:00,22.432
2001-02-02 20:00,21.505
2001-02-02 21:00,20.788
2001-02-02 22:00,19.168
2001-02-02 23:00,17.99
2001-02-03 00:00,21.618
2001-02-03 01:00,20.627
2001-02-03 02:00,19.458
2001-02-03 03:00,19.248
2001-02-03 04:00,18.8
2001-02-03 05:00,18.362
2001-02-03 06:00,18.225
2001-02-03 07:00,18.688
2001-02-03 08:00,21.07
2001-02-03 09:00,24.35
2001-02-03 10:00,26.948
2001-02-03 11:00,30.24
2001-02-03 12:00,33.61
2001-02-03 13:00,34.795
2001-02-03 14:00,34.68
2001-02-03 15:00,34.798
2001-02-03 16:00,34.677
2001-02-03 17:00,34.065
2001-02-03 18:00,31.028
2001-02-03 19:00,26.862
2001-02-03 20:00,25.372
2001-02-03 21:00,24.232
2001-02-03 22:00,23.418
2001-02-03 23:00,22.638
2001-02-04 00:00,24.87
2001-02-04 01:00,24.555
2001-02-04 02:00,25.115
2001-02-04 03:00,24.648
2001-02-04 04:00,24.02
2001-02-04 05:00,23.47
2001-02-04 06:00,21.805
2001-02-04 07:00,22.828
2001-02-04 08:00,27.712
2001-02-04 09:00,30.938
2001-02-04 10:00,33.852
2001-02-04 11:00,35.382
2001-02-04 12:00,37.122
2001-02-04 13:00,38.595
2001-02-04 14:00,39.698
2001-02-04 15:00,39.512
2001-02-04 16:00,39.672
2001-02-04 17:00,38.515
2001-02-04 18:00,36.103
2001-02-04 19:00,31.022
2001-02-04 20:00,28.478
2001-02-04 21:00,27.71
2001-02-04 22:00,26.418
2001-02-04 23:00,25.502
2001-02-05 00:00,30.48
2001-02-05 01:00,29.152
2001-02-05 02:00,27.935
2001-02-05 03:00,27.295
2001-02-05 04:00,26.712
2001-02-05 05:00,26.178
2001-02-05 06:00,25.792
2001-02-05 07:00,27.518
2001-02-05 08:00,31.045
2001-02-05 09:00,34.28
2001-02-05 10:00,36.398
2001-02-05 11:00,38.338
2001-02-05 12:00,39.23
2001-02-05 13:00,40.395
2001-02-05 14:00,41.118
2001-02-05 15:00,41.215
2001-02-05 16:00,40.723
2001-02-05 17:00,40.698
2001-02-05 18:00,39.435
2001-02-05 19:00,37.23
2001-02-05 20:00,34.528
2001-02-05 21:00,34.498
2001-02-05 22:00,33.748
2001-02-05 23:00,31.905
2001-02-06 00:00,31.78
2001-02-06 01:00,31.475
2001-02-06 02:00,30.765
2001-02-06 03:00,30.025
2001-02-06 04:00,29.625
2001-02-06 05:00,28.968
2001-02-06 06:00,29.362
2001-02-06 07:00,30.308
2001-02-06 08:00,31.278
2001-02-06 09:00,32.548
2001-02-06 10:00,34.345
2001-02-06 11:00,35.76
2001-02-06 12:00,36.382
2001-02-06 13:00,37.668
2001-02-06 14:00,38.62
2001-02-06 15:00,32.13
2001-02-06 16:00,31.75
2001-02-06 17:00,33.068
2001-02-06 18:00,33.238
2001-02-06 19:00,32.395
2001-02-06 20:00,31.9
2001-02-06 21:00,31.132
2001-02-06 22:00,30.348
2001-02-06 23:00,30.54
2001-02-07 00:00,29.282
2001-02-07 01:00,29.1
2001-02-07 02:00,28.84
2001-02-07 03:00,28.638
2001-02-07 04:00,28.525
2001-02-07 05:00,28.06
2001-02-07 06:00,27.978
2001-02-07 07:00,28.938
2001-02-07 08:00,30.197
2001-02-07 09:00,31.582
2001-02-07 10:00,32.785
2001-02-07 11:00,33.53
2001-02-07 12:00,34.432
2001-02-07 13:00,35.878
2001-02-07 14:00,36.555
2001-02-07 15:00,36.548
2001-02-07 16:00,35.64
2001-02-07 17:00,35.588
2001-02-07 18:00,35.01
2001-02-07 19:00,33.872
2001-02-07 20:00,32.78
2001-02-07 21:00,31.83
2001-02-07 22:00,30.975
2001-02-07 23:00,30.32
2001-02-08 00:00,28.028
2001-02-08 01:00,27.878
2001-02-08 02:00,27.76
2001-02-08 03:00,27.645
2001-02-08 04:00,27.585
2001-02-08 05:00,27.41
2001-02-08 06:00,27.508
2001-02-08 07:00,28.255
2001-02-08 08:00,29.292
2001-02-08 09:00,30.532
2001-02-08 10:00,31.258
2001-02-08 11:00,33.51
2001-02-08 12:00,34.835
2001-02-08 13:00,36.165
2001-02-08 14:00,36.518
2001-02-08 15:00,37.685
2001-02-08 16:00,38.785
2001-02-08 17:00,38.71
2001-02-08 18:00,35.462
2001-02-08 19:00,32.778
2001-02-08 20:00,30.815
2001-02-08 21:00,29.772
2001-02-08 22:00,29.1
2001-02-08 23:00,28.745
2001-02-09 00:00,26.705
2001-02-09 01:00,26.528
2001-02-09 02:00,26.495
2001-02-09 03:00,26.52
2001-02-09 04:00,26.53
2001-02-09 05:00,26.312
2001-02-09 06:00,26.182
2001-02-09 07:00,26.565
2001-02-09 08:00,27.67
2001-02-09 09:00,29.705
2001-02-09 10:00,32.035
2001-02-09 11:00,33.545
2001-02-09 12:00,34.978
2001-02-09 13:00,35.972
2001-02-09 14:00,33.94
2001-02-09 15:00,31.732
2001-02-09 16:00,30.442
2001-02-09 17:00,29.998
2001-02-09 18:00,30.295
2001-02-09 19:00,28.68
2001-02-09 20:00,28.225
2001-02-09 21:00,27.91
2001-02-09 22:00,27.505
2001-02-09 23:00,27.515
2001-02-10 00:00,26.825
2001-02-10 01:00,26.422
2001-02-10 02:00,26.52
2001-02-10 03:00,26.4
2001-02-10 04:00,25.782
2001-02-10 05:00,25.592
2001-02-10 06:00,25.49
2001-02-10 07:00,25.832
2001-02-10 08:00,27.528
2001-02-10 09:00,30.22
2001-02-10 10:00,33.008
2001-02-10 11:00,34.427
2001-02-10 12:00,36.075
2001-02-10 13:00,36.745
2001-02-10 14:00,36.725
2001-02-10 15:00,37.502
2001-02-10 16:00,35.832
2001-02-10 17:00,34.81
2001-02-10 18:00,32.303
2001-02-10 19:00,29.737
2001-02-10 20:00,28.825
2001-02-10 21:00,28.218
2001-02-10 22:00,27.728
2001-02-10 23:00,27.295
2001-02-11 00:00,21.815
2001-02-11 01:00,21.1
2001-02-11 02:00,20.842
2001-02-11 03:00,20.32
2001-02-11 04:00,20.07
2001-02-11 05:00,20.73
2001-02-11 06:00,19.772
2001-02-11 07:00,19.252
2001-02-11 08:00,21.395
2001-02-11 09:00,26.892
2001-02-11 10:00,29.998
2001-02-11 11:00,31.912
2001-02-11 12:00,33.288
2001-02-11 13:00,34.29
2001-02-11 14:00,34.618
2001-02-11 15:00,35.062
2001-02-11 16:00,34.08
2001-02-11 17:00,31.618
2001-02-11 18:00,27.682
2001-02-11 19:00,26.447
2001-02-11 20:00,25.58
2001-02-11 21:00,24.585
2001-02-11 22:00,23.215
2001-02-11 23:00,22.182
2001-02-12 00:00,21.625
2001-02-12 01:00,20.832
2001-02-12 02:00,20.298
2001-02-12 03:00,19.04
2001-02-12 04:00,18.115
2001-02-12 05:00,17.26
2001-02-12 06:00,16.568
2001-02-12 07:00,16.55
2001-02-12 08:00,18.472
2001-02-12 09:00,23.758
2001-02-12 10:00,28.385
2001-02-12 11:00,30.468
2001-02-12 12:00,31.9
2001-02-12 13:00,33.455
2001-02-12 14:00,33.558
2001-02-12 15:00,33.488
2001-02-12 16:00,32.508
2001-02-12 17:00,30.638
2001-02-12 18:00,26.67
2001-02-12 19:00,24.92
2001-02-12 20:00,23.848
2001-02-12 21:00,23.857
2001-02-12 22:00,23.24
2001-02-12 23:00,21.778
2001-02-13 00:00,22.045
2001-02-13 01:00,20.25
2001-02-13 02:00,19.645
2001-02-13 03:00,18.74
2001-02-13 04:00,18.575
2001-02-13 05:00,19.47
2001-02-13 06:00,18.053
2001-02-13 07:00,18.595
2001-02-13 08:00,20.088
2001-02-13 09:00,24.335
2001-02-13 10:00,28.815
2001-02-13 11:00,31.582
2001-02-13 12:00,33.282
2001-02-13 13:00,33.025
2001-02-13 14:00,33.202
2001-02-13 15:00,32.492
2001-02-13 16:00,32.045
2001-02-13 17:00,30.982
2001-02-13 18:00,28.48
2001-02-13 19:00,25.292
2001-02-13 20:00,23.96
2001-02-13 21:00,22.112
2001-02-13 22:00,20.772
2001-02-13 23:00,20.078
2001-02-14 00:00,19.425
2001-02-14 01:00,19.395
2001-02-14 02:00,18.865
2001-02-14 03:00,18.28
2001-02-14 04:00,17.435
2001-02-14 05:00,17.91
2001-02-14 06:00,16.965
2001-02-14 07:00,16.422
2001-02-14 08:00,18.21
2001-02-14 09:00,22.65
2001-02-14 10:00,27.162
2001-02-14 11:00,30.245
2001-02-14 12:00,32.392
2001-02-14 13:00,33.44
2001-02-14 14:00,33.915
2001-02-14 15:00,34.152
2001-02-14 16:00,33.522
2001-02-14 17:00,32.097
2001-02-14 18:00,28.66
2001-02-14 19:00,24.472
2001-02-14 20:00,23.432
2001-02-14 21:00,22.268
2001-02-14 22:00,21.16
2001-02-14 23:00,20.818
2001-02-15 00:00,20.152
2001-02-15 01:00,18.822
2001-02-15 02:00,17.692
2001-02-15 03:00,17.1
2001-02-15 04:00,17.098
2001-02-15 05:00,16.66
2001-02-15 06:00,16.258
2001-02-15 07:00,14.672
2001-02-15 08:00,18.528
2001-02-15 09:00,22.945
2001-02-15 10:00,26.652
2001-02-15 11:00,29.155
2001-02-15 12:00,31.335
2001-02-15 13:00,33.142
2001-02-15 14:00,34.015
2001-02-15 15:00,34.085
2001-02-15 16:00,32.812
2001-02-15 17:00,31.092
2001-02-15 18:00,28.208
2001-02-15 19:00,25.532
2001-02-15 20:00,23.7
2001-02-15 21:00,22.81
2001-02-15 22:00,22.005
2001-02-15 23:00,21.652
2001-02-16 00:00,20.668
2001-02-16 01:00,19.965
2001-02-16 02:00,19.825
2001-02-16 03:00,19.398
2001-02-16 04:00,18.595
2001-02-16 05:00,18.462
2001-02-16 06:00,18.648
2001-02-16 07:00,19.91
2001-02-16 08:00,22.55
2001-02-16 09:00,25.492
2001-02-16 10:00,28.355
2001-02-16 11:00,30.435
2001-02-16 12:00,32.092
2001-02-16 13:00,33.168
2001-02-16 14:00,33.695
2001-02-16 15:00,33.98
2001-02-16 16:00,33.862
2001-02-16 17:00,33.045
2001-02-16 18:00,30.4
2001-02-16 19:00,27.188
2001-02-16 20:00,25.702
2001-02-16 21:00,25.2
2001-02-16 22:00,24.755
2001-02-16 23:00,23.678
2001-02-17 00:00,23.025
2001-02-17 01:00,23.71
2001-02-17 02:00,23.5
2001-02-17 03:00,23.2
2001-02-17 04:00,22.358
2001-02-17 05:00,21.415
2001-02-17 06:00,18.805
2001-02-17 07:00,17.835
2001-02-17 08:00,19.95
2001-02-17 09:00,25.395
2001-02-17 10:00,28.988
2001-02-17 11:00,31.022
2001-02-17 12:00,32.522
2001-02-17 13:00,34.09
2001-02-17 14:00,35.095
2001-02-17 15:00,35.565
2001-02-17 16:00,35.128
2001-02-17 17:00,33.578
2001-02-17 18:00,29.898
2001-02-17 19:00,27.012
2001-02-17 20:00,25.305
2001-02-17 21:00,24.148
2001-02-17 22:00,23.225
2001-02-17 23:00,23.658
2001-02-18 00:00,22.97
2001-02-18 01:00,21.868
2001-02-18 02:00,20.858
2001-02-18 03:00,19.922
2001-02-18 04:00,21.825
2001-02-18 05:00,21.442
2001-02-18 06:00,19.665
2001-02-18 07:00,17.595
2001-02-18 08:00,19.408
2001-02-18 09:00,25.915
2001-02-18 10:00,29.442
2001-02-18 11:00,32.015
2001-02-18 12:00,34.683
2001-02-18 13:00,36.382
2001-02-18 14:00,37.238
2001-02-18 15:00,36.942
2001-02-18 16:00,34.95
2001-02-18 17:00,32.795
2001-02-18 18:00,30.81
2001-02-18 19:00,26.048
2001-02-18 20:00,23.618
2001-02-18 21:00,23.445
2001-02-18 22:00,23.542
2001-02-18 23:00,23.261
2001-02-19 00:00,22.435
2001-02-19 01:00,21.585
2001-02-19 02:00,20.859
2001-02-19 03:00,20.09
2001-02-19 04:00,18.855
2001-02-19 05:00,17.871
2001-02-19 06:00,17.438
2001-02-19 07:00,17.55
2001-02-19 08:00,19.81
2001-02-19 09:00,24.162
2001-02-19 10:00,27.815
2001-02-19 11:00,31.062
2001-02-19 12:00,32.465
2001-02-19 13:00,34.085
2001-02-19 14:00,34.775
2001-02-19 15:00,34.485
2001-02-19 16:00,33.933
2001-02-19 17:00,33.15
2001-02-19 18:00,30.618
2001-02-19 19:00,27.32
2001-02-19 20:00,25.36
2001-02-19 21:00,24.858
2001-02-19 22:00,24.205
2001-02-19 23:00,23.312
2001-02-20 00:00,22.362
2001-02-20 01:00,21.86
2001-02-20 02:00,21.092
2001-02-20 03:00,20.535
2001-02-20 04:00,19.66
2001-02-20 05:00,19.095
2001-02-20 06:00,18.632
2001-02-20 07:00,18.535
2001-02-20 08:00,19.81
2001-02-20 09:00,22.668
2001-02-20 10:00,26.272
2001-02-20 11:00,29.12
2001-02-20 12:00,31.708
2001-02-20 13:00,32.788
2001-02-20 14:00,33.248
2001-02-20 15:00,33.058
2001-02-20 16:00,32.108
2001-02-20 17:00,31.42
2001-02-20 18:00,29.458
2001-02-20 19:00,24.725
2001-02-20 20:00,23.545
2001-02-20 21:00,22.303
2001-02-20 22:00,20.168
2001-02-20 23:00,19.7
2001-02-21 00:00,19.998
2001-02-21 01:00,19.672
2001-02-21 02:00,18.988
2001-02-21 03:00,18.322
2001-02-21 04:00,17.128
2001-02-21 05:00,15.948
2001-02-21 06:00,16.16
2001-02-21 07:00,16.55
2001-02-21 08:00,18.108
2001-02-21 09:00,20.688
2001-02-21 10:00,25.01
2001-02-21 11:00,27.96
2001-02-21 12:00,30.425
2001-02-21 13:00,32.018
2001-02-21 14:00,33.792
2001-02-21 15:00,34.595
2001-02-21 16:00,34.838
2001-02-21 17:00,32.555
2001-02-21 18:00,29.623
2001-02-21 19:00,25.778
2001-02-21 20:00,24.005
2001-02-21 21:00,23.332
2001-02-21 22:00,22.395
2001-02-21 23:00,21.41
2001-02-22 00:00,20.36
2001-02-22 01:00,19.412
2001-02-22 02:00,18.518
2001-02-22 03:00,18.575
2001-02-22 04:00,18.155
2001-02-22 05:00,18.022
2001-02-22 06:00,17.67
2001-02-22 07:00,17.025
2001-02-22 08:00,19.582
2001-02-22 09:00,23.662
2001-02-22 10:00,27.17
2001-02-22 11:00,28.8
2001-02-22 12:00,31.118
2001-02-22 13:00,32.97
2001-02-22 14:00,34.25
2001-02-22 15:00,34.27
2001-02-22 16:00,33.278
2001-02-22 17:00,31.22
2001-02-22 18:00,28.388
2001-02-22 19:00,25.565
2001-02-22 20:00,23.788
2001-02-22 21:00,22.345
2001-02-22 22:00,21.318
2001-02-22 23:00,20.345
2001-02-23 00:00,19.275
2001-02-23 01:00,18.582
2001-02-23 02:00,18.355
2001-02-23 03:00,17.83
2001-02-23 04:00,17.412
2001-02-23 05:00,17.53
2001-02-23 06:00,17.518
2001-02-23 07:00,16.74
2001-02-23 08:00,18.758
2001-02-23 09:00,23.142
2001-02-23 10:00,26.873
2001-02-23 11:00,29.16
2001-02-23 12:00,31.24
2001-02-23 13:00,33.512
2001-02-23 14:00,33.498
2001-02-23 15:00,32.288
2001-02-23 16:00,31.345
2001-02-23 17:00,30.055
2001-02-23 18:00,27.6
2001-02-23 19:00,25.205
2001-02-23 20:00,23.755
2001-02-23 21:00,22.84
2001-02-23 22:00,22.118
2001-02-23 23:00,21.225
2001-02-24 00:00,20.498
2001-02-24 01:00,19.455
2001-02-24 02:00,18.585
2001-02-24 03:00,18.082
2001-02-24 04:00,17.89
2001-02-24 05:00,17.645
2001-02-24 06:00,17.175
2001-02-24 07:00,16.88
2001-02-24 08:00,18.395
2001-02-24 09:00,22.758
2001-02-24 10:00,26.435
2001-02-24 11:00,28.74
2001-02-24 12:00,30.7
2001-02-24 13:00,32.03
2001-02-24 14:00,32.72
2001-02-24 15:00,32.52
2001-02-24 16:00,31.722
2001-02-24 17:00,30.34
2001-02-24 18:00,27.892
2001-02-24 19:00,24.422
2001-02-24 20:00,23.465
2001-02-24 21:00,22.848
2001-02-24 22:00,22.87
2001-02-24 23:00,22.425
2001-02-25 00:00,21.262
2001-02-25 01:00,20.72
2001-02-25 02:00,20.012
2001-02-25 03:00,18.905
2001-02-25 04:00,18.118
2001-02-25 05:00,17.935
2001-02-25 06:00,17.322
2001-02-25 07:00,16.118
2001-02-25 08:00,18.462
2001-02-25 09:00,23.46
2001-02-25 10:00,27.158
2001-02-25 11:00,29.512
2001-02-25 12:00,31.36
2001-02-25 13:00,32.732
2001-02-25 14:00,33.245
2001-02-25 15:00,33.365
2001-02-25 16:00,32.995
2001-02-25 17:00,31.545
2001-02-25 18:00,28.462
2001-02-25 19:00,25.632
2001-02-25 20:00,24.38
2001-02-25 21:00,22.828
2001-02-25 22:00,21.728
2001-02-25 23:00,20.968
2001-02-26 00:00,20.75
2001-02-26 01:00,20.15
2001-02-26 02:00,19.955
2001-02-26 03:00,20.085
2001-02-26 04:00,20.245
2001-02-26 05:00,20.385
2001-02-26 06:00,19.165
2001-02-26 07:00,18.895
2001-02-26 08:00,21.102
2001-02-26 09:00,24.888
2001-02-26 10:00,29.135
2001-02-26 11:00,32.188
2001-02-26 12:00,33.24
2001-02-26 13:00,34.535
2001-02-26 14:00,35.222
2001-02-26 15:00,35.73
2001-02-26 16:00,35.295
2001-02-26 17:00,33.065
2001-02-26 18:00,29.435
2001-02-26 19:00,26.065
2001-02-26 20:00,24.65
2001-02-26 21:00,23.24
2001-02-26 22:00,22.382
2001-02-26 23:00,22.298
2001-02-27 00:00,21.197
2001-02-27 01:00,21.698
2001-02-27 02:00,20.752
2001-02-27 03:00,20.4
2001-02-27 04:00,19.565
2001-02-27 05:00,19.095
2001-02-27 06:00,18.73
2001-02-27 07:00,18.825
2001-02-27 08:00,22.202
2001-02-27 09:00,27.09
2001-02-27 10:00,29.972
2001-02-27 11:00,32.927
2001-02-27 12:00,34.4
2001-02-27 13:00,35.388
2001-02-27 14:00,36.08
2001-02-27 15:00,36.548
2001-02-27 16:00,36.872
2001-02-27 17:00,34.96
2001-02-27 18:00,31.868
2001-02-27 19:00,26.972
2001-02-27 20:00,25.648
2001-02-27 21:00,24.61
2001-02-27 22:00,23.532
2001-02-27 23:00,23.468
2001-02-28 00:00,22.3
2001-02-28 01:00,21.605
2001-02-28 02:00,20.81
2001-02-28 03:00,19.77
2001-02-28 04:00,19.06
2001-02-28 05:00,18.398
2001-02-28 06:00,17.48
2001-02-28 07:00,18.145
2001-02-28 08:00,22.39
2001-02-28 09:00,26.4
2001-02-28 10:00,30.068
2001-02-28 11:00,33.055
2001-02-28 12:00,35.342
2001-02-28 13:00,35.888
2001-02-28 14:00,36.948
2001-02-28 15:00,36.745
2001-02-28 16:00,35.122
2001-02-28 17:00,32.568
2001-02-28 18:00,30.492
2001-02-28 19:00,27.402
2001-02-28 20:00,26.395
2001-02-28 21:00,26.138
2001-02-28 22:00,25.148
2001-02-28 23:00,23.932
2001-03-01 00:00,15.598
2001-03-01 01:00,14.865
2001-03-01 02:00,14.68
2001-03-01 03:00,14.54
2001-03-01 04:00,14.465
2001-03-01 05:00,14.742
2001-03-01 06:00,14.433
2001-03-01 07:00,14.02
2001-03-01 08:00,14.67
2001-03-01 09:00,16.375
2001-03-01 10:00,18.972
2001-03-01 11:00,21.41
2001-03-01 12:00,23.375
2001-03-01 13:00,24.568
2001-03-01 14:00,25.228
2001-03-01 15:00,25.425
2001-03-01 16:00,24.995
2001-03-01 17:00,23.525
2001-03-01 18:00,20.838
2001-03-01 19:00,19.068
2001-03-01 20:00,17.968
2001-03-01 21:00,16.782
2001-03-01 22:00,16.172
2001-03-01 23:00,15.785
2001-03-02 00:00,17.97
2001-03-02 01:00,16.475
2001-03-02 02:00,16.148
2001-03-02 03:00,15.965
2001-03-02 04:00,15.41
2001-03-02 05:00,15.35
2001-03-02 06:00,15.148
2001-03-02 07:00,14.392
2001-03-02 08:00,15.46
2001-03-02 09:00,20.803
2001-03-02 10:00,24.142
2001-03-02 11:00,26.788
2001-03-02 12:00,29.17
2001-03-02 13:00,30.465
2001-03-02 14:00,30.465
2001-03-02 15:00,30.102
2001-03-02 16:00,29.215
2001-03-02 17:00,27.803
2001-03-02 18:00,24.722
2001-03-02 19:00,21.705
2001-03-02 20:00,20.575
2001-03-02 21:00,19.425
2001-03-02 22:00,18.822
2001-03-02 23:00,18.125
2001-03-03 00:00,21.602
2001-03-03 01:00,20.87
2001-03-03 02:00,20.252
2001-03-03 03:00,20.09
2001-03-03 04:00,20.715
2001-03-03 05:00,21.045
2001-03-03 06:00,20.935
2001-03-03 07:00,20.678
2001-03-03 08:00,21.23
2001-03-03 09:00,23.088
2001-03-03 10:00,25.68
2001-03-03 11:00,28.188
2001-03-03 12:00,30.308
2001-03-03 13:00,31.378
2001-03-03 14:00,32.558
2001-03-03 15:00,32.57
2001-03-03 16:00,32.48
2001-03-03 17:00,31.078
2001-03-03 18:00,29.05
2001-03-03 19:00,26.013
2001-03-03 20:00,24.702
2001-03-03 21:00,23.918
2001-03-03 22:00,22.445
2001-03-03 23:00,21.078
2001-03-04 00:00,25.742
2001-03-04 01:00,26.34
2001-03-04 02:00,25.248
2001-03-04 03:00,23.878
2001-03-04 04:00,22.405
2001-03-04 05:00,21.07
2001-03-04 06:00,20.105
2001-03-04 07:00,21.142
2001-03-04 08:00,26.095
2001-03-04 09:00,30.947
2001-03-04 10:00,35.138
2001-03-04 11:00,37.148
2001-03-04 12:00,38.66
2001-03-04 13:00,39.862
2001-03-04 14:00,40.255
2001-03-04 15:00,40.73
2001-03-04 16:00,40.725
2001-03-04 17:00,39.705
2001-03-04 18:00,37.598
2001-03-04 19:00,32.252
2001-03-04 20:00,29.972
2001-03-04 21:00,28.408
2001-03-04 22:00,26.498
2001-03-04 23:00,25.947
2001-03-05 00:00,30.738
2001-03-05 01:00,29.872
2001-03-05 02:00,28.842
2001-03-05 03:00,28.12
2001-03-05 04:00,26.772
2001-03-05 05:00,26.112
2001-03-05 06:00,25.91
2001-03-05 07:00,27.575
2001-03-05 08:00,30.668
2001-03-05 09:00,32.948
2001-03-05 10:00,34.832
2001-03-05 11:00,37.395
2001-03-05 12:00,39.543
2001-03-05 13:00,41.192
2001-03-05 14:00,42.045
2001-03-05 15:00,42.26
2001-03-05 16:00,42.325
2001-03-05 17:00,41.52
2001-03-05 18:00,40.215
2001-03-05 19:00,37.368
2001-03-05 20:00,35.055
2001-03-05 21:00,34.132
2001-03-05 22:00,32.263
2001-03-05 23:00,31.04
2001-03-06 00:00,30.155
2001-03-06 01:00,29.418
2001-03-06 02:00,29.0
2001-03-06 03:00,28.292
2001-03-06 04:00,27.778
2001-03-06 05:00,27.798
2001-03-06 06:00,28.198
2001-03-06 07:00,29.445
2001-03-06 08:00,31.618
2001-03-06 09:00,33.885
2001-03-06 10:00,35.06
2001-03-06 11:00,35.358
2001-03-06 12:00,35.705
2001-03-06 13:00,36.742
2001-03-06 14:00,37.09
2001-03-06 15:00,36.37
2001-03-06 16:00,35.817
2001-03-06 17:00,35.378
2001-03-06 18:00,33.38
2001-03-06 19:00,32.418
2001-03-06 20:00,31.745
2001-03-06 21:00,31.45
2001-03-06 22:00,30.873
2001-03-06 23:00,30.255
2001-03-07 00:00,29.848
2001-03-07 01:00,29.553
2001-03-07 02:00,29.268
2001-03-07 03:00,29.125
2001-03-07 04:00,28.988
2001-03-07 05:00,29.018
2001-03-07 06:00,29.022
2001-03-07 07:00,29.142
2001-03-07 08:00,29.66
2001-03-07 09:00,31.442
2001-03-07 10:00,33.935
2001-03-07 11:00,35.205
2001-03-07 12:00,36.452
2001-03-07 13:00,37.695
2001-03-07 14:00,38.012
2001-03-07 15:00,38.505
2001-03-07 16:00,38.312
2001-03-07 17:00,35.582
2001-03-07 18:00,31.46
2001-03-07 19:00,29.805
2001-03-07 20:00,29.518
2001-03-07 21:00,29.735
2001-03-07 22:00,29.515
2001-03-07 23:00,29.218
2001-03-08 00:00,28.38
2001-03-08 01:00,28.23
2001-03-08 02:00,28.045
2001-03-08 03:00,28.165
2001-03-08 04:00,27.972
2001-03-08 05:00,27.748
2001-03-08 06:00,27.64
2001-03-08 07:00,27.972
2001-03-08 08:00,28.872
2001-03-08 09:00,29.6
2001-03-08 10:00,30.275
2001-03-08 11:00,31.838
2001-03-08 12:00,33.28
2001-03-08 13:00,34.365
2001-03-08 14:00,35.08
2001-03-08 15:00,34.642
2001-03-08 16:00,33.912
2001-03-08 17:00,34.212
2001-03-08 18:00,33.62
2001-03-08 19:00,31.26
2001-03-08 20:00,30.035
2001-03-08 21:00,28.95
2001-03-08 22:00,28.342
2001-03-08 23:00,27.93
2001-03-09 00:00,27.41
2001-03-09 01:00,27.175
2001-03-09 02:00,27.068
2001-03-09 03:00,26.578
2001-03-09 04:00,26.395
2001-03-09 05:00,26.378
2001-03-09 06:00,26.332
2001-03-09 07:00,27.055
2001-03-09 08:00,28.832
2001-03-09 09:00,30.482
2001-03-09 10:00,32.335
2001-03-09 11:00,34.378
2001-03-09 12:00,34.54
2001-03-09 13:00,33.785
2001-03-09 14:00,34.322
2001-03-09 15:00,34.59
2001-03-09 16:00,34.248
2001-03-09 17:00,32.615
2001-03-09 18:00,31.305
2001-03-09 19:00,29.943
2001-03-09 20:00,29.135
2001-03-09 21:00,28.705
2001-03-09 22:00,28.14
2001-03-09 23:00,27.508
2001-03-10 00:00,26.888
2001-03-10 01:00,26.52
2001-03-10 02:00,26.115
2001-03-10 03:00,25.785
2001-03-10 04:00,25.59
2001-03-10 05:00,25.152
2001-03-10 06:00,25.065
2001-03-10 07:00,25.57
2001-03-10 08:00,28.028
2001-03-10 09:00,30.368
2001-03-10 10:00,32.342
2001-03-10 11:00,34.455
2001-03-10 12:00,36.03
2001-03-10 13:00,36.632
2001-03-10 14:00,37.345
2001-03-10 15:00,37.457
2001-03-10 16:00,37.102
2001-03-10 17:00,35.707
2001-03-10 18:00,32.23
2001-03-10 19:00,29.42
2001-03-10 20:00,28.202
2001-03-10 21:00,27.443
2001-03-10 22:00,26.968
2001-03-10 23:00,26.718
2001-03-11 00:00,22.128
2001-03-11 01:00,21.915
2001-03-11 02:00,20.732
2001-03-11 03:00,20.242
2001-03-11 04:00,20.165
2001-03-11 05:00,20.015
2001-03-11 06:00,19.192
2001-03-11 07:00,19.388
2001-03-11 08:00,21.462
2001-03-11 09:00,27.255
2001-03-11 10:00,30.558
2001-03-11 11:00,32.672
2001-03-11 12:00,34.232
2001-03-11 13:00,34.798
2001-03-11 14:00,34.925
2001-03-11 15:00,34.938
2001-03-11 16:00,33.88
2001-03-11 17:00,31.76
2001-03-11 18:00,27.688
2001-03-11 19:00,26.06
2001-03-11 20:00,25.305
2001-03-11 21:00,24.318
2001-03-11 22:00,23.502
2001-03-11 23:00,22.208
2001-03-12 00:00,21.445
2001-03-12 01:00,20.12
2001-03-12 02:00,20.392
2001-03-12 03:00,20.006
2001-03-12 04:00,19.888
2001-03-12 05:00,19.771
2001-03-12 06:00,19.653
2001-03-12 07:00,19.62
2001-03-12 08:00,21.318
2001-03-12 09:00,25.248
2001-03-12 10:00,28.702
2001-03-12 11:00,31.262
2001-03-12 12:00,32.7
2001-03-12 13:00,33.905
2001-03-12 14:00,34.162
2001-03-12 15:00,34.02
2001-03-12 16:00,33.162
2001-03-12 17:00,31.515
2001-03-12 18:00,27.43
2001-03-12 19:00,25.655
2001-03-12 20:00,24.938
2001-03-12 21:00,22.968
2001-03-12 22:00,21.265
2001-03-12 23:00,21.388
2001-03-13 00:00,16.778
2001-03-13 01:00,16.802
2001-03-13 02:00,15.96
2001-03-13 03:00,15.455
2001-03-13 04:00,14.942
2001-03-13 05:00,14.668
2001-03-13 06:00,15.135
2001-03-13 07:00,15.098
2001-03-13 08:00,18.795
2001-03-13 09:00,23.722
2001-03-13 10:00,26.145
2001-03-13 11:00,27.298
2001-03-13 12:00,28.068
2001-03-13 13:00,27.388
2001-03-13 14:00,28.822
2001-03-13 15:00,28.795
2001-03-13 16:00,28.338
2001-03-13 17:00,27.035
2001-03-13 18:00,26.04
2001-03-13 19:00,22.22
2001-03-13 20:00,20.685
2001-03-13 21:00,20.322
2001-03-13 22:00,19.615
2001-03-13 23:00,19.05
2001-03-14 00:00,17.99
2001-03-14 01:00,16.745
2001-03-14 02:00,16.057
2001-03-14 03:00,15.605
2001-03-14 04:00,15.08
2001-03-14 05:00,15.29
2001-03-14 06:00,15.002
2001-03-14 07:00,15.175
2001-03-14 08:00,20.45
2001-03-14 09:00,24.558
2001-03-14 10:00,26.512
2001-03-14 11:00,28.252
2001-03-14 12:00,30.01
2001-03-14 13:00,31.092
2001-03-14 14:00,31.665
2001-03-14 15:00,32.485
2001-03-14 16:00,31.788
2001-03-14 17:00,30.685
2001-03-14 18:00,27.875
2001-03-14 19:00,24.7
2001-03-14 20:00,22.722
2001-03-14 21:00,21.635
2001-03-14 22:00,20.975
2001-03-14 23:00,20.862
2001-03-15 00:00,18.655
2001-03-15 01:00,19.398
2001-03-15 02:00,17.91
2001-03-15 03:00,15.4
2001-03-15 04:00,16.003
2001-03-15 05:00,16.548
2001-03-15 06:00,15.412
2001-03-15 07:00,19.41
2001-03-15 08:00,21.952
2001-03-15 09:00,24.925
2001-03-15 10:00,27.465
2001-03-15 11:00,29.882
2001-03-15 12:00,31.36
2001-03-15 13:00,31.332
2001-03-15 14:00,31.857
2001-03-15 15:00,32.09
2001-03-15 16:00,32.64
2001-03-15 17:00,32.028
2001-03-15 18:00,30.305
2001-03-15 19:00,25.792
2001-03-15 20:00,23.86
2001-03-15 21:00,23.265
2001-03-15 22:00,22.987
2001-03-15 23:00,22.845
2001-03-16 00:00,21.762
2001-03-16 01:00,20.098
2001-03-16 02:00,24.238
2001-03-16 03:00,24.752
2001-03-16 04:00,22.198
2001-03-16 05:00,18.982
2001-03-16 06:00,17.615
2001-03-16 07:00,18.788
2001-03-16 08:00,24.048
2001-03-16 09:00,27.0
2001-03-16 10:00,29.148
2001-03-16 11:00,31.078
2001-03-16 12:00,32.502
2001-03-16 13:00,33.715
2001-03-16 14:00,35.005
2001-03-16 15:00,35.648
2001-03-16 16:00,36.435
2001-03-16 17:00,35.062
2001-03-16 18:00,31.668
2001-03-16 19:00,28.06
2001-03-16 20:00,26.098
2001-03-16 21:00,24.478
2001-03-16 22:00,23.86
2001-03-16 23:00,24.268
2001-03-17 00:00,24.49
2001-03-17 01:00,22.912
2001-03-17 02:00,21.688
2001-03-17 03:00,21.595
2001-03-17 04:00,20.21
2001-03-17 05:00,18.758
2001-03-17 06:00,18.072
2001-03-17 07:00,18.475
2001-03-17 08:00,22.24
2001-03-17 09:00,27.292
2001-03-17 10:00,30.915
2001-03-17 11:00,33.02
2001-03-17 12:00,35.472
2001-03-17 13:00,37.272
2001-03-17 14:00,38.318
2001-03-17 15:00,38.328
2001-03-17 16:00,38.045
2001-03-17 17:00,36.71
2001-03-17 18:00,34.678
2001-03-17 19:00,30.188
2001-03-17 20:00,28.815
2001-03-17 21:00,26.815
2001-03-17 22:00,26.1
2001-03-17 23:00,24.172
2001-03-18 00:00,24.33
2001-03-18 01:00,24.252
2001-03-18 02:00,23.175
2001-03-18 03:00,22.345
2001-03-18 04:00,21.832
2001-03-18 05:00,21.012
2001-03-18 06:00,20.502
2001-03-18 07:00,20.972
2001-03-18 08:00,24.312
2001-03-18 09:00,29.318
2001-03-18 10:00,32.165
2001-03-18 11:00,35.428
2001-03-18 12:00,35.642
2001-03-18 13:00,37.878
2001-03-18 14:00,39.07
2001-03-18 15:00,39.208
2001-03-18 16:00,38.25
2001-03-18 17:00,36.73
2001-03-18 18:00,33.682
2001-03-18 19:00,28.54
2001-03-18 20:00,26.195
2001-03-18 21:00,25.368
2001-03-18 22:00,24.375
2001-03-18 23:00,24.065
2001-03-19 00:00,22.618
2001-03-19 01:00,22.27
2001-03-19 02:00,20.89
2001-03-19 03:00,20.3
2001-03-19 04:00,20.123
2001-03-19 05:00,19.45
2001-03-19 06:00,19.51
2001-03-19 07:00,19.468
2001-03-19 08:00,23.21
2001-03-19 09:00,26.778
2001-03-19 10:00,30.258
2001-03-19 11:00,33.18
2001-03-19 12:00,35.252
2001-03-19 13:00,36.248
2001-03-19 14:00,37.578
2001-03-19 15:00,38.152
2001-03-19 16:00,37.433
2001-03-19 17:00,36.645
2001-03-19 18:00,33.892
2001-03-19 19:00,29.458
2001-03-19 20:00,28.272
2001-03-19 21:00,27.22
2001-03-19 22:00,25.26
2001-03-19 23:00,23.57
2001-03-20 00:00,22.482
2001-03-20 01:00,21.675
2001-03-20 02:00,20.878
2001-03-20 03:00,20.802
2001-03-20 04:00,20.288
2001-03-20 05:00,20.013
2001-03-20 06:00,19.908
2001-03-20 07:00,20.307
2001-03-20 08:00,22.5
2001-03-20 09:00,25.508
2001-03-20 10:00,27.765
2001-03-20 11:00,29.582
2001-03-20 12:00,31.382
2001-03-20 13:00,32.27
2001-03-20 14:00,32.742
2001-03-20 15:00,33.048
2001-03-20 16:00,33.248
2001-03-20 17:00,32.608
2001-03-20 18:00,31.172
2001-03-20 19:00,26.25
2001-03-20 20:00,24.252
2001-03-20 21:00,23.142
2001-03-20 22:00,21.77
2001-03-20 23:00,21.492
2001-03-21 00:00,21.32
2001-03-21 01:00,20.225
2001-03-21 02:00,20.09
2001-03-21 03:00,19.43
2001-03-21 04:00,19.265
2001-03-21 05:00,18.592
2001-03-21 06:00,18.27
2001-03-21 07:00,18.755
2001-03-21 08:00,21.63
2001-03-21 09:00,25.785
2001-03-21 10:00,29.19
2001-03-21 11:00,31.185
2001-03-21 12:00,32.44
2001-03-21 13:00,33.848
2001-03-21 14:00,34.78
2001-03-21 15:00,35.668
2001-03-21 16:00,35.165
2001-03-21 17:00,34.29
2001-03-21 18:00,32.695
2001-03-21 19:00,28.44
2001-03-21 20:00,26.1
2001-03-21 21:00,24.9
2001-03-21 22:00,24.495
2001-03-21 23:00,24.132
2001-03-22 00:00,23.575
2001-03-22 01:00,22.602
2001-03-22 02:00,22.058
2001-03-22 03:00,21.548
2001-03-22 04:00,21.082
2001-03-22 05:00,20.73
2001-03-22 06:00,20.452
2001-03-22 07:00,20.852
2001-03-22 08:00,23.865
2001-03-22 09:00,26.718
2001-03-22 10:00,30.482
2001-03-22 11:00,32.672
2001-03-22 12:00,34.845
2001-03-22 13:00,36.358
2001-03-22 14:00,36.898
2001-03-22 15:00,37.408
2001-03-22 16:00,36.86
2001-03-22 17:00,35.952
2001-03-22 18:00,34.2
2001-03-22 19:00,30.06
2001-03-22 20:00,27.928
2001-03-22 21:00,26.665
2001-03-22 22:00,25.82
2001-03-22 23:00,25.045
2001-03-23 00:00,24.558
2001-03-23 01:00,24.075
2001-03-23 02:00,23.19
2001-03-23 03:00,23.315
2001-03-23 04:00,23.138
2001-03-23 05:00,22.09
2001-03-23 06:00,21.492
2001-03-23 07:00,22.127
2001-03-23 08:00,25.9
2001-03-23 09:00,29.922
2001-03-23 10:00,32.592
2001-03-23 11:00,35.232
2001-03-23 12:00,37.208
2001-03-23 13:00,37.852
2001-03-23 14:00,38.02
2001-03-23 15:00,37.508
2001-03-23 16:00,37.738
2001-03-23 17:00,36.768
2001-03-23 18:00,34.01
2001-03-23 19:00,31.008
2001-03-23 20:00,29.19
2001-03-23 21:00,28.102
2001-03-23 22:00,26.698
2001-03-23 23:00,26.16
2001-03-24 00:00,24.975
2001-03-24 01:00,25.058
2001-03-24 02:00,24.908
2001-03-24 03:00,23.425
2001-03-24 04:00,22.8
2001-03-24 05:00,22.388
2001-03-24 06:00,21.96
2001-03-24 07:00,22.168
2001-03-24 08:00,26.628
2001-03-24 09:00,31.528
2001-03-24 10:00,33.935
2001-03-24 11:00,35.958
2001-03-24 12:00,37.83
2001-03-24 13:00,39.018
2001-03-24 14:00,39.222
2001-03-24 15:00,39.45
2001-03-24 16:00,39.035
2001-03-24 17:00,38.09
2001-03-24 18:00,35.058
2001-03-24 19:00,30.898
2001-03-24 20:00,28.842
2001-03-24 21:00,28.78
2001-03-24 22:00,28.672
2001-03-24 23:00,28.18
2001-03-25 00:00,27.778
2001-03-25 01:00,27.538
2001-03-25 02:00,26.945
2001-03-25 03:00,26.947
2001-03-25 04:00,25.425
2001-03-25 05:00,23.71
2001-03-25 06:00,23.782
2001-03-25 07:00,24.498
2001-03-25 08:00,27.628
2001-03-25 09:00,30.102
2001-03-25 10:00,31.96
2001-03-25 11:00,32.125
2001-03-25 12:00,33.185
2001-03-25 13:00,34.1
2001-03-25 14:00,33.942
2001-03-25 15:00,33.862
2001-03-25 16:00,32.008
2001-03-25 17:00,31.605
2001-03-25 18:00,30.57
2001-03-25 19:00,28.592
2001-03-25 20:00,27.57
2001-03-25 21:00,25.79
2001-03-25 22:00,25.365
2001-03-25 23:00,25.475
2001-03-26 00:00,26.955
2001-03-26 01:00,25.938
2001-03-26 02:00,25.08
2001-03-26 03:00,24.905
2001-03-26 04:00,23.6
2001-03-26 05:00,23.46
2001-03-26 06:00,23.305
2001-03-26 07:00,23.778
2001-03-26 08:00,27.447
2001-03-26 09:00,30.19
2001-03-26 10:00,32.315
2001-03-26 11:00,33.605
2001-03-26 12:00,34.985
2001-03-26 13:00,35.707
2001-03-26 14:00,36.817
2001-03-26 15:00,36.325
2001-03-26 16:00,34.762
2001-03-26 17:00,32.715
2001-03-26 18:00,31.48
2001-03-26 19:00,29.81
2001-03-26 20:00,28.895
2001-03-26 21:00,28.21
2001-03-26 22:00,27.23
2001-03-26 23:00,26.15
2001-03-27 00:00,25.39
2001-03-27 01:00,23.972
2001-03-27 02:00,22.308
2001-03-27 03:00,21.21
2001-03-27 04:00,20.775
2001-03-27 05:00,20.882
2001-03-27 06:00,21.182
2001-03-27 07:00,21.56
2001-03-27 08:00,23.06
2001-03-27 09:00,24.89
2001-03-27 10:00,26.29
2001-03-27 11:00,27.778
2001-03-27 12:00,28.658
2001-03-27 13:00,31.14
2001-03-27 14:00,31.385
2001-03-27 15:00,31.095
2001-03-27 16:00,30.693
2001-03-27 17:00,30.19
2001-03-27 18:00,28.91
2001-03-27 19:00,26.75
2001-03-27 20:00,25.365
2001-03-27 21:00,24.4
2001-03-27 22:00,23.678
2001-03-27 23:00,23.44
2001-03-28 00:00,22.518
2001-03-28 01:00,22.238
2001-03-28 02:00,21.915
2001-03-28 03:00,21.382
2001-03-28 04:00,21.455
2001-03-28 05:00,20.688
2001-03-28 06:00,19.935
2001-03-28 07:00,20.148
2001-03-28 08:00,24.788
2001-03-28 09:00,28.955
2001-03-28 10:00,31.06
2001-03-28 11:00,32.96
2001-03-28 12:00,34.362
2001-03-28 13:00,35.428
2001-03-28 14:00,35.375
2001-03-28 15:00,35.758
2001-03-28 16:00,35.815
2001-03-28 17:00,35.018
2001-03-28 18:00,32.64
2001-03-28 19:00,28.092
2001-03-28 20:00,25.97
2001-03-28 21:00,24.972
2001-03-28 22:00,24.078
2001-03-28 23:00,22.735
2001-03-29 00:00,22.362
2001-03-29 01:00,22.03
2001-03-29 02:00,22.22
2001-03-29 03:00,21.575
2001-03-29 04:00,21.54
2001-03-29 05:00,21.33
2001-03-29 06:00,19.442
2001-03-29 07:00,19.732
2001-03-29 08:00,24.652
2001-03-29 09:00,29.798
2001-03-29 10:00,32.702
2001-03-29 11:00,34.45
2001-03-29 12:00,35.585
2001-03-29 13:00,36.988
2001-03-29 14:00,37.473
2001-03-29 15:00,37.522
2001-03-29 16:00,38.065
2001-03-29 17:00,37.412
2001-03-29 18:00,35.492
2001-03-29 19:00,29.502
2001-03-29 20:00,27.102
2001-03-29 21:00,25.66
2001-03-29 22:00,24.54
2001-03-29 23:00,23.782
2001-03-30 00:00,23.135
2001-03-30 01:00,21.975
2001-03-30 02:00,21.938
2001-03-30 03:00,21.658
2001-03-30 04:00,21.15
2001-03-30 05:00,21.045
2001-03-30 06:00,19.545
2001-03-30 07:00,20.715
2001-03-30 08:00,25.588
2001-03-30 09:00,30.798
2001-03-30 10:00,33.215
2001-03-30 11:00,35.842
2001-03-30 12:00,37.605
2001-03-30 13:00,38.285
2001-03-30 14:00,38.708
2001-03-30 15:00,38.992
2001-03-30 16:00,38.872
2001-03-30 17:00,38.508
2001-03-30 18:00,36.845
2001-03-30 19:00,30.873
2001-03-30 20:00,28.87
2001-03-30 21:00,28.42
2001-03-30 22:00,26.755
2001-03-30 23:00,26.045
2001-03-31 00:00,24.432
2001-03-31 01:00,22.885
2001-03-31 02:00,23.105
2001-03-31 03:00,22.858
2001-03-31 04:00,22.425
2001-03-31 05:00,21.728
2001-03-31 06:00,20.78
2001-03-31 07:00,21.335
2001-03-31 08:00,25.07
2001-03-31 09:00,28.125
2001-03-31 10:00,30.86
2001-03-31 11:00,33.382
2001-03-31 12:00,34.97
2001-03-31 13:00,36.005
2001-03-31 14:00,36.975
2001-03-31 15:00,37.1
2001-03-31 16:00,36.9
2001-03-31 17:00,36.355
2001-03-31 18:00,34.865
2001-03-31 19:00,30.25
2001-03-31 20:00,27.942
2001-03-31 21:00,27.0
2001-03-31 22:00,25.755
2001-03-31 23:00,25.122
2001-04-01 00:00,14.93
2001-04-01 01:00,14.565
2001-04-01 02:00,14.448
2001-04-01 03:00,13.94
2001-04-01 04:00,13.76
2001-04-01 05:00,13.888
2001-04-01 06:00,13.702
2001-04-01 07:00,13.372
2001-04-01 08:00,13.858
2001-04-01 09:00,16.48
2001-04-01 10:00,20.5
2001-04-01 11:00,22.975
2001-04-01 12:00,24.54
2001-04-01 13:00,25.572
2001-04-01 14:00,26.172
2001-04-01 15:00,25.818
2001-04-01 16:00,25.282
2001-04-01 17:00,24.037
2001-04-01 18:00,21.72
2001-04-01 19:00,19.852
2001-04-01 20:00,18.465
2001-04-01 21:00,17.952
2001-04-01 22:00,17.538
2001-04-01 23:00,17.4
2001-04-02 00:00,17.175
2001-04-02 01:00,16.618
2001-04-02 02:00,15.892
2001-04-02 03:00,15.375
2001-04-02 04:00,14.995
2001-04-02 05:00,14.503
2001-04-02 06:00,13.945
2001-04-02 07:00,13.665
2001-04-02 08:00,14.968
2001-04-02 09:00,18.908
2001-04-02 10:00,24.382
2001-04-02 11:00,27.428
2001-04-02 12:00,28.63
2001-04-02 13:00,29.308
2001-04-02 14:00,29.6
2001-04-02 15:00,30.072
2001-04-02 16:00,29.248
2001-04-02 17:00,27.462
2001-04-02 18:00,24.265
2001-04-02 19:00,20.932
2001-04-02 20:00,20.115
2001-04-02 21:00,18.138
2001-04-02 22:00,16.918
2001-04-02 23:00,15.728
2001-04-03 00:00,20.212
2001-04-03 01:00,19.553
2001-04-03 02:00,19.018
2001-04-03 03:00,19.27
2001-04-03 04:00,18.803
2001-04-03 05:00,18.408
2001-04-03 06:00,18.475
2001-04-03 07:00,18.425
2001-04-03 08:00,19.635
2001-04-03 09:00,23.11
2001-04-03 10:00,26.82
2001-04-03 11:00,29.238
2001-04-03 12:00,30.518
2001-04-03 13:00,31.732
2001-04-03 14:00,32.828
2001-04-03 15:00,33.172
2001-04-03 16:00,33.198
2001-04-03 17:00,31.972
2001-04-03 18:00,29.405
2001-04-03 19:00,25.53
2001-04-03 20:00,24.01
2001-04-03 21:00,23.345
2001-04-03 22:00,22.328
2001-04-03 23:00,21.345
2001-04-04 00:00,25.508
2001-04-04 01:00,24.835
2001-04-04 02:00,24.557
2001-04-04 03:00,22.632
2001-04-04 04:00,21.84
2001-04-04 05:00,21.278
2001-04-04 06:00,21.13
2001-04-04 07:00,22.41
2001-04-04 08:00,27.825
2001-04-04 09:00,32.898
2001-04-04 10:00,36.085
2001-04-04 11:00,37.76
2001-04-04 12:00,39.04
2001-04-04 13:00,40.97
2001-04-04 14:00,41.158
2001-04-04 15:00,41.978
2001-04-04 16:00,41.23
2001-04-04 17:00,39.96
2001-04-04 18:00,37.155
2001-04-04 19:00,32.45
2001-04-04 20:00,29.335
2001-04-04 21:00,29.16
2001-04-04 22:00,27.94
2001-04-04 23:00,26.053
2001-04-05 00:00,29.948
2001-04-05 01:00,28.95
2001-04-05 02:00,28.128
2001-04-05 03:00,27.588
2001-04-05 04:00,27.17
2001-04-05 05:00,26.688
2001-04-05 06:00,26.608
2001-04-05 07:00,27.898
2001-04-05 08:00,30.355
2001-04-05 09:00,32.448
2001-04-05 10:00,34.63
2001-04-05 11:00,37.272
2001-04-05 12:00,38.86
2001-04-05 13:00,40.152
2001-04-05 14:00,41.088
2001-04-05 15:00,41.262
2001-04-05 16:00,41.135
2001-04-05 17:00,40.38
2001-04-05 18:00,39.802
2001-04-05 19:00,37.278
2001-04-05 20:00,34.995
2001-04-05 21:00,34.895
2001-04-05 22:00,33.382
2001-04-05 23:00,32.305
2001-04-06 00:00,29.872
2001-04-06 01:00,29.482
2001-04-06 02:00,28.792
2001-04-06 03:00,28.268
2001-04-06 04:00,27.968
2001-04-06 05:00,27.84
2001-04-06 06:00,27.845
2001-04-06 07:00,28.592
2001-04-06 08:00,29.73
2001-04-06 09:00,31.628
2001-04-06 10:00,33.392
2001-04-06 11:00,34.895
2001-04-06 12:00,37.145
2001-04-06 13:00,37.88
2001-04-06 14:00,39.835
2001-04-06 15:00,40.32
2001-04-06 16:00,40.142
2001-04-06 17:00,38.058
2001-04-06 18:00,36.225
2001-04-06 19:00,33.315
2001-04-06 20:00,31.56
2001-04-06 21:00,30.61
2001-04-06 22:00,30.37
2001-04-06 23:00,30.032
2001-04-07 00:00,28.72
2001-04-07 01:00,28.402
2001-04-07 02:00,28.268
2001-04-07 03:00,28.388
2001-04-07 04:00,28.725
2001-04-07 05:00,28.622
2001-04-07 06:00,28.418
2001-04-07 07:00,28.688
2001-04-07 08:00,29.84
2001-04-07 09:00,31.355
2001-04-07 10:00,32.618
2001-04-07 11:00,34.23
2001-04-07 12:00,34.788
2001-04-07 13:00,36.543
2001-04-07 14:00,37.433
2001-04-07 15:00,37.845
2001-04-07 16:00,37.962
2001-04-07 17:00,35.42
2001-04-07 18:00,34.538
2001-04-07 19:00,33.02
2001-04-07 20:00,30.98
2001-04-07 21:00,30.078
2001-04-07 22:00,29.488
2001-04-07 23:00,28.432
2001-04-08 00:00,27.585
2001-04-08 01:00,27.188
2001-04-08 02:00,26.922
2001-04-08 03:00,26.68
2001-04-08 04:00,26.608
2001-04-08 05:00,26.348
2001-04-08 06:00,26.373
2001-04-08 07:00,27.265
2001-04-08 08:00,28.21
2001-04-08 09:00,29.54
2001-04-08 10:00,31.602
2001-04-08 11:00,33.972
2001-04-08 12:00,35.26
2001-04-08 13:00,35.61
2001-04-08 14:00,36.295
2001-04-08 15:00,37.378
2001-04-08 16:00,37.998
2001-04-08 17:00,37.902
2001-04-08 18:00,36.89
2001-04-08 19:00,33.39
2001-04-08 20:00,29.92
2001-04-08 21:00,30.14
2001-04-08 22:00,30.26
2001-04-08 23:00,29.322
2001-04-09 00:00,27.2
2001-04-09 01:00,26.998
2001-04-09 02:00,26.697
2001-04-09 03:00,26.522
2001-04-09 04:00,26.512
2001-04-09 05:00,26.462
2001-04-09 06:00,26.31
2001-04-09 07:00,26.988
2001-04-09 08:00,28.935
2001-04-09 09:00,31.88
2001-04-09 10:00,33.755
2001-04-09 11:00,35.188
2001-04-09 12:00,37.035
2001-04-09 13:00,36.658
2001-04-09 14:00,37.488
2001-04-09 15:00,38.48
2001-04-09 16:00,35.685
2001-04-09 17:00,35.702
2001-04-09 18:00,34.21
2001-04-09 19:00,31.25
2001-04-09 20:00,30.172
2001-04-09 21:00,29.515
2001-04-09 22:00,29.118
2001-04-09 23:00,28.67
2001-04-10 00:00,26.38
2001-04-10 01:00,25.898
2001-04-10 02:00,25.418
2001-04-10 03:00,25.285
2001-04-10 04:00,25.24
2001-04-10 05:00,24.778
2001-04-10 06:00,24.605
2001-04-10 07:00,25.388
2001-04-10 08:00,27.578
2001-04-10 09:00,30.062
2001-04-10 10:00,31.892
2001-04-10 11:00,33.825
2001-04-10 12:00,34.888
2001-04-10 13:00,35.735
2001-04-10 14:00,36.318
2001-04-10 15:00,35.965
2001-04-10 16:00,35.258
2001-04-10 17:00,33.952
2001-04-10 18:00,31.115
2001-04-10 19:00,28.37
2001-04-10 20:00,27.162
2001-04-10 21:00,27.058
2001-04-10 22:00,26.782
2001-04-10 23:00,26.172
2001-04-11 00:00,21.082
2001-04-11 01:00,20.05
2001-04-11 02:00,20.15
2001-04-11 03:00,20.602
2001-04-11 04:00,19.91
2001-04-11 05:00,19.005
2001-04-11 06:00,18.712
2001-04-11 07:00,19.832
2001-04-11 08:00,22.598
2001-04-11 09:00,27.352
2001-04-11 10:00,30.822
2001-04-11 11:00,32.748
2001-04-11 12:00,34.2
2001-04-11 13:00,35.47
2001-04-11 14:00,35.81
2001-04-11 15:00,35.13
2001-04-11 16:00,33.965
2001-04-11 17:00,31.838
2001-04-11 18:00,27.292
2001-04-11 19:00,24.895
2001-04-11 20:00,23.455
2001-04-11 21:00,23.09
2001-04-11 22:00,22.585
2001-04-11 23:00,22.228
2001-04-12 00:00,19.922
2001-04-12 01:00,21.045
2001-04-12 02:00,21.842
2001-04-12 03:00,19.67
2001-04-12 04:00,18.09
2001-04-12 05:00,17.665
2001-04-12 06:00,17.218
2001-04-12 07:00,16.962
2001-04-12 08:00,18.865
2001-04-12 09:00,24.215
2001-04-12 10:00,28.068
2001-04-12 11:00,30.685
2001-04-12 12:00,32.398
2001-04-12 13:00,33.925
2001-04-12 14:00,35.16
2001-04-12 15:00,34.515
2001-04-12 16:00,34.002
2001-04-12 17:00,31.81
2001-04-12 18:00,26.57
2001-04-12 19:00,24.515
2001-04-12 20:00,23.852
2001-04-12 21:00,23.778
2001-04-12 22:00,22.58
2001-04-12 23:00,21.532
2001-04-13 00:00,26.39
2001-04-13 01:00,25.595
2001-04-13 02:00,24.325
2001-04-13 03:00,24.132
2001-04-13 04:00,24.402
2001-04-13 05:00,23.648
2001-04-13 06:00,22.775
2001-04-13 07:00,25.185
2001-04-13 08:00,30.335
2001-04-13 09:00,33.84
2001-04-13 10:00,37.915
2001-04-13 11:00,40.672
2001-04-13 12:00,42.448
2001-04-13 13:00,43.55
2001-04-13 14:00,44.232
2001-04-13 15:00,43.793
2001-04-13 16:00,43.34
2001-04-13 17:00,42.54
2001-04-13 18:00,40.293
2001-04-13 19:00,35.83
2001-04-13 20:00,32.91
2001-04-13 21:00,31.005
2001-04-13 22:00,29.84
2001-04-13 23:00,28.415
2001-04-14 00:00,27.782
2001-04-14 01:00,26.025
2001-04-14 02:00,24.748
2001-04-14 03:00,24.27
2001-04-14 04:00,24.105
2001-04-14 05:00,23.28
2001-04-14 06:00,22.788
2001-04-14 07:00,25.07
2001-04-14 08:00,30.452
2001-04-14 09:00,34.372
2001-04-14 10:00,37.905
2001-04-14 11:00,40.222
2001-04-14 12:00,41.63
2001-04-14 13:00,43.242
2001-04-14 14:00,44.052
2001-04-14 15:00,44.475
2001-04-14 16:00,43.65
2001-04-14 17:00,42.385
2001-04-14 18:00,39.828
2001-04-14 19:00,35.51
2001-04-14 20:00,32.83
2001-04-14 21:00,32.408
2001-04-14 22:00,31.392
2001-04-14 23:00,28.765
2001-04-15 00:00,28.725
2001-04-15 01:00,28.07
2001-04-15 02:00,27.968
2001-04-15 03:00,27.59
2001-04-15 04:00,27.168
2001-04-15 05:00,24.588
2001-04-15 06:00,24.22
2001-04-15 07:00,27.902
2001-04-15 08:00,31.87
2001-04-15 09:00,34.755
2001-04-15 10:00,37.802
2001-04-15 11:00,40.218
2001-04-15 12:00,41.852
2001-04-15 13:00,42.573
2001-04-15 14:00,42.545
2001-04-15 15:00,43.262
2001-04-15 16:00,42.738
2001-04-15 17:00,41.418
2001-04-15 18:00,39.325
2001-04-15 19:00,35.148
2001-04-15 20:00,32.112
2001-04-15 21:00,31.252
2001-04-15 22:00,30.695
2001-04-15 23:00,28.94
2001-04-16 00:00,28.492
2001-04-16 01:00,27.56
2001-04-16 02:00,26.75
2001-04-16 03:00,26.715
2001-04-16 04:00,25.498
2001-04-16 05:00,24.78
2001-04-16 06:00,24.278
2001-04-16 07:00,25.908
2001-04-16 08:00,30.88
2001-04-16 09:00,34.37
2001-04-16 10:00,37.15
2001-04-16 11:00,38.325
2001-04-16 12:00,39.315
2001-04-16 13:00,40.735
2001-04-16 14:00,40.535
2001-04-16 15:00,40.045
2001-04-16 16:00,40.162
2001-04-16 17:00,39.823
2001-04-16 18:00,38.215
2001-04-16 19:00,34.66
2001-04-16 20:00,32.305
2001-04-16 21:00,31.142
2001-04-16 22:00,30.58
2001-04-16 23:00,29.888
2001-04-17 00:00,29.057
2001-04-17 01:00,28.31
2001-04-17 02:00,27.57
2001-04-17 03:00,26.885
2001-04-17 04:00,26.085
2001-04-17 05:00,25.788
2001-04-17 06:00,25.18
2001-04-17 07:00,25.975
2001-04-17 08:00,28.24
2001-04-17 09:00,31.545
2001-04-17 10:00,34.715
2001-04-17 11:00,37.635
2001-04-17 12:00,38.925
2001-04-17 13:00,39.78
2001-04-17 14:00,40.002
2001-04-17 15:00,39.835
2001-04-17 16:00,39.158
2001-04-17 17:00,38.302
2001-04-17 18:00,36.595
2001-04-17 19:00,33.98
2001-04-17 20:00,32.312
2001-04-17 21:00,31.412
2001-04-17 22:00,29.23
2001-04-17 23:00,29.23
2001-04-18 00:00,28.45
2001-04-18 01:00,27.632
2001-04-18 02:00,27.425
2001-04-18 03:00,27.013
2001-04-18 04:00,26.43
2001-04-18 05:00,25.968
2001-04-18 06:00,24.635
2001-04-18 07:00,26.012
2001-04-18 08:00,29.877
2001-04-18 09:00,33.952
2001-04-18 10:00,36.43
2001-04-18 11:00,37.92
2001-04-18 12:00,38.78
2001-04-18 13:00,40.078
2001-04-18 14:00,40.78
2001-04-18 15:00,41.028
2001-04-18 16:00,40.228
2001-04-18 17:00,38.793
2001-04-18 18:00,37.015
2001-04-18 19:00,33.988
2001-04-18 20:00,31.518
2001-04-18 21:00,30.265
2001-04-18 22:00,29.172
2001-04-18 23:00,28.18
2001-04-19 00:00,27.355
2001-04-19 01:00,26.848
2001-04-19 02:00,26.127
2001-04-19 03:00,25.845
2001-04-19 04:00,26.132
2001-04-19 05:00,26.452
2001-04-19 06:00,25.53
2001-04-19 07:00,26.848
2001-04-19 08:00,30.85
2001-04-19 09:00,33.562
2001-04-19 10:00,35.905
2001-04-19 11:00,37.892
2001-04-19 12:00,39.498
2001-04-19 13:00,40.375
2001-04-19 14:00,40.455
2001-04-19 15:00,40.325
2001-04-19 16:00,39.002
2001-04-19 17:00,37.312
2001-04-19 18:00,36.375
2001-04-19 19:00,33.678
2001-04-19 20:00,31.758
2001-04-19 21:00,30.512
2001-04-19 22:00,29.595
2001-04-19 23:00,29.535
2001-04-20 00:00,28.962
2001-04-20 01:00,28.46
2001-04-20 02:00,27.998
2001-04-20 03:00,27.278
2001-04-20 04:00,25.905
2001-04-20 05:00,24.95
2001-04-20 06:00,24.908
2001-04-20 07:00,26.202
2001-04-20 08:00,29.752
2001-04-20 09:00,33.88
2001-04-20 10:00,35.69
2001-04-20 11:00,37.225
2001-04-20 12:00,37.972
2001-04-20 13:00,38.705
2001-04-20 14:00,39.318
2001-04-20 15:00,39.122
2001-04-20 16:00,39.912
2001-04-20 17:00,39.595
2001-04-20 18:00,38.365
2001-04-20 19:00,34.625
2001-04-20 20:00,32.113
2001-04-20 21:00,30.098
2001-04-20 22:00,30.61
2001-04-20 23:00,29.92
2001-04-21 00:00,28.902
2001-04-21 01:00,28.396
2001-04-21 02:00,26.984
2001-04-21 03:00,25.96
2001-04-21 04:00,25.528
2001-04-21 05:00,24.792
2001-04-21 06:00,24.535
2001-04-21 07:00,26.375
2001-04-21 08:00,29.83
2001-04-21 09:00,33.758
2001-04-21 10:00,36.268
2001-04-21 11:00,38.45
2001-04-21 12:00,39.6
2001-04-21 13:00,39.905
2001-04-21 14:00,40.842
2001-04-21 15:00,40.488
2001-04-21 16:00,40.27
2001-04-21 17:00,39.482
2001-04-21 18:00,38.22
2001-04-21 19:00,35.322
2001-04-21 20:00,32.875
2001-04-21 21:00,31.892
2001-04-21 22:00,31.535
2001-04-21 23:00,30.32
2001-04-22 00:00,29.612
2001-04-22 01:00,28.71
2001-04-22 02:00,27.688
2001-04-22 03:00,26.8
2001-04-22 04:00,26.215
2001-04-22 05:00,25.818
2001-04-22 06:00,25.623
2001-04-22 07:00,26.658
2001-04-22 08:00,29.022
2001-04-22 09:00,32.828
2001-04-22 10:00,35.965
2001-04-22 11:00,38.293
2001-04-22 12:00,39.86
2001-04-22 13:00,40.898
2001-04-22 14:00,41.692
2001-04-22 15:00,41.872
2001-04-22 16:00,41.56
2001-04-22 17:00,40.675
2001-04-22 18:00,39.308
2001-04-22 19:00,35.8
2001-04-22 20:00,33.135
2001-04-22 21:00,32.792
2001-04-22 22:00,31.765
2001-04-22 23:00,30.685
2001-04-23 00:00,29.568
2001-04-23 01:00,28.81
2001-04-23 02:00,28.07
2001-04-23 03:00,27.38
2001-04-23 04:00,26.873
2001-04-23 05:00,26.24
2001-04-23 06:00,25.99
2001-04-23 07:00,27.682
2001-04-23 08:00,30.56
2001-04-23 09:00,34.858
2001-04-23 10:00,37.207
2001-04-23 11:00,39.315
2001-04-23 12:00,40.13
2001-04-23 13:00,41.4
2001-04-23 14:00,41.955
2001-04-23 15:00,42.07
2001-04-23 16:00,41.445
2001-04-23 17:00,41.305
2001-04-23 18:00,39.578
2001-04-23 19:00,36.24
2001-04-23 20:00,34.608
2001-04-23 21:00,32.623
2001-04-23 22:00,31.06
2001-04-23 23:00,29.825
2001-04-24 00:00,29.205
2001-04-24 01:00,28.138
2001-04-24 02:00,27.46
2001-04-24 03:00,26.658
2001-04-24 04:00,26.19
2001-04-24 05:00,25.632
2001-04-24 06:00,25.015
2001-04-24 07:00,26.505
2001-04-24 08:00,29.862
2001-04-24 09:00,33.49
2001-04-24 10:00,35.758
2001-04-24 11:00,37.62
2001-04-24 12:00,39.085
2001-04-24 13:00,40.435
2001-04-24 14:00,40.842
2001-04-24 15:00,41.262
2001-04-24 16:00,40.695
2001-04-24 17:00,39.305
2001-04-24 18:00,38.31
2001-04-24 19:00,35.302
2001-04-24 20:00,33.87
2001-04-24 21:00,33.36
2001-04-24 22:00,31.885
2001-04-24 23:00,30.635
2001-04-25 00:00,29.57
2001-04-25 01:00,28.795
2001-04-25 02:00,27.478
2001-04-25 03:00,26.03
2001-04-25 04:00,24.945
2001-04-25 05:00,24.97
2001-04-25 06:00,24.822
2001-04-25 07:00,26.23
2001-04-25 08:00,29.415
2001-04-25 09:00,31.458
2001-04-25 10:00,33.228
2001-04-25 11:00,35.132
2001-04-25 12:00,36.928
2001-04-25 13:00,38.6
2001-04-25 14:00,39.62
2001-04-25 15:00,39.548
2001-04-25 16:00,40.038
2001-04-25 17:00,38.875
2001-04-25 18:00,36.592
2001-04-25 19:00,33.94
2001-04-25 20:00,32.032
2001-04-25 21:00,30.67
2001-04-25 22:00,29.792
2001-04-25 23:00,29.048
2001-04-26 00:00,28.182
2001-04-26 01:00,27.522
2001-04-26 02:00,26.768
2001-04-26 03:00,25.95
2001-04-26 04:00,25.492
2001-04-26 05:00,25.138
2001-04-26 06:00,25.108
2001-04-26 07:00,26.388
2001-04-26 08:00,28.712
2001-04-26 09:00,31.402
2001-04-26 10:00,33.465
2001-04-26 11:00,34.79
2001-04-26 12:00,36.548
2001-04-26 13:00,38.928
2001-04-26 14:00,39.095
2001-04-26 15:00,39.335
2001-04-26 16:00,39.482
2001-04-26 17:00,39.025
2001-04-26 18:00,37.538
2001-04-26 19:00,35.375
2001-04-26 20:00,33.522
2001-04-26 21:00,32.285
2001-04-26 22:00,30.5
2001-04-26 23:00,29.348
2001-04-27 00:00,28.29
2001-04-27 01:00,27.778
2001-04-27 02:00,27.205
2001-04-27 03:00,26.87
2001-04-27 04:00,26.452
2001-04-27 05:00,25.828
2001-04-27 06:00,25.762
2001-04-27 07:00,27.3
2001-04-27 08:00,29.04
2001-04-27 09:00,32.002
2001-04-27 10:00,34.088
2001-04-27 11:00,35.975
2001-04-27 12:00,37.505
2001-04-27 13:00,39.073
2001-04-27 14:00,40.665
2001-04-27 15:00,41.692
2001-04-27 16:00,41.31
2001-04-27 17:00,40.14
2001-04-27 18:00,38.43
2001-04-27 19:00,34.945
2001-04-27 20:00,32.725
2001-04-27 21:00,31.312
2001-04-27 22:00,31.045
2001-04-27 23:00,29.75
2001-04-28 00:00,28.832
2001-04-28 01:00,27.85
2001-04-28 02:00,27.028
2001-04-28 03:00,26.615
2001-04-28 04:00,26.248
2001-04-28 05:00,25.505
2001-04-28 06:00,25.428
2001-04-28 07:00,27.16
2001-04-28 08:00,29.42
2001-04-28 09:00,32.155
2001-04-28 10:00,35.48
2001-04-28 11:00,38.277
2001-04-28 12:00,40.368
2001-04-28 13:00,41.872
2001-04-28 14:00,42.49
2001-04-28 15:00,42.88
2001-04-28 16:00,42.852
2001-04-28 17:00,42.12
2001-04-28 18:00,40.36
2001-04-28 19:00,37.102
2001-04-28 20:00,34.205
2001-04-28 21:00,32.41
2001-04-28 22:00,31.185
2001-04-28 23:00,30.612
2001-04-29 00:00,29.642
2001-04-29 01:00,28.508
2001-04-29 02:00,27.632
2001-04-29 03:00,26.88
2001-04-29 04:00,26.428
2001-04-29 05:00,25.51
2001-04-29 06:00,25.168
2001-04-29 07:00,26.782
2001-04-29 08:00,31.622
2001-04-29 09:00,36.322
2001-04-29 10:00,39.322
2001-04-29 11:00,41.885
2001-04-29 12:00,43.408
2001-04-29 13:00,44.59
2001-04-29 14:00,44.741
2001-04-29 15:00,44.788
2001-04-29 16:00,44.695
2001-04-29 17:00,43.43
2001-04-29 18:00,41.638
2001-04-29 19:00,37.748
2001-04-29 20:00,34.252
2001-04-29 21:00,33.258
2001-04-29 22:00,32.658
2001-04-29 23:00,31.838
2001-04-30 00:00,30.91
2001-04-30 01:00,29.868
2001-04-30 02:00,29.632
2001-04-30 03:00,28.958
2001-04-30 04:00,27.722
2001-04-30 05:00,26.98
2001-04-30 06:00,26.75
2001-04-30 07:00,28.178
2001-04-30 08:00,30.942
2001-04-30 09:00,33.782
2001-04-30 10:00,38.062
2001-04-30 11:00,40.957
2001-04-30 12:00,42.575
2001-04-30 13:00,44.138
2001-04-30 14:00,44.787
2001-04-30 15:00,44.825
2001-04-30 16:00,44.272
2001-04-30 17:00,43.412
2001-04-30 18:00,41.442
2001-04-30 19:00,37.585
2001-04-30 20:00,34.758
2001-04-30 21:00,33.232
2001-04-30 22:00,32.735
2001-04-30 23:00,32.1
2001-05-01 00:00,18.328
2001-05-01 01:00,17.975
2001-05-01 02:00,18.532
2001-05-01 03:00,17.035
2001-05-01 04:00,14.955
2001-05-01 05:00,14.07
2001-05-01 06:00,13.72
2001-05-01 07:00,13.698
2001-05-01 08:00,15.05
2001-05-01 09:00,18.282
2001-05-01 10:00,21.127
2001-05-01 11:00,23.118
2001-05-01 12:00,24.9
2001-05-01 13:00,26.232
2001-05-01 14:00,26.852
2001-05-01 15:00,27.088
2001-05-01 16:00,26.68
2001-05-01 17:00,25.52
2001-05-01 18:00,22.84
2001-05-01 19:00,21.185
2001-05-01 20:00,20.355
2001-05-01 21:00,19.61
2001-05-01 22:00,18.665
2001-05-01 23:00,18.598
2001-05-02 00:00,15.572
2001-05-02 01:00,14.995
2001-05-02 02:00,15.202
2001-05-02 03:00,15.578
2001-05-02 04:00,14.43
2001-05-02 05:00,12.425
2001-05-02 06:00,12.018
2001-05-02 07:00,12.065
2001-05-02 08:00,12.73
2001-05-02 09:00,19.415
2001-05-02 10:00,23.565
2001-05-02 11:00,26.502
2001-05-02 12:00,28.162
2001-05-02 13:00,29.738
2001-05-02 14:00,30.728
2001-05-02 15:00,31.625
2001-05-02 16:00,32.25
2001-05-02 17:00,31.015
2001-05-02 18:00,27.17
2001-05-02 19:00,22.338
2001-05-02 20:00,21.028
2001-05-02 21:00,19.942
2001-05-02 22:00,18.662
2001-05-02 23:00,17.798
2001-05-03 00:00,20.508
2001-05-03 01:00,20.168
2001-05-03 02:00,19.778
2001-05-03 03:00,19.618
2001-05-03 04:00,19.2
2001-05-03 05:00,19.602
2001-05-03 06:00,19.598
2001-05-03 07:00,19.232
2001-05-03 08:00,19.982
2001-05-03 09:00,22.662
2001-05-03 10:00,24.848
2001-05-03 11:00,27.082
2001-05-03 12:00,28.455
2001-05-03 13:00,29.968
2001-05-03 14:00,30.51
2001-05-03 15:00,30.825
2001-05-03 16:00,30.328
2001-05-03 17:00,29.815
2001-05-03 18:00,27.94
2001-05-03 19:00,25.075
2001-05-03 20:00,23.952
2001-05-03 21:00,23.008
2001-05-03 22:00,23.135
2001-05-03 23:00,22.947
2001-05-04 00:00,26.095
2001-05-04 01:00,26.86
2001-05-04 02:00,25.328
2001-05-04 03:00,24.295
2001-05-04 04:00,22.482
2001-05-04 05:00,21.955
2001-05-04 06:00,22.053
2001-05-04 07:00,23.148
2001-05-04 08:00,27.96
2001-05-04 09:00,33.582
2001-05-04 10:00,37.585
2001-05-04 11:00,39.628
2001-05-04 12:00,40.67
2001-05-04 13:00,41.48
2001-05-04 14:00,42.265
2001-05-04 15:00,42.23
2001-05-04 16:00,41.91
2001-05-04 17:00,40.948
2001-05-04 18:00,37.692
2001-05-04 19:00,32.602
2001-05-04 20:00,30.455
2001-05-04 21:00,28.925
2001-05-04 22:00,27.89
2001-05-04 23:00,26.828
2001-05-05 00:00,31.518
2001-05-05 01:00,30.728
2001-05-05 02:00,29.93
2001-05-05 03:00,29.458
2001-05-05 04:00,28.592
2001-05-05 05:00,28.14
2001-05-05 06:00,27.935
2001-05-05 07:00,29.13
2001-05-05 08:00,31.52
2001-05-05 09:00,34.815
2001-05-05 10:00,36.918
2001-05-05 11:00,38.302
2001-05-05 12:00,40.565
2001-05-05 13:00,41.988
2001-05-05 14:00,43.155
2001-05-05 15:00,42.69
2001-05-05 16:00,42.67
2001-05-05 17:00,42.345
2001-05-05 18:00,40.782
2001-05-05 19:00,37.37
2001-05-05 20:00,34.73
2001-05-05 21:00,34.275
2001-05-05 22:00,33.652
2001-05-05 23:00,32.93
2001-05-06 00:00,29.56
2001-05-06 01:00,28.872
2001-05-06 02:00,28.105
2001-05-06 03:00,27.868
2001-05-06 04:00,27.568
2001-05-06 05:00,27.375
2001-05-06 06:00,27.385
2001-05-06 07:00,28.325
2001-05-06 08:00,29.658
2001-05-06 09:00,31.895
2001-05-06 10:00,33.288
2001-05-06 11:00,35.065
2001-05-06 12:00,36.25
2001-05-06 13:00,37.455
2001-05-06 14:00,38.142
2001-05-06 15:00,38.238
2001-05-06 16:00,35.42
2001-05-06 17:00,27.752
2001-05-06 18:00,27.645
2001-05-06 19:00,27.172
2001-05-06 20:00,27.75
2001-05-06 21:00,28.48
2001-05-06 22:00,23.845
2001-05-06 23:00,23.462
2001-05-07 00:00,28.13
2001-05-07 01:00,28.308
2001-05-07 02:00,27.968
2001-05-07 03:00,27.868
2001-05-07 04:00,27.803
2001-05-07 05:00,27.632
2001-05-07 06:00,27.475
2001-05-07 07:00,28.155
2001-05-07 08:00,29.145
2001-05-07 09:00,30.17
2001-05-07 10:00,31.782
2001-05-07 11:00,32.915
2001-05-07 12:00,30.72
2001-05-07 13:00,28.175
2001-05-07 14:00,27.578
2001-05-07 15:00,29.955
2001-05-07 16:00,30.255
2001-05-07 17:00,29.92
2001-05-07 18:00,28.882
2001-05-07 19:00,28.19
2001-05-07 20:00,27.432
2001-05-07 21:00,27.055
2001-05-07 22:00,27.018
2001-05-07 23:00,27.128
2001-05-08 00:00,28.4
2001-05-08 01:00,26.495
2001-05-08 02:00,25.06
2001-05-08 03:00,25.365
2001-05-08 04:00,25.768
2001-05-08 05:00,26.022
2001-05-08 06:00,26.31
2001-05-08 07:00,26.69
2001-05-08 08:00,27.45
2001-05-08 09:00,28.76
2001-05-08 10:00,30.298
2001-05-08 11:00,31.872
2001-05-08 12:00,27.085
2001-05-08 13:00,26.627
2001-05-08 14:00,28.442
2001-05-08 15:00,30.285
2001-05-08 16:00,29.318
2001-05-08 17:00,28.155
2001-05-08 18:00,28.288
2001-05-08 19:00,28.252
2001-05-08 20:00,27.868
2001-05-08 21:00,27.665
2001-05-08 22:00,27.54
2001-05-08 23:00,27.265
2001-05-09 00:00,28.345
2001-05-09 01:00,28.042
2001-05-09 02:00,27.762
2001-05-09 03:00,27.6
2001-05-09 04:00,27.458
2001-05-09 05:00,27.24
2001-05-09 06:00,27.002
2001-05-09 07:00,27.86
2001-05-09 08:00,29.43
2001-05-09 09:00,31.8
2001-05-09 10:00,34.368
2001-05-09 11:00,34.87
2001-05-09 12:00,34.342
2001-05-09 13:00,35.508
2001-05-09 14:00,33.655
2001-05-09 15:00,32.09
2001-05-09 16:00,33.135
2001-05-09 17:00,33.558
2001-05-09 18:00,32.102
2001-05-09 19:00,30.38
2001-05-09 20:00,29.635
2001-05-09 21:00,29.062
2001-05-09 22:00,28.522
2001-05-09 23:00,28.472
2001-05-10 00:00,25.65
2001-05-10 01:00,25.37
2001-05-10 02:00,25.575
2001-05-10 03:00,25.303
2001-05-10 04:00,24.985
2001-05-10 05:00,25.005
2001-05-10 06:00,25.002
2001-05-10 07:00,25.042
2001-05-10 08:00,25.955
2001-05-10 09:00,28.468
2001-05-10 10:00,31.51
2001-05-10 11:00,33.57
2001-05-10 12:00,34.992
2001-05-10 13:00,35.662
2001-05-10 14:00,36.372
2001-05-10 15:00,35.828
2001-05-10 16:00,36.342
2001-05-10 17:00,35.048
2001-05-10 18:00,31.498
2001-05-10 19:00,29.2
2001-05-10 20:00,28.41
2001-05-10 21:00,27.502
2001-05-10 22:00,27.015
2001-05-10 23:00,26.665
2001-05-11 00:00,21.92
2001-05-11 01:00,21.122
2001-05-11 02:00,20.672
2001-05-11 03:00,19.015
2001-05-11 04:00,18.792
2001-05-11 05:00,19.008
2001-05-11 06:00,18.855
2001-05-11 07:00,18.142
2001-05-11 08:00,21.48
2001-05-11 09:00,26.52
2001-05-11 10:00,30.36
2001-05-11 11:00,33.115
2001-05-11 12:00,34.308
2001-05-11 13:00,35.11
2001-05-11 14:00,35.052
2001-05-11 15:00,34.72
2001-05-11 16:00,33.322
2001-05-11 17:00,31.092
2001-05-11 18:00,28.13
2001-05-11 19:00,26.778
2001-05-11 20:00,25.928
2001-05-11 21:00,24.772
2001-05-11 22:00,24.13
2001-05-11 23:00,22.94
2001-05-12 00:00,20.762
2001-05-12 01:00,20.625
2001-05-12 02:00,19.032
2001-05-12 03:00,17.79
2001-05-12 04:00,17.345
2001-05-12 05:00,16.875
2001-05-12 06:00,17.545
2001-05-12 07:00,17.485
2001-05-12 08:00,18.492
2001-05-12 09:00,22.795
2001-05-12 10:00,27.432
2001-05-12 11:00,30.36
2001-05-12 12:00,33.082
2001-05-12 13:00,33.982
2001-05-12 14:00,35.168
2001-05-12 15:00,35.37
2001-05-12 16:00,34.138
2001-05-12 17:00,32.365
2001-05-12 18:00,27.03
2001-05-12 19:00,24.775
2001-05-12 20:00,23.68
2001-05-12 21:00,23.595
2001-05-12 22:00,22.242
2001-05-12 23:00,20.888
2001-05-13 00:00,30.805
2001-05-13 01:00,30.425
2001-05-13 02:00,29.618
2001-05-13 03:00,28.708
2001-05-13 04:00,28.182
2001-05-13 05:00,27.86
2001-05-13 06:00,27.845
2001-05-13 07:00,29.165
2001-05-13 08:00,30.918
2001-05-13 09:00,34.032
2001-05-13 10:00,36.825
2001-05-13 11:00,38.22
2001-05-13 12:00,39.632
2001-05-13 13:00,41.622
2001-05-13 14:00,41.808
2001-05-13 15:00,42.298
2001-05-13 16:00,41.9
2001-05-13 17:00,41.618
2001-05-13 18:00,40.502
2001-05-13 19:00,37.77
2001-05-13 20:00,34.912
2001-05-13 21:00,33.705
2001-05-13 22:00,33.68
2001-05-13 23:00,32.948
2001-05-14 00:00,31.908
2001-05-14 01:00,31.018
2001-05-14 02:00,30.04
2001-05-14 03:00,29.562
2001-05-14 04:00,29.092
2001-05-14 05:00,28.728
2001-05-14 06:00,28.37
2001-05-14 07:00,29.6
2001-05-14 08:00,31.26
2001-05-14 09:00,34.312
2001-05-14 10:00,37.505
2001-05-14 11:00,39.57
2001-05-14 12:00,41.335
2001-05-14 13:00,42.008
2001-05-14 14:00,42.442
2001-05-14 15:00,42.838
2001-05-14 16:00,42.672
2001-05-14 17:00,41.862
2001-05-14 18:00,40.372
2001-05-14 19:00,37.973
2001-05-14 20:00,35.03
2001-05-14 21:00,33.582
2001-05-14 22:00,33.02
2001-05-14 23:00,31.732
2001-05-15 00:00,31.378
2001-05-15 01:00,31.242
2001-05-15 02:00,29.955
2001-05-15 03:00,29.528
2001-05-15 04:00,28.612
2001-05-15 05:00,27.708
2001-05-15 06:00,27.338
2001-05-15 07:00,30.308
2001-05-15 08:00,33.293
2001-05-15 09:00,36.055
2001-05-15 10:00,38.31
2001-05-15 11:00,40.388
2001-05-15 12:00,41.548
2001-05-15 13:00,42.42
2001-05-15 14:00,43.475
2001-05-15 15:00,43.265
2001-05-15 16:00,43.102
2001-05-15 17:00,42.618
2001-05-15 18:00,40.75
2001-05-15 19:00,38.32
2001-05-15 20:00,35.823
2001-05-15 21:00,35.1
2001-05-15 22:00,34.142
2001-05-15 23:00,34.61
2001-05-16 00:00,33.968
2001-05-16 01:00,32.805
2001-05-16 02:00,31.642
2001-05-16 03:00,31.105
2001-05-16 04:00,31.178
2001-05-16 05:00,30.505
2001-05-16 06:00,29.45
2001-05-16 07:00,31.195
2001-05-16 08:00,33.37
2001-05-16 09:00,35.698
2001-05-16 10:00,38.068
2001-05-16 11:00,40.398
2001-05-16 12:00,42.17
2001-05-16 13:00,43.102
2001-05-16 14:00,43.15
2001-05-16 15:00,42.775
2001-05-16 16:00,43.032
2001-05-16 17:00,42.418
2001-05-16 18:00,40.878
2001-05-16 19:00,38.338
2001-05-16 20:00,35.285
2001-05-16 21:00,35.095
2001-05-16 22:00,34.332
2001-05-16 23:00,33.505
2001-05-17 00:00,32.592
2001-05-17 01:00,31.643
2001-05-17 02:00,30.948
2001-05-17 03:00,29.81
2001-05-17 04:00,29.08
2001-05-17 05:00,28.52
2001-05-17 06:00,28.78
2001-05-17 07:00,30.428
2001-05-17 08:00,32.398
2001-05-17 09:00,34.815
2001-05-17 10:00,37.022
2001-05-17 11:00,38.26
2001-05-17 12:00,39.658
2001-05-17 13:00,40.86
2001-05-17 14:00,42.15
2001-05-17 15:00,42.99
2001-05-17 16:00,43.192
2001-05-17 17:00,41.933
2001-05-17 18:00,40.032
2001-05-17 19:00,38.335
2001-05-17 20:00,36.415
2001-05-17 21:00,35.41
2001-05-17 22:00,34.268
2001-05-17 23:00,33.442
2001-05-18 00:00,32.655
2001-05-18 01:00,32.358
2001-05-18 02:00,32.355
2001-05-18 03:00,31.55
2001-05-18 04:00,30.635
2001-05-18 05:00,28.9
2001-05-18 06:00,27.775
2001-05-18 07:00,30.145
2001-05-18 08:00,32.02
2001-05-18 09:00,34.348
2001-05-18 10:00,37.042
2001-05-18 11:00,39.457
2001-05-18 12:00,41.85
2001-05-18 13:00,42.542
2001-05-18 14:00,43.478
2001-05-18 15:00,43.645
2001-05-18 16:00,43.105
2001-05-18 17:00,42.18
2001-05-18 18:00,40.6
2001-05-18 19:00,38.278
2001-05-18 20:00,35.858
2001-05-18 21:00,34.01
2001-05-18 22:00,33.95
2001-05-18 23:00,33.125
2001-05-19 00:00,32.008
2001-05-19 01:00,31.225
2001-05-19 02:00,30.2
2001-05-19 03:00,29.332
2001-05-19 04:00,28.315
2001-05-19 05:00,27.945
2001-05-19 06:00,27.448
2001-05-19 07:00,29.205
2001-05-19 08:00,32.083
2001-05-19 09:00,34.678
2001-05-19 10:00,37.008
2001-05-19 11:00,38.412
2001-05-19 12:00,39.9
2001-05-19 13:00,41.23
2001-05-19 14:00,42.408
2001-05-19 15:00,43.317
2001-05-19 16:00,43.108
2001-05-19 17:00,42.852
2001-05-19 18:00,41.275
2001-05-19 19:00,37.86
2001-05-19 20:00,34.832
2001-05-19 21:00,34.245
2001-05-19 22:00,32.898
2001-05-19 23:00,31.742
2001-05-20 00:00,30.768
2001-05-20 01:00,29.71
2001-05-20 02:00,29.2
2001-05-20 03:00,28.792
2001-05-20 04:00,28.26
2001-05-20 05:00,27.848
2001-05-20 06:00,27.64
2001-05-20 07:00,28.77
2001-05-20 08:00,31.218
2001-05-20 09:00,33.68
2001-05-20 10:00,36.567
2001-05-20 11:00,38.562
2001-05-20 12:00,40.775
2001-05-20 13:00,41.905
2001-05-20 14:00,43.472
2001-05-20 15:00,44.245
2001-05-20 16:00,44.078
2001-05-20 17:00,43.108
2001-05-20 18:00,41.49
2001-05-20 19:00,39.088
2001-05-20 20:00,36.8
2001-05-20 21:00,33.985
2001-05-20 22:00,32.232
2001-05-20 23:00,31.38
2001-05-21 00:00,30.64
2001-05-21 01:00,30.058
2001-05-21 02:00,29.488
2001-05-21 03:00,29.088
2001-05-21 04:00,28.72
2001-05-21 05:00,28.328
2001-05-21 06:00,28.198
2001-05-21 07:00,29.27
2001-05-21 08:00,31.318
2001-05-21 09:00,33.9
2001-05-21 10:00,36.918
2001-05-21 11:00,39.748
2001-05-21 12:00,40.91
2001-05-21 13:00,42.065
2001-05-21 14:00,42.782
2001-05-21 15:00,43.16
2001-05-21 16:00,43.888
2001-05-21 17:00,43.492
2001-05-21 18:00,41.928
2001-05-21 19:00,38.718
2001-05-21 20:00,36.522
2001-05-21 21:00,35.315
2001-05-21 22:00,33.41
2001-05-21 23:00,31.785
2001-05-22 00:00,31.048
2001-05-22 01:00,30.478
2001-05-22 02:00,29.782
2001-05-22 03:00,29.265
2001-05-22 04:00,28.928
2001-05-22 05:00,28.595
2001-05-22 06:00,28.26
2001-05-22 07:00,29.365
2001-05-22 08:00,31.502
2001-05-22 09:00,34.11
2001-05-22 10:00,37.232
2001-05-22 11:00,39.39
2001-05-22 12:00,40.252
2001-05-22 13:00,41.1
2001-05-22 14:00,42.21
2001-05-22 15:00,42.458
2001-05-22 16:00,42.508
2001-05-22 17:00,42.555
2001-05-22 18:00,42.028
2001-05-22 19:00,38.62
2001-05-22 20:00,36.36
2001-05-22 21:00,34.478
2001-05-22 22:00,33.105
2001-05-22 23:00,31.95
2001-05-23 00:00,31.032
2001-05-23 01:00,30.255
2001-05-23 02:00,29.518
2001-05-23 03:00,28.648
2001-05-23 04:00,27.772
2001-05-23 05:00,26.945
2001-05-23 06:00,26.803
2001-05-23 07:00,29.788
2001-05-23 08:00,32.2
2001-05-23 09:00,34.328
2001-05-23 10:00,36.8
2001-05-23 11:00,39.598
2001-05-23 12:00,41.105
2001-05-23 13:00,42.3
2001-05-23 14:00,42.662
2001-05-23 15:00,43.158
2001-05-23 16:00,43.512
2001-05-23 17:00,43.025
2001-05-23 18:00,41.988
2001-05-23 19:00,38.295
2001-05-23 20:00,34.93
2001-05-23 21:00,33.805
2001-05-23 22:00,34.168
2001-05-23 23:00,33.52
2001-05-24 00:00,32.312
2001-05-24 01:00,31.268
2001-05-24 02:00,30.03
2001-05-24 03:00,29.365
2001-05-24 04:00,28.838
2001-05-24 05:00,28.068
2001-05-24 06:00,27.28
2001-05-24 07:00,29.82
2001-05-24 08:00,32.812
2001-05-24 09:00,35.53
2001-05-24 10:00,38.082
2001-05-24 11:00,40.2
2001-05-24 12:00,42.245
2001-05-24 13:00,43.682
2001-05-24 14:00,44.045
2001-05-24 15:00,44.532
2001-05-24 16:00,44.082
2001-05-24 17:00,44.02
2001-05-24 18:00,42.838
2001-05-24 19:00,39.578
2001-05-24 20:00,36.13
2001-05-24 21:00,34.982
2001-05-24 22:00,33.158
2001-05-24 23:00,32.123
2001-05-25 00:00,31.412
2001-05-25 01:00,30.715
2001-05-25 02:00,30.082
2001-05-25 03:00,29.628
2001-05-25 04:00,29.262
2001-05-25 05:00,29.015
2001-05-25 06:00,28.803
2001-05-25 07:00,30.165
2001-05-25 08:00,33.548
2001-05-25 09:00,35.752
2001-05-25 10:00,37.982
2001-05-25 11:00,39.582
2001-05-25 12:00,41.34
2001-05-25 13:00,42.098
2001-05-25 14:00,42.968
2001-05-25 15:00,43.885
2001-05-25 16:00,43.998
2001-05-25 17:00,43.62
2001-05-25 18:00,42.46
2001-05-25 19:00,39.148
2001-05-25 20:00,35.95
2001-05-25 21:00,34.87
2001-05-25 22:00,33.152
2001-05-25 23:00,32.263
2001-05-26 00:00,31.635
2001-05-26 01:00,30.978
2001-05-26 02:00,30.268
2001-05-26 03:00,29.815
2001-05-26 04:00,29.502
2001-05-26 05:00,29.03
2001-05-26 06:00,28.868
2001-05-26 07:00,30.158
2001-05-26 08:00,32.145
2001-05-26 09:00,33.93
2001-05-26 10:00,35.278
2001-05-26 11:00,37.495
2001-05-26 12:00,39.522
2001-05-26 13:00,40.488
2001-05-26 14:00,41.848
2001-05-26 15:00,42.232
2001-05-26 16:00,42.638
2001-05-26 17:00,42.478
2001-05-26 18:00,41.172
2001-05-26 19:00,38.28
2001-05-26 20:00,34.71
2001-05-26 21:00,33.082
2001-05-26 22:00,32.193
2001-05-26 23:00,31.318
2001-05-27 00:00,30.418
2001-05-27 01:00,30.0
2001-05-27 02:00,29.742
2001-05-27 03:00,29.348
2001-05-27 04:00,28.98
2001-05-27 05:00,28.625
2001-05-27 06:00,28.612
2001-05-27 07:00,29.658
2001-05-27 08:00,31.722
2001-05-27 09:00,33.472
2001-05-27 10:00,35.235
2001-05-27 11:00,37.145
2001-05-27 12:00,38.515
2001-05-27 13:00,39.352
2001-05-27 14:00,40.635
2001-05-27 15:00,41.372
2001-05-27 16:00,42.102
2001-05-27 17:00,41.63
2001-05-27 18:00,39.172
2001-05-27 19:00,36.262
2001-05-27 20:00,34.002
2001-05-27 21:00,32.707
2001-05-27 22:00,31.805
2001-05-27 23:00,31.148
2001-05-28 00:00,30.722
2001-05-28 01:00,30.395
2001-05-28 02:00,30.1
2001-05-28 03:00,29.865
2001-05-28 04:00,29.61
2001-05-28 05:00,29.45
2001-05-28 06:00,29.385
2001-05-28 07:00,26.762
2001-05-28 08:00,30.72
2001-05-28 09:00,33.282
2001-05-28 10:00,35.065
2001-05-28 11:00,36.765
2001-05-28 12:00,38.01
2001-05-28 13:00,39.078
2001-05-28 14:00,39.912
2001-05-28 15:00,40.758
2001-05-28 16:00,41.32
2001-05-28 17:00,40.408
2001-05-28 18:00,37.81
2001-05-28 19:00,35.06
2001-05-28 20:00,33.185
2001-05-28 21:00,31.868
2001-05-28 22:00,31.32
2001-05-28 23:00,30.975
2001-05-29 00:00,30.728
2001-05-29 01:00,30.432
2001-05-29 02:00,30.12
2001-05-29 03:00,29.852
2001-05-29 04:00,29.625
2001-05-29 05:00,29.31
2001-05-29 06:00,29.112
2001-05-29 07:00,30.105
2001-05-29 08:00,31.45
2001-05-29 09:00,33.205
2001-05-29 10:00,35.07
2001-05-29 11:00,36.532
2001-05-29 12:00,37.982
2001-05-29 13:00,39.188
2001-05-29 14:00,39.532
2001-05-29 15:00,39.945
2001-05-29 16:00,40.075
2001-05-29 17:00,39.058
2001-05-29 18:00,36.648
2001-05-29 19:00,34.448
2001-05-29 20:00,33.078
2001-05-29 21:00,31.72
2001-05-29 22:00,31.462
2001-05-29 23:00,31.22
2001-05-30 00:00,30.96
2001-05-30 01:00,30.695
2001-05-30 02:00,30.348
2001-05-30 03:00,30.15
2001-05-30 04:00,29.852
2001-05-30 05:00,29.795
2001-05-30 06:00,29.735
2001-05-30 07:00,30.89
2001-05-30 08:00,32.127
2001-05-30 09:00,33.6
2001-05-30 10:00,35.1
2001-05-30 11:00,36.912
2001-05-30 12:00,37.92
2001-05-30 13:00,38.598
2001-05-30 14:00,39.662
2001-05-30 15:00,40.19
2001-05-30 16:00,40.582
2001-05-30 17:00,40.198
2001-05-30 18:00,38.888
2001-05-30 19:00,36.685
2001-05-30 20:00,34.677
2001-05-30 21:00,32.918
2001-05-30 22:00,32.24
2001-05-30 23:00,31.872
2001-05-31 00:00,31.465
2001-05-31 01:00,31.03
2001-05-31 02:00,31.015
2001-05-31 03:00,31.578
2001-05-31 04:00,31.307
2001-05-31 05:00,30.6
2001-05-31 06:00,30.258
2001-05-31 07:00,31.428
2001-05-31 08:00,33.225
2001-05-31 09:00,34.468
2001-05-31 10:00,35.942
2001-05-31 11:00,37.302
2001-05-31 12:00,38.29
2001-05-31 13:00,39.83
2001-05-31 14:00,41.305
2001-05-31 15:00,41.515
2001-05-31 16:00,41.382
2001-05-31 17:00,40.702
2001-05-31 18:00,39.575
2001-05-31 19:00,37.772
2001-05-31 20:00,35.8
2001-05-31 21:00,35.23
2001-05-31 22:00,34.41
2001-05-31 23:00,33.01
2001-06-01 00:00,17.922
2001-06-01 01:00,17.665
2001-06-01 02:00,17.635
2001-06-01 03:00,17.335
2001-06-01 04:00,16.815
2001-06-01 05:00,16.685
2001-06-01 06:00,16.335
2001-06-01 07:00,16.485
2001-06-01 08:00,17.66
2001-06-01 09:00,19.943
2001-06-01 10:00,22.8
2001-06-01 11:00,25.42
2001-06-01 12:00,27.302
2001-06-01 13:00,28.765
2001-06-01 14:00,30.248
2001-06-01 15:00,31.702
2001-06-01 16:00,30.608
2001-06-01 17:00,28.882
2001-06-01 18:00,25.545
2001-06-01 19:00,23.395
2001-06-01 20:00,22.528
2001-06-01 21:00,21.422
2001-06-01 22:00,20.378
2001-06-01 23:00,20.325
2001-06-02 00:00,16.942
2001-06-02 01:00,16.067
2001-06-02 02:00,15.565
2001-06-02 03:00,15.298
2001-06-02 04:00,14.962
2001-06-02 05:00,15.37
2001-06-02 06:00,14.745
2001-06-02 07:00,14.132
2001-06-02 08:00,14.902
2001-06-02 09:00,18.495
2001-06-02 10:00,22.035
2001-06-02 11:00,25.088
2001-06-02 12:00,27.228
2001-06-02 13:00,28.48
2001-06-02 14:00,29.128
2001-06-02 15:00,29.523
2001-06-02 16:00,28.834
2001-06-02 17:00,27.078
2001-06-02 18:00,24.37
2001-06-02 19:00,21.522
2001-06-02 20:00,19.92
2001-06-02 21:00,19.185
2001-06-02 22:00,18.225
2001-06-02 23:00,17.11
2001-06-03 00:00,22.475
2001-06-03 01:00,22.265
2001-06-03 02:00,21.658
2001-06-03 03:00,20.798
2001-06-03 04:00,20.16
2001-06-03 05:00,19.77
2001-06-03 06:00,19.585
2001-06-03 07:00,19.428
2001-06-03 08:00,20.892
2001-06-03 09:00,23.925
2001-06-03 10:00,26.487
2001-06-03 11:00,27.228
2001-06-03 12:00,28.462
2001-06-03 13:00,29.42
2001-06-03 14:00,29.648
2001-06-03 15:00,29.912
2001-06-03 16:00,29.958
2001-06-03 17:00,29.345
2001-06-03 18:00,26.672
2001-06-03 19:00,24.373
2001-06-03 20:00,24.03
2001-06-03 21:00,24.66
2001-06-03 22:00,23.892
2001-06-03 23:00,22.602
2001-06-04 00:00,25.675
2001-06-04 01:00,24.315
2001-06-04 02:00,24.332
2001-06-04 03:00,23.602
2001-06-04 04:00,23.35
2001-06-04 05:00,22.285
2001-06-04 06:00,21.705
2001-06-04 07:00,22.775
2001-06-04 08:00,26.488
2001-06-04 09:00,30.678
2001-06-04 10:00,35.6
2001-06-04 11:00,38.4
2001-06-04 12:00,40.317
2001-06-04 13:00,41.518
2001-06-04 14:00,41.768
2001-06-04 15:00,41.933
2001-06-04 16:00,41.16
2001-06-04 17:00,40.025
2001-06-04 18:00,37.183
2001-06-04 19:00,32.048
2001-06-04 20:00,30.432
2001-06-04 21:00,29.755
2001-06-04 22:00,28.435
2001-06-04 23:00,27.715
2001-06-05 00:00,32.382
2001-06-05 01:00,31.642
2001-06-05 02:00,30.882
2001-06-05 03:00,30.16
2001-06-05 04:00,29.42
2001-06-05 05:00,28.595
2001-06-05 06:00,27.98
2001-06-05 07:00,29.502
2001-06-05 08:00,31.99
2001-06-05 09:00,34.95
2001-06-05 10:00,37.26
2001-06-05 11:00,39.052
2001-06-05 12:00,40.482
2001-06-05 13:00,41.67
2001-06-05 14:00,41.902
2001-06-05 15:00,42.252
2001-06-05 16:00,42.28
2001-06-05 17:00,42.692
2001-06-05 18:00,41.132
2001-06-05 19:00,37.862
2001-06-05 20:00,35.002
2001-06-05 21:00,34.735
2001-06-05 22:00,33.272
2001-06-05 23:00,31.858
2001-06-06 00:00,23.72
2001-06-06 01:00,24.002
2001-06-06 02:00,24.698
2001-06-06 03:00,24.788
2001-06-06 04:00,24.985
2001-06-06 05:00,25.345
2001-06-06 06:00,25.5
2001-06-06 07:00,26.205
2001-06-06 08:00,26.982
2001-06-06 09:00,28.925
2001-06-06 10:00,30.585
2001-06-06 11:00,32.118
2001-06-06 12:00,33.872
2001-06-06 13:00,35.72
2001-06-06 14:00,36.438
2001-06-06 15:00,36.55
2001-06-06 16:00,34.293
2001-06-06 17:00,31.332
2001-06-06 18:00,29.965
2001-06-06 19:00,29.108
2001-06-06 20:00,28.218
2001-06-06 21:00,27.918
2001-06-06 22:00,27.792
2001-06-06 23:00,27.855
2001-06-07 00:00,26.915
2001-06-07 01:00,26.835
2001-06-07 02:00,26.76
2001-06-07 03:00,26.873
2001-06-07 04:00,27.04
2001-06-07 05:00,26.655
2001-06-07 06:00,26.615
2001-06-07 07:00,26.428
2001-06-07 08:00,26.86
2001-06-07 09:00,27.658
2001-06-07 10:00,27.762
2001-06-07 11:00,27.803
2001-06-07 12:00,27.608
2001-06-07 13:00,27.697
2001-06-07 14:00,29.772
2001-06-07 15:00,31.215
2001-06-07 16:00,31.26
2001-06-07 17:00,29.73
2001-06-07 18:00,28.852
2001-06-07 19:00,28.865
2001-06-07 20:00,28.24
2001-06-07 21:00,26.87
2001-06-07 22:00,27.168
2001-06-07 23:00,27.565
2001-06-08 00:00,27.12
2001-06-08 01:00,27.128
2001-06-08 02:00,27.14
2001-06-08 03:00,27.128
2001-06-08 04:00,27.038
2001-06-08 05:00,27.02
2001-06-08 06:00,26.995
2001-06-08 07:00,27.175
2001-06-08 08:00,27.638
2001-06-08 09:00,27.835
2001-06-08 10:00,28.382
2001-06-08 11:00,30.118
2001-06-08 12:00,30.512
2001-06-08 13:00,31.092
2001-06-08 14:00,31.123
2001-06-08 15:00,31.11
2001-06-08 16:00,31.105
2001-06-08 17:00,31.535
2001-06-08 18:00,31.31
2001-06-08 19:00,29.952
2001-06-08 20:00,29.482
2001-06-08 21:00,27.532
2001-06-08 22:00,27.498
2001-06-08 23:00,27.735
2001-06-09 00:00,28.222
2001-06-09 01:00,28.012
2001-06-09 02:00,27.91
2001-06-09 03:00,27.67
2001-06-09 04:00,27.582
2001-06-09 05:00,27.295
2001-06-09 06:00,27.118
2001-06-09 07:00,27.91
2001-06-09 08:00,29.378
2001-06-09 09:00,32.022
2001-06-09 10:00,33.345
2001-06-09 11:00,34.505
2001-06-09 12:00,36.065
2001-06-09 13:00,36.878
2001-06-09 14:00,37.438
2001-06-09 15:00,37.59
2001-06-09 16:00,36.618
2001-06-09 17:00,35.33
2001-06-09 18:00,32.927
2001-06-09 19:00,30.75
2001-06-09 20:00,29.85
2001-06-09 21:00,29.33
2001-06-09 22:00,28.945
2001-06-09 23:00,28.608
2001-06-10 00:00,26.378
2001-06-10 01:00,25.912
2001-06-10 02:00,25.365
2001-06-10 03:00,25.272
2001-06-10 04:00,24.995
2001-06-10 05:00,24.682
2001-06-10 06:00,24.307
2001-06-10 07:00,24.522
2001-06-10 08:00,25.795
2001-06-10 09:00,29.467
2001-06-10 10:00,32.338
2001-06-10 11:00,34.518
2001-06-10 12:00,35.89
2001-06-10 13:00,36.712
2001-06-10 14:00,37.5
2001-06-10 15:00,38.062
2001-06-10 16:00,37.642
2001-06-10 17:00,36.508
2001-06-10 18:00,32.038
2001-06-10 19:00,28.39
2001-06-10 20:00,27.572
2001-06-10 21:00,26.792
2001-06-10 22:00,26.16
2001-06-10 23:00,25.712
2001-06-11 00:00,22.79
2001-06-11 01:00,22.115
2001-06-11 02:00,20.195
2001-06-11 03:00,19.888
2001-06-11 04:00,19.947
2001-06-11 05:00,18.635
2001-06-11 06:00,17.822
2001-06-11 07:00,18.072
2001-06-11 08:00,20.818
2001-06-11 09:00,26.29
2001-06-11 10:00,29.932
2001-06-11 11:00,32.275
2001-06-11 12:00,33.482
2001-06-11 13:00,34.378
2001-06-11 14:00,34.888
2001-06-11 15:00,34.932
2001-06-11 16:00,34.043
2001-06-11 17:00,32.135
2001-06-11 18:00,27.545
2001-06-11 19:00,25.292
2001-06-11 20:00,24.09
2001-06-11 21:00,23.215
2001-06-11 22:00,22.615
2001-06-11 23:00,21.5
2001-06-12 00:00,20.65
2001-06-12 01:00,20.482
2001-06-12 02:00,19.47
2001-06-12 03:00,18.36
2001-06-12 04:00,18.01
2001-06-12 05:00,17.348
2001-06-12 06:00,17.392
2001-06-12 07:00,17.1
2001-06-12 08:00,18.398
2001-06-12 09:00,23.578
2001-06-12 10:00,27.828
2001-06-12 11:00,30.645
2001-06-12 12:00,32.623
2001-06-12 13:00,34.38
2001-06-12 14:00,34.662
2001-06-12 15:00,34.46
2001-06-12 16:00,33.642
2001-06-12 17:00,31.722
2001-06-12 18:00,26.91
2001-06-12 19:00,24.342
2001-06-12 20:00,23.53
2001-06-12 21:00,23.272
2001-06-12 22:00,22.518
2001-06-12 23:00,22.138
2001-06-13 00:00,24.972
2001-06-13 01:00,25.308
2001-06-13 02:00,25.33
2001-06-13 03:00,25.168
2001-06-13 04:00,25.03
2001-06-13 05:00,25.205
2001-06-13 06:00,25.32
2001-06-13 07:00,25.75
2001-06-13 08:00,26.658
2001-06-13 09:00,28.288
2001-06-13 10:00,31.018
2001-06-13 11:00,32.71
2001-06-13 12:00,34.425
2001-06-13 13:00,35.08
2001-06-13 14:00,36.818
2001-06-13 15:00,36.93
2001-06-13 16:00,36.92
2001-06-13 17:00,34.312
2001-06-13 18:00,32.588
2001-06-13 19:00,31.702
2001-06-13 20:00,30.974
2001-06-13 21:00,30.382
2001-06-13 22:00,30.072
2001-06-13 23:00,29.675
2001-06-14 00:00,29.242
2001-06-14 01:00,28.85
2001-06-14 02:00,28.64
2001-06-14 03:00,28.652
2001-06-14 04:00,28.605
2001-06-14 05:00,28.53
2001-06-14 06:00,27.702
2001-06-14 07:00,26.875
2001-06-14 08:00,28.985
2001-06-14 09:00,31.588
2001-06-14 10:00,32.492
2001-06-14 11:00,34.095
2001-06-14 12:00,36.055
2001-06-14 13:00,34.878
2001-06-14 14:00,33.535
2001-06-14 15:00,34.368
2001-06-14 16:00,36.29
2001-06-14 17:00,35.71
2001-06-14 18:00,34.662
2001-06-14 19:00,32.68
2001-06-14 20:00,31.625
2001-06-14 21:00,30.9
2001-06-14 22:00,30.09
2001-06-14 23:00,29.803
2001-06-15 00:00,26.462
2001-06-15 01:00,24.828
2001-06-15 02:00,24.775
2001-06-15 03:00,24.86
2001-06-15 04:00,24.877
2001-06-15 05:00,24.97
2001-06-15 06:00,25.132
2001-06-15 07:00,25.52
2001-06-15 08:00,25.91
2001-06-15 09:00,26.88
2001-06-15 10:00,28.95
2001-06-15 11:00,31.59
2001-06-15 12:00,31.678
2001-06-15 13:00,32.105
2001-06-15 14:00,33.128
2001-06-15 15:00,34.4
2001-06-15 16:00,34.19
2001-06-15 17:00,33.985
2001-06-15 18:00,32.838
2001-06-15 19:00,31.688
2001-06-15 20:00,31.1
2001-06-15 21:00,30.565
2001-06-15 22:00,29.878
2001-06-15 23:00,29.335
2001-06-16 00:00,28.972
2001-06-16 01:00,28.74
2001-06-16 02:00,28.49
2001-06-16 03:00,28.218
2001-06-16 04:00,28.14
2001-06-16 05:00,28.222
2001-06-16 06:00,28.368
2001-06-16 07:00,28.785
2001-06-16 08:00,29.99
2001-06-16 09:00,30.553
2001-06-16 10:00,31.542
2001-06-16 11:00,33.402
2001-06-16 12:00,34.425
2001-06-16 13:00,35.73
2001-06-16 14:00,37.328
2001-06-16 15:00,37.24
2001-06-16 16:00,36.918
2001-06-16 17:00,36.32
2001-06-16 18:00,35.568
2001-06-16 19:00,34.168
2001-06-16 20:00,32.89
2001-06-16 21:00,31.465
2001-06-16 22:00,30.395
2001-06-16 23:00,30.138
2001-06-17 00:00,29.952
2001-06-17 01:00,29.922
2001-06-17 02:00,29.632
2001-06-17 03:00,27.668
2001-06-17 04:00,25.772
2001-06-17 05:00,24.518
2001-06-17 06:00,24.888
2001-06-17 07:00,25.268
2001-06-17 08:00,26.522
2001-06-17 09:00,29.078
2001-06-17 10:00,31.918
2001-06-17 11:00,32.788
2001-06-17 12:00,33.512
2001-06-17 13:00,34.158
2001-06-17 14:00,34.108
2001-06-17 15:00,33.562
2001-06-17 16:00,33.97
2001-06-17 17:00,33.368
2001-06-17 18:00,32.13
2001-06-17 19:00,31.072
2001-06-17 20:00,30.392
2001-06-17 21:00,29.842
2001-06-17 22:00,29.348
2001-06-17 23:00,28.895
2001-06-18 00:00,28.535
2001-06-18 01:00,28.378
2001-06-18 02:00,28.26
2001-06-18 03:00,28.06
2001-06-18 04:00,27.742
2001-06-18 05:00,27.222
2001-06-18 06:00,27.028
2001-06-18 07:00,27.992
2001-06-18 08:00,29.478
2001-06-18 09:00,31.127
2001-06-18 10:00,32.237
2001-06-18 11:00,33.043
2001-06-18 12:00,34.002
2001-06-18 13:00,35.33
2001-06-18 14:00,36.298
2001-06-18 15:00,36.53
2001-06-18 16:00,35.738
2001-06-18 17:00,35.148
2001-06-18 18:00,34.02
2001-06-18 19:00,32.43
2001-06-18 20:00,31.468
2001-06-18 21:00,30.642
2001-06-18 22:00,30.0
2001-06-18 23:00,29.585
2001-06-19 00:00,29.262
2001-06-19 01:00,29.132
2001-06-19 02:00,28.848
2001-06-19 03:00,28.515
2001-06-19 04:00,28.33
2001-06-19 05:00,27.958
2001-06-19 06:00,27.648
2001-06-19 07:00,27.915
2001-06-19 08:00,29.442
2001-06-19 09:00,31.148
2001-06-19 10:00,31.947
2001-06-19 11:00,33.452
2001-06-19 12:00,34.293
2001-06-19 13:00,35.548
2001-06-19 14:00,36.275
2001-06-19 15:00,36.725
2001-06-19 16:00,36.418
2001-06-19 17:00,35.677
2001-06-19 18:00,34.35
2001-06-19 19:00,32.732
2001-06-19 20:00,31.605
2001-06-19 21:00,30.79
2001-06-19 22:00,30.215
2001-06-19 23:00,29.775
2001-06-20 00:00,29.515
2001-06-20 01:00,29.305
2001-06-20 02:00,28.96
2001-06-20 03:00,28.742
2001-06-20 04:00,28.608
2001-06-20 05:00,28.295
2001-06-20 06:00,28.062
2001-06-20 07:00,28.925
2001-06-20 08:00,30.685
2001-06-20 09:00,32.03
2001-06-20 10:00,33.482
2001-06-20 11:00,34.208
2001-06-20 12:00,35.395
2001-06-20 13:00,35.848
2001-06-20 14:00,36.85
2001-06-20 15:00,36.585
2001-06-20 16:00,36.465
2001-06-20 17:00,35.675
2001-06-20 18:00,34.172
2001-06-20 19:00,32.52
2001-06-20 20:00,31.452
2001-06-20 21:00,30.662
2001-06-20 22:00,30.12
2001-06-20 23:00,29.685
2001-06-21 00:00,29.38
2001-06-21 01:00,29.148
2001-06-21 02:00,28.947
2001-06-21 03:00,28.545
2001-06-21 04:00,28.275
2001-06-21 05:00,27.94
2001-06-21 06:00,27.928
2001-06-21 07:00,28.488
2001-06-21 08:00,29.868
2001-06-21 09:00,31.948
2001-06-21 10:00,32.693
2001-06-21 11:00,32.468
2001-06-21 12:00,31.082
2001-06-21 13:00,33.575
2001-06-21 14:00,35.11
2001-06-21 15:00,35.005
2001-06-21 16:00,34.868
2001-06-21 17:00,34.731
2001-06-21 18:00,34.594
2001-06-21 19:00,34.458
2001-06-21 20:00,34.321
2001-06-21 21:00,34.184
2001-06-21 22:00,34.048
2001-06-21 23:00,33.911
2001-06-22 00:00,33.774
2001-06-22 01:00,33.637
2001-06-22 02:00,33.501
2001-06-22 03:00,33.364
2001-06-22 04:00,33.227
2001-06-22 05:00,33.091
2001-06-22 06:00,32.954
2001-06-22 07:00,32.817
2001-06-22 08:00,32.681
2001-06-22 09:00,32.544
2001-06-22 10:00,32.566
2001-06-22 11:00,33.745
2001-06-22 12:00,34.428
2001-06-22 13:00,33.2
2001-06-22 14:00,33.455
2001-06-22 15:00,33.822
2001-06-22 16:00,35.06
2001-06-22 17:00,35.088
2001-06-22 18:00,34.098
2001-06-22 19:00,32.19
2001-06-22 20:00,31.065
2001-06-22 21:00,30.332
2001-06-22 22:00,29.833
2001-06-22 23:00,29.295
2001-06-23 00:00,28.768
2001-06-23 01:00,28.16
2001-06-23 02:00,27.732
2001-06-23 03:00,27.558
2001-06-23 04:00,27.458
2001-06-23 05:00,27.17
2001-06-23 06:00,27.095
2001-06-23 07:00,28.58
2001-06-23 08:00,30.377
2001-06-23 09:00,31.78
2001-06-23 10:00,32.445
2001-06-23 11:00,33.938
2001-06-23 12:00,35.538
2001-06-23 13:00,36.543
2001-06-23 14:00,36.728
2001-06-23 15:00,36.465
2001-06-23 16:00,36.445
2001-06-23 17:00,35.758
2001-06-23 18:00,35.01
2001-06-23 19:00,33.375
2001-06-23 20:00,32.385
2001-06-23 21:00,31.498
2001-06-23 22:00,30.627
2001-06-23 23:00,30.198
2001-06-24 00:00,29.808
2001-06-24 01:00,29.53
2001-06-24 02:00,29.248
2001-06-24 03:00,28.845
2001-06-24 04:00,28.47
2001-06-24 05:00,28.3
2001-06-24 06:00,28.162
2001-06-24 07:00,28.7
2001-06-24 08:00,30.09
2001-06-24 09:00,31.548
2001-06-24 10:00,32.385
2001-06-24 11:00,34.075
2001-06-24 12:00,35.613
2001-06-24 13:00,35.588
2001-06-24 14:00,35.625
2001-06-24 15:00,33.91
2001-06-24 16:00,33.735
2001-06-24 17:00,31.303
2001-06-24 18:00,30.46
2001-06-24 19:00,30.852
2001-06-24 20:00,30.675
2001-06-24 21:00,30.627
2001-06-24 22:00,30.438
2001-06-24 23:00,30.125
2001-06-25 00:00,29.77
2001-06-25 01:00,29.452
2001-06-25 02:00,29.158
2001-06-25 03:00,28.65
2001-06-25 04:00,28.572
2001-06-25 05:00,28.592
2001-06-25 06:00,28.61
2001-06-25 07:00,29.47
2001-06-25 08:00,30.392
2001-06-25 09:00,31.8
2001-06-25 10:00,33.56
2001-06-25 11:00,35.012
2001-06-25 12:00,36.47
2001-06-25 13:00,36.702
2001-06-25 14:00,31.98
2001-06-25 15:00,27.132
2001-06-25 16:00,29.202
2001-06-25 17:00,31.385
2001-06-25 18:00,33.675
2001-06-25 19:00,32.758
2001-06-25 20:00,31.873
2001-06-25 21:00,31.095
2001-06-25 22:00,30.208
2001-06-25 23:00,29.592
2001-06-26 00:00,29.088
2001-06-26 01:00,28.795
2001-06-26 02:00,28.665
2001-06-26 03:00,28.418
2001-06-26 04:00,28.32
2001-06-26 05:00,28.152
2001-06-26 06:00,28.125
2001-06-26 07:00,28.708
2001-06-26 08:00,29.803
2001-06-26 09:00,31.788
2001-06-26 10:00,32.902
2001-06-26 11:00,34.37
2001-06-26 12:00,36.58
2001-06-26 13:00,37.855
2001-06-26 14:00,37.378
2001-06-26 15:00,37.01
2001-06-26 16:00,37.632
2001-06-26 17:00,37.53
2001-06-26 18:00,36.58
2001-06-26 19:00,34.09
2001-06-26 20:00,32.81
2001-06-26 21:00,31.788
2001-06-26 22:00,31.115
2001-06-26 23:00,30.442
2001-06-27 00:00,30.045
2001-06-27 01:00,29.612
2001-06-27 02:00,29.258
2001-06-27 03:00,28.988
2001-06-27 04:00,28.52
2001-06-27 05:00,28.228
2001-06-27 06:00,28.105
2001-06-27 07:00,29.318
2001-06-27 08:00,30.418
2001-06-27 09:00,31.598
2001-06-27 10:00,33.452
2001-06-27 11:00,35.532
2001-06-27 12:00,36.132
2001-06-27 13:00,36.805
2001-06-27 14:00,37.395
2001-06-27 15:00,37.888
2001-06-27 16:00,37.662
2001-06-27 17:00,37.472
2001-06-27 18:00,35.978
2001-06-27 19:00,34.67
2001-06-27 20:00,33.102
2001-06-27 21:00,31.932
2001-06-27 22:00,31.232
2001-06-27 23:00,30.642
2001-06-28 00:00,30.375
2001-06-28 01:00,30.115
2001-06-28 02:00,29.878
2001-06-28 03:00,29.715
2001-06-28 04:00,29.455
2001-06-28 05:00,28.89
2001-06-28 06:00,28.708
2001-06-28 07:00,29.985
2001-06-28 08:00,30.803
2001-06-28 09:00,32.535
2001-06-28 10:00,34.15
2001-06-28 11:00,35.582
2001-06-28 12:00,36.16
2001-06-28 13:00,36.972
2001-06-28 14:00,37.185
2001-06-28 15:00,36.795
2001-06-28 16:00,37.558
2001-06-28 17:00,37.7
2001-06-28 18:00,37.078
2001-06-28 19:00,35.128
2001-06-28 20:00,33.382
2001-06-28 21:00,32.022
2001-06-28 22:00,31.228
2001-06-28 23:00,30.72
2001-06-29 00:00,30.348
2001-06-29 01:00,30.16
2001-06-29 02:00,29.88
2001-06-29 03:00,29.55
2001-06-29 04:00,29.208
2001-06-29 05:00,28.998
2001-06-29 06:00,28.83
2001-06-29 07:00,29.515
2001-06-29 08:00,30.785
2001-06-29 09:00,32.312
2001-06-29 10:00,34.18
2001-06-29 11:00,35.14
2001-06-29 12:00,35.54
2001-06-29 13:00,37.46
2001-06-29 14:00,39.168
2001-06-29 15:00,39.16
2001-06-29 16:00,36.418
2001-06-29 17:00,37.502
2001-06-29 18:00,35.778
2001-06-29 19:00,34.535
2001-06-29 20:00,33.882
2001-06-29 21:00,32.685
2001-06-29 22:00,31.602
2001-06-29 23:00,30.868
2001-06-30 00:00,30.3
2001-06-30 01:00,30.028
2001-06-30 02:00,29.66
2001-06-30 03:00,29.478
2001-06-30 04:00,29.012
2001-06-30 05:00,28.77
2001-06-30 06:00,28.925
2001-06-30 07:00,29.328
2001-06-30 08:00,28.97
2001-06-30 09:00,28.755
2001-06-30 10:00,31.693
2001-06-30 11:00,34.002
2001-06-30 12:00,35.972
2001-06-30 13:00,37.298
2001-06-30 14:00,39.118
2001-06-30 15:00,38.91
2001-06-30 16:00,37.302
2001-06-30 17:00,34.045
2001-06-30 18:00,29.105
2001-06-30 19:00,28.97
2001-06-30 20:00,28.98
2001-06-30 21:00,28.792
2001-06-30 22:00,28.49
2001-06-30 23:00,28.245
2001-07-01 00:00,18.555
2001-07-01 01:00,18.668
2001-07-01 02:00,19.438
2001-07-01 03:00,19.618
2001-07-01 04:00,19.348
2001-07-01 05:00,18.095
2001-07-01 06:00,17.212
2001-07-01 07:00,17.662
2001-07-01 08:00,19.098
2001-07-01 09:00,21.792
2001-07-01 10:00,24.728
2001-07-01 11:00,26.902
2001-07-01 12:00,29.638
2001-07-01 13:00,31.468
2001-07-01 14:00,31.795
2001-07-01 15:00,32.17
2001-07-01 16:00,30.742
2001-07-01 17:00,28.93
2001-07-01 18:00,26.21
2001-07-01 19:00,24.335
2001-07-01 20:00,23.125
2001-07-01 21:00,22.718
2001-07-01 22:00,22.972
2001-07-01 23:00,21.792
2001-07-02 00:00,16.328
2001-07-02 01:00,15.715
2001-07-02 02:00,15.102
2001-07-02 03:00,14.79
2001-07-02 04:00,13.715
2001-07-02 05:00,13.512
2001-07-02 06:00,13.282
2001-07-02 07:00,14.092
2001-07-02 08:00,15.822
2001-07-02 09:00,19.518
2001-07-02 10:00,22.86
2001-07-02 11:00,25.425
2001-07-02 12:00,27.275
2001-07-02 13:00,28.702
2001-07-02 14:00,29.175
2001-07-02 15:00,29.402
2001-07-02 16:00,28.877
2001-07-02 17:00,27.202
2001-07-02 18:00,24.71
2001-07-02 19:00,22.16
2001-07-02 20:00,21.418
2001-07-02 21:00,20.475
2001-07-02 22:00,19.84
2001-07-02 23:00,19.89
2001-07-03 00:00,22.065
2001-07-03 01:00,20.558
2001-07-03 02:00,19.53
2001-07-03 03:00,18.428
2001-07-03 04:00,17.752
2001-07-03 05:00,16.872
2001-07-03 06:00,16.062
2001-07-03 07:00,15.94
2001-07-03 08:00,19.758
2001-07-03 09:00,25.232
2001-07-03 10:00,27.87
2001-07-03 11:00,29.145
2001-07-03 12:00,29.51
2001-07-03 13:00,30.672
2001-07-03 14:00,31.26
2001-07-03 15:00,32.16
2001-07-03 16:00,31.492
2001-07-03 17:00,31.315
2001-07-03 18:00,27.89
2001-07-03 19:00,23.478
2001-07-03 20:00,22.575
2001-07-03 21:00,21.12
2001-07-03 22:00,20.365
2001-07-03 23:00,19.012
2001-07-04 00:00,26.785
2001-07-04 01:00,25.505
2001-07-04 02:00,24.545
2001-07-04 03:00,23.83
2001-07-04 04:00,23.142
2001-07-04 05:00,22.345
2001-07-04 06:00,21.978
2001-07-04 07:00,22.98
2001-07-04 08:00,25.678
2001-07-04 09:00,29.282
2001-07-04 10:00,33.43
2001-07-04 11:00,35.51
2001-07-04 12:00,37.085
2001-07-04 13:00,38.555
2001-07-04 14:00,38.0
2001-07-04 15:00,38.105
2001-07-04 16:00,38.185
2001-07-04 17:00,37.315
2001-07-04 18:00,35.722
2001-07-04 19:00,31.352
2001-07-04 20:00,29.482
2001-07-04 21:00,29.672
2001-07-04 22:00,27.995
2001-07-04 23:00,26.562
2001-07-05 00:00,30.18
2001-07-05 01:00,29.372
2001-07-05 02:00,28.79
2001-07-05 03:00,28.065
2001-07-05 04:00,27.112
2001-07-05 05:00,26.692
2001-07-05 06:00,26.34
2001-07-05 07:00,28.287
2001-07-05 08:00,30.738
2001-07-05 09:00,33.215
2001-07-05 10:00,35.332
2001-07-05 11:00,37.32
2001-07-05 12:00,38.5
2001-07-05 13:00,40.122
2001-07-05 14:00,41.498
2001-07-05 15:00,42.785
2001-07-05 16:00,42.802
2001-07-05 17:00,42.043
2001-07-05 18:00,40.785
2001-07-05 19:00,37.362
2001-07-05 20:00,34.152
2001-07-05 21:00,32.318
2001-07-05 22:00,32.49
2001-07-05 23:00,31.485
2001-07-06 00:00,27.928
2001-07-06 01:00,27.912
2001-07-06 02:00,27.648
2001-07-06 03:00,27.518
2001-07-06 04:00,27.588
2001-07-06 05:00,27.712
2001-07-06 06:00,27.5
2001-07-06 07:00,25.6
2001-07-06 08:00,27.298
2001-07-06 09:00,29.012
2001-07-06 10:00,32.005
2001-07-06 11:00,32.715
2001-07-06 12:00,33.932
2001-07-06 13:00,35.515
2001-07-06 14:00,36.372
2001-07-06 15:00,36.875
2001-07-06 16:00,32.373
2001-07-06 17:00,32.315
2001-07-06 18:00,30.715
2001-07-06 19:00,29.89
2001-07-06 20:00,29.62
2001-07-06 21:00,29.055
2001-07-06 22:00,28.532
2001-07-06 23:00,27.978
2001-07-07 00:00,27.76
2001-07-07 01:00,27.625
2001-07-07 02:00,27.548
2001-07-07 03:00,27.705
2001-07-07 04:00,27.245
2001-07-07 05:00,27.008
2001-07-07 06:00,27.395
2001-07-07 07:00,27.578
2001-07-07 08:00,28.77
2001-07-07 09:00,29.752
2001-07-07 10:00,30.47
2001-07-07 11:00,30.195
2001-07-07 12:00,31.002
2001-07-07 13:00,32.865
2001-07-07 14:00,33.888
2001-07-07 15:00,31.965
2001-07-07 16:00,31.63
2001-07-07 17:00,29.975
2001-07-07 18:00,32.553
2001-07-07 19:00,30.518
2001-07-07 20:00,27.335
2001-07-07 21:00,26.94
2001-07-07 22:00,26.98
2001-07-07 23:00,27.102
2001-07-08 00:00,27.725
2001-07-08 01:00,27.705
2001-07-08 02:00,27.445
2001-07-08 03:00,27.192
2001-07-08 04:00,27.053
2001-07-08 05:00,27.185
2001-07-08 06:00,27.338
2001-07-08 07:00,27.625
2001-07-08 08:00,27.795
2001-07-08 09:00,28.18
2001-07-08 10:00,27.77
2001-07-08 11:00,27.432
2001-07-08 12:00,27.762
2001-07-08 13:00,28.225
2001-07-08 14:00,29.185
2001-07-08 15:00,31.2
2001-07-08 16:00,30.935
2001-07-08 17:00,28.74
2001-07-08 18:00,27.292
2001-07-08 19:00,27.015
2001-07-08 20:00,27.152
2001-07-08 21:00,27.51
2001-07-08 22:00,27.513
2001-07-08 23:00,27.528
2001-07-09 00:00,28.205
2001-07-09 01:00,27.768
2001-07-09 02:00,27.58
2001-07-09 03:00,27.518
2001-07-09 04:00,27.672
2001-07-09 05:00,27.675
2001-07-09 06:00,27.535
2001-07-09 07:00,27.778
2001-07-09 08:00,29.318
2001-07-09 09:00,31.158
2001-07-09 10:00,33.462
2001-07-09 11:00,35.207
2001-07-09 12:00,35.1
2001-07-09 13:00,34.982
2001-07-09 14:00,36.028
2001-07-09 15:00,36.115
2001-07-09 16:00,35.288
2001-07-09 17:00,34.12
2001-07-09 18:00,32.455
2001-07-09 19:00,30.295
2001-07-09 20:00,29.34
2001-07-09 21:00,28.697
2001-07-09 22:00,28.668
2001-07-09 23:00,28.455
2001-07-10 00:00,25.528
2001-07-10 01:00,25.35
2001-07-10 02:00,24.68
2001-07-10 03:00,24.405
2001-07-10 04:00,24.235
2001-07-10 05:00,23.47
2001-07-10 06:00,23.278
2001-07-10 07:00,24.038
2001-07-10 08:00,26.692
2001-07-10 09:00,30.008
2001-07-10 10:00,32.487
2001-07-10 11:00,34.92
2001-07-10 12:00,36.965
2001-07-10 13:00,37.62
2001-07-10 14:00,38.038
2001-07-10 15:00,38.142
2001-07-10 16:00,37.46
2001-07-10 17:00,36.13
2001-07-10 18:00,32.008
2001-07-10 19:00,28.568
2001-07-10 20:00,27.225
2001-07-10 21:00,26.373
2001-07-10 22:00,25.77
2001-07-10 23:00,25.552
2001-07-11 00:00,20.422
2001-07-11 01:00,19.4
2001-07-11 02:00,18.718
2001-07-11 03:00,18.482
2001-07-11 04:00,17.81
2001-07-11 05:00,17.572
2001-07-11 06:00,17.585
2001-07-11 07:00,18.3
2001-07-11 08:00,20.85
2001-07-11 09:00,25.992
2001-07-11 10:00,29.39
2001-07-11 11:00,31.74
2001-07-11 12:00,33.588
2001-07-11 13:00,34.5
2001-07-11 14:00,34.55
2001-07-11 15:00,34.212
2001-07-11 16:00,33.285
2001-07-11 17:00,31.235
2001-07-11 18:00,27.402
2001-07-11 19:00,24.31
2001-07-11 20:00,22.618
2001-07-11 21:00,22.858
2001-07-11 22:00,23.33
2001-07-11 23:00,21.438
2001-07-12 00:00,21.645
2001-07-12 01:00,19.872
2001-07-12 02:00,19.498
2001-07-12 03:00,19.015
2001-07-12 04:00,18.03
2001-07-12 05:00,17.575
2001-07-12 06:00,16.942
2001-07-12 07:00,16.88
2001-07-12 08:00,18.13
2001-07-12 09:00,22.775
2001-07-12 10:00,27.565
2001-07-12 11:00,30.805
2001-07-12 12:00,32.805
2001-07-12 13:00,34.183
2001-07-12 14:00,34.65
2001-07-12 15:00,34.755
2001-07-12 16:00,33.66
2001-07-12 17:00,31.73
2001-07-12 18:00,27.702
2001-07-12 19:00,24.45
2001-07-12 20:00,23.52
2001-07-12 21:00,23.522
2001-07-12 22:00,22.5
2001-07-12 23:00,21.965
2001-07-13 00:00,26.07
2001-07-13 01:00,26.055
2001-07-13 02:00,25.915
2001-07-13 03:00,25.89
2001-07-13 04:00,25.89
2001-07-13 05:00,25.795
2001-07-13 06:00,25.96
2001-07-13 07:00,26.285
2001-07-13 08:00,27.47
2001-07-13 09:00,29.68
2001-07-13 10:00,31.022
2001-07-13 11:00,32.718
2001-07-13 12:00,33.985
2001-07-13 13:00,34.54
2001-07-13 14:00,34.908
2001-07-13 15:00,35.39
2001-07-13 16:00,34.885
2001-07-13 17:00,33.512
2001-07-13 18:00,32.138
2001-07-13 19:00,30.605
2001-07-13 20:00,29.615
2001-07-13 21:00,29.058
2001-07-13 22:00,28.732
2001-07-13 23:00,28.318
2001-07-14 00:00,28.01
2001-07-14 01:00,27.595
2001-07-14 02:00,27.298
2001-07-14 03:00,27.102
2001-07-14 04:00,27.128
2001-07-14 05:00,27.02
2001-07-14 06:00,26.952
2001-07-14 07:00,27.44
2001-07-14 08:00,28.718
2001-07-14 09:00,30.412
2001-07-14 10:00,30.638
2001-07-14 11:00,32.58
2001-07-14 12:00,35.302
2001-07-14 13:00,36.44
2001-07-14 14:00,36.908
2001-07-14 15:00,36.14
2001-07-14 16:00,30.975
2001-07-14 17:00,30.42
2001-07-14 18:00,30.072
2001-07-14 19:00,29.127
2001-07-14 20:00,28.15
2001-07-14 21:00,27.908
2001-07-14 22:00,27.732
2001-07-14 23:00,27.518
2001-07-15 00:00,27.355
2001-07-15 01:00,27.285
2001-07-15 02:00,27.195
2001-07-15 03:00,27.082
2001-07-15 04:00,27.128
2001-07-15 05:00,27.125
2001-07-15 06:00,27.15
2001-07-15 07:00,27.5
2001-07-15 08:00,28.028
2001-07-15 09:00,29.23
2001-07-15 10:00,30.835
2001-07-15 11:00,33.13
2001-07-15 12:00,33.052
2001-07-15 13:00,33.48
2001-07-15 14:00,33.658
2001-07-15 15:00,34.268
2001-07-15 16:00,34.078
2001-07-15 17:00,33.272
2001-07-15 18:00,32.127
2001-07-15 19:00,31.358
2001-07-15 20:00,29.285
2001-07-15 21:00,25.908
2001-07-15 22:00,25.145
2001-07-15 23:00,25.225
2001-07-16 00:00,25.282
2001-07-16 01:00,25.7
2001-07-16 02:00,26.148
2001-07-16 03:00,26.38
2001-07-16 04:00,26.355
2001-07-16 05:00,26.4
2001-07-16 06:00,26.458
2001-07-16 07:00,26.662
2001-07-16 08:00,27.03
2001-07-16 09:00,28.132
2001-07-16 10:00,30.818
2001-07-16 11:00,31.82
2001-07-16 12:00,32.085
2001-07-16 13:00,32.67
2001-07-16 14:00,32.425
2001-07-16 15:00,33.535
2001-07-16 16:00,33.05
2001-07-16 17:00,33.232
2001-07-16 18:00,32.21
2001-07-16 19:00,31.132
2001-07-16 20:00,29.632
2001-07-16 21:00,29.048
2001-07-16 22:00,28.092
2001-07-16 23:00,27.152
2001-07-17 00:00,26.995
2001-07-17 01:00,26.985
2001-07-17 02:00,26.73
2001-07-17 03:00,26.74
2001-07-17 04:00,26.82
2001-07-17 05:00,26.795
2001-07-17 06:00,26.78
2001-07-17 07:00,27.42
2001-07-17 08:00,28.643
2001-07-17 09:00,29.07
2001-07-17 10:00,30.342
2001-07-17 11:00,31.512
2001-07-17 12:00,33.16
2001-07-17 13:00,33.612
2001-07-17 14:00,33.788
2001-07-17 15:00,34.652
2001-07-17 16:00,33.932
2001-07-17 17:00,32.355
2001-07-17 18:00,32.465
2001-07-17 19:00,30.688
2001-07-17 20:00,29.915
2001-07-17 21:00,29.5
2001-07-17 22:00,28.123
2001-07-17 23:00,28.018
2001-07-18 00:00,27.928
2001-07-18 01:00,27.838
2001-07-18 02:00,27.382
2001-07-18 03:00,26.992
2001-07-18 04:00,26.622
2001-07-18 05:00,26.498
2001-07-18 06:00,26.532
2001-07-18 07:00,28.412
2001-07-18 08:00,29.842
2001-07-18 09:00,31.265
2001-07-18 10:00,32.275
2001-07-18 11:00,33.223
2001-07-18 12:00,33.678
2001-07-18 13:00,34.378
2001-07-18 14:00,35.208
2001-07-18 15:00,34.713
2001-07-18 16:00,34.785
2001-07-18 17:00,33.595
2001-07-18 18:00,32.718
2001-07-18 19:00,31.275
2001-07-18 20:00,30.35
2001-07-18 21:00,29.448
2001-07-18 22:00,28.885
2001-07-18 23:00,28.328
2001-07-19 00:00,27.947
2001-07-19 01:00,27.705
2001-07-19 02:00,27.592
2001-07-19 03:00,27.5
2001-07-19 04:00,27.482
2001-07-19 05:00,27.24
2001-07-19 06:00,27.072
2001-07-19 07:00,27.265
2001-07-19 08:00,27.788
2001-07-19 09:00,29.35
2001-07-19 10:00,31.303
2001-07-19 11:00,32.938
2001-07-19 12:00,33.962
2001-07-19 13:00,35.132
2001-07-19 14:00,34.685
2001-07-19 15:00,35.058
2001-07-19 16:00,33.518
2001-07-19 17:00,33.475
2001-07-19 18:00,32.338
2001-07-19 19:00,31.11
2001-07-19 20:00,30.21
2001-07-19 21:00,29.602
2001-07-19 22:00,29.218
2001-07-19 23:00,28.94
2001-07-20 00:00,28.69
2001-07-20 01:00,28.412
2001-07-20 02:00,27.85
2001-07-20 03:00,27.59
2001-07-20 04:00,27.658
2001-07-20 05:00,27.447
2001-07-20 06:00,27.36
2001-07-20 07:00,28.055
2001-07-20 08:00,29.29
2001-07-20 09:00,30.635
2001-07-20 10:00,32.045
2001-07-20 11:00,33.022
2001-07-20 12:00,34.13
2001-07-20 13:00,34.575
2001-07-20 14:00,34.885
2001-07-20 15:00,35.875
2001-07-20 16:00,32.08
2001-07-20 17:00,32.358
2001-07-20 18:00,31.885
2001-07-20 19:00,30.512
2001-07-20 20:00,29.535
2001-07-20 21:00,29.135
2001-07-20 22:00,28.962
2001-07-20 23:00,28.835
2001-07-21 00:00,28.535
2001-07-21 01:00,28.242
2001-07-21 02:00,27.972
2001-07-21 03:00,27.742
2001-07-21 04:00,27.582
2001-07-21 05:00,27.398
2001-07-21 06:00,27.275
2001-07-21 07:00,27.475
2001-07-21 08:00,28.032
2001-07-21 09:00,29.268
2001-07-21 10:00,30.19
2001-07-21 11:00,32.13
2001-07-21 12:00,28.422
2001-07-21 13:00,29.222
2001-07-21 14:00,33.0
2001-07-21 15:00,33.75
2001-07-21 16:00,33.7
2001-07-21 17:00,33.382
2001-07-21 18:00,32.562
2001-07-21 19:00,30.935
2001-07-21 20:00,29.91
2001-07-21 21:00,29.21
2001-07-21 22:00,28.625
2001-07-21 23:00,28.132
2001-07-22 00:00,27.695
2001-07-22 01:00,27.52
2001-07-22 02:00,27.208
2001-07-22 03:00,27.08
2001-07-22 04:00,27.01
2001-07-22 05:00,26.942
2001-07-22 06:00,27.048
2001-07-22 07:00,27.62
2001-07-22 08:00,29.218
2001-07-22 09:00,30.52
2001-07-22 10:00,32.197
2001-07-22 11:00,33.62
2001-07-22 12:00,29.472
2001-07-22 13:00,31.502
2001-07-22 14:00,34.19
2001-07-22 15:00,34.822
2001-07-22 16:00,34.442
2001-07-22 17:00,34.23
2001-07-22 18:00,33.418
2001-07-22 19:00,31.99
2001-07-22 20:00,30.435
2001-07-22 21:00,29.452
2001-07-22 22:00,28.788
2001-07-22 23:00,28.58
2001-07-23 00:00,28.482
2001-07-23 01:00,28.218
2001-07-23 02:00,27.945
2001-07-23 03:00,27.67
2001-07-23 04:00,27.608
2001-07-23 05:00,27.452
2001-07-23 06:00,27.478
2001-07-23 07:00,28.105
2001-07-23 08:00,29.238
2001-07-23 09:00,30.412
2001-07-23 10:00,33.022
2001-07-23 11:00,33.952
2001-07-23 12:00,34.312
2001-07-23 13:00,34.48
2001-07-23 14:00,35.2
2001-07-23 15:00,35.935
2001-07-23 16:00,36.755
2001-07-23 17:00,34.878
2001-07-23 18:00,33.378
2001-07-23 19:00,31.865
2001-07-23 20:00,30.952
2001-07-23 21:00,30.112
2001-07-23 22:00,29.548
2001-07-23 23:00,29.095
2001-07-24 00:00,28.762
2001-07-24 01:00,28.61
2001-07-24 02:00,28.615
2001-07-24 03:00,28.522
2001-07-24 04:00,28.292
2001-07-24 05:00,26.943
2001-07-24 06:00,26.698
2001-07-24 07:00,25.332
2001-07-24 08:00,24.95
2001-07-24 09:00,25.675
2001-07-24 10:00,27.698
2001-07-24 11:00,29.89
2001-07-24 12:00,33.612
2001-07-24 13:00,35.598
2001-07-24 14:00,37.065
2001-07-24 15:00,36.835
2001-07-24 16:00,36.605
2001-07-24 17:00,33.218
2001-07-24 18:00,30.578
2001-07-24 19:00,29.832
2001-07-24 20:00,28.59
2001-07-24 21:00,27.275
2001-07-24 22:00,27.538
2001-07-24 23:00,27.98
2001-07-25 00:00,28.13
2001-07-25 01:00,28.08
2001-07-25 02:00,27.675
2001-07-25 03:00,27.195
2001-07-25 04:00,27.058
2001-07-25 05:00,27.135
2001-07-25 06:00,27.112
2001-07-25 07:00,27.47
2001-07-25 08:00,28.643
2001-07-25 09:00,29.643
2001-07-25 10:00,31.342
2001-07-25 11:00,32.6
2001-07-25 12:00,33.592
2001-07-25 13:00,35.348
2001-07-25 14:00,34.365
2001-07-25 15:00,31.22
2001-07-25 16:00,28.93
2001-07-25 17:00,27.392
2001-07-25 18:00,27.108
2001-07-25 19:00,27.22
2001-07-25 20:00,27.138
2001-07-25 21:00,27.185
2001-07-25 22:00,26.96
2001-07-25 23:00,26.795
2001-07-26 00:00,26.852
2001-07-26 01:00,26.725
2001-07-26 02:00,26.588
2001-07-26 03:00,26.39
2001-07-26 04:00,26.39
2001-07-26 05:00,26.285
2001-07-26 06:00,26.282
2001-07-26 07:00,27.482
2001-07-26 08:00,29.292
2001-07-26 09:00,29.79
2001-07-26 10:00,31.565
2001-07-26 11:00,32.207
2001-07-26 12:00,34.015
2001-07-26 13:00,34.948
2001-07-26 14:00,35.888
2001-07-26 15:00,35.945
2001-07-26 16:00,35.655
2001-07-26 17:00,35.08
2001-07-26 18:00,34.078
2001-07-26 19:00,31.452
2001-07-26 20:00,30.402
2001-07-26 21:00,29.468
2001-07-26 22:00,28.745
2001-07-26 23:00,28.48
2001-07-27 00:00,28.212
2001-07-27 01:00,27.908
2001-07-27 02:00,27.692
2001-07-27 03:00,27.255
2001-07-27 04:00,27.068
2001-07-27 05:00,26.788
2001-07-27 06:00,26.585
2001-07-27 07:00,27.32
2001-07-27 08:00,28.048
2001-07-27 09:00,29.205
2001-07-27 10:00,30.128
2001-07-27 11:00,31.72
2001-07-27 12:00,33.49
2001-07-27 13:00,34.62
2001-07-27 14:00,35.182
2001-07-27 15:00,34.735
2001-07-27 16:00,33.662
2001-07-27 17:00,32.485
2001-07-27 18:00,31.278
2001-07-27 19:00,31.222
2001-07-27 20:00,29.812
2001-07-27 21:00,29.127
2001-07-27 22:00,28.618
2001-07-27 23:00,28.373
2001-07-28 00:00,27.862
2001-07-28 01:00,27.682
2001-07-28 02:00,27.405
2001-07-28 03:00,27.168
2001-07-28 04:00,27.142
2001-07-28 05:00,26.932
2001-07-28 06:00,27.018
2001-07-28 07:00,27.732
2001-07-28 08:00,29.412
2001-07-28 09:00,31.2
2001-07-28 10:00,31.835
2001-07-28 11:00,34.315
2001-07-28 12:00,33.995
2001-07-28 13:00,35.088
2001-07-28 14:00,36.422
2001-07-28 15:00,36.915
2001-07-28 16:00,36.488
2001-07-28 17:00,35.562
2001-07-28 18:00,34.218
2001-07-28 19:00,31.82
2001-07-28 20:00,30.902
2001-07-28 21:00,30.09
2001-07-28 22:00,29.662
2001-07-28 23:00,28.665
2001-07-29 00:00,28.143
2001-07-29 01:00,28.28
2001-07-29 02:00,28.23
2001-07-29 03:00,28.328
2001-07-29 04:00,28.272
2001-07-29 05:00,27.982
2001-07-29 06:00,27.845
2001-07-29 07:00,28.272
2001-07-29 08:00,28.978
2001-07-29 09:00,29.96
2001-07-29 10:00,31.598
2001-07-29 11:00,33.76
2001-07-29 12:00,34.242
2001-07-29 13:00,35.76
2001-07-29 14:00,36.9
2001-07-29 15:00,37.805
2001-07-29 16:00,35.012
2001-07-29 17:00,33.265
2001-07-29 18:00,32.498
2001-07-29 19:00,30.768
2001-07-29 20:00,29.262
2001-07-29 21:00,29.092
2001-07-29 22:00,29.005
2001-07-29 23:00,28.892
2001-07-30 00:00,28.665
2001-07-30 01:00,28.3
2001-07-30 02:00,28.028
2001-07-30 03:00,27.745
2001-07-30 04:00,27.732
2001-07-30 05:00,27.798
2001-07-30 06:00,27.665
2001-07-30 07:00,27.72
2001-07-30 08:00,28.472
2001-07-30 09:00,29.838
2001-07-30 10:00,31.068
2001-07-30 11:00,33.695
2001-07-30 12:00,36.278
2001-07-30 13:00,37.252
2001-07-30 14:00,30.715
2001-07-30 15:00,26.3
2001-07-30 16:00,26.528
2001-07-30 17:00,27.055
2001-07-30 18:00,27.75
2001-07-30 19:00,27.435
2001-07-30 20:00,27.602
2001-07-30 21:00,27.668
2001-07-30 22:00,27.877
2001-07-30 23:00,27.932
2001-07-31 00:00,27.595
2001-07-31 01:00,27.27
2001-07-31 02:00,27.14
2001-07-31 03:00,27.112
2001-07-31 04:00,27.008
2001-07-31 05:00,26.882
2001-07-31 06:00,26.772
2001-07-31 07:00,27.325
2001-07-31 08:00,28.6
2001-07-31 09:00,30.118
2001-07-31 10:00,32.09
2001-07-31 11:00,32.672
2001-07-31 12:00,34.928
2001-07-31 13:00,35.83
2001-07-31 14:00,37.095
2001-07-31 15:00,36.792
2001-07-31 16:00,34.905
2001-07-31 17:00,33.56
2001-07-31 18:00,32.417
2001-07-31 19:00,30.67
2001-07-31 20:00,29.98
2001-07-31 21:00,29.522
2001-07-31 22:00,28.992
2001-07-31 23:00,28.395
2001-08-01 00:00,20.578
2001-08-01 01:00,19.78
2001-08-01 02:00,19.178
2001-08-01 03:00,18.822
2001-08-01 04:00,18.312
2001-08-01 05:00,17.79
2001-08-01 06:00,17.108
2001-08-01 07:00,16.705
2001-08-01 08:00,17.545
2001-08-01 09:00,19.235
2001-08-01 10:00,21.305
2001-08-01 11:00,24.465
2001-08-01 12:00,26.582
2001-08-01 13:00,27.623
2001-08-01 14:00,28.242
2001-08-01 15:00,28.362
2001-08-01 16:00,27.4
2001-08-01 17:00,25.97
2001-08-01 18:00,22.715
2001-08-01 19:00,20.572
2001-08-01 20:00,20.035
2001-08-01 21:00,20.27
2001-08-01 22:00,19.078
2001-08-01 23:00,17.33
2001-08-02 00:00,18.78
2001-08-02 01:00,17.588
2001-08-02 02:00,17.842
2001-08-02 03:00,17.375
2001-08-02 04:00,16.155
2001-08-02 05:00,16.79
2001-08-02 06:00,16.23
2001-08-02 07:00,15.265
2001-08-02 08:00,16.65
2001-08-02 09:00,19.935
2001-08-02 10:00,22.82
2001-08-02 11:00,24.828
2001-08-02 12:00,26.035
2001-08-02 13:00,27.132
2001-08-02 14:00,27.877
2001-08-02 15:00,28.298
2001-08-02 16:00,27.665
2001-08-02 17:00,26.712
2001-08-02 18:00,24.365
2001-08-02 19:00,21.553
2001-08-02 20:00,19.628
2001-08-02 21:00,19.005
2001-08-02 22:00,18.818
2001-08-02 23:00,17.512
2001-08-03 00:00,18.66
2001-08-03 01:00,18.53
2001-08-03 02:00,17.112
2001-08-03 03:00,16.39
2001-08-03 04:00,16.432
2001-08-03 05:00,15.452
2001-08-03 06:00,14.958
2001-08-03 07:00,14.897
2001-08-03 08:00,20.068
2001-08-03 09:00,24.728
2001-08-03 10:00,27.77
2001-08-03 11:00,29.798
2001-08-03 12:00,31.07
2001-08-03 13:00,32.335
2001-08-03 14:00,33.408
2001-08-03 15:00,33.682
2001-08-03 16:00,33.612
2001-08-03 17:00,33.08
2001-08-03 18:00,31.032
2001-08-03 19:00,26.328
2001-08-03 20:00,25.51
2001-08-03 21:00,24.06
2001-08-03 22:00,24.022
2001-08-03 23:00,22.978
2001-08-04 00:00,25.1
2001-08-04 01:00,24.06
2001-08-04 02:00,23.062
2001-08-04 03:00,22.38
2001-08-04 04:00,21.985
2001-08-04 05:00,21.33
2001-08-04 06:00,20.928
2001-08-04 07:00,21.968
2001-08-04 08:00,25.245
2001-08-04 09:00,28.748
2001-08-04 10:00,31.22
2001-08-04 11:00,33.18
2001-08-04 12:00,34.892
2001-08-04 13:00,36.082
2001-08-04 14:00,36.8
2001-08-04 15:00,37.44
2001-08-04 16:00,37.378
2001-08-04 17:00,36.905
2001-08-04 18:00,35.415
2001-08-04 19:00,32.472
2001-08-04 20:00,31.098
2001-08-04 21:00,28.988
2001-08-04 22:00,27.47
2001-08-04 23:00,26.398
2001-08-05 00:00,30.078
2001-08-05 01:00,29.075
2001-08-05 02:00,28.443
2001-08-05 03:00,27.972
2001-08-05 04:00,27.648
2001-08-05 05:00,27.145
2001-08-05 06:00,26.878
2001-08-05 07:00,28.152
2001-08-05 08:00,30.442
2001-08-05 09:00,32.832
2001-08-05 10:00,35.308
2001-08-05 11:00,39.372
2001-08-05 12:00,41.08
2001-08-05 13:00,42.605
2001-08-05 14:00,42.748
2001-08-05 15:00,42.535
2001-08-05 16:00,42.302
2001-08-05 17:00,41.59
2001-08-05 18:00,40.385
2001-08-05 19:00,36.705
2001-08-05 20:00,34.482
2001-08-05 21:00,33.933
2001-08-05 22:00,31.82
2001-08-05 23:00,30.89
2001-08-06 00:00,27.385
2001-08-06 01:00,27.22
2001-08-06 02:00,27.04
2001-08-06 03:00,26.815
2001-08-06 04:00,26.778
2001-08-06 05:00,26.815
2001-08-06 06:00,26.752
2001-08-06 07:00,27.33
2001-08-06 08:00,28.738
2001-08-06 09:00,30.78
2001-08-06 10:00,32.222
2001-08-06 11:00,33.885
2001-08-06 12:00,32.858
2001-08-06 13:00,32.472
2001-08-06 14:00,33.612
2001-08-06 15:00,31.627
2001-08-06 16:00,30.93
2001-08-06 17:00,30.25
2001-08-06 18:00,29.425
2001-08-06 19:00,29.172
2001-08-06 20:00,28.893
2001-08-06 21:00,28.29
2001-08-06 22:00,27.968
2001-08-06 23:00,27.755
2001-08-07 00:00,27.013
2001-08-07 01:00,27.013
2001-08-07 02:00,27.07
2001-08-07 03:00,27.0
2001-08-07 04:00,26.895
2001-08-07 05:00,26.752
2001-08-07 06:00,26.662
2001-08-07 07:00,27.485
2001-08-07 08:00,29.405
2001-08-07 09:00,30.202
2001-08-07 10:00,31.388
2001-08-07 11:00,32.72
2001-08-07 12:00,33.545
2001-08-07 13:00,33.062
2001-08-07 14:00,27.958
2001-08-07 15:00,32.575
2001-08-07 16:00,32.237
2001-08-07 17:00,32.452
2001-08-07 18:00,31.2
2001-08-07 19:00,30.385
2001-08-07 20:00,29.585
2001-08-07 21:00,29.028
2001-08-07 22:00,28.698
2001-08-07 23:00,28.345
2001-08-08 00:00,27.33
2001-08-08 01:00,27.162
2001-08-08 02:00,27.258
2001-08-08 03:00,27.19
2001-08-08 04:00,26.765
2001-08-08 05:00,26.28
2001-08-08 06:00,26.668
2001-08-08 07:00,27.24
2001-08-08 08:00,28.412
2001-08-08 09:00,29.028
2001-08-08 10:00,30.562
2001-08-08 11:00,28.54
2001-08-08 12:00,30.268
2001-08-08 13:00,31.28
2001-08-08 14:00,31.877
2001-08-08 15:00,29.558
2001-08-08 16:00,30.552
2001-08-08 17:00,28.23
2001-08-08 18:00,27.365
2001-08-08 19:00,27.262
2001-08-08 20:00,27.215
2001-08-08 21:00,27.03
2001-08-08 22:00,26.84
2001-08-08 23:00,26.92
2001-08-09 00:00,27.73
2001-08-09 01:00,27.822
2001-08-09 02:00,27.765
2001-08-09 03:00,27.475
2001-08-09 04:00,27.2
2001-08-09 05:00,27.138
2001-08-09 06:00,27.4
2001-08-09 07:00,27.932
2001-08-09 08:00,29.27
2001-08-09 09:00,31.232
2001-08-09 10:00,33.07
2001-08-09 11:00,34.175
2001-08-09 12:00,35.005
2001-08-09 13:00,36.335
2001-08-09 14:00,36.57
2001-08-09 15:00,36.648
2001-08-09 16:00,35.685
2001-08-09 17:00,34.702
2001-08-09 18:00,32.748
2001-08-09 19:00,30.462
2001-08-09 20:00,29.385
2001-08-09 21:00,28.822
2001-08-09 22:00,28.578
2001-08-09 23:00,28.54
2001-08-10 00:00,25.172
2001-08-10 01:00,24.738
2001-08-10 02:00,24.192
2001-08-10 03:00,23.535
2001-08-10 04:00,23.092
2001-08-10 05:00,22.798
2001-08-10 06:00,22.525
2001-08-10 07:00,23.193
2001-08-10 08:00,26.525
2001-08-10 09:00,29.845
2001-08-10 10:00,33.47
2001-08-10 11:00,35.838
2001-08-10 12:00,36.635
2001-08-10 13:00,37.095
2001-08-10 14:00,37.318
2001-08-10 15:00,37.402
2001-08-10 16:00,37.165
2001-08-10 17:00,35.69
2001-08-10 18:00,31.542
2001-08-10 19:00,28.612
2001-08-10 20:00,27.658
2001-08-10 21:00,26.775
2001-08-10 22:00,26.008
2001-08-10 23:00,25.35
2001-08-11 00:00,20.165
2001-08-11 01:00,21.022
2001-08-11 02:00,21.172
2001-08-11 03:00,19.22
2001-08-11 04:00,21.072
2001-08-11 05:00,19.68
2001-08-11 06:00,20.702
2001-08-11 07:00,21.13
2001-08-11 08:00,23.21
2001-08-11 09:00,26.705
2001-08-11 10:00,29.803
2001-08-11 11:00,32.038
2001-08-11 12:00,33.398
2001-08-11 13:00,33.97
2001-08-11 14:00,34.11
2001-08-11 15:00,33.817
2001-08-11 16:00,33.018
2001-08-11 17:00,30.725
2001-08-11 18:00,27.242
2001-08-11 19:00,25.71
2001-08-11 20:00,24.055
2001-08-11 21:00,22.312
2001-08-11 22:00,22.842
2001-08-11 23:00,22.678
2001-08-12 00:00,20.968
2001-08-12 01:00,21.145
2001-08-12 02:00,21.845
2001-08-12 03:00,21.368
2001-08-12 04:00,21.29
2001-08-12 05:00,20.25
2001-08-12 06:00,19.468
2001-08-12 07:00,18.8
2001-08-12 08:00,20.915
2001-08-12 09:00,25.052
2001-08-12 10:00,28.152
2001-08-12 11:00,30.71
2001-08-12 12:00,32.678
2001-08-12 13:00,34.285
2001-08-12 14:00,34.98
2001-08-12 15:00,34.865
2001-08-12 16:00,33.985
2001-08-12 17:00,31.558
2001-08-12 18:00,27.105
2001-08-12 19:00,24.212
2001-08-12 20:00,23.32
2001-08-12 21:00,23.245
2001-08-12 22:00,22.545
2001-08-12 23:00,22.02
2001-08-13 00:00,25.54
2001-08-13 01:00,25.85
2001-08-13 02:00,25.965
2001-08-13 03:00,25.903
2001-08-13 04:00,25.812
2001-08-13 05:00,25.8
2001-08-13 06:00,25.778
2001-08-13 07:00,25.107
2001-08-13 08:00,25.648
2001-08-13 09:00,25.712
2001-08-13 10:00,25.935
2001-08-13 11:00,26.148
2001-08-13 12:00,26.29
2001-08-13 13:00,26.232
2001-08-13 14:00,25.786
2001-08-13 15:00,26.358
2001-08-13 16:00,26.408
2001-08-13 17:00,26.498
2001-08-13 18:00,25.972
2001-08-13 19:00,26.208
2001-08-13 20:00,25.752
2001-08-13 21:00,25.665
2001-08-13 22:00,25.7
2001-08-13 23:00,25.598
2001-08-14 00:00,25.538
2001-08-14 01:00,25.512
2001-08-14 02:00,25.54
2001-08-14 03:00,25.45
2001-08-14 04:00,25.4
2001-08-14 05:00,25.5
2001-08-14 06:00,25.55
2001-08-14 07:00,25.68
2001-08-14 08:00,25.67
2001-08-14 09:00,25.725
2001-08-14 10:00,25.858
2001-08-14 11:00,26.095
2001-08-14 12:00,26.115
2001-08-14 13:00,25.672
2001-08-14 14:00,25.288
2001-08-14 15:00,25.575
2001-08-14 16:00,25.872
2001-08-14 17:00,25.965
2001-08-14 18:00,25.935
2001-08-14 19:00,25.68
2001-08-14 20:00,25.752
2001-08-14 21:00,25.822
2001-08-14 22:00,25.912
2001-08-14 23:00,26.088
2001-08-15 00:00,26.088
2001-08-15 01:00,26.018
2001-08-15 02:00,25.9
2001-08-15 03:00,25.782
2001-08-15 04:00,25.895
2001-08-15 05:00,25.99
2001-08-15 06:00,26.02
2001-08-15 07:00,26.238
2001-08-15 08:00,26.728
2001-08-15 09:00,26.9
2001-08-15 10:00,27.658
2001-08-15 11:00,27.408
2001-08-15 12:00,29.04
2001-08-15 13:00,24.828
2001-08-15 14:00,24.915
2001-08-15 15:00,25.03
2001-08-15 16:00,25.235
2001-08-15 17:00,25.535
2001-08-15 18:00,25.878
2001-08-15 19:00,25.92
2001-08-15 20:00,25.845
2001-08-15 21:00,25.932
2001-08-15 22:00,25.895
2001-08-15 23:00,26.07
2001-08-16 00:00,26.14
2001-08-16 01:00,26.14
2001-08-16 02:00,26.0
2001-08-16 03:00,25.838
2001-08-16 04:00,25.89
2001-08-16 05:00,25.982
2001-08-16 06:00,25.942
2001-08-16 07:00,26.068
2001-08-16 08:00,25.63
2001-08-16 09:00,26.228
2001-08-16 10:00,26.697
2001-08-16 11:00,27.54
2001-08-16 12:00,27.59
2001-08-16 13:00,26.838
2001-08-16 14:00,26.605
2001-08-16 15:00,27.565
2001-08-16 16:00,28.855
2001-08-16 17:00,28.575
2001-08-16 18:00,27.848
2001-08-16 19:00,26.36
2001-08-16 20:00,25.642
2001-08-16 21:00,25.478
2001-08-16 22:00,25.628
2001-08-16 23:00,25.765
2001-08-17 00:00,25.795
2001-08-17 01:00,25.892
2001-08-17 02:00,25.888
2001-08-17 03:00,25.885
2001-08-17 04:00,26.005
2001-08-17 05:00,25.99
2001-08-17 06:00,26.015
2001-08-17 07:00,26.12
2001-08-17 08:00,26.365
2001-08-17 09:00,26.932
2001-08-17 10:00,27.308
2001-08-17 11:00,28.03
2001-08-17 12:00,28.852
2001-08-17 13:00,28.278
2001-08-17 14:00,27.792
2001-08-17 15:00,29.125
2001-08-17 16:00,28.926
2001-08-17 17:00,28.322
2001-08-17 18:00,27.99
2001-08-17 19:00,27.105
2001-08-17 20:00,26.942
2001-08-17 21:00,26.855
2001-08-17 22:00,26.48
2001-08-17 23:00,25.918
2001-08-18 00:00,25.86
2001-08-18 01:00,25.585
2001-08-18 02:00,25.212
2001-08-18 03:00,24.66
2001-08-18 04:00,24.485
2001-08-18 05:00,24.422
2001-08-18 06:00,24.535
2001-08-18 07:00,25.205
2001-08-18 08:00,26.02
2001-08-18 09:00,26.228
2001-08-18 10:00,26.38
2001-08-18 11:00,26.398
2001-08-18 12:00,25.93
2001-08-18 13:00,25.938
2001-08-18 14:00,26.792
2001-08-18 15:00,27.525
2001-08-18 16:00,28.048
2001-08-18 17:00,27.522
2001-08-18 18:00,27.335
2001-08-18 19:00,27.148
2001-08-18 20:00,26.97
2001-08-18 21:00,26.162
2001-08-18 22:00,26.252
2001-08-18 23:00,26.315
2001-08-19 00:00,26.162
2001-08-19 01:00,26.112
2001-08-19 02:00,26.22
2001-08-19 03:00,26.333
2001-08-19 04:00,26.272
2001-08-19 05:00,26.088
2001-08-19 06:00,26.13
2001-08-19 07:00,26.535
2001-08-19 08:00,27.392
2001-08-19 09:00,28.86
2001-08-19 10:00,29.67
2001-08-19 11:00,30.245
2001-08-19 12:00,31.522
2001-08-19 13:00,32.165
2001-08-19 14:00,32.455
2001-08-19 15:00,33.03
2001-08-19 16:00,32.345
2001-08-19 17:00,28.36
2001-08-19 18:00,26.07
2001-08-19 19:00,26.278
2001-08-19 20:00,26.19
2001-08-19 21:00,26.115
2001-08-19 22:00,26.232
2001-08-19 23:00,26.28
2001-08-20 00:00,26.445
2001-08-20 01:00,26.532
2001-08-20 02:00,26.48
2001-08-20 03:00,26.345
2001-08-20 04:00,26.148
2001-08-20 05:00,26.11
2001-08-20 06:00,26.238
2001-08-20 07:00,26.542
2001-08-20 08:00,27.042
2001-08-20 09:00,27.425
2001-08-20 10:00,28.072
2001-08-20 11:00,29.125
2001-08-20 12:00,28.85
2001-08-20 13:00,30.042
2001-08-20 14:00,30.63
2001-08-20 15:00,31.06
2001-08-20 16:00,31.632
2001-08-20 17:00,30.362
2001-08-20 18:00,28.675
2001-08-20 19:00,26.792
2001-08-20 20:00,26.238
2001-08-20 21:00,26.188
2001-08-20 22:00,26.56
2001-08-20 23:00,26.708
2001-08-21 00:00,26.635
2001-08-21 01:00,26.505
2001-08-21 02:00,26.42
2001-08-21 03:00,26.452
2001-08-21 04:00,26.398
2001-08-21 05:00,26.515
2001-08-21 06:00,26.64
2001-08-21 07:00,26.965
2001-08-21 08:00,27.36
2001-08-21 09:00,27.755
2001-08-21 10:00,28.15
2001-08-21 11:00,28.545
2001-08-21 12:00,28.42
2001-08-21 13:00,28.278
2001-08-21 14:00,29.018
2001-08-21 15:00,30.35
2001-08-21 16:00,30.69
2001-08-21 17:00,29.73
2001-08-21 18:00,29.19
2001-08-21 19:00,10.826
2001-08-21 20:00,27.788
2001-08-21 21:00,27.575
2001-08-21 22:00,27.318
2001-08-21 23:00,27.16
2001-08-22 00:00,27.012
2001-08-22 01:00,26.952
2001-08-22 02:00,26.875
2001-08-22 03:00,26.64
2001-08-22 04:00,26.443
2001-08-22 05:00,26.308
2001-08-22 06:00,26.25
2001-08-22 07:00,26.388
2001-08-22 08:00,26.692
2001-08-22 09:00,27.112
2001-08-22 10:00,27.545
2001-08-22 11:00,27.77
2001-08-22 12:00,27.862
2001-08-22 13:00,27.68
2001-08-22 14:00,27.405
2001-08-22 15:00,27.362
2001-08-22 16:00,27.47
2001-08-22 17:00,27.31
2001-08-22 18:00,26.84
2001-08-22 19:00,26.62
2001-08-22 20:00,26.652
2001-08-22 21:00,26.602
2001-08-22 22:00,26.595
2001-08-22 23:00,26.562
2001-08-23 00:00,26.4
2001-08-23 01:00,26.208
2001-08-23 02:00,25.97
2001-08-23 03:00,25.865
2001-08-23 04:00,25.818
2001-08-23 05:00,25.305
2001-08-23 06:00,25.27
2001-08-23 07:00,25.2
2001-08-23 08:00,24.965
2001-08-23 09:00,25.408
2001-08-23 10:00,25.86
2001-08-23 11:00,26.17
2001-08-23 12:00,26.225
2001-08-23 13:00,26.678
2001-08-23 14:00,27.1
2001-08-23 15:00,27.03
2001-08-23 16:00,26.752
2001-08-23 17:00,26.45
2001-08-23 18:00,26.065
2001-08-23 19:00,25.482
2001-08-23 20:00,25.225
2001-08-23 21:00,25.22
2001-08-23 22:00,25.27
2001-08-23 23:00,25.375
2001-08-24 00:00,25.282
2001-08-24 01:00,25.135
2001-08-24 02:00,25.265
2001-08-24 03:00,25.392
2001-08-24 04:00,25.39
2001-08-24 05:00,25.432
2001-08-24 06:00,25.438
2001-08-24 07:00,25.702
2001-08-24 08:00,25.925
2001-08-24 09:00,26.22
2001-08-24 10:00,27.008
2001-08-24 11:00,27.465
2001-08-24 12:00,27.755
2001-08-24 13:00,28.595
2001-08-24 14:00,28.905
2001-08-24 15:00,28.258
2001-08-24 16:00,28.25
2001-08-24 17:00,27.862
2001-08-24 18:00,27.35
2001-08-24 19:00,26.475
2001-08-24 20:00,26.378
2001-08-24 21:00,26.385
2001-08-24 22:00,26.502
2001-08-24 23:00,26.745
2001-08-25 00:00,26.925
2001-08-25 01:00,26.842
2001-08-25 02:00,26.78
2001-08-25 03:00,26.295
2001-08-25 04:00,26.197
2001-08-25 05:00,26.348
2001-08-25 06:00,26.345
2001-08-25 07:00,26.992
2001-08-25 08:00,27.758
2001-08-25 09:00,28.842
2001-08-25 10:00,30.232
2001-08-25 11:00,30.335
2001-08-25 12:00,30.32
2001-08-25 13:00,31.012
2001-08-25 14:00,31.76
2001-08-25 15:00,29.642
2001-08-25 16:00,26.152
2001-08-25 17:00,27.86
2001-08-25 18:00,28.205
2001-08-25 19:00,27.175
2001-08-25 20:00,26.688
2001-08-25 21:00,26.365
2001-08-25 22:00,26.197
2001-08-25 23:00,25.952
2001-08-26 00:00,25.918
2001-08-26 01:00,25.892
2001-08-26 02:00,25.755
2001-08-26 03:00,25.582
2001-08-26 04:00,25.418
2001-08-26 05:00,25.288
2001-08-26 06:00,25.49
2001-08-26 07:00,25.952
2001-08-26 08:00,26.848
2001-08-26 09:00,28.5
2001-08-26 10:00,29.678
2001-08-26 11:00,30.26
2001-08-26 12:00,30.522
2001-08-26 13:00,31.882
2001-08-26 14:00,31.658
2001-08-26 15:00,31.222
2001-08-26 16:00,30.832
2001-08-26 17:00,28.808
2001-08-26 18:00,27.998
2001-08-26 19:00,27.578
2001-08-26 20:00,27.065
2001-08-26 21:00,26.925
2001-08-26 22:00,26.682
2001-08-26 23:00,26.362
2001-08-27 00:00,26.1
2001-08-27 01:00,25.902
2001-08-27 02:00,25.69
2001-08-27 03:00,25.642
2001-08-27 04:00,25.638
2001-08-27 05:00,25.735
2001-08-27 06:00,25.728
2001-08-27 07:00,26.08
2001-08-27 08:00,26.822
2001-08-27 09:00,28.022
2001-08-27 10:00,29.65
2001-08-27 11:00,30.8
2001-08-27 12:00,31.73
2001-08-27 13:00,32.487
2001-08-27 14:00,33.072
2001-08-27 15:00,32.237
2001-08-27 16:00,31.418
2001-08-27 17:00,30.082
2001-08-27 18:00,29.33
2001-08-27 19:00,28.082
2001-08-27 20:00,27.123
2001-08-27 21:00,26.652
2001-08-27 22:00,26.263
2001-08-27 23:00,26.105
2001-08-28 00:00,26.015
2001-08-28 01:00,26.025
2001-08-28 02:00,26.065
2001-08-28 03:00,26.048
2001-08-28 04:00,26.13
2001-08-28 05:00,26.065
2001-08-28 06:00,25.92
2001-08-28 07:00,26.762
2001-08-28 08:00,27.575
2001-08-28 09:00,28.305
2001-08-28 10:00,29.648
2001-08-28 11:00,30.667
2001-08-28 12:00,30.358
2001-08-28 13:00,31.068
2001-08-28 14:00,32.66
2001-08-28 15:00,31.675
2001-08-28 16:00,29.197
2001-08-28 17:00,27.11
2001-08-28 18:00,26.838
2001-08-28 19:00,26.922
2001-08-28 20:00,27.22
2001-08-28 21:00,27.142
2001-08-28 22:00,26.782
2001-08-28 23:00,26.342
2001-08-29 00:00,26.08
2001-08-29 01:00,26.1
2001-08-29 02:00,26.125
2001-08-29 03:00,26.095
2001-08-29 04:00,26.252
2001-08-29 05:00,26.32
2001-08-29 06:00,26.268
2001-08-29 07:00,26.365
2001-08-29 08:00,26.84
2001-08-29 09:00,27.468
2001-08-29 10:00,28.682
2001-08-29 11:00,28.9
2001-08-29 12:00,28.768
2001-08-29 13:00,30.23
2001-08-29 14:00,29.702
2001-08-29 15:00,29.295
2001-08-29 16:00,27.89
2001-08-29 17:00,26.822
2001-08-29 18:00,25.98
2001-08-29 19:00,25.925
2001-08-29 20:00,26.062
2001-08-29 21:00,25.32
2001-08-29 22:00,25.492
2001-08-29 23:00,25.632
2001-08-30 00:00,25.71
2001-08-30 01:00,25.695
2001-08-30 02:00,25.735
2001-08-30 03:00,25.842
2001-08-30 04:00,25.762
2001-08-30 05:00,25.595
2001-08-30 06:00,25.345
2001-08-30 07:00,25.252
2001-08-30 08:00,25.41
2001-08-30 09:00,25.285
2001-08-30 10:00,24.752
2001-08-30 11:00,24.555
2001-08-30 12:00,25.288
2001-08-30 13:00,25.845
2001-08-30 14:00,25.888
2001-08-30 15:00,25.858
2001-08-30 16:00,25.89
2001-08-30 17:00,26.08
2001-08-30 18:00,26.082
2001-08-30 19:00,25.858
2001-08-30 20:00,24.672
2001-08-30 21:00,24.768
2001-08-30 22:00,24.775
2001-08-30 23:00,24.935
2001-08-31 00:00,24.873
2001-08-31 01:00,24.64
2001-08-31 02:00,24.675
2001-08-31 03:00,24.638
2001-08-31 04:00,24.662
2001-08-31 05:00,24.815
2001-08-31 06:00,25.102
2001-08-31 07:00,25.462
2001-08-31 08:00,26.057
2001-08-31 09:00,27.345
2001-08-31 10:00,28.665
2001-08-31 11:00,29.965
2001-08-31 12:00,30.688
2001-08-31 13:00,29.932
2001-08-31 14:00,30.512
2001-08-31 15:00,31.918
2001-08-31 16:00,30.825
2001-08-31 17:00,31.008
2001-08-31 18:00,29.05
2001-08-31 19:00,26.105
2001-08-31 20:00,26.695
2001-08-31 21:00,26.838
2001-08-31 22:00,26.915
2001-08-31 23:00,26.79
2001-09-01 00:00,15.628
2001-09-01 01:00,14.302
2001-09-01 02:00,13.545
2001-09-01 03:00,12.985
2001-09-01 04:00,12.775
2001-09-01 05:00,13.072
2001-09-01 06:00,12.567
2001-09-01 07:00,12.258
2001-09-01 08:00,16.405
2001-09-01 09:00,17.898
2001-09-01 10:00,19.51
2001-09-01 11:00,21.305
2001-09-01 12:00,22.6
2001-09-01 13:00,23.893
2001-09-01 14:00,24.688
2001-09-01 15:00,24.68
2001-09-01 16:00,24.692
2001-09-01 17:00,23.19
2001-09-01 18:00,20.91
2001-09-01 19:00,18.542
2001-09-01 20:00,17.56
2001-09-01 21:00,16.71
2001-09-01 22:00,15.915
2001-09-01 23:00,16.548
2001-09-02 00:00,18.73
2001-09-02 01:00,18.058
2001-09-02 02:00,16.23
2001-09-02 03:00,16.922
2001-09-02 04:00,16.43
2001-09-02 05:00,16.157
2001-09-02 06:00,15.96
2001-09-02 07:00,16.37
2001-09-02 08:00,17.605
2001-09-02 09:00,20.055
2001-09-02 10:00,22.072
2001-09-02 11:00,23.725
2001-09-02 12:00,25.362
2001-09-02 13:00,26.488
2001-09-02 14:00,27.545
2001-09-02 15:00,27.898
2001-09-02 16:00,27.818
2001-09-02 17:00,27.185
2001-09-02 18:00,24.562
2001-09-02 19:00,21.488
2001-09-02 20:00,20.197
2001-09-02 21:00,19.085
2001-09-02 22:00,18.275
2001-09-02 23:00,17.145
2001-09-03 00:00,21.888
2001-09-03 01:00,21.16
2001-09-03 02:00,20.195
2001-09-03 03:00,20.085
2001-09-03 04:00,20.21
2001-09-03 05:00,18.768
2001-09-03 06:00,17.582
2001-09-03 07:00,17.738
2001-09-03 08:00,21.578
2001-09-03 09:00,26.208
2001-09-03 10:00,28.548
2001-09-03 11:00,30.642
2001-09-03 12:00,32.74
2001-09-03 13:00,33.418
2001-09-03 14:00,34.01
2001-09-03 15:00,34.832
2001-09-03 16:00,34.592
2001-09-03 17:00,32.828
2001-09-03 18:00,30.692
2001-09-03 19:00,27.44
2001-09-03 20:00,25.348
2001-09-03 21:00,23.93
2001-09-03 22:00,23.122
2001-09-03 23:00,22.2
2001-09-04 00:00,25.46
2001-09-04 01:00,24.54
2001-09-04 02:00,24.082
2001-09-04 03:00,23.415
2001-09-04 04:00,22.958
2001-09-04 05:00,22.45
2001-09-04 06:00,22.302
2001-09-04 07:00,23.242
2001-09-04 08:00,26.058
2001-09-04 09:00,30.19
2001-09-04 10:00,33.01
2001-09-04 11:00,35.218
2001-09-04 12:00,36.838
2001-09-04 13:00,38.49
2001-09-04 14:00,39.85
2001-09-04 15:00,40.07
2001-09-04 16:00,39.52
2001-09-04 17:00,38.425
2001-09-04 18:00,36.408
2001-09-04 19:00,32.765
2001-09-04 20:00,30.468
2001-09-04 21:00,28.668
2001-09-04 22:00,26.852
2001-09-04 23:00,26.622
2001-09-05 00:00,30.032
2001-09-05 01:00,29.23
2001-09-05 02:00,28.938
2001-09-05 03:00,28.568
2001-09-05 04:00,28.262
2001-09-05 05:00,27.713
2001-09-05 06:00,27.368
2001-09-05 07:00,28.548
2001-09-05 08:00,30.73
2001-09-05 09:00,33.712
2001-09-05 10:00,36.892
2001-09-05 11:00,38.598
2001-09-05 12:00,40.49
2001-09-05 13:00,41.99
2001-09-05 14:00,43.135
2001-09-05 15:00,42.72
2001-09-05 16:00,42.668
2001-09-05 17:00,41.695
2001-09-05 18:00,40.332
2001-09-05 19:00,37.742
2001-09-05 20:00,34.465
2001-09-05 21:00,32.9
2001-09-05 22:00,32.38
2001-09-05 23:00,31.142
2001-09-06 00:00,27.425
2001-09-06 01:00,27.258
2001-09-06 02:00,27.138
2001-09-06 03:00,27.1
2001-09-06 04:00,27.018
2001-09-06 05:00,26.885
2001-09-06 06:00,26.952
2001-09-06 07:00,27.888
2001-09-06 08:00,29.758
2001-09-06 09:00,31.322
2001-09-06 10:00,32.805
2001-09-06 11:00,34.368
2001-09-06 12:00,35.342
2001-09-06 13:00,35.605
2001-09-06 14:00,36.258
2001-09-06 15:00,36.28
2001-09-06 16:00,35.765
2001-09-06 17:00,35.652
2001-09-06 18:00,34.045
2001-09-06 19:00,31.585
2001-09-06 20:00,30.44
2001-09-06 21:00,29.652
2001-09-06 22:00,29.082
2001-09-06 23:00,28.592
2001-09-07 00:00,27.9
2001-09-07 01:00,27.605
2001-09-07 02:00,27.405
2001-09-07 03:00,27.268
2001-09-07 04:00,27.228
2001-09-07 05:00,27.08
2001-09-07 06:00,27.065
2001-09-07 07:00,27.805
2001-09-07 08:00,29.282
2001-09-07 09:00,29.947
2001-09-07 10:00,31.945
2001-09-07 11:00,30.118
2001-09-07 12:00,28.495
2001-09-07 13:00,30.025
2001-09-07 14:00,28.982
2001-09-07 15:00,33.53
2001-09-07 16:00,33.782
2001-09-07 17:00,32.962
2001-09-07 18:00,32.042
2001-09-07 19:00,30.762
2001-09-07 20:00,29.64
2001-09-07 21:00,29.04
2001-09-07 22:00,28.632
2001-09-07 23:00,28.39
2001-09-08 00:00,26.662
2001-09-08 01:00,26.35
2001-09-08 02:00,26.658
2001-09-08 03:00,26.715
2001-09-08 04:00,26.805
2001-09-08 05:00,26.76
2001-09-08 06:00,26.758
2001-09-08 07:00,26.972
2001-09-08 08:00,27.288
2001-09-08 09:00,28.28
2001-09-08 10:00,29.602
2001-09-08 11:00,30.735
2001-09-08 12:00,31.7
2001-09-08 13:00,32.155
2001-09-08 14:00,32.42
2001-09-08 15:00,32.868
2001-09-08 16:00,32.69
2001-09-08 17:00,31.515
2001-09-08 18:00,30.348
2001-09-08 19:00,29.218
2001-09-08 20:00,28.752
2001-09-08 21:00,26.175
2001-09-08 22:00,25.682
2001-09-08 23:00,25.832
2001-09-09 00:00,28.47
2001-09-09 01:00,28.01
2001-09-09 02:00,27.825
2001-09-09 03:00,27.725
2001-09-09 04:00,27.345
2001-09-09 05:00,27.18
2001-09-09 06:00,27.042
2001-09-09 07:00,27.4
2001-09-09 08:00,28.588
2001-09-09 09:00,31.47
2001-09-09 10:00,33.865
2001-09-09 11:00,35.588
2001-09-09 12:00,35.78
2001-09-09 13:00,37.21
2001-09-09 14:00,37.752
2001-09-09 15:00,37.118
2001-09-09 16:00,36.005
2001-09-09 17:00,34.548
2001-09-09 18:00,32.325
2001-09-09 19:00,30.508
2001-09-09 20:00,29.71
2001-09-09 21:00,29.305
2001-09-09 22:00,29.012
2001-09-09 23:00,28.568
2001-09-10 00:00,26.155
2001-09-10 01:00,24.932
2001-09-10 02:00,24.34
2001-09-10 03:00,24.04
2001-09-10 04:00,23.86
2001-09-10 05:00,24.26
2001-09-10 06:00,24.412
2001-09-10 07:00,25.108
2001-09-10 08:00,27.06
2001-09-10 09:00,29.442
2001-09-10 10:00,32.67
2001-09-10 11:00,35.06
2001-09-10 12:00,36.09
2001-09-10 13:00,37.24
2001-09-10 14:00,37.712
2001-09-10 15:00,36.968
2001-09-10 16:00,36.335
2001-09-10 17:00,34.695
2001-09-10 18:00,31.37
2001-09-10 19:00,29.492
2001-09-10 20:00,28.282
2001-09-10 21:00,27.532
2001-09-10 22:00,26.83
2001-09-10 23:00,25.882
2001-09-11 00:00,22.15
2001-09-11 01:00,21.303
2001-09-11 02:00,20.39
2001-09-11 03:00,18.858
2001-09-11 04:00,18.1
2001-09-11 05:00,18.432
2001-09-11 06:00,20.242
2001-09-11 07:00,20.352
2001-09-11 08:00,21.78
2001-09-11 09:00,26.358
2001-09-11 10:00,29.26
2001-09-11 11:00,31.565
2001-09-11 12:00,32.682
2001-09-11 13:00,33.6
2001-09-11 14:00,33.798
2001-09-11 15:00,33.432
2001-09-11 16:00,32.55
2001-09-11 17:00,30.438
2001-09-11 18:00,25.987
2001-09-11 19:00,24.395
2001-09-11 20:00,23.798
2001-09-11 21:00,22.25
2001-09-11 22:00,21.26
2001-09-11 23:00,20.668
2001-09-12 00:00,21.005
2001-09-12 01:00,19.295
2001-09-12 02:00,18.792
2001-09-12 03:00,19.01
2001-09-12 04:00,17.522
2001-09-12 05:00,17.518
2001-09-12 06:00,18.71
2001-09-12 07:00,18.512
2001-09-12 08:00,19.51
2001-09-12 09:00,23.995
2001-09-12 10:00,27.912
2001-09-12 11:00,30.52
2001-09-12 12:00,32.377
2001-09-12 13:00,33.793
2001-09-12 14:00,35.418
2001-09-12 15:00,35.025
2001-09-12 16:00,33.74
2001-09-12 17:00,30.553
2001-09-12 18:00,26.338
2001-09-12 19:00,25.42
2001-09-12 20:00,24.725
2001-09-12 21:00,24.155
2001-09-12 22:00,23.06
2001-09-12 23:00,22.085
2001-09-13 00:00,27.17
2001-09-13 01:00,27.02
2001-09-13 02:00,26.835
2001-09-13 03:00,27.25
2001-09-13 04:00,27.352
2001-09-13 05:00,27.265
2001-09-13 06:00,27.002
2001-09-13 07:00,27.608
2001-09-13 08:00,29.36
2001-09-13 09:00,30.285
2001-09-13 10:00,31.368
2001-09-13 11:00,32.108
2001-09-13 12:00,32.485
2001-09-13 13:00,33.5
2001-09-13 14:00,33.36
2001-09-13 15:00,32.558
2001-09-13 16:00,31.908
2001-09-13 17:00,31.05
2001-09-13 18:00,30.062
2001-09-13 19:00,29.332
2001-09-13 20:00,29.12
2001-09-13 21:00,28.738
2001-09-13 22:00,28.092
2001-09-13 23:00,27.873
2001-09-14 00:00,27.522
2001-09-14 01:00,27.11
2001-09-14 02:00,26.618
2001-09-14 03:00,26.32
2001-09-14 04:00,26.13
2001-09-14 05:00,26.145
2001-09-14 06:00,25.998
2001-09-14 07:00,26.132
2001-09-14 08:00,26.86
2001-09-14 09:00,28.25
2001-09-14 10:00,29.518
2001-09-14 11:00,31.03
2001-09-14 12:00,31.792
2001-09-14 13:00,33.062
2001-09-14 14:00,34.852
2001-09-14 15:00,33.245
2001-09-14 16:00,31.08
2001-09-14 17:00,30.462
2001-09-14 18:00,29.342
2001-09-14 19:00,28.495
2001-09-14 20:00,28.16
2001-09-14 21:00,27.402
2001-09-14 22:00,27.405
2001-09-14 23:00,27.222
2001-09-15 00:00,27.015
2001-09-15 01:00,26.67
2001-09-15 02:00,26.56
2001-09-15 03:00,26.432
2001-09-15 04:00,26.232
2001-09-15 05:00,26.078
2001-09-15 06:00,25.958
2001-09-15 07:00,26.202
2001-09-15 08:00,27.408
2001-09-15 09:00,28.885
2001-09-15 10:00,31.005
2001-09-15 11:00,32.2
2001-09-15 12:00,32.062
2001-09-15 13:00,32.55
2001-09-15 14:00,33.395
2001-09-15 15:00,33.652
2001-09-15 16:00,34.615
2001-09-15 17:00,33.972
2001-09-15 18:00,31.78
2001-09-15 19:00,30.142
2001-09-15 20:00,29.17
2001-09-15 21:00,29.085
2001-09-15 22:00,28.312
2001-09-15 23:00,27.938
2001-09-16 00:00,27.678
2001-09-16 01:00,27.352
2001-09-16 02:00,27.048
2001-09-16 03:00,26.868
2001-09-16 04:00,26.75
2001-09-16 05:00,26.85
2001-09-16 06:00,26.78
2001-09-16 07:00,27.332
2001-09-16 08:00,28.788
2001-09-16 09:00,30.715
2001-09-16 10:00,32.31
2001-09-16 11:00,33.495
2001-09-16 12:00,34.528
2001-09-16 13:00,34.518
2001-09-16 14:00,34.828
2001-09-16 15:00,30.622
2001-09-16 16:00,28.972
2001-09-16 17:00,28.175
2001-09-16 18:00,26.835
2001-09-16 19:00,26.77
2001-09-16 20:00,26.588
2001-09-16 21:00,26.498
2001-09-16 22:00,26.238
2001-09-16 23:00,26.475
2001-09-17 00:00,26.51
2001-09-17 01:00,26.585
2001-09-17 02:00,26.362
2001-09-17 03:00,26.362
2001-09-17 04:00,26.48
2001-09-17 05:00,26.588
2001-09-17 06:00,26.598
2001-09-17 07:00,27.03
2001-09-17 08:00,28.12
2001-09-17 09:00,29.19
2001-09-17 10:00,30.3
2001-09-17 11:00,31.29
2001-09-17 12:00,32.08
2001-09-17 13:00,32.502
2001-09-17 14:00,31.628
2001-09-17 15:00,31.11
2001-09-17 16:00,29.16
2001-09-17 17:00,25.495
2001-09-17 18:00,25.765
2001-09-17 19:00,25.682
2001-09-17 20:00,25.678
2001-09-17 21:00,25.812
2001-09-17 22:00,25.668
2001-09-17 23:00,25.873
2001-09-18 00:00,25.918
2001-09-18 01:00,26.055
2001-09-18 02:00,26.03
2001-09-18 03:00,26.105
2001-09-18 04:00,26.305
2001-09-18 05:00,26.478
2001-09-18 06:00,26.52
2001-09-18 07:00,26.755
2001-09-18 08:00,27.87
2001-09-18 09:00,29.652
2001-09-18 10:00,30.93
2001-09-18 11:00,33.465
2001-09-18 12:00,34.282
2001-09-18 13:00,33.485
2001-09-18 14:00,30.065
2001-09-18 15:00,25.348
2001-09-18 16:00,26.825
2001-09-18 17:00,26.98
2001-09-18 18:00,27.045
2001-09-18 19:00,26.94
2001-09-18 20:00,26.918
2001-09-18 21:00,26.718
2001-09-18 22:00,26.652
2001-09-18 23:00,26.7
2001-09-19 00:00,26.662
2001-09-19 01:00,26.595
2001-09-19 02:00,26.36
2001-09-19 03:00,26.345
2001-09-19 04:00,26.398
2001-09-19 05:00,26.42
2001-09-19 06:00,26.39
2001-09-19 07:00,26.615
2001-09-19 08:00,27.152
2001-09-19 09:00,28.405
2001-09-19 10:00,30.158
2001-09-19 11:00,33.04
2001-09-19 12:00,34.858
2001-09-19 13:00,35.408
2001-09-19 14:00,36.842
2001-09-19 15:00,36.19
2001-09-19 16:00,35.698
2001-09-19 17:00,34.215
2001-09-19 18:00,32.34
2001-09-19 19:00,30.74
2001-09-19 20:00,29.875
2001-09-19 21:00,29.825
2001-09-19 22:00,29.445
2001-09-19 23:00,28.352
2001-09-20 00:00,24.952
2001-09-20 01:00,23.458
2001-09-20 02:00,23.508
2001-09-20 03:00,23.672
2001-09-20 04:00,23.865
2001-09-20 05:00,24.155
2001-09-20 06:00,23.93
2001-09-20 07:00,24.512
2001-09-20 08:00,25.73
2001-09-20 09:00,27.852
2001-09-20 10:00,30.658
2001-09-20 11:00,32.188
2001-09-20 12:00,33.498
2001-09-20 13:00,34.065
2001-09-20 14:00,34.58
2001-09-20 15:00,35.095
2001-09-20 16:00,34.94
2001-09-20 17:00,33.985
2001-09-20 18:00,32.24
2001-09-20 19:00,27.458
2001-09-20 20:00,26.525
2001-09-20 21:00,26.53
2001-09-20 22:00,26.432
2001-09-20 23:00,26.498
2001-09-21 00:00,26.51
2001-09-21 01:00,26.388
2001-09-21 02:00,26.24
2001-09-21 03:00,26.155
2001-09-21 04:00,26.208
2001-09-21 05:00,26.053
2001-09-21 06:00,26.04
2001-09-21 07:00,26.74
2001-09-21 08:00,28.872
2001-09-21 09:00,31.635
2001-09-21 10:00,32.992
2001-09-21 11:00,34.14
2001-09-21 12:00,35.59
2001-09-21 13:00,36.15
2001-09-21 14:00,36.392
2001-09-21 15:00,36.615
2001-09-21 16:00,35.96
2001-09-21 17:00,35.4
2001-09-21 18:00,32.688
2001-09-21 19:00,31.468
2001-09-21 20:00,28.485
2001-09-21 21:00,27.195
2001-09-21 22:00,26.832
2001-09-21 23:00,26.515
2001-09-22 00:00,26.615
2001-09-22 01:00,26.332
2001-09-22 02:00,25.842
2001-09-22 03:00,25.638
2001-09-22 04:00,25.92
2001-09-22 05:00,25.832
2001-09-22 06:00,25.888
2001-09-22 07:00,26.127
2001-09-22 08:00,26.955
2001-09-22 09:00,28.318
2001-09-22 10:00,30.148
2001-09-22 11:00,33.308
2001-09-22 12:00,35.482
2001-09-22 13:00,35.508
2001-09-22 14:00,34.975
2001-09-22 15:00,35.66
2001-09-22 16:00,34.555
2001-09-22 17:00,32.99
2001-09-22 18:00,31.972
2001-09-22 19:00,31.02
2001-09-22 20:00,29.908
2001-09-22 21:00,28.987
2001-09-22 22:00,27.932
2001-09-22 23:00,27.245
2001-09-23 00:00,27.248
2001-09-23 01:00,27.145
2001-09-23 02:00,26.732
2001-09-23 03:00,26.682
2001-09-23 04:00,26.305
2001-09-23 05:00,26.135
2001-09-23 06:00,25.915
2001-09-23 07:00,25.925
2001-09-23 08:00,26.26
2001-09-23 09:00,26.56
2001-09-23 10:00,26.65
2001-09-23 11:00,26.762
2001-09-23 12:00,27.07
2001-09-23 13:00,27.092
2001-09-23 14:00,27.22
2001-09-23 15:00,27.112
2001-09-23 16:00,26.795
2001-09-23 17:00,26.958
2001-09-23 18:00,26.825
2001-09-23 19:00,26.44
2001-09-23 20:00,26.352
2001-09-23 21:00,26.32
2001-09-23 22:00,26.19
2001-09-23 23:00,25.422
2001-09-24 00:00,24.803
2001-09-24 01:00,24.69
2001-09-24 02:00,24.38
2001-09-24 03:00,24.588
2001-09-24 04:00,24.682
2001-09-24 05:00,24.828
2001-09-24 06:00,25.098
2001-09-24 07:00,25.562
2001-09-24 08:00,26.645
2001-09-24 09:00,27.818
2001-09-24 10:00,29.055
2001-09-24 11:00,30.858
2001-09-24 12:00,32.495
2001-09-24 13:00,34.0
2001-09-24 14:00,34.312
2001-09-24 15:00,34.18
2001-09-24 16:00,33.81
2001-09-24 17:00,33.075
2001-09-24 18:00,31.12
2001-09-24 19:00,29.492
2001-09-24 20:00,28.868
2001-09-24 21:00,28.22
2001-09-24 22:00,27.908
2001-09-24 23:00,27.658
2001-09-25 00:00,27.548
2001-09-25 01:00,27.555
2001-09-25 02:00,27.315
2001-09-25 03:00,27.23
2001-09-25 04:00,27.148
2001-09-25 05:00,27.085
2001-09-25 06:00,26.982
2001-09-25 07:00,27.212
2001-09-25 08:00,28.525
2001-09-25 09:00,30.322
2001-09-25 10:00,32.435
2001-09-25 11:00,32.978
2001-09-25 12:00,33.435
2001-09-25 13:00,33.74
2001-09-25 14:00,33.485
2001-09-25 15:00,33.438
2001-09-25 16:00,32.438
2001-09-25 17:00,31.628
2001-09-25 18:00,30.412
2001-09-25 19:00,29.271
2001-09-25 20:00,28.309
2001-09-25 21:00,27.798
2001-09-25 22:00,27.615
2001-09-25 23:00,27.402
2001-09-26 00:00,27.212
2001-09-26 01:00,26.858
2001-09-26 02:00,26.662
2001-09-26 03:00,26.768
2001-09-26 04:00,26.395
2001-09-26 05:00,25.888
2001-09-26 06:00,25.922
2001-09-26 07:00,26.182
2001-09-26 08:00,26.788
2001-09-26 09:00,27.52
2001-09-26 10:00,28.478
2001-09-26 11:00,29.965
2001-09-26 12:00,30.732
2001-09-26 13:00,31.87
2001-09-26 14:00,32.505
2001-09-26 15:00,32.095
2001-09-26 16:00,32.118
2001-09-26 17:00,31.082
2001-09-26 18:00,28.84
2001-09-26 19:00,27.428
2001-09-26 20:00,26.722
2001-09-26 21:00,26.402
2001-09-26 22:00,26.32
2001-09-26 23:00,26.088
2001-09-27 00:00,26.025
2001-09-27 01:00,25.69
2001-09-27 02:00,25.852
2001-09-27 03:00,26.018
2001-09-27 04:00,25.72
2001-09-27 05:00,25.678
2001-09-27 06:00,25.515
2001-09-27 07:00,25.632
2001-09-27 08:00,27.222
2001-09-27 09:00,29.645
2001-09-27 10:00,31.315
2001-09-27 11:00,32.972
2001-09-27 12:00,33.63
2001-09-27 13:00,33.242
2001-09-27 14:00,33.47
2001-09-27 15:00,33.308
2001-09-27 16:00,32.642
2001-09-27 17:00,31.592
2001-09-27 18:00,29.38
2001-09-27 19:00,27.475
2001-09-27 20:00,27.032
2001-09-27 21:00,26.772
2001-09-27 22:00,26.128
2001-09-27 23:00,25.97
2001-09-28 00:00,25.882
2001-09-28 01:00,25.428
2001-09-28 02:00,25.408
2001-09-28 03:00,25.225
2001-09-28 04:00,24.96
2001-09-28 05:00,24.882
2001-09-28 06:00,24.93
2001-09-28 07:00,25.52
2001-09-28 08:00,26.175
2001-09-28 09:00,26.732
2001-09-28 10:00,27.808
2001-09-28 11:00,30.43
2001-09-28 12:00,32.358
2001-09-28 13:00,33.56
2001-09-28 14:00,32.183
2001-09-28 15:00,31.13
2001-09-28 16:00,32.33
2001-09-28 17:00,30.428
2001-09-28 18:00,27.95
2001-09-28 19:00,27.16
2001-09-28 20:00,26.638
2001-09-28 21:00,26.31
2001-09-28 22:00,25.932
2001-09-28 23:00,25.48
2001-09-29 00:00,25.168
2001-09-29 01:00,24.875
2001-09-29 02:00,24.79
2001-09-29 03:00,24.775
2001-09-29 04:00,24.585
2001-09-29 05:00,24.405
2001-09-29 06:00,24.388
2001-09-29 07:00,24.882
2001-09-29 08:00,26.64
2001-09-29 09:00,29.042
2001-09-29 10:00,31.382
2001-09-29 11:00,33.162
2001-09-29 12:00,33.552
2001-09-29 13:00,35.652
2001-09-29 14:00,35.91
2001-09-29 15:00,35.848
2001-09-29 16:00,35.41
2001-09-29 17:00,33.332
2001-09-29 18:00,30.588
2001-09-29 19:00,28.568
2001-09-29 20:00,27.738
2001-09-29 21:00,27.358
2001-09-29 22:00,26.862
2001-09-29 23:00,26.63
2001-09-30 00:00,26.088
2001-09-30 01:00,25.532
2001-09-30 02:00,25.318
2001-09-30 03:00,25.11
2001-09-30 04:00,25.012
2001-09-30 05:00,24.803
2001-09-30 06:00,24.66
2001-09-30 07:00,25.085
2001-09-30 08:00,27.192
2001-09-30 09:00,30.285
2001-09-30 10:00,32.485
2001-09-30 11:00,34.172
2001-09-30 12:00,34.802
2001-09-30 13:00,35.65
2001-09-30 14:00,36.485
2001-09-30 15:00,36.548
2001-09-30 16:00,35.6
2001-09-30 17:00,33.683
2001-09-30 18:00,30.702
2001-09-30 19:00,28.685
2001-09-30 20:00,27.942
2001-09-30 21:00,27.55
2001-09-30 22:00,27.388
2001-09-30 23:00,27.018
2001-10-01 00:00,16.835
2001-10-01 01:00,16.125
2001-10-01 02:00,14.458
2001-10-01 03:00,14.21
2001-10-01 04:00,14.278
2001-10-01 05:00,12.375
2001-10-01 06:00,11.838
2001-10-01 07:00,13.715
2001-10-01 08:00,14.36
2001-10-01 09:00,16.042
2001-10-01 10:00,18.492
2001-10-01 11:00,20.328
2001-10-01 12:00,22.142
2001-10-01 13:00,23.67
2001-10-01 14:00,24.592
2001-10-01 15:00,25.278
2001-10-01 16:00,25.41
2001-10-01 17:00,24.535
2001-10-01 18:00,21.898
2001-10-01 19:00,19.882
2001-10-01 20:00,19.532
2001-10-01 21:00,19.122
2001-10-01 22:00,18.5
2001-10-01 23:00,18.395
2001-10-02 00:00,16.418
2001-10-02 01:00,15.538
2001-10-02 02:00,14.975
2001-10-02 03:00,15.528
2001-10-02 04:00,17.752
2001-10-02 05:00,17.83
2001-10-02 06:00,17.208
2001-10-02 07:00,16.965
2001-10-02 08:00,18.105
2001-10-02 09:00,19.425
2001-10-02 10:00,23.512
2001-10-02 11:00,25.818
2001-10-02 12:00,28.045
2001-10-02 13:00,29.5
2001-10-02 14:00,30.525
2001-10-02 15:00,31.065
2001-10-02 16:00,30.432
2001-10-02 17:00,28.97
2001-10-02 18:00,25.835
2001-10-02 19:00,23.415
2001-10-02 20:00,21.998
2001-10-02 21:00,21.608
2001-10-02 22:00,20.195
2001-10-02 23:00,19.828
2001-10-03 00:00,22.138
2001-10-03 01:00,21.485
2001-10-03 02:00,20.348
2001-10-03 03:00,20.307
2001-10-03 04:00,19.947
2001-10-03 05:00,19.545
2001-10-03 06:00,19.152
2001-10-03 07:00,19.162
2001-10-03 08:00,21.488
2001-10-03 09:00,24.365
2001-10-03 10:00,25.51
2001-10-03 11:00,26.565
2001-10-03 12:00,28.902
2001-10-03 13:00,29.838
2001-10-03 14:00,30.772
2001-10-03 15:00,31.31
2001-10-03 16:00,31.13
2001-10-03 17:00,30.275
2001-10-03 18:00,28.168
2001-10-03 19:00,25.622
2001-10-03 20:00,24.17
2001-10-03 21:00,23.568
2001-10-03 22:00,22.915
2001-10-03 23:00,22.23
2001-10-04 00:00,25.562
2001-10-04 01:00,24.68
2001-10-04 02:00,23.468
2001-10-04 03:00,23.232
2001-10-04 04:00,22.978
2001-10-04 05:00,22.61
2001-10-04 06:00,22.465
2001-10-04 07:00,23.515
2001-10-04 08:00,26.638
2001-10-04 09:00,31.065
2001-10-04 10:00,34.4
2001-10-04 11:00,36.85
2001-10-04 12:00,38.888
2001-10-04 13:00,41.108
2001-10-04 14:00,41.59
2001-10-04 15:00,41.75
2001-10-04 16:00,41.66
2001-10-04 17:00,40.785
2001-10-04 18:00,38.725
2001-10-04 19:00,33.868
2001-10-04 20:00,31.06
2001-10-04 21:00,29.41
2001-10-04 22:00,27.87
2001-10-04 23:00,27.97
2001-10-05 00:00,30.292
2001-10-05 01:00,28.84
2001-10-05 02:00,28.06
2001-10-05 03:00,27.43
2001-10-05 04:00,26.915
2001-10-05 05:00,26.618
2001-10-05 06:00,27.198
2001-10-05 07:00,29.862
2001-10-05 08:00,32.47
2001-10-05 09:00,35.36
2001-10-05 10:00,37.532
2001-10-05 11:00,38.898
2001-10-05 12:00,40.46
2001-10-05 13:00,40.708
2001-10-05 14:00,41.532
2001-10-05 15:00,41.98
2001-10-05 16:00,42.19
2001-10-05 17:00,41.325
2001-10-05 18:00,40.095
2001-10-05 19:00,37.27
2001-10-05 20:00,34.142
2001-10-05 21:00,33.772
2001-10-05 22:00,32.978
2001-10-05 23:00,31.715
2001-10-06 00:00,28.435
2001-10-06 01:00,28.14
2001-10-06 02:00,27.88
2001-10-06 03:00,27.89
2001-10-06 04:00,27.762
2001-10-06 05:00,27.43
2001-10-06 06:00,27.395
2001-10-06 07:00,28.3
2001-10-06 08:00,29.788
2001-10-06 09:00,31.882
2001-10-06 10:00,33.502
2001-10-06 11:00,34.978
2001-10-06 12:00,36.285
2001-10-06 13:00,37.17
2001-10-06 14:00,37.502
2001-10-06 15:00,37.822
2001-10-06 16:00,37.938
2001-10-06 17:00,37.255
2001-10-06 18:00,35.712
2001-10-06 19:00,32.995
2001-10-06 20:00,31.528
2001-10-06 21:00,30.36
2001-10-06 22:00,25.285
2001-10-06 23:00,24.05
2001-10-07 00:00,28.072
2001-10-07 01:00,27.742
2001-10-07 02:00,27.535
2001-10-07 03:00,27.44
2001-10-07 04:00,27.452
2001-10-07 05:00,27.362
2001-10-07 06:00,27.178
2001-10-07 07:00,27.857
2001-10-07 08:00,28.88
2001-10-07 09:00,29.955
2001-10-07 10:00,30.658
2001-10-07 11:00,32.035
2001-10-07 12:00,31.2
2001-10-07 13:00,33.405
2001-10-07 14:00,33.095
2001-10-07 15:00,32.065
2001-10-07 16:00,31.37
2001-10-07 17:00,31.532
2001-10-07 18:00,30.385
2001-10-07 19:00,29.458
2001-10-07 20:00,28.45
2001-10-07 21:00,28.232
2001-10-07 22:00,27.755
2001-10-07 23:00,27.373
2001-10-08 00:00,25.682
2001-10-08 01:00,25.228
2001-10-08 02:00,25.352
2001-10-08 03:00,25.615
2001-10-08 04:00,25.768
2001-10-08 05:00,25.798
2001-10-08 06:00,25.975
2001-10-08 07:00,26.47
2001-10-08 08:00,26.975
2001-10-08 09:00,27.525
2001-10-08 10:00,27.952
2001-10-08 11:00,28.435
2001-10-08 12:00,28.338
2001-10-08 13:00,27.695
2001-10-08 14:00,29.508
2001-10-08 15:00,31.165
2001-10-08 16:00,30.307
2001-10-08 17:00,31.245
2001-10-08 18:00,30.882
2001-10-08 19:00,29.455
2001-10-08 20:00,28.78
2001-10-08 21:00,27.872
2001-10-08 22:00,27.438
2001-10-08 23:00,27.332
2001-10-09 00:00,28.142
2001-10-09 01:00,28.165
2001-10-09 02:00,28.02
2001-10-09 03:00,27.812
2001-10-09 04:00,27.635
2001-10-09 05:00,27.495
2001-10-09 06:00,27.158
2001-10-09 07:00,27.715
2001-10-09 08:00,28.8
2001-10-09 09:00,32.078
2001-10-09 10:00,34.812
2001-10-09 11:00,36.49
2001-10-09 12:00,37.68
2001-10-09 13:00,38.228
2001-10-09 14:00,38.588
2001-10-09 15:00,37.683
2001-10-09 16:00,36.683
2001-10-09 17:00,35.125
2001-10-09 18:00,33.058
2001-10-09 19:00,31.798
2001-10-09 20:00,31.112
2001-10-09 21:00,30.77
2001-10-09 22:00,29.83
2001-10-09 23:00,28.77
2001-10-10 00:00,25.462
2001-10-10 01:00,24.78
2001-10-10 02:00,24.295
2001-10-10 03:00,23.952
2001-10-10 04:00,23.67
2001-10-10 05:00,23.28
2001-10-10 06:00,22.898
2001-10-10 07:00,23.615
2001-10-10 08:00,27.012
2001-10-10 09:00,30.445
2001-10-10 10:00,32.848
2001-10-10 11:00,35.18
2001-10-10 12:00,37.588
2001-10-10 13:00,38.222
2001-10-10 14:00,38.34
2001-10-10 15:00,37.09
2001-10-10 16:00,36.262
2001-10-10 17:00,34.605
2001-10-10 18:00,30.98
2001-10-10 19:00,28.73
2001-10-10 20:00,27.465
2001-10-10 21:00,26.572
2001-10-10 22:00,25.92
2001-10-10 23:00,25.972
2001-10-11 00:00,20.498
2001-10-11 01:00,19.162
2001-10-11 02:00,18.885
2001-10-11 03:00,20.655
2001-10-11 04:00,21.11
2001-10-11 05:00,19.61
2001-10-11 06:00,18.352
2001-10-11 07:00,18.358
2001-10-11 08:00,22.072
2001-10-11 09:00,25.438
2001-10-11 10:00,28.665
2001-10-11 11:00,31.045
2001-10-11 12:00,32.43
2001-10-11 13:00,33.08
2001-10-11 14:00,32.973
2001-10-11 15:00,33.255
2001-10-11 16:00,32.318
2001-10-11 17:00,30.06
2001-10-11 18:00,25.622
2001-10-11 19:00,24.792
2001-10-11 20:00,24.05
2001-10-11 21:00,22.815
2001-10-11 22:00,21.8
2001-10-11 23:00,20.218
2001-10-12 00:00,21.78
2001-10-12 01:00,20.185
2001-10-12 02:00,20.038
2001-10-12 03:00,19.145
2001-10-12 04:00,18.492
2001-10-12 05:00,18.125
2001-10-12 06:00,19.855
2001-10-12 07:00,19.47
2001-10-12 08:00,18.695
2001-10-12 09:00,21.972
2001-10-12 10:00,26.795
2001-10-12 11:00,30.235
2001-10-12 12:00,32.858
2001-10-12 13:00,33.842
2001-10-12 14:00,34.512
2001-10-12 15:00,34.658
2001-10-12 16:00,33.228
2001-10-12 17:00,30.725
2001-10-12 18:00,28.555
2001-10-12 19:00,27.532
2001-10-12 20:00,26.238
2001-10-12 21:00,24.835
2001-10-12 22:00,23.715
2001-10-12 23:00,22.495
2001-10-13 00:00,25.4
2001-10-13 01:00,25.248
2001-10-13 02:00,24.1
2001-10-13 03:00,23.445
2001-10-13 04:00,22.915
2001-10-13 05:00,22.675
2001-10-13 06:00,22.385
2001-10-13 07:00,23.005
2001-10-13 08:00,25.992
2001-10-13 09:00,29.83
2001-10-13 10:00,33.258
2001-10-13 11:00,34.38
2001-10-13 12:00,35.16
2001-10-13 13:00,36.445
2001-10-13 14:00,37.668
2001-10-13 15:00,37.51
2001-10-13 16:00,36.335
2001-10-13 17:00,33.508
2001-10-13 18:00,30.525
2001-10-13 19:00,28.94
2001-10-13 20:00,28.108
2001-10-13 21:00,27.97
2001-10-13 22:00,27.208
2001-10-13 23:00,26.693
2001-10-14 00:00,26.008
2001-10-14 01:00,25.57
2001-10-14 02:00,25.202
2001-10-14 03:00,25.255
2001-10-14 04:00,25.388
2001-10-14 05:00,25.305
2001-10-14 06:00,24.668
2001-10-14 07:00,25.322
2001-10-14 08:00,26.705
2001-10-14 09:00,29.715
2001-10-14 10:00,33.135
2001-10-14 11:00,34.89
2001-10-14 12:00,36.278
2001-10-14 13:00,37.48
2001-10-14 14:00,37.798
2001-10-14 15:00,36.892
2001-10-14 16:00,35.765
2001-10-14 17:00,33.748
2001-10-14 18:00,31.47
2001-10-14 19:00,30.398
2001-10-14 20:00,29.605
2001-10-14 21:00,29.025
2001-10-14 22:00,28.628
2001-10-14 23:00,28.09
2001-10-15 00:00,28.048
2001-10-15 01:00,27.91
2001-10-15 02:00,27.882
2001-10-15 03:00,27.902
2001-10-15 04:00,27.59
2001-10-15 05:00,26.732
2001-10-15 06:00,26.447
2001-10-15 07:00,27.068
2001-10-15 08:00,30.222
2001-10-15 09:00,32.655
2001-10-15 10:00,34.182
2001-10-15 11:00,35.285
2001-10-15 12:00,36.332
2001-10-15 13:00,36.878
2001-10-15 14:00,37.26
2001-10-15 15:00,37.428
2001-10-15 16:00,35.618
2001-10-15 17:00,34.082
2001-10-15 18:00,31.9
2001-10-15 19:00,31.172
2001-10-15 20:00,30.89
2001-10-15 21:00,30.38
2001-10-15 22:00,30.185
2001-10-15 23:00,30.212
2001-10-16 00:00,30.775
2001-10-16 01:00,30.378
2001-10-16 02:00,30.09
2001-10-16 03:00,29.748
2001-10-16 04:00,29.32
2001-10-16 05:00,28.918
2001-10-16 06:00,28.95
2001-10-16 07:00,29.032
2001-10-16 08:00,29.785
2001-10-16 09:00,32.382
2001-10-16 10:00,33.645
2001-10-16 11:00,34.498
2001-10-16 12:00,34.93
2001-10-16 13:00,35.495
2001-10-16 14:00,36.23
2001-10-16 15:00,36.032
2001-10-16 16:00,35.845
2001-10-16 17:00,34.823
2001-10-16 18:00,32.98
2001-10-16 19:00,31.44
2001-10-16 20:00,30.928
2001-10-16 21:00,30.258
2001-10-16 22:00,29.772
2001-10-16 23:00,29.72
2001-10-17 00:00,29.73
2001-10-17 01:00,29.642
2001-10-17 02:00,29.352
2001-10-17 03:00,29.11
2001-10-17 04:00,28.85
2001-10-17 05:00,28.59
2001-10-17 06:00,28.092
2001-10-17 07:00,28.328
2001-10-17 08:00,30.208
2001-10-17 09:00,32.51
2001-10-17 10:00,33.86
2001-10-17 11:00,35.048
2001-10-17 12:00,36.382
2001-10-17 13:00,37.048
2001-10-17 14:00,36.89
2001-10-17 15:00,37.465
2001-10-17 16:00,36.898
2001-10-17 17:00,33.96
2001-10-17 18:00,32.11
2001-10-17 19:00,30.548
2001-10-17 20:00,28.902
2001-10-17 21:00,28.698
2001-10-17 22:00,28.372
2001-10-17 23:00,28.198
2001-10-18 00:00,27.702
2001-10-18 01:00,26.885
2001-10-18 02:00,26.805
2001-10-18 03:00,26.652
2001-10-18 04:00,26.572
2001-10-18 05:00,26.322
2001-10-18 06:00,26.625
2001-10-18 07:00,27.053
2001-10-18 08:00,27.545
2001-10-18 09:00,28.318
2001-10-18 10:00,29.92
2001-10-18 11:00,32.298
2001-10-18 12:00,34.402
2001-10-18 13:00,34.185
2001-10-18 14:00,35.465
2001-10-18 15:00,35.468
2001-10-18 16:00,33.765
2001-10-18 17:00,32.608
2001-10-18 18:00,31.025
2001-10-18 19:00,29.718
2001-10-18 20:00,29.362
2001-10-18 21:00,28.985
2001-10-18 22:00,28.56
2001-10-18 23:00,28.135
2001-10-19 00:00,27.512
2001-10-19 01:00,27.048
2001-10-19 02:00,26.725
2001-10-19 03:00,26.495
2001-10-19 04:00,26.435
2001-10-19 05:00,26.2
2001-10-19 06:00,26.225
2001-10-19 07:00,26.42
2001-10-19 08:00,27.222
2001-10-19 09:00,28.602
2001-10-19 10:00,31.215
2001-10-19 11:00,32.59
2001-10-19 12:00,33.81
2001-10-19 13:00,34.582
2001-10-19 14:00,33.64
2001-10-19 15:00,31.71
2001-10-19 16:00,31.085
2001-10-19 17:00,30.385
2001-10-19 18:00,29.522
2001-10-19 19:00,28.88
2001-10-19 20:00,28.565
2001-10-19 21:00,28.392
2001-10-19 22:00,28.21
2001-10-19 23:00,27.935
2001-10-20 00:00,27.74
2001-10-20 01:00,27.472
2001-10-20 02:00,27.368
2001-10-20 03:00,27.11
2001-10-20 04:00,26.855
2001-10-20 05:00,26.805
2001-10-20 06:00,26.62
2001-10-20 07:00,26.705
2001-10-20 08:00,28.032
2001-10-20 09:00,30.295
2001-10-20 10:00,32.47
2001-10-20 11:00,34.55
2001-10-20 12:00,35.635
2001-10-20 13:00,35.75
2001-10-20 14:00,36.585
2001-10-20 15:00,36.792
2001-10-20 16:00,35.04
2001-10-20 17:00,33.875
2001-10-20 18:00,31.768
2001-10-20 19:00,30.232
2001-10-20 20:00,29.65
2001-10-20 21:00,29.292
2001-10-20 22:00,28.598
2001-10-20 23:00,28.272
2001-10-21 00:00,27.92
2001-10-21 01:00,27.468
2001-10-21 02:00,27.008
2001-10-21 03:00,26.745
2001-10-21 04:00,26.498
2001-10-21 05:00,26.265
2001-10-21 06:00,25.918
2001-10-21 07:00,26.182
2001-10-21 08:00,28.092
2001-10-21 09:00,30.16
2001-10-21 10:00,32.93
2001-10-21 11:00,34.78
2001-10-21 12:00,36.138
2001-10-21 13:00,36.578
2001-10-21 14:00,36.948
2001-10-21 15:00,36.462
2001-10-21 16:00,35.605
2001-10-21 17:00,34.28
2001-10-21 18:00,31.662
2001-10-21 19:00,30.285
2001-10-21 20:00,29.552
2001-10-21 21:00,29.022
2001-10-21 22:00,28.595
2001-10-21 23:00,28.398
2001-10-22 00:00,28.248
2001-10-22 01:00,28.128
2001-10-22 02:00,27.555
2001-10-22 03:00,27.095
2001-10-22 04:00,26.778
2001-10-22 05:00,26.678
2001-10-22 06:00,26.225
2001-10-22 07:00,26.348
2001-10-22 08:00,28.598
2001-10-22 09:00,31.415
2001-10-22 10:00,33.485
2001-10-22 11:00,35.422
2001-10-22 12:00,36.57
2001-10-22 13:00,37.482
2001-10-22 14:00,37.71
2001-10-22 15:00,37.562
2001-10-22 16:00,36.798
2001-10-22 17:00,35.148
2001-10-22 18:00,31.742
2001-10-22 19:00,29.298
2001-10-22 20:00,28.19
2001-10-22 21:00,27.495
2001-10-22 22:00,26.478
2001-10-22 23:00,25.978
2001-10-23 00:00,24.868
2001-10-23 01:00,24.61
2001-10-23 02:00,24.108
2001-10-23 03:00,23.488
2001-10-23 04:00,23.057
2001-10-23 05:00,22.398
2001-10-23 06:00,22.443
2001-10-23 07:00,22.875
2001-10-23 08:00,25.395
2001-10-23 09:00,29.068
2001-10-23 10:00,32.653
2001-10-23 11:00,35.302
2001-10-23 12:00,36.712
2001-10-23 13:00,37.55
2001-10-23 14:00,37.73
2001-10-23 15:00,37.41
2001-10-23 16:00,36.468
2001-10-23 17:00,34.332
2001-10-23 18:00,29.158
2001-10-23 19:00,26.288
2001-10-23 20:00,25.057
2001-10-23 21:00,23.685
2001-10-23 22:00,23.715
2001-10-23 23:00,23.118
2001-10-24 00:00,22.55
2001-10-24 01:00,22.185
2001-10-24 02:00,21.135
2001-10-24 03:00,19.93
2001-10-24 04:00,19.652
2001-10-24 05:00,19.292
2001-10-24 06:00,19.56
2001-10-24 07:00,19.75
2001-10-24 08:00,23.29
2001-10-24 09:00,27.742
2001-10-24 10:00,31.87
2001-10-24 11:00,34.578
2001-10-24 12:00,35.89
2001-10-24 13:00,36.54
2001-10-24 14:00,37.258
2001-10-24 15:00,36.97
2001-10-24 16:00,35.918
2001-10-24 17:00,33.545
2001-10-24 18:00,29.402
2001-10-24 19:00,26.67
2001-10-24 20:00,25.408
2001-10-24 21:00,24.675
2001-10-24 22:00,24.89
2001-10-24 23:00,24.038
2001-10-25 00:00,23.095
2001-10-25 01:00,22.02
2001-10-25 02:00,21.378
2001-10-25 03:00,21.185
2001-10-25 04:00,20.75
2001-10-25 05:00,20.215
2001-10-25 06:00,19.962
2001-10-25 07:00,20.798
2001-10-25 08:00,24.33
2001-10-25 09:00,28.05
2001-10-25 10:00,31.182
2001-10-25 11:00,34.17
2001-10-25 12:00,35.875
2001-10-25 13:00,36.815
2001-10-25 14:00,36.672
2001-10-25 15:00,35.925
2001-10-25 16:00,34.988
2001-10-25 17:00,33.122
2001-10-25 18:00,29.288
2001-10-25 19:00,27.02
2001-10-25 20:00,26.125
2001-10-25 21:00,25.95
2001-10-25 22:00,25.252
2001-10-25 23:00,24.06
2001-10-26 00:00,23.055
2001-10-26 01:00,22.432
2001-10-26 02:00,22.038
2001-10-26 03:00,21.76
2001-10-26 04:00,21.41
2001-10-26 05:00,21.045
2001-10-26 06:00,20.912
2001-10-26 07:00,20.947
2001-10-26 08:00,24.5
2001-10-26 09:00,28.11
2001-10-26 10:00,31.632
2001-10-26 11:00,33.7
2001-10-26 12:00,34.962
2001-10-26 13:00,35.755
2001-10-26 14:00,36.325
2001-10-26 15:00,36.11
2001-10-26 16:00,35.308
2001-10-26 17:00,33.472
2001-10-26 18:00,28.938
2001-10-26 19:00,27.24
2001-10-26 20:00,25.932
2001-10-26 21:00,25.125
2001-10-26 22:00,23.235
2001-10-26 23:00,23.005
2001-10-27 00:00,22.738
2001-10-27 01:00,22.23
2001-10-27 02:00,20.848
2001-10-27 03:00,21.41
2001-10-27 04:00,20.04
2001-10-27 05:00,19.258
2001-10-27 06:00,19.122
2001-10-27 07:00,19.652
2001-10-27 08:00,24.262
2001-10-27 09:00,28.642
2001-10-27 10:00,31.52
2001-10-27 11:00,33.548
2001-10-27 12:00,35.3
2001-10-27 13:00,35.98
2001-10-27 14:00,36.198
2001-10-27 15:00,36.445
2001-10-27 16:00,36.132
2001-10-27 17:00,33.772
2001-10-27 18:00,29.04
2001-10-27 19:00,27.098
2001-10-27 20:00,26.57
2001-10-27 21:00,25.408
2001-10-27 22:00,24.025
2001-10-27 23:00,22.708
2001-10-28 00:00,21.668
2001-10-28 01:00,21.325
2001-10-28 02:00,21.148
2001-10-28 03:00,20.68
2001-10-28 04:00,19.61
2001-10-28 05:00,19.348
2001-10-28 06:00,19.06
2001-10-28 07:00,20.11
2001-10-28 08:00,23.762
2001-10-28 09:00,27.702
2001-10-28 10:00,31.46
2001-10-28 11:00,33.982
2001-10-28 12:00,35.035
2001-10-28 13:00,35.97
2001-10-28 14:00,36.258
2001-10-28 15:00,36.422
2001-10-28 16:00,35.812
2001-10-28 17:00,32.748
2001-10-28 18:00,29.112
2001-10-28 19:00,28.278
2001-10-28 20:00,25.672
2001-10-28 21:00,25.28
2001-10-28 22:00,24.772
2001-10-28 23:00,23.745
2001-10-29 00:00,22.222
2001-10-29 01:00,21.502
2001-10-29 02:00,20.685
2001-10-29 03:00,21.127
2001-10-29 04:00,19.992
2001-10-29 05:00,19.348
2001-10-29 06:00,19.428
2001-10-29 07:00,19.992
2001-10-29 08:00,23.788
2001-10-29 09:00,28.54
2001-10-29 10:00,31.833
2001-10-29 11:00,33.62
2001-10-29 12:00,34.888
2001-10-29 13:00,35.598
2001-10-29 14:00,36.022
2001-10-29 15:00,35.84
2001-10-29 16:00,34.838
2001-10-29 17:00,32.535
2001-10-29 18:00,28.592
2001-10-29 19:00,26.16
2001-10-29 20:00,25.428
2001-10-29 21:00,25.39
2001-10-29 22:00,24.5
2001-10-29 23:00,24.418
2001-10-30 00:00,22.6
2001-10-30 01:00,21.055
2001-10-30 02:00,21.018
2001-10-30 03:00,21.74
2001-10-30 04:00,20.308
2001-10-30 05:00,20.332
2001-10-30 06:00,19.85
2001-10-30 07:00,19.898
2001-10-30 08:00,23.348
2001-10-30 09:00,28.118
2001-10-30 10:00,30.855
2001-10-30 11:00,33.108
2001-10-30 12:00,35.14
2001-10-30 13:00,34.855
2001-10-30 14:00,35.683
2001-10-30 15:00,35.79
2001-10-30 16:00,34.21
2001-10-30 17:00,32.288
2001-10-30 18:00,28.428
2001-10-30 19:00,27.065
2001-10-30 20:00,26.112
2001-10-30 21:00,25.807
2001-10-30 22:00,24.725
2001-10-30 23:00,24.395
2001-10-31 00:00,25.398
2001-10-31 01:00,23.665
2001-10-31 02:00,21.332
2001-10-31 03:00,20.553
2001-10-31 04:00,20.265
2001-10-31 05:00,19.732
2001-10-31 06:00,19.825
2001-10-31 07:00,20.443
2001-10-31 08:00,23.208
2001-10-31 09:00,27.702
2001-10-31 10:00,30.212
2001-10-31 11:00,32.008
2001-10-31 12:00,33.305
2001-10-31 13:00,34.13
2001-10-31 14:00,34.095
2001-10-31 15:00,34.108
2001-10-31 16:00,33.28
2001-10-31 17:00,31.155
2001-10-31 18:00,27.632
2001-10-31 19:00,25.975
2001-10-31 20:00,25.262
2001-10-31 21:00,24.028
2001-10-31 22:00,23.342
2001-10-31 23:00,23.188
2001-11-01 00:00,17.76
2001-11-01 01:00,16.935
2001-11-01 02:00,16.64
2001-11-01 03:00,16.618
2001-11-01 04:00,16.59
2001-11-01 05:00,16.175
2001-11-01 06:00,15.907
2001-11-01 07:00,13.572
2001-11-01 08:00,16.005
2001-11-01 09:00,18.152
2001-11-01 10:00,20.698
2001-11-01 11:00,23.01
2001-11-01 12:00,24.685
2001-11-01 13:00,26.422
2001-11-01 14:00,27.69
2001-11-01 15:00,28.59
2001-11-01 16:00,28.373
2001-11-01 17:00,27.352
2001-11-01 18:00,24.765
2001-11-01 19:00,22.35
2001-11-01 20:00,21.45
2001-11-01 21:00,20.53
2001-11-01 22:00,19.722
2001-11-01 23:00,19.64
2001-11-02 00:00,20.432
2001-11-02 01:00,20.688
2001-11-02 02:00,20.028
2001-11-02 03:00,18.648
2001-11-02 04:00,18.185
2001-11-02 05:00,17.412
2001-11-02 06:00,16.95
2001-11-02 07:00,16.575
2001-11-02 08:00,17.95
2001-11-02 09:00,22.94
2001-11-02 10:00,26.042
2001-11-02 11:00,28.682
2001-11-02 12:00,31.09
2001-11-02 13:00,32.102
2001-11-02 14:00,33.07
2001-11-02 15:00,33.998
2001-11-02 16:00,34.208
2001-11-02 17:00,33.108
2001-11-02 18:00,29.447
2001-11-02 19:00,26.208
2001-11-02 20:00,24.555
2001-11-02 21:00,23.885
2001-11-02 22:00,23.77
2001-11-02 23:00,22.77
2001-11-03 00:00,21.748
2001-11-03 01:00,20.978
2001-11-03 02:00,20.535
2001-11-03 03:00,19.788
2001-11-03 04:00,19.405
2001-11-03 05:00,18.93
2001-11-03 06:00,18.532
2001-11-03 07:00,18.525
2001-11-03 08:00,20.57
2001-11-03 09:00,23.553
2001-11-03 10:00,25.108
2001-11-03 11:00,26.285
2001-11-03 12:00,27.922
2001-11-03 13:00,29.075
2001-11-03 14:00,29.742
2001-11-03 15:00,29.83
2001-11-03 16:00,29.582
2001-11-03 17:00,28.998
2001-11-03 18:00,27.712
2001-11-03 19:00,25.195
2001-11-03 20:00,23.73
2001-11-03 21:00,24.058
2001-11-03 22:00,22.915
2001-11-03 23:00,22.5
2001-11-04 00:00,27.382
2001-11-04 01:00,25.303
2001-11-04 02:00,26.505
2001-11-04 03:00,25.34
2001-11-04 04:00,23.978
2001-11-04 05:00,23.162
2001-11-04 06:00,22.945
2001-11-04 07:00,24.008
2001-11-04 08:00,28.818
2001-11-04 09:00,33.228
2001-11-04 10:00,36.898
2001-11-04 11:00,39.578
2001-11-04 12:00,41.075
2001-11-04 13:00,42.378
2001-11-04 14:00,43.268
2001-11-04 15:00,43.29
2001-11-04 16:00,42.92
2001-11-04 17:00,41.932
2001-11-04 18:00,39.592
2001-11-04 19:00,35.258
2001-11-04 20:00,31.502
2001-11-04 21:00,30.05
2001-11-04 22:00,29.782
2001-11-04 23:00,28.502
2001-11-05 00:00,30.67
2001-11-05 01:00,29.885
2001-11-05 02:00,29.238
2001-11-05 03:00,28.59
2001-11-05 04:00,28.795
2001-11-05 05:00,28.825
2001-11-05 06:00,28.522
2001-11-05 07:00,29.475
2001-11-05 08:00,31.395
2001-11-05 09:00,33.312
2001-11-05 10:00,35.048
2001-11-05 11:00,36.635
2001-11-05 12:00,38.092
2001-11-05 13:00,39.11
2001-11-05 14:00,40.45
2001-11-05 15:00,41.092
2001-11-05 16:00,40.62
2001-11-05 17:00,40.142
2001-11-05 18:00,39.05
2001-11-05 19:00,36.548
2001-11-05 20:00,34.21
2001-11-05 21:00,32.838
2001-11-05 22:00,31.275
2001-11-05 23:00,30.262
2001-11-06 00:00,24.778
2001-11-06 01:00,24.402
2001-11-06 02:00,24.53
2001-11-06 03:00,24.728
2001-11-06 04:00,24.87
2001-11-06 05:00,24.842
2001-11-06 06:00,24.992
2001-11-06 07:00,25.375
2001-11-06 08:00,26.275
2001-11-06 09:00,27.822
2001-11-06 10:00,28.738
2001-11-06 11:00,29.582
2001-11-06 12:00,30.882
2001-11-06 13:00,33.46
2001-11-06 14:00,34.695
2001-11-06 15:00,35.8
2001-11-06 16:00,36.405
2001-11-06 17:00,35.543
2001-11-06 18:00,34.218
2001-11-06 19:00,32.1
2001-11-06 20:00,30.815
2001-11-06 21:00,30.105
2001-11-06 22:00,29.905
2001-11-06 23:00,29.225
2001-11-07 00:00,27.202
2001-11-07 01:00,27.208
2001-11-07 02:00,27.132
2001-11-07 03:00,26.952
2001-11-07 04:00,26.845
2001-11-07 05:00,26.665
2001-11-07 06:00,26.735
2001-11-07 07:00,27.652
2001-11-07 08:00,29.268
2001-11-07 09:00,30.212
2001-11-07 10:00,32.038
2001-11-07 11:00,32.335
2001-11-07 12:00,33.625
2001-11-07 13:00,30.795
2001-11-07 14:00,31.345
2001-11-07 15:00,31.112
2001-11-07 16:00,31.765
2001-11-07 17:00,31.245
2001-11-07 18:00,30.495
2001-11-07 19:00,29.408
2001-11-07 20:00,28.625
2001-11-07 21:00,27.572
2001-11-07 22:00,27.4
2001-11-07 23:00,27.532
2001-11-08 00:00,27.428
2001-11-08 01:00,27.38
2001-11-08 02:00,27.29
2001-11-08 03:00,27.168
2001-11-08 04:00,27.335
2001-11-08 05:00,27.322
2001-11-08 06:00,27.088
2001-11-08 07:00,27.6
2001-11-08 08:00,28.938
2001-11-08 09:00,29.925
2001-11-08 10:00,31.182
2001-11-08 11:00,31.618
2001-11-08 12:00,33.22
2001-11-08 13:00,32.52
2001-11-08 14:00,32.282
2001-11-08 15:00,30.485
2001-11-08 16:00,28.7
2001-11-08 17:00,29.155
2001-11-08 18:00,28.335
2001-11-08 19:00,28.002
2001-11-08 20:00,27.41
2001-11-08 21:00,25.898
2001-11-08 22:00,25.93
2001-11-08 23:00,25.925
2001-11-09 00:00,28.418
2001-11-09 01:00,27.828
2001-11-09 02:00,27.588
2001-11-09 03:00,27.158
2001-11-09 04:00,27.31
2001-11-09 05:00,27.145
2001-11-09 06:00,27.185
2001-11-09 07:00,27.538
2001-11-09 08:00,28.807
2001-11-09 09:00,30.138
2001-11-09 10:00,31.408
2001-11-09 11:00,32.868
2001-11-09 12:00,34.468
2001-11-09 13:00,35.98
2001-11-09 14:00,36.138
2001-11-09 15:00,34.302
2001-11-09 16:00,27.892
2001-11-09 17:00,24.905
2001-11-09 18:00,24.947
2001-11-09 19:00,25.288
2001-11-09 20:00,25.625
2001-11-09 21:00,25.422
2001-11-09 22:00,25.358
2001-11-09 23:00,25.542
2001-11-10 00:00,25.822
2001-11-10 01:00,25.09
2001-11-10 02:00,24.555
2001-11-10 03:00,24.238
2001-11-10 04:00,23.765
2001-11-10 05:00,23.215
2001-11-10 06:00,23.035
2001-11-10 07:00,23.568
2001-11-10 08:00,26.107
2001-11-10 09:00,29.368
2001-11-10 10:00,33.208
2001-11-10 11:00,35.162
2001-11-10 12:00,36.94
2001-11-10 13:00,36.863
2001-11-10 14:00,37.002
2001-11-10 15:00,36.405
2001-11-10 16:00,35.688
2001-11-10 17:00,33.482
2001-11-10 18:00,30.182
2001-11-10 19:00,28.312
2001-11-10 20:00,27.578
2001-11-10 21:00,27.33
2001-11-10 22:00,26.318
2001-11-10 23:00,25.935
2001-11-11 00:00,19.175
2001-11-11 01:00,18.265
2001-11-11 02:00,17.14
2001-11-11 03:00,16.732
2001-11-11 04:00,16.67
2001-11-11 05:00,17.368
2001-11-11 06:00,16.428
2001-11-11 07:00,16.4
2001-11-11 08:00,19.218
2001-11-11 09:00,24.772
2001-11-11 10:00,28.025
2001-11-11 11:00,30.405
2001-11-11 12:00,31.55
2001-11-11 13:00,32.308
2001-11-11 14:00,32.355
2001-11-11 15:00,32.112
2001-11-11 16:00,30.775
2001-11-11 17:00,28.125
2001-11-11 18:00,24.925
2001-11-11 19:00,23.258
2001-11-11 20:00,22.195
2001-11-11 21:00,22.988
2001-11-11 22:00,22.278
2001-11-11 23:00,20.688
2001-11-12 00:00,21.992
2001-11-12 01:00,21.678
2001-11-12 02:00,21.422
2001-11-12 03:00,21.263
2001-11-12 04:00,20.782
2001-11-12 05:00,20.618
2001-11-12 06:00,20.678
2001-11-12 07:00,20.858
2001-11-12 08:00,20.931
2001-11-12 09:00,21.079
2001-11-12 10:00,21.112
2001-11-12 11:00,20.822
2001-11-12 12:00,20.175
2001-11-12 13:00,20.122
2001-11-12 14:00,20.272
2001-11-12 15:00,20.768
2001-11-12 16:00,21.015
2001-11-12 17:00,20.972
2001-11-12 18:00,20.822
2001-11-12 19:00,20.812
2001-11-12 20:00,20.632
2001-11-12 21:00,20.475
2001-11-12 22:00,20.568
2001-11-12 23:00,20.5
2001-11-13 00:00,20.078
2001-11-13 01:00,18.995
2001-11-13 02:00,18.212
2001-11-13 03:00,16.985
2001-11-13 04:00,16.71
2001-11-13 05:00,16.84
2001-11-13 06:00,16.373
2001-11-13 07:00,16.608
2001-11-13 08:00,19.372
2001-11-13 09:00,25.06
2001-11-13 10:00,29.31
2001-11-13 11:00,31.495
2001-11-13 12:00,33.012
2001-11-13 13:00,33.932
2001-11-13 14:00,34.798
2001-11-13 15:00,34.212
2001-11-13 16:00,33.438
2001-11-13 17:00,31.588
2001-11-13 18:00,28.35
2001-11-13 19:00,25.852
2001-11-13 20:00,24.582
2001-11-13 21:00,25.342
2001-11-13 22:00,24.715
2001-11-13 23:00,24.69
2001-11-14 00:00,24.46
2001-11-14 01:00,22.172
2001-11-14 02:00,20.632
2001-11-14 03:00,20.378
2001-11-14 04:00,19.71
2001-11-14 05:00,20.54
2001-11-14 06:00,20.915
2001-11-14 07:00,20.62
2001-11-14 08:00,22.745
2001-11-14 09:00,27.408
2001-11-14 10:00,30.528
2001-11-14 11:00,32.438
2001-11-14 12:00,33.728
2001-11-14 13:00,34.778
2001-11-14 14:00,34.645
2001-11-14 15:00,35.452
2001-11-14 16:00,34.978
2001-11-14 17:00,32.64
2001-11-14 18:00,30.642
2001-11-14 19:00,28.15
2001-11-14 20:00,26.962
2001-11-14 21:00,26.018
2001-11-14 22:00,25.255
2001-11-14 23:00,24.77
2001-11-15 00:00,24.668
2001-11-15 01:00,24.748
2001-11-15 02:00,24.61
2001-11-15 03:00,24.832
2001-11-15 04:00,24.75
2001-11-15 05:00,24.245
2001-11-15 06:00,23.53
2001-11-15 07:00,23.065
2001-11-15 08:00,24.712
2001-11-15 09:00,27.585
2001-11-15 10:00,30.632
2001-11-15 11:00,32.872
2001-11-15 12:00,33.67
2001-11-15 13:00,34.68
2001-11-15 14:00,34.772
2001-11-15 15:00,34.48
2001-11-15 16:00,33.778
2001-11-15 17:00,32.255
2001-11-15 18:00,29.24
2001-11-15 19:00,27.308
2001-11-15 20:00,26.582
2001-11-15 21:00,25.598
2001-11-15 22:00,25.07
2001-11-15 23:00,24.278
2001-11-16 00:00,23.697
2001-11-16 01:00,23.877
2001-11-16 02:00,22.947
2001-11-16 03:00,22.895
2001-11-16 04:00,22.345
2001-11-16 05:00,22.05
2001-11-16 06:00,21.698
2001-11-16 07:00,21.815
2001-11-16 08:00,23.655
2001-11-16 09:00,27.468
2001-11-16 10:00,30.952
2001-11-16 11:00,32.725
2001-11-16 12:00,34.098
2001-11-16 13:00,35.095
2001-11-16 14:00,35.048
2001-11-16 15:00,34.96
2001-11-16 16:00,34.062
2001-11-16 17:00,32.177
2001-11-16 18:00,28.802
2001-11-16 19:00,27.282
2001-11-16 20:00,26.318
2001-11-16 21:00,25.395
2001-11-16 22:00,24.857
2001-11-16 23:00,24.452
2001-11-17 00:00,24.09
2001-11-17 01:00,24.28
2001-11-17 02:00,23.908
2001-11-17 03:00,23.312
2001-11-17 04:00,22.822
2001-11-17 05:00,22.242
2001-11-17 06:00,21.8
2001-11-17 07:00,22.062
2001-11-17 08:00,23.738
2001-11-17 09:00,27.205
2001-11-17 10:00,30.005
2001-11-17 11:00,32.53
2001-11-17 12:00,34.2
2001-11-17 13:00,35.498
2001-11-17 14:00,35.448
2001-11-17 15:00,34.988
2001-11-17 16:00,33.342
2001-11-17 17:00,31.145
2001-11-17 18:00,28.39
2001-11-17 19:00,26.798
2001-11-17 20:00,25.928
2001-11-17 21:00,25.49
2001-11-17 22:00,24.74
2001-11-17 23:00,23.838
2001-11-18 00:00,23.08
2001-11-18 01:00,22.798
2001-11-18 02:00,22.418
2001-11-18 03:00,21.642
2001-11-18 04:00,21.112
2001-11-18 05:00,20.738
2001-11-18 06:00,20.45
2001-11-18 07:00,20.348
2001-11-18 08:00,22.01
2001-11-18 09:00,25.74
2001-11-18 10:00,29.105
2001-11-18 11:00,31.55
2001-11-18 12:00,32.522
2001-11-18 13:00,33.238
2001-11-18 14:00,33.478
2001-11-18 15:00,33.06
2001-11-18 16:00,32.097
2001-11-18 17:00,30.745
2001-11-18 18:00,27.298
2001-11-18 19:00,26.085
2001-11-18 20:00,25.27
2001-11-18 21:00,24.488
2001-11-18 22:00,23.428
2001-11-18 23:00,22.492
2001-11-19 00:00,21.812
2001-11-19 01:00,20.95
2001-11-19 02:00,20.44
2001-11-19 03:00,19.445
2001-11-19 04:00,18.722
2001-11-19 05:00,18.062
2001-11-19 06:00,17.665
2001-11-19 07:00,17.225
2001-11-19 08:00,19.25
2001-11-19 09:00,23.528
2001-11-19 10:00,27.452
2001-11-19 11:00,28.908
2001-11-19 12:00,30.295
2001-11-19 13:00,30.693
2001-11-19 14:00,30.792
2001-11-19 15:00,31.158
2001-11-19 16:00,30.13
2001-11-19 17:00,28.58
2001-11-19 18:00,25.09
2001-11-19 19:00,23.192
2001-11-19 20:00,22.162
2001-11-19 21:00,21.16
2001-11-19 22:00,20.272
2001-11-19 23:00,19.762
2001-11-20 00:00,19.29
2001-11-20 01:00,18.45
2001-11-20 02:00,17.99
2001-11-20 03:00,17.902
2001-11-20 04:00,19.185
2001-11-20 05:00,19.408
2001-11-20 06:00,18.692
2001-11-20 07:00,18.402
2001-11-20 08:00,20.688
2001-11-20 09:00,24.935
2001-11-20 10:00,27.048
2001-11-20 11:00,28.888
2001-11-20 12:00,29.96
2001-11-20 13:00,31.155
2001-11-20 14:00,31.072
2001-11-20 15:00,30.928
2001-11-20 16:00,29.96
2001-11-20 17:00,28.005
2001-11-20 18:00,25.042
2001-11-20 19:00,23.36
2001-11-20 20:00,22.308
2001-11-20 21:00,21.33
2001-11-20 22:00,20.282
2001-11-20 23:00,19.492
2001-11-21 00:00,18.682
2001-11-21 01:00,17.74
2001-11-21 02:00,17.145
2001-11-21 03:00,16.665
2001-11-21 04:00,16.603
2001-11-21 05:00,16.698
2001-11-21 06:00,16.792
2001-11-21 07:00,16.887
2001-11-21 08:00,17.504
2001-11-21 09:00,20.365
2001-11-21 10:00,20.619
2001-11-21 11:00,20.872
2001-11-21 12:00,21.126
2001-11-21 13:00,21.379
2001-11-21 14:00,21.633
2001-11-21 15:00,21.887
2001-11-21 16:00,22.14
2001-11-21 17:00,22.394
2001-11-21 18:00,22.647
2001-11-21 19:00,22.901
2001-11-21 20:00,23.155
2001-11-21 21:00,23.408
2001-11-21 22:00,23.662
2001-11-21 23:00,23.915
2001-11-22 00:00,24.169
2001-11-22 01:00,24.423
2001-11-22 02:00,24.676
2001-11-22 03:00,24.93
2001-11-22 04:00,25.183
2001-11-22 05:00,25.437
2001-11-22 06:00,25.691
2001-11-22 07:00,25.944
2001-11-22 08:00,26.198
2001-11-22 09:00,26.451
2001-11-22 10:00,26.705
2001-11-22 11:00,27.77
2001-11-22 12:00,29.522
2001-11-22 13:00,30.91
2001-11-22 14:00,31.553
2001-11-22 15:00,32.392
2001-11-22 16:00,31.38
2001-11-22 17:00,29.23
2001-11-22 18:00,25.447
2001-11-22 19:00,23.745
2001-11-22 20:00,22.972
2001-11-22 21:00,22.6
2001-11-22 22:00,22.002
2001-11-22 23:00,20.398
2001-11-23 00:00,19.165
2001-11-23 01:00,18.032
2001-11-23 02:00,17.892
2001-11-23 03:00,18.792
2001-11-23 04:00,19.132
2001-11-23 05:00,17.778
2001-11-23 06:00,16.262
2001-11-23 07:00,15.63
2001-11-23 08:00,18.398
2001-11-23 09:00,23.96
2001-11-23 10:00,27.002
2001-11-23 11:00,29.46
2001-11-23 12:00,31.22
2001-11-23 13:00,32.568
2001-11-23 14:00,33.395
2001-11-23 15:00,32.968
2001-11-23 16:00,31.912
2001-11-23 17:00,29.83
2001-11-23 18:00,26.178
2001-11-23 19:00,23.94
2001-11-23 20:00,23.008
2001-11-23 21:00,22.522
2001-11-23 22:00,21.885
2001-11-23 23:00,20.425
2001-11-24 00:00,19.09
2001-11-24 01:00,18.352
2001-11-24 02:00,17.855
2001-11-24 03:00,16.94
2001-11-24 04:00,16.86
2001-11-24 05:00,16.485
2001-11-24 06:00,16.22
2001-11-24 07:00,16.177
2001-11-24 08:00,17.53
2001-11-24 09:00,21.708
2001-11-24 10:00,26.262
2001-11-24 11:00,29.162
2001-11-24 12:00,31.193
2001-11-24 13:00,32.792
2001-11-24 14:00,33.535
2001-11-24 15:00,33.2
2001-11-24 16:00,32.745
2001-11-24 17:00,30.72
2001-11-24 18:00,26.248
2001-11-24 19:00,24.002
2001-11-24 20:00,23.228
2001-11-24 21:00,22.89
2001-11-24 22:00,22.328
2001-11-24 23:00,21.12
2001-11-25 00:00,20.435
2001-11-25 01:00,20.505
2001-11-25 02:00,20.135
2001-11-25 03:00,20.208
2001-11-25 04:00,20.228
2001-11-25 05:00,20.225
2001-11-25 06:00,19.925
2001-11-25 07:00,20.188
2001-11-25 08:00,21.62
2001-11-25 09:00,23.975
2001-11-25 10:00,27.018
2001-11-25 11:00,29.32
2001-11-25 12:00,31.258
2001-11-25 13:00,32.035
2001-11-25 14:00,32.385
2001-11-25 15:00,32.71
2001-11-25 16:00,31.922
2001-11-25 17:00,29.945
2001-11-25 18:00,27.648
2001-11-25 19:00,26.555
2001-11-25 20:00,26.262
2001-11-25 21:00,25.875
2001-11-25 22:00,25.272
2001-11-25 23:00,24.565
2001-11-26 00:00,24.168
2001-11-26 01:00,23.638
2001-11-26 02:00,23.15
2001-11-26 03:00,22.102
2001-11-26 04:00,21.658
2001-11-26 05:00,20.65
2001-11-26 06:00,20.34
2001-11-26 07:00,20.11
2001-11-26 08:00,21.402
2001-11-26 09:00,24.12
2001-11-26 10:00,27.042
2001-11-26 11:00,28.88
2001-11-26 12:00,30.298
2001-11-26 13:00,30.908
2001-11-26 14:00,31.6
2001-11-26 15:00,30.99
2001-11-26 16:00,30.19
2001-11-26 17:00,28.828
2001-11-26 18:00,26.78
2001-11-26 19:00,25.228
2001-11-26 20:00,24.63
2001-11-26 21:00,23.963
2001-11-26 22:00,23.84
2001-11-26 23:00,23.13
2001-11-27 00:00,23.03
2001-11-27 01:00,22.078
2001-11-27 02:00,21.265
2001-11-27 03:00,20.258
2001-11-27 04:00,19.56
2001-11-27 05:00,18.693
2001-11-27 06:00,18.105
2001-11-27 07:00,18.13
2001-11-27 08:00,20.01
2001-11-27 09:00,22.095
2001-11-27 10:00,24.975
2001-11-27 11:00,26.838
2001-11-27 12:00,28.408
2001-11-27 13:00,29.148
2001-11-27 14:00,29.375
2001-11-27 15:00,29.48
2001-11-27 16:00,29.19
2001-11-27 17:00,27.978
2001-11-27 18:00,25.465
2001-11-27 19:00,23.787
2001-11-27 20:00,22.745
2001-11-27 21:00,22.365
2001-11-27 22:00,21.878
2001-11-27 23:00,20.258
2001-11-28 00:00,19.245
2001-11-28 01:00,19.042
2001-11-28 02:00,18.728
2001-11-28 03:00,17.888
2001-11-28 04:00,19.762
2001-11-28 05:00,19.25
2001-11-28 06:00,18.3
2001-11-28 07:00,16.898
2001-11-28 08:00,17.772
2001-11-28 09:00,22.408
2001-11-28 10:00,25.075
2001-11-28 11:00,26.88
2001-11-28 12:00,28.53
2001-11-28 13:00,29.708
2001-11-28 14:00,30.235
2001-11-28 15:00,30.292
2001-11-28 16:00,29.625
2001-11-28 17:00,28.26
2001-11-28 18:00,25.782
2001-11-28 19:00,23.718
2001-11-28 20:00,22.56
2001-11-28 21:00,22.198
2001-11-28 22:00,21.242
2001-11-28 23:00,20.595
2001-11-29 00:00,20.165
2001-11-29 01:00,19.16
2001-11-29 02:00,18.578
2001-11-29 03:00,18.32
2001-11-29 04:00,17.972
2001-11-29 05:00,17.938
2001-11-29 06:00,17.98
2001-11-29 07:00,18.478
2001-11-29 08:00,20.215
2001-11-29 09:00,24.89
2001-11-29 10:00,27.305
2001-11-29 11:00,28.93
2001-11-29 12:00,30.7
2001-11-29 13:00,32.043
2001-11-29 14:00,33.055
2001-11-29 15:00,33.562
2001-11-29 16:00,32.97
2001-11-29 17:00,31.282
2001-11-29 18:00,28.235
2001-11-29 19:00,27.032
2001-11-29 20:00,26.352
2001-11-29 21:00,25.365
2001-11-29 22:00,25.05
2001-11-29 23:00,24.132
2001-11-30 00:00,23.812
2001-11-30 01:00,23.37
2001-11-30 02:00,22.69
2001-11-30 03:00,22.568
2001-11-30 04:00,21.94
2001-11-30 05:00,21.388
2001-11-30 06:00,20.905
2001-11-30 07:00,20.877
2001-11-30 08:00,22.18
2001-11-30 09:00,25.592
2001-11-30 10:00,29.045
2001-11-30 11:00,31.022
2001-11-30 12:00,33.268
2001-11-30 13:00,34.67
2001-11-30 14:00,35.078
2001-11-30 15:00,34.525
2001-11-30 16:00,32.868
2001-11-30 17:00,31.31
2001-11-30 18:00,28.665
2001-11-30 19:00,27.197
2001-11-30 20:00,26.4
2001-11-30 21:00,25.902
2001-11-30 22:00,26.055
2001-11-30 23:00,25.615
2001-12-01 00:00,19.988
2001-12-01 01:00,19.788
2001-12-01 02:00,19.405
2001-12-01 03:00,19.138
2001-12-01 04:00,18.55
2001-12-01 05:00,18.245
2001-12-01 06:00,18.132
2001-12-01 07:00,17.88
2001-12-01 08:00,18.528
2001-12-01 09:00,20.955
2001-12-01 10:00,24.195
2001-12-01 11:00,26.425
2001-12-01 12:00,28.598
2001-12-01 13:00,30.512
2001-12-01 14:00,31.99
2001-12-01 15:00,32.408
2001-12-01 16:00,31.965
2001-12-01 17:00,30.68
2001-12-01 18:00,27.08
2001-12-01 19:00,25.068
2001-12-01 20:00,23.705
2001-12-01 21:00,22.265
2001-12-01 22:00,21.77
2001-12-01 23:00,21.255
2001-12-02 00:00,22.178
2001-12-02 01:00,20.775
2001-12-02 02:00,20.308
2001-12-02 03:00,19.67
2001-12-02 04:00,19.59
2001-12-02 05:00,18.995
2001-12-02 06:00,18.25
2001-12-02 07:00,17.662
2001-12-02 08:00,19.408
2001-12-02 09:00,24.228
2001-12-02 10:00,27.208
2001-12-02 11:00,29.475
2001-12-02 12:00,31.405
2001-12-02 13:00,32.862
2001-12-02 14:00,34.578
2001-12-02 15:00,34.925
2001-12-02 16:00,34.55
2001-12-02 17:00,32.667
2001-12-02 18:00,29.228
2001-12-02 19:00,26.512
2001-12-02 20:00,25.262
2001-12-02 21:00,24.385
2001-12-02 22:00,23.66
2001-12-02 23:00,23.345
2001-12-03 00:00,21.8
2001-12-03 01:00,20.205
2001-12-03 02:00,19.24
2001-12-03 03:00,18.055
2001-12-03 04:00,17.638
2001-12-03 05:00,17.248
2001-12-03 06:00,16.632
2001-12-03 07:00,16.152
2001-12-03 08:00,19.69
2001-12-03 09:00,22.848
2001-12-03 10:00,24.482
2001-12-03 11:00,25.9
2001-12-03 12:00,26.348
2001-12-03 13:00,27.798
2001-12-03 14:00,28.605
2001-12-03 15:00,29.438
2001-12-03 16:00,29.248
2001-12-03 17:00,28.642
2001-12-03 18:00,26.81
2001-12-03 19:00,22.088
2001-12-03 20:00,20.58
2001-12-03 21:00,20.11
2001-12-03 22:00,18.59
2001-12-03 23:00,17.725
2001-12-04 00:00,27.558
2001-12-04 01:00,26.432
2001-12-04 02:00,25.62
2001-12-04 03:00,26.888
2001-12-04 04:00,25.013
2001-12-04 05:00,23.665
2001-12-04 06:00,23.52
2001-12-04 07:00,24.575
2001-12-04 08:00,29.698
2001-12-04 09:00,35.758
2001-12-04 10:00,39.378
2001-12-04 11:00,40.71
2001-12-04 12:00,42.532
2001-12-04 13:00,43.658
2001-12-04 14:00,44.238
2001-12-04 15:00,44.302
2001-12-04 16:00,43.338
2001-12-04 17:00,42.148
2001-12-04 18:00,39.938
2001-12-04 19:00,34.038
2001-12-04 20:00,30.943
2001-12-04 21:00,30.135
2001-12-04 22:00,28.48
2001-12-04 23:00,27.755
2001-12-05 00:00,28.908
2001-12-05 01:00,28.695
2001-12-05 02:00,28.947
2001-12-05 03:00,28.6
2001-12-05 04:00,27.905
2001-12-05 05:00,27.538
2001-12-05 06:00,27.508
2001-12-05 07:00,28.702
2001-12-05 08:00,30.59
2001-12-05 09:00,32.948
2001-12-05 10:00,35.24
2001-12-05 11:00,37.128
2001-12-05 12:00,38.428
2001-12-05 13:00,39.298
2001-12-05 14:00,40.808
2001-12-05 15:00,41.058
2001-12-05 16:00,40.89
2001-12-05 17:00,41.198
2001-12-05 18:00,39.825
2001-12-05 19:00,37.322
2001-12-05 20:00,34.728
2001-12-05 21:00,32.77
2001-12-05 22:00,32.268
2001-12-05 23:00,31.725
2001-12-06 00:00,28.678
2001-12-06 01:00,28.262
2001-12-06 02:00,28.04
2001-12-06 03:00,27.825
2001-12-06 04:00,27.76
2001-12-06 05:00,27.98
2001-12-06 06:00,26.785
2001-12-06 07:00,25.75
2001-12-06 08:00,27.38
2001-12-06 09:00,31.092
2001-12-06 10:00,34.225
2001-12-06 11:00,35.988
2001-12-06 12:00,37.552
2001-12-06 13:00,37.375
2001-12-06 14:00,36.895
2001-12-06 15:00,35.725
2001-12-06 16:00,36.592
2001-12-06 17:00,36.552
2001-12-06 18:00,35.938
2001-12-06 19:00,34.545
2001-12-06 20:00,27.8
2001-12-06 21:00,24.83
2001-12-06 22:00,24.818
2001-12-06 23:00,24.87
2001-12-07 00:00,27.318
2001-12-07 01:00,27.172
2001-12-07 02:00,27.24
2001-12-07 03:00,27.272
2001-12-07 04:00,27.168
2001-12-07 05:00,27.01
2001-12-07 06:00,26.932
2001-12-07 07:00,27.22
2001-12-07 08:00,28.33
2001-12-07 09:00,29.745
2001-12-07 10:00,30.992
2001-12-07 11:00,30.392
2001-12-07 12:00,29.05
2001-12-07 13:00,31.685
2001-12-07 14:00,30.74
2001-12-07 15:00,31.365
2001-12-07 16:00,30.97
2001-12-07 17:00,30.672
2001-12-07 18:00,27.158
2001-12-07 19:00,26.182
2001-12-07 20:00,26.373
2001-12-07 21:00,26.322
2001-12-07 22:00,26.152
2001-12-07 23:00,26.055
2001-12-08 00:00,26.112
2001-12-08 01:00,26.11
2001-12-08 02:00,26.02
2001-12-08 03:00,26.332
2001-12-08 04:00,26.485
2001-12-08 05:00,26.522
2001-12-08 06:00,26.12
2001-12-08 07:00,26.47
2001-12-08 08:00,26.395
2001-12-08 09:00,26.045
2001-12-08 10:00,25.988
2001-12-08 11:00,26.178
2001-12-08 12:00,26.202
2001-12-08 13:00,26.148
2001-12-08 14:00,26.51
2001-12-08 15:00,27.715
2001-12-08 16:00,27.51
2001-12-08 17:00,27.055
2001-12-08 18:00,26.75
2001-12-08 19:00,26.342
2001-12-08 20:00,26.148
2001-12-08 21:00,25.642
2001-12-08 22:00,25.262
2001-12-08 23:00,25.398
2001-12-09 00:00,25.65
2001-12-09 01:00,25.775
2001-12-09 02:00,25.822
2001-12-09 03:00,25.822
2001-12-09 04:00,25.8
2001-12-09 05:00,25.632
2001-12-09 06:00,25.702
2001-12-09 07:00,26.115
2001-12-09 08:00,27.322
2001-12-09 09:00,29.035
2001-12-09 10:00,32.028
2001-12-09 11:00,33.662
2001-12-09 12:00,35.025
2001-12-09 13:00,35.652
2001-12-09 14:00,37.358
2001-12-09 15:00,35.215
2001-12-09 16:00,34.885
2001-12-09 17:00,33.628
2001-12-09 18:00,32.135
2001-12-09 19:00,29.398
2001-12-09 20:00,28.6
2001-12-09 21:00,28.25
2001-12-09 22:00,27.885
2001-12-09 23:00,27.37
2001-12-10 00:00,25.082
2001-12-10 01:00,25.002
2001-12-10 02:00,25.402
2001-12-10 03:00,25.072
2001-12-10 04:00,24.912
2001-12-10 05:00,23.858
2001-12-10 06:00,23.345
2001-12-10 07:00,24.248
2001-12-10 08:00,26.008
2001-12-10 09:00,28.61
2001-12-10 10:00,33.29
2001-12-10 11:00,35.152
2001-12-10 12:00,36.005
2001-12-10 13:00,37.65
2001-12-10 14:00,38.195
2001-12-10 15:00,37.952
2001-12-10 16:00,37.065
2001-12-10 17:00,35.105
2001-12-10 18:00,31.16
2001-12-10 19:00,29.39
2001-12-10 20:00,28.19
2001-12-10 21:00,27.49
2001-12-10 22:00,26.325
2001-12-10 23:00,25.66
2001-12-11 00:00,20.74
2001-12-11 01:00,19.807
2001-12-11 02:00,18.788
2001-12-11 03:00,17.828
2001-12-11 04:00,17.602
2001-12-11 05:00,17.22
2001-12-11 06:00,16.138
2001-12-11 07:00,15.622
2001-12-11 08:00,17.448
2001-12-11 09:00,22.715
2001-12-11 10:00,26.792
2001-12-11 11:00,28.875
2001-12-11 12:00,30.545
2001-12-11 13:00,31.672
2001-12-11 14:00,32.255
2001-12-11 15:00,32.032
2001-12-11 16:00,30.982
2001-12-11 17:00,28.942
2001-12-11 18:00,25.062
2001-12-11 19:00,23.478
2001-12-11 20:00,22.652
2001-12-11 21:00,22.402
2001-12-11 22:00,21.578
2001-12-11 23:00,21.018
2001-12-12 00:00,20.365
2001-12-12 01:00,20.318
2001-12-12 02:00,20.26
2001-12-12 03:00,20.18
2001-12-12 04:00,20.16
2001-12-12 05:00,20.002
2001-12-12 06:00,19.782
2001-12-12 07:00,19.795
2001-12-12 08:00,20.172
2001-12-12 09:00,21.8
2001-12-12 10:00,23.65
2001-12-12 11:00,25.482
2001-12-12 12:00,25.7
2001-12-12 13:00,26.392
2001-12-12 14:00,26.59
2001-12-12 15:00,26.472
2001-12-12 16:00,26.112
2001-12-12 17:00,24.7
2001-12-12 18:00,23.865
2001-12-12 19:00,23.502
2001-12-12 20:00,23.078
2001-12-12 21:00,22.798
2001-12-12 22:00,22.505
2001-12-12 23:00,21.862
2001-12-13 00:00,21.51
2001-12-13 01:00,21.155
2001-12-13 02:00,20.848
2001-12-13 03:00,20.928
2001-12-13 04:00,20.835
2001-12-13 05:00,20.545
2001-12-13 06:00,20.172
2001-12-13 07:00,19.988
2001-12-13 08:00,20.525
2001-12-13 09:00,21.98
2001-12-13 10:00,24.947
2001-12-13 11:00,25.915
2001-12-13 12:00,26.215
2001-12-13 13:00,27.642
2001-12-13 14:00,28.35
2001-12-13 15:00,28.84
2001-12-13 16:00,27.915
2001-12-13 17:00,25.975
2001-12-13 18:00,23.78
2001-12-13 19:00,22.315
2001-12-13 20:00,21.678
2001-12-13 21:00,21.322
2001-12-13 22:00,21.385
2001-12-13 23:00,21.062
2001-12-14 00:00,20.59
2001-12-14 01:00,20.34
2001-12-14 02:00,19.998
2001-12-14 03:00,19.965
2001-12-14 04:00,19.892
2001-12-14 05:00,19.445
2001-12-14 06:00,19.472
2001-12-14 07:00,19.038
2001-12-14 08:00,19.932
2001-12-14 09:00,21.498
2001-12-14 10:00,23.568
2001-12-14 11:00,25.955
2001-12-14 12:00,27.38
2001-12-14 13:00,27.76
2001-12-14 14:00,27.745
2001-12-14 15:00,28.34
2001-12-14 16:00,27.368
2001-12-14 17:00,25.932
2001-12-14 18:00,23.84
2001-12-14 19:00,22.655
2001-12-14 20:00,22.127
2001-12-14 21:00,21.377
2001-12-14 22:00,20.875
2001-12-14 23:00,20.54
2001-12-15 00:00,20.09
2001-12-15 01:00,19.445
2001-12-15 02:00,19.532
2001-12-15 03:00,18.688
2001-12-15 04:00,18.332
2001-12-15 05:00,18.028
2001-12-15 06:00,17.952
2001-12-15 07:00,17.975
2001-12-15 08:00,18.708
2001-12-15 09:00,20.242
2001-12-15 10:00,22.795
2001-12-15 11:00,25.2
2001-12-15 12:00,27.055
2001-12-15 13:00,28.068
2001-12-15 14:00,28.455
2001-12-15 15:00,29.202
2001-12-15 16:00,27.572
2001-12-15 17:00,25.87
2001-12-15 18:00,23.77
2001-12-15 19:00,22.328
2001-12-15 20:00,21.542
2001-12-15 21:00,20.952
2001-12-15 22:00,20.248
2001-12-15 23:00,19.758
2001-12-16 00:00,18.693
2001-12-16 01:00,18.148
2001-12-16 02:00,18.602
2001-12-16 03:00,17.428
2001-12-16 04:00,16.725
2001-12-16 05:00,16.482
2001-12-16 06:00,16.508
2001-12-16 07:00,16.27
2001-12-16 08:00,16.985
2001-12-16 09:00,18.99
2001-12-16 10:00,22.042
2001-12-16 11:00,24.332
2001-12-16 12:00,26.27
2001-12-16 13:00,27.248
2001-12-16 14:00,27.558
2001-12-16 15:00,27.395
2001-12-16 16:00,26.472
2001-12-16 17:00,25.005
2001-12-16 18:00,22.697
2001-12-16 19:00,21.272
2001-12-16 20:00,20.655
2001-12-16 21:00,19.905
2001-12-16 22:00,19.57
2001-12-16 23:00,18.84
2001-12-17 00:00,18.298
2001-12-17 01:00,18.192
2001-12-17 02:00,17.418
2001-12-17 03:00,16.67
2001-12-17 04:00,16.465
2001-12-17 05:00,16.192
2001-12-17 06:00,15.812
2001-12-17 07:00,15.337
2001-12-17 08:00,15.928
2001-12-17 09:00,18.108
2001-12-17 10:00,21.508
2001-12-17 11:00,23.718
2001-12-17 12:00,25.362
2001-12-17 13:00,26.59
2001-12-17 14:00,27.49
2001-12-17 15:00,27.513
2001-12-17 16:00,26.702
2001-12-17 17:00,25.142
2001-12-17 18:00,22.752
2001-12-17 19:00,21.085
2001-12-17 20:00,19.932
2001-12-17 21:00,18.872
2001-12-17 22:00,18.07
2001-12-17 23:00,17.938
2001-12-18 00:00,17.122
2001-12-18 01:00,16.362
2001-12-18 02:00,15.868
2001-12-18 03:00,15.575
2001-12-18 04:00,15.345
2001-12-18 05:00,14.878
2001-12-18 06:00,14.875
2001-12-18 07:00,14.512
2001-12-18 08:00,15.325
2001-12-18 09:00,18.282
2001-12-18 10:00,22.455
2001-12-18 11:00,24.57
2001-12-18 12:00,26.877
2001-12-18 13:00,28.46
2001-12-18 14:00,29.132
2001-12-18 15:00,29.25
2001-12-18 16:00,28.002
2001-12-18 17:00,26.23
2001-12-18 18:00,23.303
2001-12-18 19:00,21.542
2001-12-18 20:00,20.215
2001-12-18 21:00,19.26
2001-12-18 22:00,18.538
2001-12-18 23:00,17.652
2001-12-19 00:00,17.1
2001-12-19 01:00,16.722
2001-12-19 02:00,16.432
2001-12-19 03:00,16.128
2001-12-19 04:00,15.192
2001-12-19 05:00,14.888
2001-12-19 06:00,14.605
2001-12-19 07:00,14.47
2001-12-19 08:00,15.185
2001-12-19 09:00,17.898
2001-12-19 10:00,22.68
2001-12-19 11:00,25.892
2001-12-19 12:00,27.795
2001-12-19 13:00,29.37
2001-12-19 14:00,30.625
2001-12-19 15:00,30.402
2001-12-19 16:00,29.728
2001-12-19 17:00,27.522
2001-12-19 18:00,24.53
2001-12-19 19:00,22.592
2001-12-19 20:00,21.865
2001-12-19 21:00,20.92
2001-12-19 22:00,19.035
2001-12-19 23:00,17.745
2001-12-20 00:00,17.8
2001-12-20 01:00,16.44
2001-12-20 02:00,15.828
2001-12-20 03:00,15.688
2001-12-20 04:00,14.488
2001-12-20 05:00,14.285
2001-12-20 06:00,13.692
2001-12-20 07:00,13.23
2001-12-20 08:00,14.245
2001-12-20 09:00,19.64
2001-12-20 10:00,23.635
2001-12-20 11:00,25.623
2001-12-20 12:00,26.752
2001-12-20 13:00,28.21
2001-12-20 14:00,28.935
2001-12-20 15:00,29.298
2001-12-20 16:00,27.445
2001-12-20 17:00,26.125
2001-12-20 18:00,22.412
2001-12-20 19:00,20.205
2001-12-20 20:00,18.29
2001-12-20 21:00,18.795
2001-12-20 22:00,17.682
2001-12-20 23:00,17.242
2001-12-21 00:00,17.698
2001-12-21 01:00,17.898
2001-12-21 02:00,18.13
2001-12-21 03:00,17.792
2001-12-21 04:00,16.357
2001-12-21 05:00,14.478
2001-12-21 06:00,13.155
2001-12-21 07:00,12.655
2001-12-21 08:00,14.298
2001-12-21 09:00,20.282
2001-12-21 10:00,24.19
2001-12-21 11:00,26.715
2001-12-21 12:00,28.92
2001-12-21 13:00,30.328
2001-12-21 14:00,31.258
2001-12-21 15:00,31.502
2001-12-21 16:00,30.45
2001-12-21 17:00,28.452
2001-12-21 18:00,23.803
2001-12-21 19:00,21.868
2001-12-21 20:00,20.598
2001-12-21 21:00,19.392
2001-12-21 22:00,19.068
2001-12-21 23:00,17.585
2001-12-22 00:00,16.702
2001-12-22 01:00,16.925
2001-12-22 02:00,17.275
2001-12-22 03:00,17.321
2001-12-22 04:00,16.81
2001-12-22 05:00,16.3
2001-12-22 06:00,15.789
2001-12-22 07:00,15.348
2001-12-22 08:00,16.982
2001-12-22 09:00,20.858
2001-12-22 10:00,24.548
2001-12-22 11:00,27.242
2001-12-22 12:00,29.688
2001-12-22 13:00,31.405
2001-12-22 14:00,32.123
2001-12-22 15:00,32.108
2001-12-22 16:00,30.585
2001-12-22 17:00,29.265
2001-12-22 18:00,25.053
2001-12-22 19:00,22.97
2001-12-22 20:00,21.892
2001-12-22 21:00,21.34
2001-12-22 22:00,19.308
2001-12-22 23:00,17.95
2001-12-23 00:00,17.272
2001-12-23 01:00,16.525
2001-12-23 02:00,15.928
2001-12-23 03:00,15.12
2001-12-23 04:00,15.422
2001-12-23 05:00,16.065
2001-12-23 06:00,15.878
2001-12-23 07:00,15.645
2001-12-23 08:00,15.42
2001-12-23 09:00,19.732
2001-12-23 10:00,24.472
2001-12-23 11:00,27.258
2001-12-23 12:00,30.058
2001-12-23 13:00,31.382
2001-12-23 14:00,31.97
2001-12-23 15:00,31.238
2001-12-23 16:00,29.775
2001-12-23 17:00,27.71
2001-12-23 18:00,23.95
2001-12-23 19:00,21.508
2001-12-23 20:00,20.428
2001-12-23 21:00,19.262
2001-12-23 22:00,18.132
2001-12-23 23:00,17.718
2001-12-24 00:00,16.748
2001-12-24 01:00,16.048
2001-12-24 02:00,15.782
2001-12-24 03:00,14.97
2001-12-24 04:00,14.225
2001-12-24 05:00,14.88
2001-12-24 06:00,14.792
2001-12-24 07:00,14.008
2001-12-24 08:00,14.79
2001-12-24 09:00,17.938
2001-12-24 10:00,22.718
2001-12-24 11:00,26.528
2001-12-24 12:00,29.018
2001-12-24 13:00,30.238
2001-12-24 14:00,30.89
2001-12-24 15:00,30.842
2001-12-24 16:00,29.553
2001-12-24 17:00,27.63
2001-12-24 18:00,24.505
2001-12-24 19:00,22.365
2001-12-24 20:00,21.172
2001-12-24 21:00,19.865
2001-12-24 22:00,19.101
2001-12-24 23:00,19.188
2001-12-25 00:00,19.195
2001-12-25 01:00,19.201
2001-12-25 02:00,19.208
2001-12-25 03:00,19.215
2001-12-25 04:00,19.222
2001-12-25 05:00,19.229
2001-12-25 06:00,19.236
2001-12-25 07:00,19.395
2001-12-25 08:00,20.415
2001-12-25 09:00,23.105
2001-12-25 10:00,25.428
2001-12-25 11:00,27.012
2001-12-25 12:00,28.578
2001-12-25 13:00,29.678
2001-12-25 14:00,30.458
2001-12-25 15:00,30.618
2001-12-25 16:00,30.115
2001-12-25 17:00,28.738
2001-12-25 18:00,25.11
2001-12-25 19:00,23.115
2001-12-25 20:00,22.222
2001-12-25 21:00,22.808
2001-12-25 22:00,22.05
2001-12-25 23:00,21.31
2001-12-26 00:00,20.805
2001-12-26 01:00,20.005
2001-12-26 02:00,20.152
2001-12-26 03:00,19.682
2001-12-26 04:00,19.838
2001-12-26 05:00,19.218
2001-12-26 06:00,19.08
2001-12-26 07:00,18.65
2001-12-26 08:00,19.725
2001-12-26 09:00,22.635
2001-12-26 10:00,25.025
2001-12-26 11:00,27.492
2001-12-26 12:00,29.695
2001-12-26 13:00,31.61
2001-12-26 14:00,32.55
2001-12-26 15:00,32.665
2001-12-26 16:00,31.45
2001-12-26 17:00,29.318
2001-12-26 18:00,25.73
2001-12-26 19:00,24.188
2001-12-26 20:00,23.172
2001-12-26 21:00,22.518
2001-12-26 22:00,21.31
2001-12-26 23:00,19.888
2001-12-27 00:00,19.525
2001-12-27 01:00,19.09
2001-12-27 02:00,18.088
2001-12-27 03:00,17.86
2001-12-27 04:00,17.51
2001-12-27 05:00,17.043
2001-12-27 06:00,16.679
2001-12-27 07:00,16.338
2001-12-27 08:00,17.035
2001-12-27 09:00,19.34
2001-12-27 10:00,23.305
2001-12-27 11:00,26.995
2001-12-27 12:00,29.065
2001-12-27 13:00,29.7
2001-12-27 14:00,29.718
2001-12-27 15:00,29.335
2001-12-27 16:00,28.192
2001-12-27 17:00,26.127
2001-12-27 18:00,22.8
2001-12-27 19:00,20.4
2001-12-27 20:00,19.032
2001-12-27 21:00,18.015
2001-12-27 22:00,16.832
2001-12-27 23:00,15.972
2001-12-28 00:00,15.825
2001-12-28 01:00,14.53
2001-12-28 02:00,13.878
2001-12-28 03:00,13.455
2001-12-28 04:00,12.738
2001-12-28 05:00,12.202
2001-12-28 06:00,11.532
2001-12-28 07:00,11.22
2001-12-28 08:00,12.42
2001-12-28 09:00,17.07
2001-12-28 10:00,20.968
2001-12-28 11:00,22.83
2001-12-28 12:00,24.34
2001-12-28 13:00,25.123
2001-12-28 14:00,25.672
2001-12-28 15:00,25.735
2001-12-28 16:00,24.982
2001-12-28 17:00,23.627
2001-12-28 18:00,20.265
2001-12-28 19:00,17.952
2001-12-28 20:00,16.495
2001-12-28 21:00,15.715
2001-12-28 22:00,15.348
2001-12-28 23:00,13.982
2001-12-29 00:00,13.116
2001-12-29 01:00,12.316
2001-12-29 02:00,11.705
2001-12-29 03:00,11.305
2001-12-29 04:00,10.965
2001-12-29 05:00,11.11
2001-12-29 06:00,10.907
2001-12-29 07:00,10.582
2001-12-29 08:00,11.86
2001-12-29 09:00,15.335
2001-12-29 10:00,19.082
2001-12-29 11:00,21.72
2001-12-29 12:00,24.06
2001-12-29 13:00,25.23
2001-12-29 14:00,26.052
2001-12-29 15:00,25.988
2001-12-29 16:00,25.518
2001-12-29 17:00,24.182
2001-12-29 18:00,21.178
2001-12-29 19:00,19.155
2001-12-29 20:00,17.782
2001-12-29 21:00,16.672
2001-12-29 22:00,16.073
2001-12-29 23:00,15.028
2001-12-30 00:00,14.102
2001-12-30 01:00,13.49
2001-12-30 02:00,12.882
2001-12-30 03:00,12.482
2001-12-30 04:00,12.148
2001-12-30 05:00,12.295
2001-12-30 06:00,12.215
2001-12-30 07:00,12.232
2001-12-30 08:00,13.042
2001-12-30 09:00,15.62
2001-12-30 10:00,18.892
2001-12-30 11:00,21.765
2001-12-30 12:00,23.738
2001-12-30 13:00,25.165
2001-12-30 14:00,26.422
2001-12-30 15:00,26.42
2001-12-30 16:00,25.565
2001-12-30 17:00,24.312
2001-12-30 18:00,21.645
2001-12-30 19:00,19.35
2001-12-30 20:00,18.082
2001-12-30 21:00,17.83
2001-12-30 22:00,16.545
2001-12-30 23:00,15.902
2001-12-31 00:00,15.575
2001-12-31 01:00,15.312
2001-12-31 02:00,14.81
2001-12-31 03:00,14.332
2001-12-31 04:00,14.512
2001-12-31 05:00,14.428
2001-12-31 06:00,14.235
2001-12-31 07:00,13.718
2001-12-31 08:00,14.685
2001-12-31 09:00,16.905
2001-12-31 10:00,20.03
2001-12-31 11:00,22.705
2001-12-31 12:00,24.98
2001-12-31 13:00,26.682
2001-12-31 14:00,27.822
2001-12-31 15:00,27.648
2001-12-31 16:00,26.328
2001-12-31 17:00,24.938
2001-12-31 18:00,22.138
2001-12-31 19:00,20.368
2001-12-31 20:00,19.46
2001-12-31 21:00,19.102
2001-12-31 22:00,18.522
2001-12-31 23:00,17.598
